event_id,title,category,date,latitude,longitude,source
EONET_21446,Wildfire in Australia 1029513,Wildfires,2026-07-21 19:00:00+00:00,-13.081548416514,136.43887685066,NASA_EONET
EONET_21437,Tropical Storm Bertha,Severe Storms,2026-07-21 00:00:00+00:00,28.5,-86.0,NASA_EONET
EONET_21403,"Wildfire Big Gulch, Moffat, Colorado",Wildfires,2026-07-19 21:36:00+00:00,40.681667,-107.671833,NASA_EONET
EONET_21440,Flood in Latvia 1104037,Floods,2026-07-19 20:00:00+00:00,0.0,0.0,NASA_EONET
EONET_21447,Wildfire in The Democratic Republic of Congo 1029514,Wildfires,2026-07-19 19:00:00+00:00,-8.7361621878621,24.598765796499,NASA_EONET
EONET_21448,Wildfire in Kazakhstan 1029515,Wildfires,2026-07-19 19:00:00+00:00,46.169160271516,80.535281016072,NASA_EONET
EONET_21449,Wildfire in Brazil 1029516,Wildfires,2026-07-19 19:00:00+00:00,-10.710160976875,-50.337455570201,NASA_EONET
EONET_21450,Wildfire in Australia 1029517,Wildfires,2026-07-19 19:00:00+00:00,-17.653829119552,138.65175212858,NASA_EONET
EONET_21451,Wildfire in Australia 1029518,Wildfires,2026-07-19 19:00:00+00:00,-13.118041681163,135.73285376715,NASA_EONET
EONET_21399,Hurricane Fausto,Severe Storms,2026-07-19 18:00:00+00:00,12.2,-112.1,NASA_EONET
EONET_21438,Flood in Afghanistan 1104033,Floods,2026-07-18 20:00:00+00:00,0.0,0.0,NASA_EONET
EONET_21441,Flood in Moldova 1104038,Floods,2026-07-18 20:00:00+00:00,0.0,0.0,NASA_EONET
EONET_21442,Flood in Romania 1104039,Floods,2026-07-18 20:00:00+00:00,0.0,0.0,NASA_EONET
EONET_21443,Flood in Costa Rica 1104040,Floods,2026-07-18 20:00:00+00:00,0.0,0.0,NASA_EONET
EONET_21444,Flood in Peru 1104041,Floods,2026-07-18 20:00:00+00:00,0.0,0.0,NASA_EONET
EONET_21445,Flood in Bulgaria 1104036,Floods,2026-07-18 20:00:00+00:00,0.0,0.0,NASA_EONET
EONET_21424,"Wildfire Grassy Hills, Owyhee, Idaho",Wildfires,2026-07-18 19:25:00+00:00,42.241983,-115.131133,NASA_EONET
EONET_21421,"Wildfire BROOK, Shasta, California",Wildfires,2026-07-18 19:12:00+00:00,40.698456,-122.197625,NASA_EONET
EONET_21452,Wildfire in The Democratic Republic of Congo 1029521,Wildfires,2026-07-18 19:00:00+00:00,-6.1724640726788,18.717779381885,NASA_EONET
EONET_21453,Wildfire in Algeria 1029519,Wildfires,2026-07-18 19:00:00+00:00,35.222483198869,0.34646139771137,NASA_EONET
EONET_21454,Wildfire in Angola 1029522,Wildfires,2026-07-18 19:00:00+00:00,-8.2657593900506,19.844834316527,NASA_EONET
EONET_21455,Wildfire in Angola 1029527,Wildfires,2026-07-18 19:00:00+00:00,-10.005804955642,21.329968621872,NASA_EONET
EONET_21456,Wildfire in Botswana 1029528,Wildfires,2026-07-18 19:00:00+00:00,-23.796475835779,23.943265355467,NASA_EONET
EONET_21457,Wildfire in Australia 1029520,Wildfires,2026-07-18 19:00:00+00:00,-16.098756352885,136.94825062382,NASA_EONET
EONET_21458,Wildfire in Russian Federation 1029523,Wildfires,2026-07-18 19:00:00+00:00,66.774892404025,164.48102188473,NASA_EONET
EONET_21459,Wildfire in The Democratic Republic of Congo 1029524,Wildfires,2026-07-18 19:00:00+00:00,-9.3414769193086,21.851043862609,NASA_EONET
EONET_21460,Wildfire in Algeria 1029525,Wildfires,2026-07-18 19:00:00+00:00,36.804778379684,7.2392503409187,NASA_EONET
EONET_21461,Wildfire in Australia 1029526,Wildfires,2026-07-18 19:00:00+00:00,-17.760740698834,138.62125324554,NASA_EONET
EONET_21462,Wildfire in Algeria 1029529,Wildfires,2026-07-18 19:00:00+00:00,36.159043558524,3.8707891164095,NASA_EONET
EONET_21463,Wildfire in Australia 1029530,Wildfires,2026-07-18 19:00:00+00:00,-16.695659930516,128.28627488829,NASA_EONET
EONET_21404,"Wildfire Horse Island, Berkeley, South Carolina",Wildfires,2026-07-18 17:43:00+00:00,33.188917,-79.662533,NASA_EONET
EONET_21402,"Wildfire Ohio, Blaine, Idaho",Wildfires,2026-07-18 15:52:00+00:00,43.588417,-114.31795,NASA_EONET
EONET_21420,"Wildfire BISCAR, Lassen, California",Wildfires,2026-07-18 14:11:00+00:00,40.618167,-120.303833,NASA_EONET
EONET_21416,"Wildfire 0512 BOX SPRINGS, Jefferson, Oregon",Wildfires,2026-07-17 21:13:00+00:00,44.635333,-120.4985,NASA_EONET
EONET_21398,Flood in South Korea 1104032,Floods,2026-07-17 20:00:00+00:00,0.0,0.0,NASA_EONET
EONET_21433,"Wildfire WALLACE WALKER, Franklin, Washington",Wildfires,2026-07-17 19:33:00+00:00,46.576482,-118.567968,NASA_EONET
EONET_21426,"Wildfire DEVIL&#039;S CANYON, Franklin, Washington",Wildfires,2026-07-17 19:31:00+00:00,46.600003,-118.548791,NASA_EONET
EONET_21435,"Wildfire Sailor, Elmore, Idaho",Wildfires,2026-07-17 19:21:00+00:00,42.842667,-115.450333,NASA_EONET
EONET_21415,"Wildfire BERGER (50), Palm Beach, Florida",Wildfires,2026-07-17 19:18:00+00:00,26.4466667,-80.8444444,NASA_EONET
EONET_21464,Wildfire in The Democratic Republic of Congo 1029544,Wildfires,2026-07-17 19:00:00+00:00,-6.3869787976789,19.758620796814,NASA_EONET
EONET_21465,Wildfire in The Democratic Republic of Congo 1029595,Wildfires,2026-07-17 19:00:00+00:00,-6.0624628026908,18.565367969796,NASA_EONET
EONET_21466,Wildfire in Botswana 1029596,Wildfires,2026-07-17 19:00:00+00:00,-25.052912342774,24.031914304819,NASA_EONET
EONET_21467,Wildfire in The Democratic Republic of Congo 1029535,Wildfires,2026-07-17 19:00:00+00:00,-8.2990722010545,26.148267355905,NASA_EONET
EONET_21468,Wildfire in Angola 1029538,Wildfires,2026-07-17 19:00:00+00:00,-8.0740670273907,20.174921166606,NASA_EONET
EONET_21469,Wildfire in Kazakhstan 1029541,Wildfires,2026-07-17 19:00:00+00:00,47.163724703043,80.349614823485,NASA_EONET
EONET_21470,Wildfire in Angola 1029574,Wildfires,2026-07-17 19:00:00+00:00,-9.5013634949104,21.464790155527,NASA_EONET
EONET_21471,Wildfire in United States 1029589,Wildfires,2026-07-17 19:00:00+00:00,44.716554116033,-120.2216308441,NASA_EONET
EONET_21472,Wildfire in Angola 1029533,Wildfires,2026-07-17 19:00:00+00:00,-9.0594516533946,19.891572184684,NASA_EONET
EONET_21473,Wildfire in Canada 1029534,Wildfires,2026-07-17 19:00:00+00:00,64.620829327979,-115.71196716417,NASA_EONET
EONET_21474,Wildfire in Angola 1029539,Wildfires,2026-07-17 19:00:00+00:00,-17.496227780852,20.616288402311,NASA_EONET
EONET_21475,Wildfire in Brazil 1029542,Wildfires,2026-07-17 19:00:00+00:00,-10.862669800199,-50.195968947338,NASA_EONET
EONET_21476,Wildfire in Canada 1029550,Wildfires,2026-07-17 19:00:00+00:00,63.12472110189,-120.87951647841,NASA_EONET
EONET_21477,Wildfire in Canada 1029554,Wildfires,2026-07-17 19:00:00+00:00,62.041116145296,-121.21747391382,NASA_EONET
EONET_21478,Wildfire in The Democratic Republic of Congo 1029555,Wildfires,2026-07-17 19:00:00+00:00,-9.2712087733441,22.385676203464,NASA_EONET
EONET_21479,Wildfire in Canada 1029566,Wildfires,2026-07-17 19:00:00+00:00,63.515282974786,-121.22851514013,NASA_EONET
EONET_21480,Wildfire in United States 1029569,Wildfires,2026-07-17 19:00:00+00:00,44.067060869125,-120.47617935664,NASA_EONET
EONET_21481,Wildfire in Angola 1029570,Wildfires,2026-07-17 19:00:00+00:00,-7.6967925473657,19.661677783737,NASA_EONET
EONET_21482,Wildfire in Australia 1029572,Wildfires,2026-07-17 19:00:00+00:00,-13.337791635418,141.92867192184,NASA_EONET
EONET_21483,Wildfire in Canada 1029573,Wildfires,2026-07-17 19:00:00+00:00,63.492930842476,-119.25966404851,NASA_EONET
EONET_21484,Wildfire in Canada 1029576,Wildfires,2026-07-17 19:00:00+00:00,63.467849973302,-121.78441034636,NASA_EONET
EONET_21485,Wildfire in Russian Federation 1029579,Wildfires,2026-07-17 19:00:00+00:00,59.550648641656,88.293382571467,NASA_EONET
EONET_21486,Wildfire in The Democratic Republic of Congo 1029580,Wildfires,2026-07-17 19:00:00+00:00,-3.4564888681986,23.507526870521,NASA_EONET
EONET_21487,Wildfire in United States 1029582,Wildfires,2026-07-17 19:00:00+00:00,44.861147572905,-120.21270486408,NASA_EONET
EONET_21488,Wildfire in Brazil 1029583,Wildfires,2026-07-17 19:00:00+00:00,-10.698571704937,-46.623390347295,NASA_EONET
EONET_21489,Wildfire in The Democratic Republic of Congo 1029588,Wildfires,2026-07-17 19:00:00+00:00,-7.3439687591956,18.469149983953,NASA_EONET
EONET_21490,Wildfire in Australia 1029590,Wildfires,2026-07-17 19:00:00+00:00,-14.84217297864,144.39746236232,NASA_EONET
EONET_21491,Wildfire in Canada 1029591,Wildfires,2026-07-17 19:00:00+00:00,65.034148123578,-117.44071918733,NASA_EONET
EONET_21492,Wildfire in Canada 1029594,Wildfires,2026-07-17 19:00:00+00:00,63.16615761357,-121.84402105173,NASA_EONET
EONET_21493,Wildfire in Canada 1029599,Wildfires,2026-07-17 19:00:00+00:00,62.907699786097,-122.69328363905,NASA_EONET
EONET_21494,Wildfire in United States 1029531,Wildfires,2026-07-17 19:00:00+00:00,48.193483190502,-119.07630649515,NASA_EONET
EONET_21495,Wildfire in Australia 1029532,Wildfires,2026-07-17 19:00:00+00:00,-16.351645341621,137.64658293403,NASA_EONET
EONET_21496,Wildfire in Australia 1029536,Wildfires,2026-07-17 19:00:00+00:00,-15.32938848039,129.371686556,NASA_EONET
EONET_21497,Wildfire in Australia 1029537,Wildfires,2026-07-17 19:00:00+00:00,-12.867789768749,131.16884395914,NASA_EONET
EONET_21498,Wildfire in Spain 1029540,Wildfires,2026-07-17 19:00:00+00:00,41.113907939101,-3.0582112665468,NASA_EONET
EONET_21499,Wildfire in Canada 1029543,Wildfires,2026-07-17 19:00:00+00:00,62.10990892431,-121.60110339644,NASA_EONET
EONET_21500,Wildfire in Australia 1029545,Wildfires,2026-07-17 19:00:00+00:00,-12.968415826697,141.88447303636,NASA_EONET
EONET_21501,Wildfire in Canada 1029546,Wildfires,2026-07-17 19:00:00+00:00,51.272624747412,-121.76158220773,NASA_EONET
EONET_21502,Wildfire in Australia 1029547,Wildfires,2026-07-17 19:00:00+00:00,-12.430897376916,142.46274928051,NASA_EONET
EONET_21503,Wildfire in Canada 1029548,Wildfires,2026-07-17 19:00:00+00:00,63.134501444647,-116.33017005717,NASA_EONET
EONET_21504,Wildfire in Australia 1029549,Wildfires,2026-07-17 19:00:00+00:00,-16.554471111773,137.25138234189,NASA_EONET
EONET_21505,Wildfire in Canada 1029551,Wildfires,2026-07-17 19:00:00+00:00,64.227195829699,-117.75425844774,NASA_EONET
EONET_21506,Wildfire in Canada 1029552,Wildfires,2026-07-17 19:00:00+00:00,63.390714339057,-122.15159812957,NASA_EONET
EONET_21507,Wildfire in Canada 1029553,Wildfires,2026-07-17 19:00:00+00:00,62.016451485481,-120.87506409137,NASA_EONET
EONET_21508,Wildfire in United States 1029556,Wildfires,2026-07-17 19:00:00+00:00,48.17817078693,-118.885527279,NASA_EONET
EONET_21509,Wildfire in Canada 1029557,Wildfires,2026-07-17 19:00:00+00:00,63.21025596656,-112.59362411889,NASA_EONET
EONET_21510,Wildfire in United States 1029558,Wildfires,2026-07-17 19:00:00+00:00,44.598456912617,-120.50201562092,NASA_EONET
EONET_21511,Wildfire in Australia 1029559,Wildfires,2026-07-17 19:00:00+00:00,-16.7636374045,136.37040051836,NASA_EONET
EONET_21512,Wildfire in Algeria 1029560,Wildfires,2026-07-17 19:00:00+00:00,36.888018252332,7.5954422224432,NASA_EONET
EONET_21513,Wildfire in United States 1029561,Wildfires,2026-07-17 19:00:00+00:00,44.526182569522,-120.81374920855,NASA_EONET
EONET_21514,Wildfire in Canada 1029562,Wildfires,2026-07-17 19:00:00+00:00,51.346682183751,-122.33984083699,NASA_EONET
EONET_21515,Wildfire in Canada 1029563,Wildfires,2026-07-17 19:00:00+00:00,65.197065859913,-116.76895579631,NASA_EONET
EONET_21516,Wildfire in Canada 1029564,Wildfires,2026-07-17 19:00:00+00:00,62.152296001222,-120.62333245512,NASA_EONET
EONET_21517,Wildfire in Australia 1029565,Wildfires,2026-07-17 19:00:00+00:00,-15.047820316756,127.33525165268,NASA_EONET
EONET_21518,Wildfire in South Africa 1029567,Wildfires,2026-07-17 19:00:00+00:00,-25.233437992919,28.820649990832,NASA_EONET
EONET_21519,Wildfire in Australia 1029568,Wildfires,2026-07-17 19:00:00+00:00,-15.041196549637,142.42103394591,NASA_EONET
EONET_21520,Wildfire in Canada 1029571,Wildfires,2026-07-17 19:00:00+00:00,61.689603126768,-121.57404043651,NASA_EONET
EONET_21521,Wildfire in Bolivia 1029575,Wildfires,2026-07-17 19:00:00+00:00,-18.335090984457,-59.076368261894,NASA_EONET
EONET_21522,Wildfire in Canada 1029577,Wildfires,2026-07-17 19:00:00+00:00,61.843478888192,-109.41965810647,NASA_EONET
EONET_21523,Wildfire in Australia 1029578,Wildfires,2026-07-17 19:00:00+00:00,-14.767588175618,127.29999444501,NASA_EONET
EONET_21524,Wildfire in Canada 1029581,Wildfires,2026-07-17 19:00:00+00:00,64.993304601801,-117.12403387141,NASA_EONET
EONET_21525,Wildfire in Canada 1029584,Wildfires,2026-07-17 19:00:00+00:00,63.357621598156,-123.47369563926,NASA_EONET
EONET_21526,Wildfire in Canada 1029585,Wildfires,2026-07-17 19:00:00+00:00,63.788348667971,-118.42539932117,NASA_EONET
EONET_21527,Wildfire in Canada 1029586,Wildfires,2026-07-17 19:00:00+00:00,64.808991247067,-115.81819224745,NASA_EONET
EONET_21528,Wildfire in Canada 1029587,Wildfires,2026-07-17 19:00:00+00:00,64.735445165833,-115.28714957484,NASA_EONET
EONET_21529,Wildfire in Canada 1029592,Wildfires,2026-07-17 19:00:00+00:00,63.778614328257,-118.66813724577,NASA_EONET
EONET_21530,Wildfire in Australia 1029593,Wildfires,2026-07-17 19:00:00+00:00,-12.823559206717,141.98851323515,NASA_EONET
EONET_21531,Wildfire in Australia 1029597,Wildfires,2026-07-17 19:00:00+00:00,-12.994036295829,130.80835593327,NASA_EONET
EONET_21532,Wildfire in Bolivia 1029598,Wildfires,2026-07-17 19:00:00+00:00,-21.504692256352,-64.850221986744,NASA_EONET
EONET_21533,Wildfire in Bolivia 1029600,Wildfires,2026-07-17 19:00:00+00:00,-16.359236565878,-59.629765313586,NASA_EONET
EONET_21534,Wildfire in Algeria 1029601,Wildfires,2026-07-17 19:00:00+00:00,36.659496612574,7.2211121006722,NASA_EONET
EONET_21410,"Incident Complex HAY CREEK COMPLEX, Gilliam, Oregon",Wildfires,2026-07-17 17:16:00+00:00,45.26602,-120.435846,NASA_EONET
EONET_21425,"Wildfire NEFF JONES, Franklin, Washington",Wildfires,2026-07-17 14:34:00+00:00,46.45851,-118.65817,NASA_EONET
EONET_21427,"Wildfire Modrite, Ferry, Washington",Wildfires,2026-07-17 13:59:00+00:00,48.069,-118.312583,NASA_EONET
EONET_21412,"Wildfire POWDER RIVER, Baker, Oregon",Wildfires,2026-07-17 07:27:00+00:00,44.75525,-117.277667,NASA_EONET
EONET_21434,"Wildfire Black Ridge 2, Lincoln, Idaho",Wildfires,2026-07-17 02:54:00+00:00,42.9696,-113.9259,NASA_EONET
EONET_21408,"Wildfire 0462, Sherman, Oregon",Wildfires,2026-07-17 00:37:00+00:00,45.184333,-120.495333,NASA_EONET
EONET_21422,"Wildfire COLUMBIA COUNTY, Columbia, Washington",Wildfires,2026-07-16 22:12:00+00:00,46.542667,-118.103667,NASA_EONET
EONET_21401,"Wildfire 0497 HENRY, Crook, Oregon",Wildfires,2026-07-16 21:22:00+00:00,44.121117,-119.947717,NASA_EONET
EONET_21406,"Wildfire Hagen, Umatilla, Oregon",Wildfires,2026-07-16 21:04:00+00:00,45.707,-118.269,NASA_EONET
EONET_21400,"Wildfire 0500 COYOTE, Crook, Oregon",Wildfires,2026-07-16 20:39:00+00:00,44.1115,-120.528667,NASA_EONET
EONET_21405,"Wildfire Egypt, Harney, Oregon",Wildfires,2026-07-16 20:11:00+00:00,43.727167,-119.468417,NASA_EONET
EONET_21407,"Wildfire 0476 HOAG, Gilliam, Oregon",Wildfires,2026-07-16 20:08:00+00:00,45.562183,-120.405117,NASA_EONET
EONET_21418,"Wildfire 0485 DEEP CANYON, Wasco, Oregon",Wildfires,2026-07-16 20:08:00+00:00,44.8645,-120.836,NASA_EONET
EONET_21439,Flood in Japan 1104034,Floods,2026-07-16 20:00:00+00:00,0.0,0.0,NASA_EONET
EONET_21413,"Wildfire 0494 AKAWA BUTTE, Jefferson, Oregon",Wildfires,2026-07-16 18:18:00+00:00,44.472367,-121.453167,NASA_EONET
EONET_21411,"Wildfire Bologna, Grant, Oregon",Wildfires,2026-07-16 17:52:00+00:00,44.861167,-119.598,NASA_EONET
EONET_21432,"Wildfire Mile Marker 40- Broward (06), Broward, Florida",Wildfires,2026-07-16 16:36:00+00:00,26.2566667,-80.5405556,NASA_EONET
EONET_21409,"Wildfire 0480 WILCOX, Sherman, Oregon",Wildfires,2026-07-16 16:25:00+00:00,45.113583,-120.6097,NASA_EONET
EONET_21419,"Incident Complex ROWE CREEK COMPLEX, Wheeler, Oregon",Wildfires,2026-07-16 16:20:00+00:00,44.810126,-120.316732,NASA_EONET
EONET_21428,"Wildfire ROYAL LAKE, Adams, Washington",Wildfires,2026-07-16 13:55:00+00:00,46.863295,-119.361131,NASA_EONET
EONET_21423,"Wildfire LYONS FERRY, Franklin, Washington",Wildfires,2026-07-16 13:04:00+00:00,46.6259,-118.23915,NASA_EONET
EONET_21431,"Wildfire Kaiser Canyon, Okanogan, Washington",Wildfires,2026-07-16 11:08:00+00:00,48.116777,-118.958638,NASA_EONET
EONET_21374,"Wildfire 0460 HOPKIN, Gilliam, Oregon",Wildfires,2026-07-16 08:04:00+00:00,45.336333,-120.24295,NASA_EONET
EONET_21429,"Wildfire Turner, Boundary, Idaho",Wildfires,2026-07-16 01:14:00+00:00,48.825083,-116.38025,NASA_EONET
EONET_21417,"Wildfire 0446 CAMEL HUMP, Wheeler, Oregon",Wildfires,2026-07-16 01:13:00+00:00,44.761667,-120.052,NASA_EONET
EONET_21375,"Wildfire 0445 CROSSWHITE, Wheeler, Oregon",Wildfires,2026-07-16 00:17:00+00:00,44.803333,-120.199167,NASA_EONET
EONET_21376,"Wildfire 0450 COVE CREEK, Wheeler, Oregon",Wildfires,2026-07-16 00:08:00+00:00,44.942899,-120.346403,NASA_EONET
EONET_21377,"Wildfire 0449 PORCUPINE RIDGE, Gilliam, Oregon",Wildfires,2026-07-15 22:01:00+00:00,45.18894,-120.350257,NASA_EONET
EONET_21379,"Wildfire Lower Dry Creek Mutual Aid, Umatilla, Oregon",Wildfires,2026-07-15 21:33:00+00:00,45.906083,-118.410667,NASA_EONET
EONET_21414,"Wildfire 0433 BREWER, Jefferson, Oregon",Wildfires,2026-07-15 19:59:00+00:00,44.588568,-120.907094,NASA_EONET
EONET_21378,"Wildfire THORN, San Diego, California",Wildfires,2026-07-15 18:49:00+00:00,32.691104,-116.332927,NASA_EONET
EONET_21395,"Wildfire Charger 2, Collier, Florida",Wildfires,2026-07-15 11:57:00+00:00,25.973667,-81.0615,NASA_EONET
EONET_21387,"Wildfire BUCKET SHOP (53)~, Hillsborough, Florida",Wildfires,2026-07-15 11:13:00+00:00,27.6688889,-82.0833333,NASA_EONET
EONET_21388,"Prescribed Fire RX Flowing 24, Clay, Minnesota",Wildfires,2026-07-15 11:10:00+00:00,47.01508333,-96.44761667,NASA_EONET
EONET_21386,"Wildfire Little Knife, Lake, Minnesota",Wildfires,2026-07-15 10:51:00+00:00,48.161067,-91.104833,NASA_EONET
EONET_21373,Tropical Storm Elida,Severe Storms,2026-07-15 06:00:00+00:00,15.0,-111.3,NASA_EONET
EONET_21396,Flood in France 1104028,Floods,2026-07-14 20:00:00+00:00,0.0,0.0,NASA_EONET
EONET_21397,Flood in Vietnam 1104029,Floods,2026-07-14 20:00:00+00:00,0.0,0.0,NASA_EONET
EONET_21385,"Wildfire Horse Flat, Washington, Idaho",Wildfires,2026-07-13 20:43:00+00:00,44.602207,-116.732279,NASA_EONET
EONET_21391,Flood in Austria 1104023,Floods,2026-07-13 20:00:00+00:00,0.0,0.0,NASA_EONET
EONET_21392,Flood in Czech Republic 1104024,Floods,2026-07-13 20:00:00+00:00,0.0,0.0,NASA_EONET
EONET_21393,Flood in Poland 1104025,Floods,2026-07-13 20:00:00+00:00,0.0,0.0,NASA_EONET
EONET_21360,Wildfire in Canada 1029500,Wildfires,2026-07-13 19:00:00+00:00,49.644747921495,-89.986498878673,NASA_EONET
EONET_21361,Wildfire in Canada 1029501,Wildfires,2026-07-13 19:00:00+00:00,50.502407884714,-88.953831691035,NASA_EONET
EONET_21362,Wildfire in Canada 1029502,Wildfires,2026-07-13 19:00:00+00:00,49.992667913857,-90.010664768272,NASA_EONET
EONET_21389,"Prescribed Fire RX Chippewa Bottoms, Chippewa, Minnesota",Wildfires,2026-07-13 16:49:00+00:00,45.13868333,-96.01615,NASA_EONET
EONET_21390,"Prescribed Fire RX Leach Impact Area, Morrison, Minnesota",Wildfires,2026-07-13 15:46:00+00:00,46.27013333,-94.39675,NASA_EONET
EONET_21380,"Wildfire P-L Gulch, Rio Blanco, Colorado",Wildfires,2026-07-13 15:02:00+00:00,39.87355,-108.22355,NASA_EONET
EONET_21322,"Prescribed Fire RX Infantry Platoon Battle Course, Morrison, Minnesota",Wildfires,2026-07-13 11:54:00+00:00,46.24695,-94.39545,NASA_EONET
EONET_21323,"Prescribed Fire RX IPBC, Morrison, Minnesota",Wildfires,2026-07-13 11:09:00+00:00,46.24651667,-94.40005,NASA_EONET
EONET_21324,"Prescribed Fire RX Center Range South, Morrison, Minnesota",Wildfires,2026-07-13 11:07:00+00:00,46.16198333,-94.44528333,NASA_EONET
EONET_21320,"Wildfire 18 Mile, Elko, Nevada",Wildfires,2026-07-12 21:45:00+00:00,41.564667,-114.267333,NASA_EONET
EONET_21318,"Wildfire Heavy Timber, Musselshell, Montana",Wildfires,2026-07-12 21:00:00+00:00,46.44166,-108.146,NASA_EONET
EONET_21308,Wildfire in Australia 1029484,Wildfires,2026-07-12 19:00:00+00:00,-13.505897645843,142.07468708529,NASA_EONET
EONET_21344,Wildfire in Angola 1029498,Wildfires,2026-07-12 19:00:00+00:00,-8.1029153330864,19.828212858868,NASA_EONET
EONET_21363,Wildfire in Canada 1029503,Wildfires,2026-07-12 19:00:00+00:00,50.268706344796,-89.375687048903,NASA_EONET
EONET_21364,Wildfire in Canada 1029504,Wildfires,2026-07-12 19:00:00+00:00,50.79806009275,-89.833745347006,NASA_EONET
EONET_21365,Wildfire in Canada 1029505,Wildfires,2026-07-12 19:00:00+00:00,50.486502774425,-89.285068054192,NASA_EONET
EONET_21366,Wildfire in Australia 1029506,Wildfires,2026-07-12 19:00:00+00:00,-12.970647333327,142.05892253063,NASA_EONET
EONET_21328,"Wildfire Cow Canyon, Oneida, Idaho",Wildfires,2026-07-12 16:15:00+00:00,42.11216,-112.947187,NASA_EONET
EONET_21359,Flood in Honduras 1104021,Floods,2026-07-11 20:00:00+00:00,0.0,0.0,NASA_EONET
EONET_21394,Flood in Indonesia 1104026,Floods,2026-07-11 20:00:00+00:00,0.0,0.0,NASA_EONET
EONET_21345,Wildfire in Angola 1029499,Wildfires,2026-07-11 19:00:00+00:00,-7.3793183028306,19.599006640329,NASA_EONET
EONET_21346,Wildfire in France 1029489,Wildfires,2026-07-11 19:00:00+00:00,48.374997483229,2.5491656824245,NASA_EONET
EONET_21347,Wildfire in Canada 1029492,Wildfires,2026-07-11 19:00:00+00:00,50.723015629372,-89.441100707973,NASA_EONET
EONET_21367,Wildfire in Canada 1029507,Wildfires,2026-07-11 19:00:00+00:00,50.850717453967,-89.517740002358,NASA_EONET
EONET_21368,"Wildfire in United States, Canada 1029508",Wildfires,2026-07-11 19:00:00+00:00,48.208998890491,-91.867750823007,NASA_EONET
EONET_21369,Wildfire in Canada 1029509,Wildfires,2026-07-11 19:00:00+00:00,50.96876404212,-89.294849581783,NASA_EONET
EONET_21332,"Wildfire ELEPHANT, Plumas, California",Wildfires,2026-07-11 16:35:00+00:00,39.710833,-120.193167,NASA_EONET
EONET_21329,"Wildfire LOOMIS, Lassen, California",Wildfires,2026-07-11 15:03:00+00:00,40.965833,-121.154667,NASA_EONET
EONET_21336,"Wildfire NINE CANYON, Benton, Washington",Wildfires,2026-07-11 14:41:00+00:00,46.122786,-119.04432,NASA_EONET
EONET_21342,Flood in Malaysia 1104020,Floods,2026-07-10 20:00:00+00:00,0.0,0.0,NASA_EONET
EONET_21343,Flood in Georgia 1104018,Floods,2026-07-10 20:00:00+00:00,0.0,0.0,NASA_EONET
EONET_21331,"Wildfire Stookey, Tooele, Utah",Wildfires,2026-07-10 19:51:00+00:00,40.1499,-112.560267,NASA_EONET
EONET_21348,Wildfire in Congo 1029490,Wildfires,2026-07-10 19:00:00+00:00,-3.1360618224553,15.458981668911,NASA_EONET
EONET_21349,Wildfire in Canada 1029496,Wildfires,2026-07-10 19:00:00+00:00,48.925327431672,-90.90390850527,NASA_EONET
EONET_21350,Wildfire in United States 1029485,Wildfires,2026-07-10 19:00:00+00:00,40.160261383832,-112.53566542625,NASA_EONET
EONET_21325,"Wildfire E Evans Creek Rd 18000, Jackson, Oregon",Wildfires,2026-07-10 18:13:00+00:00,42.60395,-123.0018333,NASA_EONET
EONET_21333,"Wildfire SUMMIT, Los Angeles, California",Wildfires,2026-07-10 15:49:00+00:00,34.45499,-117.68601,NASA_EONET
EONET_21436,"Wildfire Nutmeg, Yukon-Koyukuk, Alaska",Wildfires,2026-07-10 01:44:00+00:00,67.447423,-150.25392,NASA_EONET
EONET_21334,"Wildfire Martin, Blaine, Idaho",Wildfires,2026-07-09 19:53:00+00:00,43.479767,-114.2097,NASA_EONET
EONET_21298,Wildfire in Australia 1029474,Wildfires,2026-07-09 19:00:00+00:00,-16.527741074718,145.02241291712,NASA_EONET
EONET_21309,Wildfire in Botswana 1029476,Wildfires,2026-07-09 19:00:00+00:00,-20.42355632161,22.840860458542,NASA_EONET
EONET_21351,Wildfire in Zambia 1029491,Wildfires,2026-07-09 19:00:00+00:00,-15.788043195381,25.742576063832,NASA_EONET
EONET_21370,Wildfire in Canada 1029510,Wildfires,2026-07-09 19:00:00+00:00,48.306819461151,-91.213014779099,NASA_EONET
EONET_21335,"Wildfire Cusenbarry Draw, Sutton, Texas",Wildfires,2026-07-09 18:30:00+00:00,30.4,-100.6165,NASA_EONET
EONET_21327,"Wildfire B AND O, Okanogan, Washington",Wildfires,2026-07-09 18:09:00+00:00,48.352694,-119.605515,NASA_EONET
EONET_21337,"Prescribed Fire RX Chippewa Prairie TNC, Chippewa, Minnesota",Wildfires,2026-07-09 17:06:00+00:00,45.12691667,-95.99093333,NASA_EONET
EONET_21338,"Prescribed Fire RX Terpstra W413-20-01, Lac qui Parle, Minnesota",Wildfires,2026-07-09 17:03:00+00:00,45.10605,-96.01538333,NASA_EONET
EONET_21382,"Wildfire Wolfpack, St. Louis, Minnesota",Wildfires,2026-07-09 16:14:00+00:00,48.1855,-92.282167,NASA_EONET
EONET_21339,"Prescribed Fire RX Center Range North, Morrison, Minnesota",Wildfires,2026-07-09 15:40:00+00:00,46.16963333,-94.44471667,NASA_EONET
EONET_21340,"Prescribed Fire RX Leach Impact Area, Morrison, Minnesota",Wildfires,2026-07-09 15:27:00+00:00,46.2736,-94.39906667,NASA_EONET
EONET_21319,"Wildfire Jim Mtn, Elko, Nevada",Wildfires,2026-07-09 14:13:00+00:00,41.498667,-114.125917,NASA_EONET
EONET_21383,"Wildfire Sioux, St. Louis, Minnesota",Wildfires,2026-07-09 12:37:00+00:00,48.153119,-92.223926,NASA_EONET
EONET_21233,"Wildfire Rose Hill Bay, Duplin, North Carolina",Wildfires,2026-07-09 11:59:00+00:00,34.805,-78.0655556,NASA_EONET
EONET_21235,"Prescribed Fire RX Agassiz W413-21-20, Lac qui Parle, Minnesota",Wildfires,2026-07-09 11:14:00+00:00,45.21431667,-96.24231667,NASA_EONET
EONET_21237,"Prescribed Fire RX Loen, Swift, Minnesota",Wildfires,2026-07-09 10:44:00+00:00,45.38,-95.5,NASA_EONET
EONET_21238,"Prescribed Fire RX Loen, Swift, Minnesota",Wildfires,2026-07-09 10:43:00+00:00,45.38,-95.5,NASA_EONET
EONET_21239,"Prescribed Fire RX Chippewa Prairie Unit 7 W413-20-28, Chippewa, Minnesota",Wildfires,2026-07-09 10:39:00+00:00,45.13898333,-96.01343333,NASA_EONET
EONET_21317,"Wildfire Hogatza, Yukon-Koyukuk, Alaska",Wildfires,2026-07-08 22:46:00+00:00,66.664667,-153.849167,NASA_EONET
EONET_21243,"Wildfire RYEGRASS COULEE, Kittitas, Washington",Wildfires,2026-07-08 20:13:00+00:00,46.949083,-120.0208,NASA_EONET
EONET_21271,Flood in Guatemala 1104013,Floods,2026-07-08 20:00:00+00:00,0.0,0.0,NASA_EONET
EONET_21272,Flood in Bangladesh 1104015,Floods,2026-07-08 20:00:00+00:00,0.0,0.0,NASA_EONET
EONET_21191,Wildfire in Australia 1029418,Wildfires,2026-07-08 19:00:00+00:00,-14.889293995052,142.23842076024,NASA_EONET
EONET_21275,Wildfire in Spain 1029448,Wildfires,2026-07-08 19:00:00+00:00,37.180480275892,-2.001155027074,NASA_EONET
EONET_21276,Wildfire in Australia 1029456,Wildfires,2026-07-08 19:00:00+00:00,-12.795817905946,141.85780669315,NASA_EONET
EONET_21277,Wildfire in Australia 1029459,Wildfires,2026-07-08 19:00:00+00:00,-20.859720215092,127.65508426254,NASA_EONET
EONET_21278,Wildfire in Australia 1029460,Wildfires,2026-07-08 19:00:00+00:00,-14.605212060297,127.46113008446,NASA_EONET
EONET_21279,Wildfire in Australia 1029443,Wildfires,2026-07-08 19:00:00+00:00,-16.784293564605,126.64476432884,NASA_EONET
EONET_21280,Wildfire in Australia 1029444,Wildfires,2026-07-08 19:00:00+00:00,-14.644143237345,127.46896634692,NASA_EONET
EONET_21281,Wildfire in Angola 1029449,Wildfires,2026-07-08 19:00:00+00:00,-8.9105132975771,20.160587600645,NASA_EONET
EONET_21310,"Wildfire in Namibia, Botswana 1029477",Wildfires,2026-07-08 19:00:00+00:00,-18.117888287468,24.040032501668,NASA_EONET
EONET_21352,Wildfire in Brazil 1029493,Wildfires,2026-07-08 19:00:00+00:00,-10.155598991187,-50.164504511964,NASA_EONET
EONET_21353,Wildfire in United States 1029497,Wildfires,2026-07-08 19:00:00+00:00,48.302373016459,-92.144848248866,NASA_EONET
EONET_21231,"Wildfire Getaway Pens, Dickens, Texas",Wildfires,2026-07-08 18:12:00+00:00,33.44265,-100.6149183,NASA_EONET
EONET_21241,"Wildfire VAN, Mariposa, California",Wildfires,2026-07-08 16:53:00+00:00,37.327638,-120.061317,NASA_EONET
EONET_21321,"Wildfire Anthony, Baker, Oregon",Wildfires,2026-07-08 16:37:00+00:00,44.991867,-118.200333,NASA_EONET
EONET_21326,"Wildfire Olive Butte, Grant, Oregon",Wildfires,2026-07-08 14:17:00+00:00,44.745217,-118.452867,NASA_EONET
EONET_21430,"Wildfire Upper Smith, Boundary, Idaho",Wildfires,2026-07-08 14:11:00+00:00,48.9275,-116.607783,NASA_EONET
EONET_21240,"Wildfire WHISKEY, Malheur, Oregon",Wildfires,2026-07-08 12:32:00+00:00,43.35394,-118.18178,NASA_EONET
EONET_21250,"Prescribed Fire RX Artichoke Lake, Swift, Minnesota",Wildfires,2026-07-08 10:24:00+00:00,45.3332,-96.0976,NASA_EONET
EONET_21251,"Prescribed Fire Meadow Creek WMA RX, Lyon, Minnesota",Wildfires,2026-07-08 09:41:00+00:00,44.3772,-95.71371667,NASA_EONET
EONET_21236,"Wildfire Salmon, Grant, Oregon",Wildfires,2026-07-08 05:53:00+00:00,44.717021,-118.510204,NASA_EONET
EONET_21273,Flood in Estonia 1104017,Floods,2026-07-07 20:00:00+00:00,0.0,0.0,NASA_EONET
EONET_21274,Flood in Colombia 1104014,Floods,2026-07-07 20:00:00+00:00,0.0,0.0,NASA_EONET
EONET_21192,Wildfire in Australia 1029419,Wildfires,2026-07-07 19:00:00+00:00,-12.420376802037,132.59835607869,NASA_EONET
EONET_21193,Wildfire in Australia 1029420,Wildfires,2026-07-07 19:00:00+00:00,-14.987018635261,126.00143205411,NASA_EONET
EONET_21254,Wildfire in Angola 1029430,Wildfires,2026-07-07 19:00:00+00:00,-8.4936214307073,19.39295362759,NASA_EONET
EONET_21282,Wildfire in Australia 1029461,Wildfires,2026-07-07 19:00:00+00:00,-13.799369734805,132.10561273052,NASA_EONET
EONET_21330,"Wildfire Thumb, St. Louis, Minnesota",Wildfires,2026-07-07 18:38:00+00:00,48.287667,-92.192167,NASA_EONET
EONET_21384,"Wildfire Bear Trap, St. Louis, Minnesota",Wildfires,2026-07-07 18:28:00+00:00,48.1845,-91.924667,NASA_EONET
EONET_21381,"Wildfire Camp, Lake, Minnesota",Wildfires,2026-07-07 18:11:00+00:00,47.998967,-91.782917,NASA_EONET
EONET_21232,"Wildfire BEAR, San Luis Obispo, California",Wildfires,2026-07-07 18:09:00+00:00,35.314896,-119.898345,NASA_EONET
EONET_21245,"Wildfire 3-1 PIT, Lassen, California",Wildfires,2026-07-07 16:35:00+00:00,40.948833,-121.2685,NASA_EONET
EONET_21242,"Wildfire Hoop, Harney, Oregon",Wildfires,2026-07-07 16:26:00+00:00,42.637717,-118.752133,NASA_EONET
EONET_21234,"Wildfire Avocado, Monroe, Florida",Wildfires,2026-07-07 16:20:00+00:00,25.423833,-80.928833,NASA_EONET
EONET_21249,"Wildfire RA 7 GEM CO, Gem, Idaho",Wildfires,2026-07-06 23:45:00+00:00,43.844798,-116.409683,NASA_EONET
EONET_21189,Flood in Chile 1104010,Floods,2026-07-06 20:00:00+00:00,0.0,0.0,NASA_EONET
EONET_21252,Flood in South Korea 1104012,Floods,2026-07-06 20:00:00+00:00,0.0,0.0,NASA_EONET
EONET_21136,Wildfire in Australia 1029352,Wildfires,2026-07-06 19:00:00+00:00,-13.894880987039,133.99584161914,NASA_EONET
EONET_21194,Wildfire in Australia 1029421,Wildfires,2026-07-06 19:00:00+00:00,-15.437189761172,142.40165179775,NASA_EONET
EONET_21195,Wildfire in Australia 1029422,Wildfires,2026-07-06 19:00:00+00:00,-15.368211738715,142.29469894189,NASA_EONET
EONET_21196,Wildfire in Angola 1029386,Wildfires,2026-07-06 19:00:00+00:00,-7.6057182817819,19.529927181203,NASA_EONET
EONET_21255,Wildfire in Angola 1029431,Wildfires,2026-07-06 19:00:00+00:00,-8.8183317837508,21.475181033645,NASA_EONET
EONET_21283,Wildfire in Australia 1029462,Wildfires,2026-07-06 19:00:00+00:00,-12.833588894734,135.24753277205,NASA_EONET
EONET_21284,Wildfire in Angola 1029450,Wildfires,2026-07-06 19:00:00+00:00,-8.1805339451492,19.554421693272,NASA_EONET
EONET_21299,Wildfire in Canada 1029466,Wildfires,2026-07-06 19:00:00+00:00,65.264122839733,-117.70620095312,NASA_EONET
EONET_21248,"Wildfire Mustang, Yukon-Koyukuk, Alaska",Wildfires,2026-07-06 18:47:00+00:00,65.78555,-154.11445,NASA_EONET
EONET_21003,"Wildfire Maze, Madison, Idaho",Wildfires,2026-07-06 17:58:00+00:00,43.828883,-111.956783,NASA_EONET
EONET_21021,"Wildfire RA 6 ADA CO CLAREMONT, Ada, Idaho",Wildfires,2026-07-06 16:15:00+00:00,43.6347,-116.175933,NASA_EONET
EONET_21002,"Wildfire PVR, Ada, Idaho",Wildfires,2026-07-06 15:32:00+00:00,43.31247,-116.208736,NASA_EONET
EONET_21013,"Wildfire Wind Creek, Crook, Wyoming",Wildfires,2026-07-06 14:18:00+00:00,44.193833,-104.856167,NASA_EONET
EONET_21044,"Wildfire UHaul, Colfax, New Mexico",Wildfires,2026-07-06 13:39:00+00:00,36.30552,-104.040187,NASA_EONET
EONET_21008,"Wildfire MORA, Ada, Idaho",Wildfires,2026-07-06 04:52:00+00:00,43.443793,-116.429976,NASA_EONET
EONET_21007,"Wildfire Dutch Flat, Humboldt, Nevada",Wildfires,2026-07-05 19:33:00+00:00,41.078633,-117.614017,NASA_EONET
EONET_20982,Wildfire in Australia 1029332,Wildfires,2026-07-05 19:00:00+00:00,-12.90381252331913,132.04182199174508,NASA_EONET
EONET_21137,Wildfire in The Democratic Republic of Congo 1029334,Wildfires,2026-07-05 19:00:00+00:00,-6.1275234243668,19.882042480984,NASA_EONET
EONET_21161,Wildfire in The Democratic Republic of Congo 1029361,Wildfires,2026-07-05 19:00:00+00:00,-6.9733158862735,18.523790771692,NASA_EONET
EONET_21197,"Wildfire in Angola, The Democratic Republic of Congo 1029387",Wildfires,2026-07-05 19:00:00+00:00,-7.0597954084727,19.633456474243,NASA_EONET
EONET_21198,Wildfire in Zambia 1029388,Wildfires,2026-07-05 19:00:00+00:00,-15.208360402153,25.888773597249,NASA_EONET
EONET_21199,Wildfire in Angola 1029389,Wildfires,2026-07-05 19:00:00+00:00,-8.0514568153729,19.650882998947,NASA_EONET
EONET_21200,Wildfire in Russian Federation 1029407,Wildfires,2026-07-05 19:00:00+00:00,62.106184664562,136.43813186645,NASA_EONET
EONET_21201,Wildfire in Australia 1029408,Wildfires,2026-07-05 19:00:00+00:00,-12.337690220202,133.4226965488,NASA_EONET
EONET_21202,Wildfire in Russian Federation 1029409,Wildfires,2026-07-05 19:00:00+00:00,62.893925868916,133.84706592884,NASA_EONET
EONET_21285,Wildfire in Australia 1029463,Wildfires,2026-07-05 19:00:00+00:00,-12.166276588375,133.48395837,NASA_EONET
EONET_21300,Wildfire in Canada 1029467,Wildfires,2026-07-05 19:00:00+00:00,65.115617313659,-120.03833759924,NASA_EONET
EONET_21311,Wildfire in Angola 1029478,Wildfires,2026-07-05 19:00:00+00:00,-10.347859967569,16.870843193282,NASA_EONET
EONET_21312,Wildfire in Angola 1029479,Wildfires,2026-07-05 19:00:00+00:00,-10.747260374733,17.576640944373,NASA_EONET
EONET_21354,Wildfire in Canada 1029486,Wildfires,2026-07-05 19:00:00+00:00,65.406906763226,-119.45035077032,NASA_EONET
EONET_21371,Wildfire in Australia 1029511,Wildfires,2026-07-05 19:00:00+00:00,-13.201604138994,134.68167168127,NASA_EONET
EONET_21010,"Wildfire NAVARRE COULEE, Chelan, Washington",Wildfires,2026-07-05 02:01:00+00:00,47.773244,-120.185178,NASA_EONET
EONET_20995,Flood in New Zealand 1104006,Floods,2026-07-04 20:00:00+00:00,0.0,0.0,NASA_EONET
EONET_21160,Flood in Finland 1104008,Floods,2026-07-04 20:00:00+00:00,0.0,0.0,NASA_EONET
EONET_20958,Wildfire in Australia 1029320,Wildfires,2026-07-04 19:00:00+00:00,-16.584833204133044,136.5939246423826,NASA_EONET
EONET_21138,Wildfire in Angola 1029335,Wildfires,2026-07-04 19:00:00+00:00,-8.9271315456983,21.644328329157,NASA_EONET
EONET_21139,Wildfire in Canada 1029353,Wildfires,2026-07-04 19:00:00+00:00,56.826661800785,-66.391074928924,NASA_EONET
EONET_21162,Wildfire in Canada 1029371,Wildfires,2026-07-04 19:00:00+00:00,54.812192792051,-76.370351072757,NASA_EONET
EONET_21163,Wildfire in Angola 1029362,Wildfires,2026-07-04 19:00:00+00:00,-7.9157918898172,20.093397371681,NASA_EONET
EONET_21164,Wildfire in Canada 1029381,Wildfires,2026-07-04 19:00:00+00:00,56.196051758007,-69.135504204458,NASA_EONET
EONET_21165,Wildfire in Canada 1029370,Wildfires,2026-07-04 19:00:00+00:00,53.497826214534,-69.496960732415,NASA_EONET
EONET_21203,Wildfire in Canada 1029410,Wildfires,2026-07-04 19:00:00+00:00,51.666680956218,-78.530064546022,NASA_EONET
EONET_21204,Wildfire in The Democratic Republic of Congo 1029390,Wildfires,2026-07-04 19:00:00+00:00,-7.3762555945475,19.273721415373,NASA_EONET
EONET_21205,Wildfire in Canada 1029415,Wildfires,2026-07-04 19:00:00+00:00,63.630984225417,-119.67239308541,NASA_EONET
EONET_21256,Wildfire in Tanzania 1029426,Wildfires,2026-07-04 19:00:00+00:00,-2.1903167013186,35.065195343124,NASA_EONET
EONET_21286,Wildfire in Canada 1029445,Wildfires,2026-07-04 19:00:00+00:00,50.895921922235,-78.770555313156,NASA_EONET
EONET_21301,Wildfire in Russian Federation 1029472,Wildfires,2026-07-04 19:00:00+00:00,59.010102737869,90.603120294965,NASA_EONET
EONET_21302,Wildfire in Russian Federation 1029473,Wildfires,2026-07-04 19:00:00+00:00,59.695796752914,90.383534000109,NASA_EONET
EONET_21313,Wildfire in South Africa 1029480,Wildfires,2026-07-04 19:00:00+00:00,-25.320114655313,28.82661908256,NASA_EONET
EONET_21314,Wildfire in Angola 1029483,Wildfires,2026-07-04 19:00:00+00:00,-7.6918233946308,16.447079130674,NASA_EONET
EONET_21355,Wildfire in Canada 1029487,Wildfires,2026-07-04 19:00:00+00:00,66.54648576718,-118.28632989088,NASA_EONET
EONET_21372,Wildfire in Australia 1029512,Wildfires,2026-07-04 19:00:00+00:00,-16.33168933665,125.01467380664,NASA_EONET
EONET_21005,"Wildfire North Cayuse, Umatilla, Oregon",Wildfires,2026-07-04 18:37:00+00:00,45.683083,-118.480617,NASA_EONET
EONET_21247,"Wildfire Ishtalitna, Yukon-Koyukuk, Alaska",Wildfires,2026-07-04 17:39:00+00:00,65.8547,-151.57485,NASA_EONET
EONET_21038,"Wildfire 0380 ANTELOPE CREEK, Wasco, Oregon",Wildfires,2026-07-04 16:13:00+00:00,44.921383,-120.7202,NASA_EONET
EONET_21000,"Wildfire CHELAN HILLS, Douglas, Washington",Wildfires,2026-07-04 08:58:00+00:00,47.799583,-119.97655,NASA_EONET
EONET_21253,Flood in Myanmar 1104011,Floods,2026-07-03 20:00:00+00:00,0.0,0.0,NASA_EONET
EONET_20927,Wildfire in Australia 1029285,Wildfires,2026-07-03 19:00:00+00:00,-12.237297075654382,133.93446345010665,NASA_EONET
EONET_20928,Wildfire in Australia 1029286,Wildfires,2026-07-03 19:00:00+00:00,-12.985986088017524,136.11203523205623,NASA_EONET
EONET_20929,Wildfire in Australia 1029287,Wildfires,2026-07-03 19:00:00+00:00,-13.124822261594304,136.061317449245,NASA_EONET
EONET_20983,Wildfire in France 1029331,Wildfires,2026-07-03 19:00:00+00:00,42.67172441130409,2.5669729088325886,NASA_EONET
EONET_21140,Wildfire in Canada 1029347,Wildfires,2026-07-03 19:00:00+00:00,53.454897618555,-70.637414417777,NASA_EONET
EONET_21141,Wildfire in The Democratic Republic of Congo 1029336,Wildfires,2026-07-03 19:00:00+00:00,-6.282720021559,26.552489734283,NASA_EONET
EONET_21166,Wildfire in Canada 1029372,Wildfires,2026-07-03 19:00:00+00:00,54.750800238154,-76.221942122693,NASA_EONET
EONET_21167,Wildfire in Canada 1029382,Wildfires,2026-07-03 19:00:00+00:00,57.209293605943,-68.660170634962,NASA_EONET
EONET_21168,Wildfire in Angola 1029363,Wildfires,2026-07-03 19:00:00+00:00,-8.5202437448834,21.848149054921,NASA_EONET
EONET_21169,Wildfire in Sudan 1029358,Wildfires,2026-07-03 19:00:00+00:00,4.9605188766542,34.769472452048,NASA_EONET
EONET_21170,Wildfire in The Democratic Republic of Congo 1029364,Wildfires,2026-07-03 19:00:00+00:00,-7.1092937631462,26.65788282457,NASA_EONET
EONET_21206,Wildfire in Angola 1029391,Wildfires,2026-07-03 19:00:00+00:00,-8.3431771490687,19.736451288962,NASA_EONET
EONET_21207,Wildfire in Angola 1029392,Wildfires,2026-07-03 19:00:00+00:00,-9.3128740608101,21.185289582437,NASA_EONET
EONET_21208,Wildfire in Angola 1029393,Wildfires,2026-07-03 19:00:00+00:00,-9.0220476983414,20.991967873808,NASA_EONET
EONET_21209,Wildfire in Angola 1029394,Wildfires,2026-07-03 19:00:00+00:00,-7.2315947885825,20.258015277352,NASA_EONET
EONET_21257,Wildfire in Angola 1029432,Wildfires,2026-07-03 19:00:00+00:00,-8.3502305211386,21.519796493593,NASA_EONET
EONET_21258,Wildfire in Canada 1029427,Wildfires,2026-07-03 19:00:00+00:00,64.441233405774,-116.46322899862,NASA_EONET
EONET_21259,Wildfire in The Democratic Republic of Congo 1029428,Wildfires,2026-07-03 19:00:00+00:00,-5.4610541819936,26.121025204493,NASA_EONET
EONET_21287,Wildfire in Angola 1029451,Wildfires,2026-07-03 19:00:00+00:00,-10.819977489439,16.968633187792,NASA_EONET
EONET_21303,Wildfire in Australia 1029475,Wildfires,2026-07-03 19:00:00+00:00,-13.574821488739,130.83366390688,NASA_EONET
EONET_21304,Wildfire in Zambia 1029469,Wildfires,2026-07-03 19:00:00+00:00,-10.813424474857,29.629037325149,NASA_EONET
EONET_21305,Wildfire in Angola 1029470,Wildfires,2026-07-03 19:00:00+00:00,-9.0626624558139,17.348216241249,NASA_EONET
EONET_21315,Wildfire in Australia 1029481,Wildfires,2026-07-03 19:00:00+00:00,-13.169032954632,141.98884776115,NASA_EONET
EONET_21316,Wildfire in Australia 1029482,Wildfires,2026-07-03 19:00:00+00:00,-12.548930796341,133.71902860637,NASA_EONET
EONET_20980,Tropical Storm Maysak,Severe Storms,2026-07-03 00:00:00+00:00,17.3,110.1,NASA_EONET
EONET_20996,Flood in Ecuador 1104007,Floods,2026-07-02 20:00:00+00:00,0.0,0.0,NASA_EONET
EONET_20930,Wildfire in Angola 1029271,Wildfires,2026-07-02 19:00:00+00:00,-7.213607792114834,20.12439507963515,NASA_EONET
EONET_20931,Wildfire in Australia 1029288,Wildfires,2026-07-02 19:00:00+00:00,-15.286925733230161,142.58150881521723,NASA_EONET
EONET_20932,Wildfire in Australia 1029289,Wildfires,2026-07-02 19:00:00+00:00,-12.837602207329352,136.09281884393536,NASA_EONET
EONET_20959,Wildfire in Australia 1029318,Wildfires,2026-07-02 19:00:00+00:00,-12.87039189395864,142.13193996616678,NASA_EONET
EONET_20960,Wildfire in Brazil 1029311,Wildfires,2026-07-02 19:00:00+00:00,-13.240893555245094,-54.35519556911779,NASA_EONET
EONET_20961,Wildfire in Angola 1029299,Wildfires,2026-07-02 19:00:00+00:00,-8.225225042995456,19.713097812482122,NASA_EONET
EONET_20962,Wildfire in Angola 1029300,Wildfires,2026-07-02 19:00:00+00:00,-8.147064005797578,19.722858207480318,NASA_EONET
EONET_20984,Wildfire in Australia 1029326,Wildfires,2026-07-02 19:00:00+00:00,-14.211231840941831,133.87067519564224,NASA_EONET
EONET_21142,Wildfire in Spain 1029351,Wildfires,2026-07-02 19:00:00+00:00,41.889056049514,3.0286530330969,NASA_EONET
EONET_21143,Wildfire in Australia 1029354,Wildfires,2026-07-02 19:00:00+00:00,-12.47708990017,133.22473912924,NASA_EONET
EONET_21144,Wildfire in Australia 1029355,Wildfires,2026-07-02 19:00:00+00:00,-12.728563043435,142.55141819592,NASA_EONET
EONET_21145,Wildfire in Australia 1029356,Wildfires,2026-07-02 19:00:00+00:00,-17.847374978668,137.22904425704,NASA_EONET
EONET_21171,Wildfire in Canada 1029359,Wildfires,2026-07-02 19:00:00+00:00,49.969171891538,-121.47038656486,NASA_EONET
EONET_21172,Wildfire in Canada 1029383,Wildfires,2026-07-02 19:00:00+00:00,53.629607228431,-72.130450009975,NASA_EONET
EONET_21173,Wildfire in Canada 1029373,Wildfires,2026-07-02 19:00:00+00:00,53.912861507377,-72.830072519313,NASA_EONET
EONET_21174,Wildfire in Canada 1029374,Wildfires,2026-07-02 19:00:00+00:00,54.377445881732,-72.611787484203,NASA_EONET
EONET_21175,Wildfire in Russian Federation 1029375,Wildfires,2026-07-02 19:00:00+00:00,64.847911745751,110.28624314126,NASA_EONET
EONET_21176,Wildfire in Canada 1029376,Wildfires,2026-07-02 19:00:00+00:00,53.834765974001,-71.708774574106,NASA_EONET
EONET_21210,Wildfire in Russian Federation 1029416,Wildfires,2026-07-02 19:00:00+00:00,59.192336182545,86.61141205644,NASA_EONET
EONET_21211,Wildfire in France 1029417,Wildfires,2026-07-02 19:00:00+00:00,44.716738214914,5.3432519047011,NASA_EONET
EONET_21212,Wildfire in Australia 1029423,Wildfires,2026-07-02 19:00:00+00:00,-15.215634624061,142.55275640229,NASA_EONET
EONET_21213,Wildfire in Canada 1029424,Wildfires,2026-07-02 19:00:00+00:00,65.505247987195,-119.12947264604,NASA_EONET
EONET_21214,Wildfire in Zambia 1029395,Wildfires,2026-07-02 19:00:00+00:00,-8.9157282625653,29.40171146162,NASA_EONET
EONET_21215,Wildfire in The Democratic Republic of Congo 1029396,Wildfires,2026-07-02 19:00:00+00:00,-7.5558231110288,18.093456946052,NASA_EONET
EONET_21216,Wildfire in The Democratic Republic of Congo 1029397,Wildfires,2026-07-02 19:00:00+00:00,-7.5556157246097,18.642262430604,NASA_EONET
EONET_21217,Wildfire in The Democratic Republic of Congo 1029398,Wildfires,2026-07-02 19:00:00+00:00,-5.0931930594163,25.754853760251,NASA_EONET
EONET_21260,Wildfire in Canada 1029441,Wildfires,2026-07-02 19:00:00+00:00,64.569612271317,-121.13966048168,NASA_EONET
EONET_21261,Wildfire in Canada 1029429,Wildfires,2026-07-02 19:00:00+00:00,63.593994082727,-121.22655512414,NASA_EONET
EONET_21262,Wildfire in Canada 1029440,Wildfires,2026-07-02 19:00:00+00:00,64.828125624804,-121.70298313822,NASA_EONET
EONET_21263,Wildfire in Angola 1029442,Wildfires,2026-07-02 19:00:00+00:00,-9.793699655962,18.514504591121,NASA_EONET
EONET_21264,Wildfire in Angola 1029433,Wildfires,2026-07-02 19:00:00+00:00,-10.768135495606,16.689663130091,NASA_EONET
EONET_21265,Wildfire in Angola 1029434,Wildfires,2026-07-02 19:00:00+00:00,-7.8874083385751,16.538545960549,NASA_EONET
EONET_21266,Wildfire in The Democratic Republic of Congo 1029435,Wildfires,2026-07-02 19:00:00+00:00,-6.6947698201477,17.786115400023,NASA_EONET
EONET_21288,Wildfire in Australia 1029464,Wildfires,2026-07-02 19:00:00+00:00,-12.676524493849,130.91617825333,NASA_EONET
EONET_21289,Wildfire in The Democratic Republic of Congo 1029452,Wildfires,2026-07-02 19:00:00+00:00,-7.7822074310845,23.750726959822,NASA_EONET
EONET_21306,Wildfire in Angola 1029471,Wildfires,2026-07-02 19:00:00+00:00,-9.8631692150933,18.325444976945,NASA_EONET
EONET_21307,Wildfire in Canada 1029468,Wildfires,2026-07-02 19:00:00+00:00,65.605398002714,-119.05841699783,NASA_EONET
EONET_20925,Flood in Ukraine 1104001,Floods,2026-07-01 20:00:00+00:00,49.98711,25.77564,NASA_EONET
EONET_20981,Flood in Costa Rica 1104003,Floods,2026-07-01 20:00:00+00:00,10.0926794,-83.5088959,NASA_EONET
EONET_20899,Wildfire in Australia 1029251,Wildfires,2026-07-01 19:00:00+00:00,-17.09351350557367,127.04367089450652,NASA_EONET
EONET_20900,Wildfire in Portugal 1029260,Wildfires,2026-07-01 19:00:00+00:00,40.62815063475218,-8.279579668008454,NASA_EONET
EONET_20901,Wildfire in Australia 1029261,Wildfires,2026-07-01 19:00:00+00:00,-13.314816548549055,142.21330868691953,NASA_EONET
EONET_20933,Wildfire in Australia 1029290,Wildfires,2026-07-01 19:00:00+00:00,-13.316574029098811,142.17378666556561,NASA_EONET
EONET_20934,Wildfire in Australia 1029291,Wildfires,2026-07-01 19:00:00+00:00,-13.230156709168098,142.06568331511795,NASA_EONET
EONET_20963,Wildfire in Canada 1029317,Wildfires,2026-07-01 19:00:00+00:00,61.79468664834296,-121.3361784492188,NASA_EONET
EONET_20964,Wildfire in Angola 1029301,Wildfires,2026-07-01 19:00:00+00:00,-7.37040452180768,19.762881047018105,NASA_EONET
EONET_20965,Wildfire in The Democratic Republic of Congo 1029319,Wildfires,2026-07-01 19:00:00+00:00,-6.221135670974447,26.074176580963154,NASA_EONET
EONET_20985,Wildfire in Australia 1029327,Wildfires,2026-07-01 19:00:00+00:00,-17.885781740100267,137.62374647094745,NASA_EONET
EONET_20986,Wildfire in Australia 1029328,Wildfires,2026-07-01 19:00:00+00:00,-18.183882752404298,137.6198562800326,NASA_EONET
EONET_20987,Wildfire in Australia 1029329,Wildfires,2026-07-01 19:00:00+00:00,-11.686086263797197,130.6538937109057,NASA_EONET
EONET_20988,Wildfire in Australia 1029333,Wildfires,2026-07-01 19:00:00+00:00,-14.278502064575903,133.72934036692956,NASA_EONET
EONET_21146,Wildfire in Canada 1029348,Wildfires,2026-07-01 19:00:00+00:00,50.21412053337,-78.976754111714,NASA_EONET
EONET_21147,Wildfire in Canada 1029349,Wildfires,2026-07-01 19:00:00+00:00,50.122981960313,-78.636348107401,NASA_EONET
EONET_21148,Wildfire in The Democratic Republic of Congo 1029337,Wildfires,2026-07-01 19:00:00+00:00,-8.2474890162314,29.06637811329,NASA_EONET
EONET_21177,Wildfire in Canada 1029377,Wildfires,2026-07-01 19:00:00+00:00,51.631142877009,-78.183604075484,NASA_EONET
EONET_21178,Wildfire in Australia 1029384,Wildfires,2026-07-01 19:00:00+00:00,-13.169764642305,133.41996969116,NASA_EONET
EONET_21218,Wildfire in The Democratic Republic of Congo 1029399,Wildfires,2026-07-01 19:00:00+00:00,-7.052837655739,18.677609174233,NASA_EONET
EONET_21219,"Wildfire in The Democratic Republic of Congo, Zambia 1029400",Wildfires,2026-07-01 19:00:00+00:00,-11.278673552964,24.738502595411,NASA_EONET
EONET_21220,Wildfire in Canada 1029425,Wildfires,2026-07-01 19:00:00+00:00,63.635614662099,-119.6818557714,NASA_EONET
EONET_21221,Wildfire in Canada 1029411,Wildfires,2026-07-01 19:00:00+00:00,51.618265022463,-78.189922626377,NASA_EONET
EONET_21267,Wildfire in Angola 1029436,Wildfires,2026-07-01 19:00:00+00:00,-8.3428696204397,17.124206576611,NASA_EONET
EONET_21290,Wildfire in Russian Federation 1029446,Wildfires,2026-07-01 19:00:00+00:00,59.386054796932,90.417066393835,NASA_EONET
EONET_21291,Wildfire in Canada 1029457,Wildfires,2026-07-01 19:00:00+00:00,50.522190981993,-78.468653002419,NASA_EONET
EONET_21292,Wildfire in Canada 1029458,Wildfires,2026-07-01 19:00:00+00:00,65.723420212693,-117.57112558828,NASA_EONET
EONET_21293,Wildfire in Angola 1029453,Wildfires,2026-07-01 19:00:00+00:00,-10.351749454249,15.046294332351,NASA_EONET
EONET_21356,Wildfire in Canada 1029488,Wildfires,2026-07-01 19:00:00+00:00,66.381290306691,-117.34512959143,NASA_EONET
EONET_20878,Tropical Storm Douglas,Severe Storms,2026-07-01 18:00:00+00:00,15.5,-126.9,NASA_EONET
EONET_21057,"Wildfire BUTTERFIELD SPRING, Malheur, Oregon",Wildfires,2026-07-01 16:13:00+00:00,44.124394,-117.077351,NASA_EONET
EONET_21058,"Wildfire POINT, Santa Clara, California",Wildfires,2026-07-01 12:09:00+00:00,37.06813,-121.213209,NASA_EONET
EONET_20877,Super Typhoon Bavi,Severe Storms,2026-07-01 12:00:00+00:00,9.7,162.4,NASA_EONET
EONET_20999,"Wildfire Siruk, Yukon-Koyukuk, Alaska",Wildfires,2026-07-01 00:11:00+00:00,66.690333,-153.440667,NASA_EONET
EONET_20879,Flood in Slovakia 1103998,Floods,2026-06-30 20:00:00+00:00,48.28845,17.7221491,NASA_EONET
EONET_20880,Flood in Thailand 1103996,Floods,2026-06-30 20:00:00+00:00,8.0617339,98.918584,NASA_EONET
EONET_20881,Flood in Nigeria 1103997,Floods,2026-06-30 20:00:00+00:00,6.4550575,3.3941795,NASA_EONET
EONET_20897,Flood in Peru 1104000,Floods,2026-06-30 20:00:00+00:00,-10.7195033,-76.3777409,NASA_EONET
EONET_20997,Flood in Australia 1104005,Floods,2026-06-30 20:00:00+00:00,0.0,0.0,NASA_EONET
EONET_20998,Flood in Kyrgyzstan 1104004,Floods,2026-06-30 20:00:00+00:00,0.0,0.0,NASA_EONET
EONET_20883,Wildfire in Angola 1029229,Wildfires,2026-06-30 19:00:00+00:00,-8.277766918477814,20.210612409383792,NASA_EONET
EONET_20902,Wildfire in Botswana 1029243,Wildfires,2026-06-30 19:00:00+00:00,-17.996734495835195,25.05988802646389,NASA_EONET
EONET_20935,Wildfire in Tanzania 1029268,Wildfires,2026-06-30 19:00:00+00:00,-2.9602519526976407,34.61333248100981,NASA_EONET
EONET_20936,"Wildfire in Angola, The Democratic Republic of Congo 1029272",Wildfires,2026-06-30 19:00:00+00:00,-7.01873073839854,19.770246588521665,NASA_EONET
EONET_20937,Wildfire in The Democratic Republic of Congo 1029273,Wildfires,2026-06-30 19:00:00+00:00,-6.988800965258946,18.609053258116788,NASA_EONET
EONET_20938,Wildfire in Australia 1029292,Wildfires,2026-06-30 19:00:00+00:00,-12.388287113228348,133.69867644812413,NASA_EONET
EONET_20939,Wildfire in Brazil 1029293,Wildfires,2026-06-30 19:00:00+00:00,-12.755836004748614,-44.519949470717584,NASA_EONET
EONET_20940,Wildfire in Australia 1029294,Wildfires,2026-06-30 19:00:00+00:00,-17.784091343406573,137.85949561195892,NASA_EONET
EONET_20966,Wildfire in The Democratic Republic of Congo 1029302,Wildfires,2026-06-30 19:00:00+00:00,-7.252279153281658,18.78543978196113,NASA_EONET
EONET_21149,Wildfire in Zambia 1029338,Wildfires,2026-06-30 19:00:00+00:00,-9.4836632299771,32.296045857459,NASA_EONET
EONET_21179,Wildfire in Angola 1029365,Wildfires,2026-06-30 19:00:00+00:00,-9.2396216472409,17.358121983359,NASA_EONET
EONET_21222,Wildfire in The Democratic Republic of Congo 1029401,Wildfires,2026-06-30 19:00:00+00:00,-7.3001993028691,18.37882331321,NASA_EONET
EONET_21268,Wildfire in The Democratic Republic of Congo 1029437,Wildfires,2026-06-30 19:00:00+00:00,-7.0358035916556,18.51617211385,NASA_EONET
EONET_21294,Wildfire in Angola 1029454,Wildfires,2026-06-30 19:00:00+00:00,-11.469650126355,17.704742462193,NASA_EONET
EONET_21295,Wildfire in Australia 1029465,Wildfires,2026-06-30 19:00:00+00:00,-12.330100467871,135.54908259121,NASA_EONET
EONET_21357,Wildfire in Australia 1029494,Wildfires,2026-06-30 19:00:00+00:00,-14.320812949243,143.63671045078,NASA_EONET
EONET_21043,"Wildfire Black Bird Ranch (14), DeSoto, Florida",Wildfires,2026-06-30 14:26:00+00:00,27.1283333,-81.6786111,NASA_EONET
EONET_21067,"Wildfire ATLANTIC (06), Broward, Florida",Wildfires,2026-06-29 20:42:00+00:00,26.2161111,-80.3108333,NASA_EONET
EONET_21046,"Wildfire Sheep Head, Huerfano, Colorado",Wildfires,2026-06-29 20:40:00+00:00,37.699535,-105.136974,NASA_EONET
EONET_20903,Wildfire in The Democratic Republic of Congo 1029244,Wildfires,2026-06-29 19:00:00+00:00,-7.781657065823887,18.865964795261945,NASA_EONET
EONET_20941,Wildfire in Australia 1029295,Wildfires,2026-06-29 19:00:00+00:00,-14.599660142730068,142.30872516882488,NASA_EONET
EONET_20942,Wildfire in Papua New Guinea 1029296,Wildfires,2026-06-29 19:00:00+00:00,-5.881033191135722,145.6722666001889,NASA_EONET
EONET_20943,Wildfire in Zambia 1029274,Wildfires,2026-06-29 19:00:00+00:00,-14.403860130000043,26.021711871524683,NASA_EONET
EONET_20967,Wildfire in Tanzania 1029303,Wildfires,2026-06-29 19:00:00+00:00,-9.048494615349409,33.898583329826,NASA_EONET
EONET_20968,Wildfire in Canada 1029312,Wildfires,2026-06-29 19:00:00+00:00,56.94495479417053,-95.21276826611766,NASA_EONET
EONET_20989,Wildfire in The Democratic Republic of Congo 1029322,Wildfires,2026-06-29 19:00:00+00:00,-3.9728981159534897,24.826077704753867,NASA_EONET
EONET_21150,Wildfire in The Democratic Republic of Congo 1029339,Wildfires,2026-06-29 19:00:00+00:00,-7.1428326995767,18.33372990084,NASA_EONET
EONET_21151,"Wildfire in The Democratic Republic of Congo, Angola 1029341",Wildfires,2026-06-29 19:00:00+00:00,-7.5490230646212,19.43612682092,NASA_EONET
EONET_21152,Wildfire in The Democratic Republic of Congo 1029340,Wildfires,2026-06-29 19:00:00+00:00,-7.5893085956008,18.505587062337,NASA_EONET
EONET_21180,Wildfire in Canada 1029378,Wildfires,2026-06-29 19:00:00+00:00,56.945223328083,-66.564814368113,NASA_EONET
EONET_21181,Wildfire in Russian Federation 1029379,Wildfires,2026-06-29 19:00:00+00:00,64.998042257317,127.99206376631,NASA_EONET
EONET_21182,Wildfire in The Democratic Republic of Congo 1029366,Wildfires,2026-06-29 19:00:00+00:00,-6.0293736541778,26.477707195062,NASA_EONET
EONET_21183,Wildfire in The Democratic Republic of Congo 1029367,Wildfires,2026-06-29 19:00:00+00:00,-7.4684349660329,18.412793133152,NASA_EONET
EONET_21223,Wildfire in Angola 1029402,Wildfires,2026-06-29 19:00:00+00:00,-7.4732015003187,20.094978085275,NASA_EONET
EONET_21296,Wildfire in The Democratic Republic of Congo 1029455,Wildfires,2026-06-29 19:00:00+00:00,-3.9837591874139,24.41163943608,NASA_EONET
EONET_21358,Wildfire in Canada 1029495,Wildfires,2026-06-29 19:00:00+00:00,48.57853340579,-91.37827342062,NASA_EONET
EONET_21053,"Wildfire Log Road, Sioux, Nebraska",Wildfires,2026-06-29 17:50:00+00:00,42.765917,-103.637694,NASA_EONET
EONET_21084,"Wildfire HELLS BAY (48), Orange, Florida",Wildfires,2026-06-29 15:11:00+00:00,28.3491667,-81.0536111,NASA_EONET
EONET_21037,"Wildfire LAMBDIN, Walla Walla, Washington",Wildfires,2026-06-29 14:11:00+00:00,46.051583,-118.872567,NASA_EONET
EONET_21019,"Wildfire Aspen Acres, Custer, Colorado",Wildfires,2026-06-29 10:21:00+00:00,38.019315,-105.071268,NASA_EONET
EONET_21085,"Prescribed Fire RX Brewster 5525, Brewster, Texas",Wildfires,2026-06-29 09:04:00+00:00,30.35554,-103.00642,NASA_EONET
EONET_20858,Flood in Italy 1103980,Floods,2026-06-28 20:00:00+00:00,45.060735,7.923549,NASA_EONET
EONET_20898,Flood in Paraguay 1103999,Floods,2026-06-28 20:00:00+00:00,-26.408432,-57.1252096,NASA_EONET
EONET_21079,"Wildfire ROMERO, Modoc, California",Wildfires,2026-06-28 19:46:00+00:00,41.285504,-120.503409,NASA_EONET
EONET_20826,"Wildfire in The Democratic Republic of Congo, Angola 1029186",Wildfires,2026-06-28 19:00:00+00:00,-6.9589572996696045,19.689573343497422,NASA_EONET
EONET_20827,Wildfire in The Democratic Republic of Congo 1029187,Wildfires,2026-06-28 19:00:00+00:00,-7.721537254806408,18.736430417814105,NASA_EONET
EONET_20828,Wildfire in Australia 1029208,Wildfires,2026-06-28 19:00:00+00:00,-14.305358692759839,134.81278378488722,NASA_EONET
EONET_20829,Wildfire in United States 1029196,Wildfires,2026-06-28 19:00:00+00:00,38.03427678171815,-105.00799497824691,NASA_EONET
EONET_20884,Wildfire in Botswana 1029230,Wildfires,2026-06-28 19:00:00+00:00,-18.350474927998352,25.353597377514298,NASA_EONET
EONET_20904,Wildfire in Angola 1029245,Wildfires,2026-06-28 19:00:00+00:00,-9.017564322074621,21.44019407726592,NASA_EONET
EONET_20944,Wildfire in The Democratic Republic of Congo 1029276,Wildfires,2026-06-28 19:00:00+00:00,-9.609372758604541,26.26845069219911,NASA_EONET
EONET_20945,Wildfire in Canada 1029281,Wildfires,2026-06-28 19:00:00+00:00,57.86792070063596,-100.24977143424614,NASA_EONET
EONET_20946,Wildfire in Canada 1029297,Wildfires,2026-06-28 19:00:00+00:00,59.18105230623768,-98.42518409844206,NASA_EONET
EONET_20947,Wildfire in The Democratic Republic of Congo 1029275,Wildfires,2026-06-28 19:00:00+00:00,-6.852150996820509,18.43804823999105,NASA_EONET
EONET_20969,Wildfire in Canada 1029304,Wildfires,2026-06-28 19:00:00+00:00,57.54471629374121,-101.10304362359342,NASA_EONET
EONET_20970,Wildfire in The Democratic Republic of Congo 1029305,Wildfires,2026-06-28 19:00:00+00:00,-6.928979774749573,18.309403177994408,NASA_EONET
EONET_20990,Wildfire in The Democratic Republic of Congo 1029323,Wildfires,2026-06-28 19:00:00+00:00,-5.194397802503665,17.371450536220028,NASA_EONET
EONET_21153,Wildfire in The Democratic Republic of Congo 1029342,Wildfires,2026-06-28 19:00:00+00:00,-7.050374298353,18.430786577224,NASA_EONET
EONET_21154,Wildfire in Angola 1029343,Wildfires,2026-06-28 19:00:00+00:00,-10.739870996574,16.818589041387,NASA_EONET
EONET_21184,Wildfire in The Democratic Republic of Congo 1029360,Wildfires,2026-06-28 19:00:00+00:00,-6.6901420517534,18.529323149174,NASA_EONET
EONET_21185,Wildfire in Angola 1029380,Wildfires,2026-06-28 19:00:00+00:00,-9.208436446441,21.621379398382,NASA_EONET
EONET_21224,Wildfire in Canada 1029412,Wildfires,2026-06-28 19:00:00+00:00,65.194498755899,-117.45065311431,NASA_EONET
EONET_21225,Wildfire in The Democratic Republic of Congo 1029403,Wildfires,2026-06-28 19:00:00+00:00,-7.8087369594816,18.624273705995,NASA_EONET
EONET_21226,Wildfire in Angola 1029404,Wildfires,2026-06-28 19:00:00+00:00,-10.789921848856,17.853107983052,NASA_EONET
EONET_21297,Wildfire in Australia 1029447,Wildfires,2026-06-28 19:00:00+00:00,-35.762097357002,137.06497159529,NASA_EONET
EONET_21035,"Wildfire Willow, Lake, Colorado",Wildfires,2026-06-28 18:47:00+00:00,39.23358,-106.44032,NASA_EONET
EONET_21051,"Wildfire CARLTON EAST, Sarasota, Florida",Wildfires,2026-06-28 16:50:00+00:00,27.15,-82.3005556,NASA_EONET
EONET_20292,Flood in Türkiye 1103920,Floods,2026-06-27 20:00:00+00:00,37.2401223,36.4534072,NASA_EONET
EONET_20859,Flood in Mexico 1103981,Floods,2026-06-27 20:00:00+00:00,18.833333,-98.0,NASA_EONET
EONET_20860,Flood in Venezuela 1103982,Floods,2026-06-27 20:00:00+00:00,9.0369521,-69.7415288,NASA_EONET
EONET_21059,"Wildfire Horse Head, San Juan, Utah",Wildfires,2026-06-27 19:56:00+00:00,37.71545,-109.18345,NASA_EONET
EONET_21015,"Wildfire Gold Mountain, Ouray, Colorado",Wildfires,2026-06-27 19:53:00+00:00,38.051567,-107.682124,NASA_EONET
EONET_20759,Wildfire in United States 1029143,Wildfires,2026-06-27 19:00:00+00:00,37.693866484137054,-108.63596319435719,NASA_EONET
EONET_20830,Wildfire in Canada 1029209,Wildfires,2026-06-27 19:00:00+00:00,53.842884044619574,-71.8829198411219,NASA_EONET
EONET_20831,Wildfire in United States 1029197,Wildfires,2026-06-27 19:00:00+00:00,38.08058936545356,-107.64927636238792,NASA_EONET
EONET_20862,Wildfire in Canada 1029224,Wildfires,2026-06-27 19:00:00+00:00,58.22126792173019,-102.8087504652889,NASA_EONET
EONET_20885,Wildfire in Canada 1029234,Wildfires,2026-06-27 19:00:00+00:00,60.46400258451255,-108.58942331450193,NASA_EONET
EONET_20886,Wildfire in Canada 1029235,Wildfires,2026-06-27 19:00:00+00:00,49.973697890960615,-78.92754838377228,NASA_EONET
EONET_20905,Wildfire in Canada 1029252,Wildfires,2026-06-27 19:00:00+00:00,57.232643252503635,-97.3770134704988,NASA_EONET
EONET_20906,Wildfire in Canada 1029262,Wildfires,2026-06-27 19:00:00+00:00,58.31622253885826,-97.05560809581841,NASA_EONET
EONET_20907,Wildfire in Canada 1029263,Wildfires,2026-06-27 19:00:00+00:00,60.71004517681177,-109.97973104078491,NASA_EONET
EONET_20908,Wildfire in Canada 1029253,Wildfires,2026-06-27 19:00:00+00:00,53.74955426411679,-61.16705343789003,NASA_EONET
EONET_20948,Wildfire in Tanzania 1029269,Wildfires,2026-06-27 19:00:00+00:00,-2.7339811754194816,34.44458152083315,NASA_EONET
EONET_20949,Wildfire in Canada 1029282,Wildfires,2026-06-27 19:00:00+00:00,58.693947919848235,-98.65749470479142,NASA_EONET
EONET_20991,Wildfire in Canada 1029330,Wildfires,2026-06-27 19:00:00+00:00,56.98611528154643,-93.81652178936507,NASA_EONET
EONET_21186,Wildfire in Zambia 1029368,Wildfires,2026-06-27 19:00:00+00:00,-13.189158044927,24.740619455593,NASA_EONET
EONET_21269,Wildfire in Angola 1029438,Wildfires,2026-06-27 19:00:00+00:00,-9.3763379444349,20.864602398885,NASA_EONET
EONET_21001,"Wildfire Ferris, Montezuma, Colorado",Wildfires,2026-06-27 18:39:00+00:00,37.629229,-108.67098,NASA_EONET
EONET_21071,"Wildfire IRON, Riverside, California",Wildfires,2026-06-27 17:24:00+00:00,33.939174,-117.128829,NASA_EONET
EONET_21017,"Wildfire Doe Canyon, Dolores, Colorado",Wildfires,2026-06-27 15:03:00+00:00,37.711183,-108.688017,NASA_EONET
EONET_21061,"Wildfire Jones, Grand, Utah",Wildfires,2026-06-27 11:08:00+00:00,39.071217,-109.073833,NASA_EONET
EONET_21027,"Wildfire Snyder, Grand, Utah",Wildfires,2026-06-27 09:56:00+00:00,39.007876,-109.058533,NASA_EONET
EONET_20823,Flood in Netherlands 1103978,Floods,2026-06-26 20:00:00+00:00,52.2325145,4.9202409,NASA_EONET
EONET_20824,Flood in Islamic Republic of Iran 1103976,Floods,2026-06-26 20:00:00+00:00,38.3979293,47.6764836,NASA_EONET
EONET_20861,Flood in Georgia 1103979,Floods,2026-06-26 20:00:00+00:00,43.1939185,42.1359434,NASA_EONET
EONET_21045,"Wildfire Cecil, Yukon-Koyukuk, Alaska",Wildfires,2026-06-26 19:48:00+00:00,64.73125,-155.154033,NASA_EONET
EONET_20737,Wildfire in United States 1029113,Wildfires,2026-06-26 19:00:00+00:00,39.12308583330315,-112.11264256950045,NASA_EONET
EONET_20760,Wildfire in United States 1029144,Wildfires,2026-06-26 19:00:00+00:00,39.05620601955452,-109.02374881847288,NASA_EONET
EONET_20761,Wildfire in United States 1029145,Wildfires,2026-06-26 19:00:00+00:00,37.804288609206054,-109.76740308687292,NASA_EONET
EONET_20797,Wildfire in Canada 1029156,Wildfires,2026-06-26 19:00:00+00:00,63.392431081302014,-123.55880346094244,NASA_EONET
EONET_20798,Wildfire in Canada 1029175,Wildfires,2026-06-26 19:00:00+00:00,55.39995428064012,-61.61559019005209,NASA_EONET
EONET_20799,Wildfire in Canada 1029176,Wildfires,2026-06-26 19:00:00+00:00,52.28332834214709,-69.68711848787817,NASA_EONET
EONET_20832,Wildfire in Canada 1029181,Wildfires,2026-06-26 19:00:00+00:00,61.81763248684577,-121.51509627133092,NASA_EONET
EONET_20833,Wildfire in Canada 1029198,Wildfires,2026-06-26 19:00:00+00:00,59.40692461665107,-114.61892003763938,NASA_EONET
EONET_20834,Wildfire in Canada 1029199,Wildfires,2026-06-26 19:00:00+00:00,56.70090553065681,-99.14638758709883,NASA_EONET
EONET_20835,Wildfire in Canada 1029188,Wildfires,2026-06-26 19:00:00+00:00,54.13246873029031,-62.63901679033579,NASA_EONET
EONET_20863,Wildfire in Canada 1029225,Wildfires,2026-06-26 19:00:00+00:00,57.88310447827637,-97.05823040331026,NASA_EONET
EONET_20864,Wildfire in Sudan 1029214,Wildfires,2026-06-26 19:00:00+00:00,8.339735668283568,33.06689882794203,NASA_EONET
EONET_20865,Wildfire in The Democratic Republic of Congo 1029215,Wildfires,2026-06-26 19:00:00+00:00,-5.007028214529881,25.741454878089446,NASA_EONET
EONET_20887,Wildfire in Canada 1029237,Wildfires,2026-06-26 19:00:00+00:00,56.84831590502918,-101.54111119127371,NASA_EONET
EONET_20888,Wildfire in Canada 1029236,Wildfires,2026-06-26 19:00:00+00:00,60.414937586874636,-110.26894936905302,NASA_EONET
EONET_20889,Wildfire in Canada 1029241,Wildfires,2026-06-26 19:00:00+00:00,57.922594203632734,-103.24070480140654,NASA_EONET
EONET_20909,Wildfire in Canada 1029264,Wildfires,2026-06-26 19:00:00+00:00,63.11967819536069,-109.73307740828871,NASA_EONET
EONET_20910,Wildfire in Canada 1029265,Wildfires,2026-06-26 19:00:00+00:00,56.35216230748563,-102.93499450459807,NASA_EONET
EONET_20911,Wildfire in Canada 1029254,Wildfires,2026-06-26 19:00:00+00:00,57.72473845987174,-101.44502785259508,NASA_EONET
EONET_20912,Wildfire in Canada 1029256,Wildfires,2026-06-26 19:00:00+00:00,58.02408606314871,-97.93992130967148,NASA_EONET
EONET_20971,Wildfire in Canada 1029313,Wildfires,2026-06-26 19:00:00+00:00,60.32069741809525,-101.70012419428083,NASA_EONET
EONET_20972,Wildfire in Angola 1029306,Wildfires,2026-06-26 19:00:00+00:00,-8.517763489198028,20.944983194413968,NASA_EONET
EONET_20973,Wildfire in Canada 1029314,Wildfires,2026-06-26 19:00:00+00:00,58.27202168384491,-97.64428735074563,NASA_EONET
EONET_21155,Wildfire in Canada 1029350,Wildfires,2026-06-26 19:00:00+00:00,57.981009519198,-66.99252311231,NASA_EONET
EONET_21070,"Wildfire STEAMBOAT, Gila, Arizona",Wildfires,2026-06-26 18:59:00+00:00,33.148167,-110.865,NASA_EONET
EONET_21030,"Wildfire Wild Goose, Millard, Utah",Wildfires,2026-06-26 18:24:00+00:00,39.106205,-112.172072,NASA_EONET
EONET_21033,"Wildfire Babylon, San Juan, Utah",Wildfires,2026-06-26 17:54:00+00:00,37.734333,-109.808667,NASA_EONET
EONET_21029,"Wildfire Beehive, Rio Arriba, New Mexico",Wildfires,2026-06-26 17:20:00+00:00,36.737348,-106.1649,NASA_EONET
EONET_21063,"Wildfire PETERSON, Klickitat, Washington",Wildfires,2026-06-26 16:54:00+00:00,45.945754,-119.940022,NASA_EONET
EONET_21032,"Wildfire Dry Canyon, Lincoln, Nevada",Wildfires,2026-06-26 16:33:00+00:00,38.00545,-114.1387,NASA_EONET
EONET_21026,"Wildfire Cherry, Juab, Utah",Wildfires,2026-06-26 15:55:00+00:00,39.852883,-112.3595,NASA_EONET
EONET_21064,"Wildfire Michigan, Yukon-Koyukuk, Alaska",Wildfires,2026-06-26 12:32:00+00:00,67.320833,-151.22,NASA_EONET
EONET_21060,"Wildfire Allen, Yukon-Koyukuk, Alaska",Wildfires,2026-06-26 12:28:00+00:00,67.529167,-151.853617,NASA_EONET
EONET_21075,"Wildfire EHREN CUTOFF (51), Pasco, Florida",Wildfires,2026-06-25 22:10:00+00:00,28.3311111,-82.4180556,NASA_EONET
EONET_21069,"Wildfire Doorstep, Yukon-Koyukuk, Alaska",Wildfires,2026-06-25 20:24:00+00:00,66.783333,-150.391833,NASA_EONET
EONET_20825,Flood in Brazil 1103977,Floods,2026-06-25 20:00:00+00:00,-27.6616073,-53.6421338,NASA_EONET
EONET_21081,"Wildfire Kumiva, Pershing, Nevada",Wildfires,2026-06-25 19:21:00+00:00,40.409217,-119.201767,NASA_EONET
EONET_20738,Wildfire in Australia 1029096,Wildfires,2026-06-25 19:00:00+00:00,-16.920300225234783,138.82218751065454,NASA_EONET
EONET_20762,Wildfire in Canada 1029146,Wildfires,2026-06-25 19:00:00+00:00,53.493246386106186,-65.67758567072565,NASA_EONET
EONET_20763,Wildfire in Canada 1029138,Wildfires,2026-06-25 19:00:00+00:00,56.68907269877293,-100.89071191088165,NASA_EONET
EONET_20764,Wildfire in Australia 1029120,Wildfires,2026-06-25 19:00:00+00:00,-13.907798006563938,141.89538629341746,NASA_EONET
EONET_20800,Wildfire in Canada 1029164,Wildfires,2026-06-25 19:00:00+00:00,54.3408376014346,-62.79075982915795,NASA_EONET
EONET_20801,Wildfire in Canada 1029165,Wildfires,2026-06-25 19:00:00+00:00,60.08829560480441,-113.97935426967351,NASA_EONET
EONET_20802,Wildfire in Canada 1029166,Wildfires,2026-06-25 19:00:00+00:00,56.004567739828104,-102.70632996886084,NASA_EONET
EONET_20803,Wildfire in Canada 1029167,Wildfires,2026-06-25 19:00:00+00:00,53.08511169553526,-69.15309005740865,NASA_EONET
EONET_20804,Wildfire in Canada 1029171,Wildfires,2026-06-25 19:00:00+00:00,56.41613807044688,-99.73882261657631,NASA_EONET
EONET_20836,Wildfire in Tanzania 1029182,Wildfires,2026-06-25 19:00:00+00:00,-2.2844418886643783,34.36035400060436,NASA_EONET
EONET_20837,Wildfire in Canada 1029183,Wildfires,2026-06-25 19:00:00+00:00,55.49252558042101,-103.46235587283331,NASA_EONET
EONET_20838,Wildfire in Canada 1029200,Wildfires,2026-06-25 19:00:00+00:00,60.21607196111869,-113.398546640656,NASA_EONET
EONET_20839,Wildfire in Canada 1029201,Wildfires,2026-06-25 19:00:00+00:00,56.89022066273228,-106.09044264630784,NASA_EONET
EONET_20840,Wildfire in Canada 1029202,Wildfires,2026-06-25 19:00:00+00:00,59.51535880295799,-102.57901390889448,NASA_EONET
EONET_20841,Wildfire in Canada 1029203,Wildfires,2026-06-25 19:00:00+00:00,65.16096247036415,-117.64703936689979,NASA_EONET
EONET_20842,Wildfire in Canada 1029204,Wildfires,2026-06-25 19:00:00+00:00,60.14898008120636,-112.9011608783186,NASA_EONET
EONET_20866,Wildfire in Canada 1029226,Wildfires,2026-06-25 19:00:00+00:00,58.99123140972444,-101.58359599947619,NASA_EONET
EONET_20867,Wildfire in The Democratic Republic of Congo 1029216,Wildfires,2026-06-25 19:00:00+00:00,-7.825597864322511,22.86078189561143,NASA_EONET
EONET_20890,Wildfire in Canada 1029228,Wildfires,2026-06-25 19:00:00+00:00,57.3734615739991,-103.39194562279425,NASA_EONET
EONET_20891,Wildfire in Canada 1029233,Wildfires,2026-06-25 19:00:00+00:00,50.105914519358265,-79.05122483551196,NASA_EONET
EONET_20892,Wildfire in Canada 1029238,Wildfires,2026-06-25 19:00:00+00:00,50.885316450310825,-78.95122995905719,NASA_EONET
EONET_20893,Wildfire in Canada 1029239,Wildfires,2026-06-25 19:00:00+00:00,59.3861798110735,-100.01497858435296,NASA_EONET
EONET_20913,Wildfire in Canada 1029257,Wildfires,2026-06-25 19:00:00+00:00,58.72099712200141,-101.03673016208147,NASA_EONET
EONET_20914,Wildfire in Canada 1029258,Wildfires,2026-06-25 19:00:00+00:00,65.57462432717293,-117.15645335958116,NASA_EONET
EONET_20915,Wildfire in Canada 1029255,Wildfires,2026-06-25 19:00:00+00:00,59.308035819542404,-102.66673048303261,NASA_EONET
EONET_20916,Wildfire in Canada 1029266,Wildfires,2026-06-25 19:00:00+00:00,56.11247925075964,-103.05756334951927,NASA_EONET
EONET_20917,Wildfire in Australia 1029267,Wildfires,2026-06-25 19:00:00+00:00,-13.10030705762607,142.51824801107438,NASA_EONET
EONET_20950,Wildfire in The Democratic Republic of Congo 1029277,Wildfires,2026-06-25 19:00:00+00:00,-4.084320947756844,24.51822541249453,NASA_EONET
EONET_20951,Wildfire in Canada 1029298,Wildfires,2026-06-25 19:00:00+00:00,57.564160810170904,-101.41931036403993,NASA_EONET
EONET_20952,Wildfire in Canada 1029283,Wildfires,2026-06-25 19:00:00+00:00,60.28100499176543,-100.69199137268437,NASA_EONET
EONET_20974,Wildfire in Canada 1029315,Wildfires,2026-06-25 19:00:00+00:00,59.96740850696696,-99.6151845389662,NASA_EONET
EONET_20975,Wildfire in Canada 1029316,Wildfires,2026-06-25 19:00:00+00:00,57.579495772562915,-97.92629914486707,NASA_EONET
EONET_20992,Wildfire in Russian Federation 1029321,Wildfires,2026-06-25 19:00:00+00:00,63.061368852594086,81.24393406358142,NASA_EONET
EONET_20993,Wildfire in The Democratic Republic of Congo 1029324,Wildfires,2026-06-25 19:00:00+00:00,-7.18904979177264,18.930648271832847,NASA_EONET
EONET_21156,Wildfire in The Democratic Republic of Congo 1029344,Wildfires,2026-06-25 19:00:00+00:00,-6.7352649068634,27.02417425134,NASA_EONET
EONET_21157,Wildfire in Russian Federation 1029357,Wildfires,2026-06-25 19:00:00+00:00,62.397915326213,83.050104527042,NASA_EONET
EONET_21227,Wildfire in Bolivia 1029413,Wildfires,2026-06-25 19:00:00+00:00,-16.390284314804,-59.565877075534,NASA_EONET
EONET_21228,Wildfire in Australia 1029414,Wildfires,2026-06-25 19:00:00+00:00,-11.275539395375,132.58280537892,NASA_EONET
EONET_21270,Wildfire in Angola 1029439,Wildfires,2026-06-25 19:00:00+00:00,-9.6728741894032,18.3423683782,NASA_EONET
EONET_21036,"Wildfire Parsnip Peak, Lincoln, Nevada",Wildfires,2026-06-25 14:41:00+00:00,38.083333,-114.293,NASA_EONET
EONET_21056,"Wildfire Kilusiktok, Nome, Alaska",Wildfires,2026-06-25 12:23:00+00:00,65.332833,-159.667333,NASA_EONET
EONET_20822,Iceberg D33D,Sea and Lake Ice,2026-06-25 00:00:00+00:00,-64.35,-55.51,NASA_EONET
EONET_20882,Flood in Vietnam 1103992,Floods,2026-06-24 20:00:00+00:00,22.7426936,106.1060926,NASA_EONET
EONET_20739,Wildfire in The Democratic Republic of Congo 1029112,Wildfires,2026-06-24 19:00:00+00:00,-8.748168183686138,27.082105187840963,NASA_EONET
EONET_20740,Wildfire in Australia 1029114,Wildfires,2026-06-24 19:00:00+00:00,-13.056166071655744,131.29109973541776,NASA_EONET
EONET_20765,Wildfire in The Democratic Republic of Congo 1029121,Wildfires,2026-06-24 19:00:00+00:00,-6.326821824359799,26.442573085877232,NASA_EONET
EONET_20766,Wildfire in Canada 1029139,Wildfires,2026-06-24 19:00:00+00:00,55.65646117030281,-99.09136401479392,NASA_EONET
EONET_20767,Wildfire in Canada 1029140,Wildfires,2026-06-24 19:00:00+00:00,58.45472701036584,-106.68014619366863,NASA_EONET
EONET_20768,Wildfire in Canada 1029147,Wildfires,2026-06-24 19:00:00+00:00,55.44590390348008,-98.79264893786963,NASA_EONET
EONET_20769,Wildfire in Australia 1029148,Wildfires,2026-06-24 19:00:00+00:00,-17.787203230678177,137.12545992351193,NASA_EONET
EONET_20805,Wildfire in Tanzania 1029157,Wildfires,2026-06-24 19:00:00+00:00,-4.441224267039434,31.314661346533086,NASA_EONET
EONET_20806,Wildfire in Canada 1029172,Wildfires,2026-06-24 19:00:00+00:00,65.66101903632621,-117.50760519851677,NASA_EONET
EONET_20807,Wildfire in Canada 1029160,Wildfires,2026-06-24 19:00:00+00:00,65.13835436625597,-117.20632650944698,NASA_EONET
EONET_20808,Wildfire in Canada 1029168,Wildfires,2026-06-24 19:00:00+00:00,59.47621161297169,-114.79977201611452,NASA_EONET
EONET_20809,Wildfire in Canada 1029177,Wildfires,2026-06-24 19:00:00+00:00,65.52172929147739,-119.43730506202773,NASA_EONET
EONET_20843,Wildfire in Canada 1029205,Wildfires,2026-06-24 19:00:00+00:00,59.43371806657526,-102.92737507482735,NASA_EONET
EONET_20844,Wildfire in Canada 1029210,Wildfires,2026-06-24 19:00:00+00:00,58.12875564948522,-101.97864306830942,NASA_EONET
EONET_20845,Wildfire in Canada 1029211,Wildfires,2026-06-24 19:00:00+00:00,58.73359981042132,-103.77529554391222,NASA_EONET
EONET_20868,Wildfire in Tanzania 1029217,Wildfires,2026-06-24 19:00:00+00:00,-2.483207313448213,35.04493215101438,NASA_EONET
EONET_20869,Wildfire in Canada 1029213,Wildfires,2026-06-24 19:00:00+00:00,64.78463449725213,-115.5107104666898,NASA_EONET
EONET_20870,Wildfire in Canada 1029227,Wildfires,2026-06-24 19:00:00+00:00,56.34762299375651,-67.88607685735688,NASA_EONET
EONET_20871,Wildfire in The Democratic Republic of Congo 1029218,Wildfires,2026-06-24 19:00:00+00:00,-4.865998982035415,16.20254582587479,NASA_EONET
EONET_20918,Wildfire in Angola 1029246,Wildfires,2026-06-24 19:00:00+00:00,-8.976423439975319,20.796578462570732,NASA_EONET
EONET_20919,Wildfire in Canada 1029242,Wildfires,2026-06-24 19:00:00+00:00,58.91439500535924,-103.76303974081009,NASA_EONET
EONET_20920,Wildfire in Russian Federation 1029247,Wildfires,2026-06-24 19:00:00+00:00,62.5141200014834,86.56659638798551,NASA_EONET
EONET_20953,Wildfire in Canada 1029284,Wildfires,2026-06-24 19:00:00+00:00,58.087417817728976,-99.25463706611161,NASA_EONET
EONET_20976,Wildfire in Angola 1029307,Wildfires,2026-06-24 19:00:00+00:00,-9.891520324680057,18.46104428714652,NASA_EONET
EONET_20994,Wildfire in The Democratic Republic of Congo 1029325,Wildfires,2026-06-24 19:00:00+00:00,-6.765425173569405,20.006481655800567,NASA_EONET
EONET_21158,Wildfire in The Democratic Republic of Congo 1029345,Wildfires,2026-06-24 19:00:00+00:00,-7.9308934980387,28.732289571401,NASA_EONET
EONET_21068,"Wildfire Mud, Yukon-Koyukuk, Alaska",Wildfires,2026-06-24 16:07:00+00:00,64.16785,-157.622817,NASA_EONET
EONET_21101,"Wildfire AREA 2, Palm Beach, Florida",Wildfires,2026-06-24 14:53:00+00:00,26.4113889,-80.4602778,NASA_EONET
EONET_21104,"Wildfire Lox Mutual Aid 06/24, Broward, Florida",Wildfires,2026-06-24 13:03:00+00:00,26.310827,-80.51182,NASA_EONET
EONET_21093,"Wildfire Platt Trap  (22), Glades, Florida",Wildfires,2026-06-24 09:40:00+00:00,26.9361111,-81.1741667,NASA_EONET
EONET_21009,"Wildfire McCauley Springs, Sandoval, New Mexico",Wildfires,2026-06-24 09:00:00+00:00,35.827218,-106.626,NASA_EONET
EONET_21086,"Wildfire Orange Hammock (58), Sarasota, Florida",Wildfires,2026-06-23 21:59:00+00:00,27.0902778,-82.085,NASA_EONET
EONET_20736,Flood in Myanmar 1103975,Floods,2026-06-23 20:00:00+00:00,19.91049,96.0263532,NASA_EONET
EONET_20926,Flood in Japan 1103993,Floods,2026-06-23 20:00:00+00:00,32.6450475,130.6341345,NASA_EONET
EONET_20694,Wildfire in Australia 1029070,Wildfires,2026-06-23 19:00:00+00:00,-15.176702797573558,134.8580100035355,NASA_EONET
EONET_20713,Wildfire in Angola 1029075,Wildfires,2026-06-23 19:00:00+00:00,-8.73778473699811,21.431925077691595,NASA_EONET
EONET_20714,Wildfire in Australia 1029092,Wildfires,2026-06-23 19:00:00+00:00,-13.707298870541324,130.21613084656167,NASA_EONET
EONET_20715,Wildfire in Australia 1029073,Wildfires,2026-06-23 19:00:00+00:00,-13.455292642878687,132.3345422698933,NASA_EONET
EONET_20716,Wildfire in Australia 1029074,Wildfires,2026-06-23 19:00:00+00:00,-12.070810480137599,133.07161745517203,NASA_EONET
EONET_20741,Wildfire in Australia 1029115,Wildfires,2026-06-23 19:00:00+00:00,-13.924397713242616,130.11272656454548,NASA_EONET
EONET_20742,Wildfire in Australia 1029116,Wildfires,2026-06-23 19:00:00+00:00,-13.387891975198292,132.10525075122115,NASA_EONET
EONET_20770,Wildfire in Russian Federation 1029149,Wildfires,2026-06-23 19:00:00+00:00,63.22744893856397,81.57162473885148,NASA_EONET
EONET_20771,Wildfire in Russian Federation 1029150,Wildfires,2026-06-23 19:00:00+00:00,55.336338256975225,125.83750001110684,NASA_EONET
EONET_20772,Wildfire in Australia 1029151,Wildfires,2026-06-23 19:00:00+00:00,-13.744549385159631,141.81223233115696,NASA_EONET
EONET_20773,Wildfire in Canada 1029141,Wildfires,2026-06-23 19:00:00+00:00,53.84899232221059,-72.92580981100642,NASA_EONET
EONET_20774,Wildfire in Tanzania 1029122,Wildfires,2026-06-23 19:00:00+00:00,-7.531943514746287,31.983245915594626,NASA_EONET
EONET_20810,Wildfire in Canada 1029178,Wildfires,2026-06-23 19:00:00+00:00,54.063154594344205,-72.40337168963732,NASA_EONET
EONET_20811,Wildfire in Russian Federation 1029179,Wildfires,2026-06-23 19:00:00+00:00,55.494795011376446,122.49231603303981,NASA_EONET
EONET_20812,Wildfire in The Democratic Republic of Congo 1029161,Wildfires,2026-06-23 19:00:00+00:00,-5.795238833669102,26.572951674999615,NASA_EONET
EONET_20813,Wildfire in Canada 1029158,Wildfires,2026-06-23 19:00:00+00:00,61.795566818334926,-122.28526734494508,NASA_EONET
EONET_20846,Wildfire in Canada 1029207,Wildfires,2026-06-23 19:00:00+00:00,65.67661204464517,-118.99059803728721,NASA_EONET
EONET_20847,Wildfire in Australia 1029212,Wildfires,2026-06-23 19:00:00+00:00,-14.476041200160806,126.18339472141767,NASA_EONET
EONET_20848,Wildfire in Tanzania 1029184,Wildfires,2026-06-23 19:00:00+00:00,-6.853720603429325,30.857801464135985,NASA_EONET
EONET_20849,Wildfire in Canada 1029206,Wildfires,2026-06-23 19:00:00+00:00,61.31650240801666,-103.8655001360441,NASA_EONET
EONET_20894,Wildfire in The Democratic Republic of Congo 1029231,Wildfires,2026-06-23 19:00:00+00:00,-5.6136491478262,26.189376537093978,NASA_EONET
EONET_20921,Wildfire in Canada 1029248,Wildfires,2026-06-23 19:00:00+00:00,60.24767379629001,-113.51448583280171,NASA_EONET
EONET_20922,Wildfire in United States 1029259,Wildfires,2026-06-23 19:00:00+00:00,33.314762963946215,-108.63472570916686,NASA_EONET
EONET_20954,Wildfire in The Democratic Republic of Congo 1029278,Wildfires,2026-06-23 19:00:00+00:00,-7.217458828622345,19.040738822988438,NASA_EONET
EONET_20955,"Wildfire in The Democratic Republic of Congo, Zambia 1029270",Wildfires,2026-06-23 19:00:00+00:00,-12.954269221750952,28.780391916641076,NASA_EONET
EONET_20977,Wildfire in The Democratic Republic of Congo 1029308,Wildfires,2026-06-23 19:00:00+00:00,-6.776581623984634,27.127918682670053,NASA_EONET
EONET_21159,Wildfire in The Democratic Republic of Congo 1029346,Wildfires,2026-06-23 19:00:00+00:00,-3.7094747794155,24.092669171627,NASA_EONET
EONET_21187,Wildfire in Australia 1029385,Wildfires,2026-06-23 19:00:00+00:00,-11.362283701793,130.53055315474,NASA_EONET
EONET_21188,Wildfire in The Democratic Republic of Congo 1029369,Wildfires,2026-06-23 19:00:00+00:00,-6.8285012788698,26.825768723985,NASA_EONET
EONET_21229,Wildfire in The Democratic Republic of Congo 1029405,Wildfires,2026-06-23 19:00:00+00:00,-3.6963445219658,23.508374031775,NASA_EONET
EONET_21230,Wildfire in The Democratic Republic of Congo 1029406,Wildfires,2026-06-23 19:00:00+00:00,-3.2473898994676,23.768925732815,NASA_EONET
EONET_21016,"Wildfire Kinky Creek, Teton, Wyoming",Wildfires,2026-06-23 17:59:00+00:00,43.428487,-110.221765,NASA_EONET
EONET_21023,"Wildfire CANYON VENADO, Torrance, New Mexico",Wildfires,2026-06-23 16:21:00+00:00,34.998876,-105.585484,NASA_EONET
EONET_21088,"Wildfire Wagon Wheel, Baca, Colorado",Wildfires,2026-06-23 03:03:00+00:00,37.226833,-103.072,NASA_EONET
EONET_20671,Tropical Storm Higos,Severe Storms,2026-06-23 00:00:00+00:00,14.7,145.7,NASA_EONET
EONET_20693,Flood in India 1103972,Floods,2026-06-22 20:00:00+00:00,19.114541,72.9257184,NASA_EONET
EONET_20711,Flood in Bulgaria 1103973,Floods,2026-06-22 20:00:00+00:00,43.64638,24.39821,NASA_EONET
EONET_20712,Flood in The Republic of North Macedonia 1103974,Floods,2026-06-22 20:00:00+00:00,41.0316005,21.3302511,NASA_EONET
EONET_20653,Wildfire in Australia 1029030,Wildfires,2026-06-22 19:00:00+00:00,-15.75861744799452,135.46190866838072,NASA_EONET
EONET_20654,Wildfire in Australia 1029031,Wildfires,2026-06-22 19:00:00+00:00,-13.59120422481217,129.92372122183687,NASA_EONET
EONET_20655,Wildfire in United States 1029032,Wildfires,2026-06-22 19:00:00+00:00,38.27339457096819,-112.46922640617333,NASA_EONET
EONET_20674,Wildfire in Syrian Arab Republic 1029038,Wildfires,2026-06-22 19:00:00+00:00,36.93566564968834,41.072866343309215,NASA_EONET
EONET_20675,Wildfire in Australia 1029048,Wildfires,2026-06-22 19:00:00+00:00,-16.00775029072823,135.69625426618575,NASA_EONET
EONET_20676,Wildfire in Australia 1029051,Wildfires,2026-06-22 19:00:00+00:00,-13.530344060397097,130.14663943909088,NASA_EONET
EONET_20695,Wildfire in Brazil 1029068,Wildfires,2026-06-22 19:00:00+00:00,-9.942006539050684,-53.29245485567946,NASA_EONET
EONET_20717,Wildfire in Australia 1029076,Wildfires,2026-06-22 19:00:00+00:00,-13.563000637529479,130.26418471518778,NASA_EONET
EONET_20718,Wildfire in Australia 1029077,Wildfires,2026-06-22 19:00:00+00:00,-14.277634879289648,133.22660599776344,NASA_EONET
EONET_20743,Wildfire in Canada 1029110,Wildfires,2026-06-22 19:00:00+00:00,54.30414747764325,-72.7111431739108,NASA_EONET
EONET_20744,Wildfire in Australia 1029097,Wildfires,2026-06-22 19:00:00+00:00,-12.397704112318209,142.70066965104837,NASA_EONET
EONET_20775,Wildfire in Angola 1029123,Wildfires,2026-06-22 19:00:00+00:00,-9.450850275413202,21.398377873375107,NASA_EONET
EONET_20776,Wildfire in Canada 1029142,Wildfires,2026-06-22 19:00:00+00:00,55.10725038163808,-71.20088729882926,NASA_EONET
EONET_20814,Wildfire in Canada 1029169,Wildfires,2026-06-22 19:00:00+00:00,54.73358538434072,-76.41249416517552,NASA_EONET
EONET_20815,Wildfire in Russian Federation 1029173,Wildfires,2026-06-22 19:00:00+00:00,57.137790379489545,124.49928952161518,NASA_EONET
EONET_20872,Wildfire in The Democratic Republic of Congo 1029219,Wildfires,2026-06-22 19:00:00+00:00,-2.364118683956616,23.32657538988753,NASA_EONET
EONET_20873,Wildfire in Angola 1029220,Wildfires,2026-06-22 19:00:00+00:00,-7.083895061043452,19.90796642362726,NASA_EONET
EONET_20895,Wildfire in Angola 1029232,Wildfires,2026-06-22 19:00:00+00:00,-9.367682433613815,18.014656493451202,NASA_EONET
EONET_20923,Wildfire in The Democratic Republic of Congo 1029249,Wildfires,2026-06-22 19:00:00+00:00,-8.207813369477028,28.682528719727348,NASA_EONET
EONET_20956,Wildfire in The Democratic Republic of Congo 1029279,Wildfires,2026-06-22 19:00:00+00:00,-3.6072493747174446,23.460795542743515,NASA_EONET
EONET_20978,Wildfire in Angola 1029309,Wildfires,2026-06-22 19:00:00+00:00,-8.942163795412958,18.262556226573842,NASA_EONET
EONET_21025,"Wildfire Cottonwood, Beaver, Utah",Wildfires,2026-06-22 18:49:00+00:00,38.26975,-112.550767,NASA_EONET
EONET_21091,"Wildfire LYTLE, Malheur, Oregon",Wildfires,2026-06-22 17:01:00+00:00,43.908947,-117.178802,NASA_EONET
EONET_21028,"Wildfire Sacaton, Catron, New Mexico",Wildfires,2026-06-22 11:22:00+00:00,33.274833,-108.6735,NASA_EONET
EONET_21092,"Wildfire Buffalo, Southeast Fairbanks, Alaska",Wildfires,2026-06-21 23:39:00+00:00,63.9195,-146.008333,NASA_EONET
EONET_21052,"Wildfire GARRED ROAD, Douglas, Washington",Wildfires,2026-06-21 22:09:00+00:00,47.6388,-119.371668,NASA_EONET
EONET_20650,Flood in Hungary 1103967,Floods,2026-06-21 20:00:00+00:00,47.1753833,20.1946279,NASA_EONET
EONET_20637,Wildfire in Australia 1029016,Wildfires,2026-06-21 19:00:00+00:00,-12.808622703213054,142.53827387433876,NASA_EONET
EONET_20656,Wildfire in Australia 1029033,Wildfires,2026-06-21 19:00:00+00:00,-12.16207064547598,133.16413507178746,NASA_EONET
EONET_20677,Wildfire in Australia 1029052,Wildfires,2026-06-21 19:00:00+00:00,-13.780189502750906,134.96311774689838,NASA_EONET
EONET_20719,Wildfire in Canada 1029093,Wildfires,2026-06-21 19:00:00+00:00,55.279195144915654,-102.01147809772186,NASA_EONET
EONET_20745,Wildfire in Angola 1029100,Wildfires,2026-06-21 19:00:00+00:00,-7.341491941529907,20.301920064862443,NASA_EONET
EONET_20746,Wildfire in Russian Federation 1029117,Wildfires,2026-06-21 19:00:00+00:00,62.85061495722907,85.82225896568377,NASA_EONET
EONET_20777,Wildfire in Angola 1029124,Wildfires,2026-06-21 19:00:00+00:00,-12.002485374740633,22.226112884428993,NASA_EONET
EONET_20778,Wildfire in The Democratic Republic of Congo 1029125,Wildfires,2026-06-21 19:00:00+00:00,-7.31270807088035,19.379841434432652,NASA_EONET
EONET_20816,Wildfire in Brazil 1029170,Wildfires,2026-06-21 19:00:00+00:00,-10.398237268228177,-50.11831557037748,NASA_EONET
EONET_20817,Wildfire in Russian Federation 1029174,Wildfires,2026-06-21 19:00:00+00:00,54.85986727643824,131.06027010292016,NASA_EONET
EONET_20850,Wildfire in The Democratic Republic of Congo 1029185,Wildfires,2026-06-21 19:00:00+00:00,-6.4803457661644295,26.464231952902438,NASA_EONET
EONET_20851,Wildfire in The Democratic Republic of Congo 1029190,Wildfires,2026-06-21 19:00:00+00:00,-6.933384332796755,18.625220941416817,NASA_EONET
EONET_20852,Wildfire in The Democratic Republic of Congo 1029189,Wildfires,2026-06-21 19:00:00+00:00,-3.391224368941448,23.527159483062242,NASA_EONET
EONET_20874,Wildfire in The Democratic Republic of Congo 1029221,Wildfires,2026-06-21 19:00:00+00:00,-3.834833258684761,23.20934681496528,NASA_EONET
EONET_20979,Wildfire in The Democratic Republic of Congo 1029310,Wildfires,2026-06-21 19:00:00+00:00,-5.300387611843379,24.94879516652924,NASA_EONET
EONET_21031,"Wildfire Shingle Creek, Idaho, Idaho",Wildfires,2026-06-21 16:03:00+00:00,45.357167,-116.397033,NASA_EONET
EONET_21047,"Wildfire White Tail, Gila, Arizona",Wildfires,2026-06-21 09:36:00+00:00,33.551833,-110.226,NASA_EONET
EONET_21106,"Wildfire BASIN, Malheur, Oregon",Wildfires,2026-06-21 08:13:00+00:00,42.68965,-117.689133,NASA_EONET
EONET_21244,"Wildfire Tatlanika, Denali, Alaska",Wildfires,2026-06-21 02:30:00+00:00,64.2705,-148.351667,NASA_EONET
EONET_21073,"Wildfire Kathul, Southeast Fairbanks, Alaska",Wildfires,2026-06-20 22:42:00+00:00,65.364395,-142.40666,NASA_EONET
EONET_21006,"Wildfire Starry, Denali, Alaska",Wildfires,2026-06-20 22:34:00+00:00,64.328883,-149.1975,NASA_EONET
EONET_21090,"Wildfire Bonneville, Salt Lake, Utah",Wildfires,2026-06-20 20:22:00+00:00,40.7739,-111.820933,NASA_EONET
EONET_20651,Flood in Romania 1103966,Floods,2026-06-20 20:00:00+00:00,47.3819953,22.3481728,NASA_EONET
EONET_21004,"Wildfire Shaw, Southeast Fairbanks, Alaska",Wildfires,2026-06-20 19:42:00+00:00,64.37945,-145.443333,NASA_EONET
EONET_20638,Wildfire in Australia 1029017,Wildfires,2026-06-20 19:00:00+00:00,-17.518805224529856,138.78054098778668,NASA_EONET
EONET_20657,Wildfire in Australia 1029034,Wildfires,2026-06-20 19:00:00+00:00,-11.612775814397096,132.82157683929367,NASA_EONET
EONET_20678,Wildfire in Dominican Republic 1029053,Wildfires,2026-06-20 19:00:00+00:00,18.194207062582155,-71.6049367725106,NASA_EONET
EONET_20679,Wildfire in The Democratic Republic of Congo 1029039,Wildfires,2026-06-20 19:00:00+00:00,-5.382230470673559,26.055908383264562,NASA_EONET
EONET_20680,Wildfire in Tanzania 1029042,Wildfires,2026-06-20 19:00:00+00:00,-4.329868786788594,31.21102265099713,NASA_EONET
EONET_20696,Wildfire in The Democratic Republic of Congo 1029058,Wildfires,2026-06-20 19:00:00+00:00,-7.654893808289762,22.957933512090875,NASA_EONET
EONET_20697,Wildfire in The Democratic Republic of Congo 1029057,Wildfires,2026-06-20 19:00:00+00:00,-6.077144448418399,26.649285836250634,NASA_EONET
EONET_20720,Wildfire in Australia 1029078,Wildfires,2026-06-20 19:00:00+00:00,-13.170484212220883,131.07454251455732,NASA_EONET
EONET_20721,Wildfire in Angola 1029082,Wildfires,2026-06-20 19:00:00+00:00,-8.283266937820283,20.889624447143746,NASA_EONET
EONET_20722,Wildfire in The Democratic Republic of Congo 1029083,Wildfires,2026-06-20 19:00:00+00:00,-5.745409515841824,27.11369725964036,NASA_EONET
EONET_20747,Wildfire in The Democratic Republic of Congo 1029101,Wildfires,2026-06-20 19:00:00+00:00,-8.90250293187425,26.692125291188326,NASA_EONET
EONET_20748,Wildfire in The Democratic Republic of Congo 1029102,Wildfires,2026-06-20 19:00:00+00:00,-4.068795254714486,23.973477921990114,NASA_EONET
EONET_20749,Wildfire in Angola 1029103,Wildfires,2026-06-20 19:00:00+00:00,-11.848826557800509,21.23508410982283,NASA_EONET
EONET_20779,Wildfire in Angola 1029126,Wildfires,2026-06-20 19:00:00+00:00,-7.677190855288985,20.723169841334666,NASA_EONET
EONET_20780,Wildfire in Russian Federation 1029127,Wildfires,2026-06-20 19:00:00+00:00,57.452660220511994,159.10304591582738,NASA_EONET
EONET_20853,Wildfire in Angola 1029191,Wildfires,2026-06-20 19:00:00+00:00,-9.801034214674099,18.375127523651855,NASA_EONET
EONET_20957,Wildfire in Angola 1029280,Wildfires,2026-06-20 19:00:00+00:00,-9.610527444737114,17.96610775027261,NASA_EONET
EONET_21105,"Wildfire DRY CREEK, Malheur, Oregon",Wildfires,2026-06-20 18:57:00+00:00,42.709201,-117.669485,NASA_EONET
EONET_21087,"Wildfire Hastings, Tooele, Utah",Wildfires,2026-06-20 16:49:00+00:00,40.7299,-112.94745,NASA_EONET
EONET_21107,"Wildfire Shyster, Humboldt, Nevada",Wildfires,2026-06-20 16:39:00+00:00,41.85875,-118.5754,NASA_EONET
EONET_21077,"Wildfire MARY, Owyhee, Idaho",Wildfires,2026-06-20 16:33:00+00:00,42.227833,-115.920833,NASA_EONET
EONET_21246,"Wildfire Hoholitna, Lake and Peninsula, Alaska",Wildfires,2026-06-20 14:04:00+00:00,60.9,-155.23,NASA_EONET
EONET_21115,"Wildfire Searcy 149, Searcy, Arkansas",Wildfires,2026-06-20 12:10:00+00:00,35.866437,-92.774577,NASA_EONET
EONET_21116,"Wildfire Independence 163, Independence, Arkansas",Wildfires,2026-06-20 12:00:00+00:00,35.88585,-91.64646,NASA_EONET
EONET_21118,"Wildfire Fulton 225, Fulton, Arkansas",Wildfires,2026-06-20 08:23:00+00:00,36.4568,-91.9525,NASA_EONET
EONET_21049,"Wildfire Iron, Juab, Utah",Wildfires,2026-06-20 02:01:00+00:00,39.976283,-112.19755,NASA_EONET
EONET_21119,"Wildfire Izard 201, Izard, Arkansas",Wildfires,2026-06-19 22:54:00+00:00,35.90866,-91.87339,NASA_EONET
EONET_21120,"Wildfire Searcy 189, Searcy, Arkansas",Wildfires,2026-06-19 22:23:00+00:00,35.87584,-92.77191,NASA_EONET
EONET_21011,"Wildfire Pocket, Yavapai, Arizona",Wildfires,2026-06-19 20:51:00+00:00,34.967212,-111.787421,NASA_EONET
EONET_20635,Flood in Canada 1103963,Floods,2026-06-19 20:00:00+00:00,45.4955083,-73.8471749,NASA_EONET
EONET_20636,Flood in Czech Republic 1103964,Floods,2026-06-19 20:00:00+00:00,49.6901444,14.0103663,NASA_EONET
EONET_20652,Flood in Belgium 1103965,Floods,2026-06-19 20:00:00+00:00,50.4613937,4.841761,NASA_EONET
EONET_20672,Flood in Honduras 1103969,Floods,2026-06-19 20:00:00+00:00,14.6181139,-88.4690631,NASA_EONET
EONET_21109,"Wildfire STAR, Kern, California",Wildfires,2026-06-19 19:43:00+00:00,35.2908333,-118.7477778,NASA_EONET
EONET_21089,"Wildfire Bear, Denali, Alaska",Wildfires,2026-06-19 19:34:00+00:00,63.652,-151.235,NASA_EONET
EONET_20615,Wildfire in United States 1029002,Wildfires,2026-06-19 19:00:00+00:00,40.00571730639354,-112.14841171199507,NASA_EONET
EONET_20639,Wildfire in Australia 1029018,Wildfires,2026-06-19 19:00:00+00:00,-16.343472405218904,126.28496586867453,NASA_EONET
EONET_20658,Wildfire in Australia 1029027,Wildfires,2026-06-19 19:00:00+00:00,-12.685234747248431,131.1526523742796,NASA_EONET
EONET_20659,Wildfire in Australia 1029028,Wildfires,2026-06-19 19:00:00+00:00,-12.846322931588139,130.7245093846214,NASA_EONET
EONET_20660,Wildfire in Australia 1029029,Wildfires,2026-06-19 19:00:00+00:00,-15.071411336158231,127.02245141727752,NASA_EONET
EONET_20661,Wildfire in Australia 1029035,Wildfires,2026-06-19 19:00:00+00:00,-15.598982136706523,131.78071547071204,NASA_EONET
EONET_20681,Wildfire in Zambia 1029040,Wildfires,2026-06-19 19:00:00+00:00,-14.85981246317197,25.907363751490482,NASA_EONET
EONET_20698,Wildfire in The Democratic Republic of Congo 1029059,Wildfires,2026-06-19 19:00:00+00:00,-3.6956363408330994,23.80107178362462,NASA_EONET
EONET_20723,Wildfire in The Democratic Republic of Congo 1029084,Wildfires,2026-06-19 19:00:00+00:00,-5.256280969925036,24.857550176046292,NASA_EONET
EONET_20724,Wildfire in Canada 1029079,Wildfires,2026-06-19 19:00:00+00:00,53.97055764370818,-75.11805740424411,NASA_EONET
EONET_20725,Wildfire in Australia 1029094,Wildfires,2026-06-19 19:00:00+00:00,-12.09080321614189,133.59756436501283,NASA_EONET
EONET_20726,Wildfire in Australia 1029095,Wildfires,2026-06-19 19:00:00+00:00,-14.069114063641479,129.67748593460365,NASA_EONET
EONET_20750,Wildfire in Angola 1029105,Wildfires,2026-06-19 19:00:00+00:00,-9.312482466724084,18.106419947264868,NASA_EONET
EONET_20751,Wildfire in Angola 1029104,Wildfires,2026-06-19 19:00:00+00:00,-9.233144279299662,17.797955703496555,NASA_EONET
EONET_20781,Wildfire in Australia 1029152,Wildfires,2026-06-19 19:00:00+00:00,-15.680557337515701,131.79339525172804,NASA_EONET
EONET_20782,Wildfire in The Democratic Republic of Congo 1029128,Wildfires,2026-06-19 19:00:00+00:00,-3.5514761975878724,24.31016540700198,NASA_EONET
EONET_20818,Wildfire in United States 1029159,Wildfires,2026-06-19 19:00:00+00:00,35.00483837584411,-111.81949872658377,NASA_EONET
EONET_20819,Wildfire in Canada 1029162,Wildfires,2026-06-19 19:00:00+00:00,53.4655765092336,-78.3803761834802,NASA_EONET
EONET_20854,Wildfire in The Democratic Republic of Congo 1029192,Wildfires,2026-06-19 19:00:00+00:00,-3.265670795967609,23.554758711289978,NASA_EONET
EONET_20875,Wildfire in The Democratic Republic of Congo 1029222,Wildfires,2026-06-19 19:00:00+00:00,-6.683183045315731,27.09628928991749,NASA_EONET
EONET_20896,Wildfire in The Democratic Republic of Congo 1029240,Wildfires,2026-06-19 19:00:00+00:00,-5.549254945166767,26.247485001640182,NASA_EONET
EONET_20606,Typhoon Mekkhala,Severe Storms,2026-06-19 12:00:00+00:00,13.7,140.0,NASA_EONET
EONET_20607,Flood in Ghana 1103954,Floods,2026-06-18 20:00:00+00:00,5.1080932,-1.2417103,NASA_EONET
EONET_20608,Flood in Austria 1103957,Floods,2026-06-18 20:00:00+00:00,47.6053538,15.6723805,NASA_EONET
EONET_20609,Flood in Germany 1103958,Floods,2026-06-18 20:00:00+00:00,53.2977629,14.2413131,NASA_EONET
EONET_20610,Flood in South Korea 1103961,Floods,2026-06-18 20:00:00+00:00,36.7919981,127.0062576,NASA_EONET
EONET_20673,Flood in Timor-Leste 1103968,Floods,2026-06-18 20:00:00+00:00,-9.3148991,125.255502,NASA_EONET
EONET_20662,Wildfire in Australia 1029036,Wildfires,2026-06-18 19:00:00+00:00,-15.411339526715095,131.93506608334306,NASA_EONET
EONET_20682,Wildfire in Australia 1029054,Wildfires,2026-06-18 19:00:00+00:00,-12.625996307620694,133.48028567740857,NASA_EONET
EONET_20699,Wildfire in The Democratic Republic of Congo 1029060,Wildfires,2026-06-18 19:00:00+00:00,-8.817373220827246,26.943859066531733,NASA_EONET
EONET_20700,Wildfire in The Democratic Republic of Congo 1029061,Wildfires,2026-06-18 19:00:00+00:00,-0.6294456270264785,23.92426144088532,NASA_EONET
EONET_20701,Wildfire in Australia 1029071,Wildfires,2026-06-18 19:00:00+00:00,-12.683278898459884,142.18477883871088,NASA_EONET
EONET_20702,Wildfire in Australia 1029069,Wildfires,2026-06-18 19:00:00+00:00,-12.63219269094247,133.4865869235844,NASA_EONET
EONET_20727,Wildfire in Australia 1029080,Wildfires,2026-06-18 19:00:00+00:00,-14.976034208807798,126.17382743652932,NASA_EONET
EONET_20728,Wildfire in The Democratic Republic of Congo 1029085,Wildfires,2026-06-18 19:00:00+00:00,-5.241924676405305,25.02798429658874,NASA_EONET
EONET_20752,Wildfire in Canada 1029111,Wildfires,2026-06-18 19:00:00+00:00,54.92102927944625,-77.1758631249205,NASA_EONET
EONET_20820,Wildfire in Australia 1029180,Wildfires,2026-06-18 19:00:00+00:00,-14.376820867385987,134.6918410183108,NASA_EONET
EONET_20855,Wildfire in The Democratic Republic of Congo 1029193,Wildfires,2026-06-18 19:00:00+00:00,-8.511663712624616,26.118403268402446,NASA_EONET
EONET_20856,Wildfire in The Democratic Republic of Congo 1029194,Wildfires,2026-06-18 19:00:00+00:00,-3.5266799410167784,23.812610716138824,NASA_EONET
EONET_21099,"Wildfire LOST, Kern, California",Wildfires,2026-06-18 12:28:00+00:00,35.4186111,-119.755,NASA_EONET
EONET_20593,Flood in Peru 1103951,Floods,2026-06-17 20:00:00+00:00,-8.3907581,-74.5373433,NASA_EONET
EONET_20611,Flood in Poland 1103955,Floods,2026-06-17 20:00:00+00:00,53.4298114,14.5928676,NASA_EONET
EONET_20612,Flood in France 1103956,Floods,2026-06-17 20:00:00+00:00,50.1851628,3.4973822,NASA_EONET
EONET_20613,Flood in Kyrgyzstan 1103960,Floods,2026-06-17 20:00:00+00:00,39.9407091,69.5711653,NASA_EONET
EONET_20596,Wildfire in Zambia 1028982,Wildfires,2026-06-17 19:00:00+00:00,-14.750986927316374,26.1906523697792,NASA_EONET
EONET_20597,Wildfire in Australia 1028983,Wildfires,2026-06-17 19:00:00+00:00,-17.228552471207554,122.60598297756637,NASA_EONET
EONET_20616,Wildfire in Australia 1029003,Wildfires,2026-06-17 19:00:00+00:00,-12.976175542366292,142.1613807616356,NASA_EONET
EONET_20617,Wildfire in Namibia 1028989,Wildfires,2026-06-17 19:00:00+00:00,-19.311759505554054,17.502759391796555,NASA_EONET
EONET_20640,Wildfire in The Democratic Republic of Congo 1029007,Wildfires,2026-06-17 19:00:00+00:00,-0.6499673044384144,24.219430305446465,NASA_EONET
EONET_20641,Wildfire in Australia 1029013,Wildfires,2026-06-17 19:00:00+00:00,-17.261628507452027,125.58374333359505,NASA_EONET
EONET_20663,Wildfire in The Democratic Republic of Congo 1029021,Wildfires,2026-06-17 19:00:00+00:00,-8.47254470396893,25.12519946585595,NASA_EONET
EONET_20664,Wildfire in United States 1029037,Wildfires,2026-06-17 19:00:00+00:00,37.37887286239014,-114.68549414849474,NASA_EONET
EONET_20665,Wildfire in Tanzania 1029022,Wildfires,2026-06-17 19:00:00+00:00,-4.758574138178614,30.95228326714311,NASA_EONET
EONET_20683,Wildfire in The Democratic Republic of Congo 1029043,Wildfires,2026-06-17 19:00:00+00:00,-4.448489137491024,28.028630834700703,NASA_EONET
EONET_20684,Wildfire in The Democratic Republic of Congo 1029050,Wildfires,2026-06-17 19:00:00+00:00,-5.650687811389487,26.711109998997827,NASA_EONET
EONET_20703,Wildfire in Russian Federation 1029072,Wildfires,2026-06-17 19:00:00+00:00,63.61283819455551,170.76752797085783,NASA_EONET
EONET_20704,Wildfire in The Democratic Republic of Congo 1029062,Wildfires,2026-06-17 19:00:00+00:00,-5.347325449031939,25.393279255393352,NASA_EONET
EONET_20705,Wildfire in The Democratic Republic of Congo 1029063,Wildfires,2026-06-17 19:00:00+00:00,-3.2472337820385095,23.315608932609308,NASA_EONET
EONET_20729,Wildfire in The Democratic Republic of Congo 1029086,Wildfires,2026-06-17 19:00:00+00:00,-3.7383496529445472,23.625281595822624,NASA_EONET
EONET_20753,Wildfire in Australia 1029098,Wildfires,2026-06-17 19:00:00+00:00,-12.894247018582808,142.39406009179825,NASA_EONET
EONET_20783,Wildfire in The Democratic Republic of Congo 1029118,Wildfires,2026-06-17 19:00:00+00:00,-3.824337092184267,23.418034881971586,NASA_EONET
EONET_20784,Wildfire in The Democratic Republic of Congo 1029129,Wildfires,2026-06-17 19:00:00+00:00,-7.617213112898888,27.797022334906345,NASA_EONET
EONET_20785,Wildfire in Angola 1029130,Wildfires,2026-06-17 19:00:00+00:00,-9.403615903739084,18.13614213486807,NASA_EONET
EONET_20786,Wildfire in The Democratic Republic of Congo 1029131,Wildfires,2026-06-17 19:00:00+00:00,-4.015355859420057,24.751582531799173,NASA_EONET
EONET_20787,Wildfire in The Democratic Republic of Congo 1029132,Wildfires,2026-06-17 19:00:00+00:00,-3.6347707397354725,24.23582238505878,NASA_EONET
EONET_20788,Wildfire in The Democratic Republic of Congo 1029133,Wildfires,2026-06-17 19:00:00+00:00,-3.340258646723215,23.827735305023644,NASA_EONET
EONET_20789,Wildfire in Angola 1029134,Wildfires,2026-06-17 19:00:00+00:00,-7.5580267156193335,20.81807557305656,NASA_EONET
EONET_20790,Wildfire in Australia 1029153,Wildfires,2026-06-17 19:00:00+00:00,-18.323964405335353,132.0264286168712,NASA_EONET
EONET_20791,Wildfire in Australia 1029154,Wildfires,2026-06-17 19:00:00+00:00,-16.97073005001154,125.1422537842879,NASA_EONET
EONET_20876,Wildfire in The Democratic Republic of Congo 1029223,Wildfires,2026-06-17 19:00:00+00:00,-3.348703898315745,23.84480076225788,NASA_EONET
EONET_21111,"Wildfire School Lands, Woods, Oklahoma",Wildfires,2026-06-17 18:41:00+00:00,36.6627778,-99.0227778,NASA_EONET
EONET_21097,"Wildfire Coptic, Miami-Dade, Florida",Wildfires,2026-06-17 18:25:00+00:00,25.684,-80.561833,NASA_EONET
EONET_21082,"Wildfire Cable Creek, Umatilla, Oregon",Wildfires,2026-06-17 18:09:00+00:00,45.12807,-118.78471,NASA_EONET
EONET_21114,"Prescribed Fire OCF Penner Pond Rx 0618, Marion, Florida",Wildfires,2026-06-17 16:26:00+00:00,29.474,-81.806,NASA_EONET
EONET_21034,"Wildfire Kane Springs, Lincoln, Nevada",Wildfires,2026-06-17 14:56:00+00:00,37.284493,-114.630351,NASA_EONET
EONET_21020,"Wildfire Grapevine, Lincoln, Nevada",Wildfires,2026-06-17 14:28:00+00:00,37.380844,-114.304702,NASA_EONET
EONET_20558,"Median Wildfire, Gooding, Idaho",Wildfires,2026-06-17 13:57:00+00:00,42.805867,-114.767567,NASA_EONET
EONET_21095,"Wildfire Median, Gooding, Idaho",Wildfires,2026-06-17 13:57:00+00:00,42.805867,-114.767567,NASA_EONET
EONET_20565,"TRAIL 13 (09) Wildfire, Citrus, Florida",Wildfires,2026-06-16 23:57:00+00:00,28.7994444,-82.4186111,NASA_EONET
EONET_21121,"Wildfire TRAIL 13 (09), Citrus, Florida",Wildfires,2026-06-16 23:57:00+00:00,28.7994444,-82.4186111,NASA_EONET
EONET_20560,"Kartar Wildfire, Okanogan, Washington",Wildfires,2026-06-16 23:43:00+00:00,48.250361,-119.390027,NASA_EONET
EONET_21050,"Wildfire Kartar, Okanogan, Washington",Wildfires,2026-06-16 23:43:00+00:00,48.250361,-119.390027,NASA_EONET
EONET_20562,"Omak Lake Road Wildfire, Okanogan, Washington",Wildfires,2026-06-16 22:53:00+00:00,48.274722,-119.410833,NASA_EONET
EONET_21123,"Wildfire Omak Lake Road, Okanogan, Washington",Wildfires,2026-06-16 22:53:00+00:00,48.274722,-119.410833,NASA_EONET
EONET_21039,"Wildfire ROZA, Kittitas, Washington",Wildfires,2026-06-16 22:24:00+00:00,46.7493,-120.4575,NASA_EONET
EONET_21024,"Wildfire WELL (13), Miami-Dade, Florida",Wildfires,2026-06-16 21:24:00+00:00,25.8430556,-80.4038889,NASA_EONET
EONET_21080,"Wildfire Tucannon Mutual Aid, Columbia, Washington",Wildfires,2026-06-16 20:53:00+00:00,46.489365,-117.949575,NASA_EONET
EONET_20594,Flood in Colombia 1103952,Floods,2026-06-16 20:00:00+00:00,7.2775955,-74.6212148,NASA_EONET
EONET_20595,Flood in Pakistan 1103953,Floods,2026-06-16 20:00:00+00:00,31.827527,70.9090919,NASA_EONET
EONET_20614,Flood in Georgia 1103959,Floods,2026-06-16 20:00:00+00:00,42.0844709,44.6959371,NASA_EONET
EONET_20598,Wildfire in Australia 1028984,Wildfires,2026-06-16 19:00:00+00:00,-12.889727879096824,142.50272780485798,NASA_EONET
EONET_20618,Wildfire in Ethiopia 1028990,Wildfires,2026-06-16 19:00:00+00:00,8.17301890250419,33.94419721295479,NASA_EONET
EONET_20619,Wildfire in Angola 1028991,Wildfires,2026-06-16 19:00:00+00:00,-9.153307000948603,21.28237288720681,NASA_EONET
EONET_20620,Wildfire in United States 1029004,Wildfires,2026-06-16 19:00:00+00:00,37.40256903492005,-114.26240205437323,NASA_EONET
EONET_20621,Wildfire in Australia 1029005,Wildfires,2026-06-16 19:00:00+00:00,-13.036997358955011,142.666093938221,NASA_EONET
EONET_20642,Wildfire in Sudan 1029008,Wildfires,2026-06-16 19:00:00+00:00,8.787266349738575,32.55115912277139,NASA_EONET
EONET_20643,Wildfire in Australia 1029019,Wildfires,2026-06-16 19:00:00+00:00,-12.87868427957591,142.26354718162435,NASA_EONET
EONET_20666,Wildfire in The Democratic Republic of Congo 1029023,Wildfires,2026-06-16 19:00:00+00:00,-6.104760502486955,26.547584777490304,NASA_EONET
EONET_20685,Wildfire in Russian Federation 1029055,Wildfires,2026-06-16 19:00:00+00:00,60.70782880369374,92.27775237133214,NASA_EONET
EONET_20686,Wildfire in The Democratic Republic of Congo 1029044,Wildfires,2026-06-16 19:00:00+00:00,-5.901889115235594,27.3102696552952,NASA_EONET
EONET_20730,Wildfire in The Democratic Republic of Congo 1029087,Wildfires,2026-06-16 19:00:00+00:00,-6.7610308592132835,20.230146522787244,NASA_EONET
EONET_20792,Wildfire in Angola 1029135,Wildfires,2026-06-16 19:00:00+00:00,-9.288827913109987,17.62171963987245,NASA_EONET
EONET_20924,Wildfire in Angola 1029250,Wildfires,2026-06-16 19:00:00+00:00,-9.542997591843545,16.5712712417757,NASA_EONET
EONET_20559,"Old Emigrant Wildfire, Umatilla, Oregon",Wildfires,2026-06-16 16:43:00+00:00,45.616957,-118.615417,NASA_EONET
EONET_21083,"Wildfire Old Emigrant, Umatilla, Oregon",Wildfires,2026-06-16 16:43:00+00:00,45.616957,-118.615417,NASA_EONET
EONET_20561,"Sawmill Wildfire, Iron, Utah",Wildfires,2026-06-16 16:11:00+00:00,38.09192,-113.70575,NASA_EONET
EONET_21048,"Wildfire Sawmill, Iron, Utah",Wildfires,2026-06-16 16:11:00+00:00,38.086724,-113.714044,NASA_EONET
EONET_20563,"LINCOLN Wildfire, Merced, California",Wildfires,2026-06-16 13:07:00+00:00,37.277012,-120.725895,NASA_EONET
EONET_21065,"Wildfire LINCOLN, Merced, California",Wildfires,2026-06-16 13:07:00+00:00,37.277012,-120.725895,NASA_EONET
EONET_20567,"QUARRY 2 (13) Wildfire, Miami-Dade, Florida",Wildfires,2026-06-15 22:51:00+00:00,25.8116667,-80.4233333,NASA_EONET
EONET_21022,"Wildfire QUARRY 2 (13), Miami-Dade, Florida",Wildfires,2026-06-15 22:51:00+00:00,25.8116667,-80.4233333,NASA_EONET
EONET_20568,"CHALK Wildfire, Elmore, Idaho",Wildfires,2026-06-15 20:55:00+00:00,42.979816,-115.531195,NASA_EONET
EONET_21076,"Wildfire CHALK, Elmore, Idaho",Wildfires,2026-06-15 20:55:00+00:00,42.979816,-115.531195,NASA_EONET
EONET_21018,"Wildfire Sycamore, Gila, Arizona",Wildfires,2026-06-15 20:37:00+00:00,33.624167,-110.754833,NASA_EONET
EONET_20540,Flood in Spain 1103948,Floods,2026-06-15 20:00:00+00:00,43.1653625,-1.4860622,NASA_EONET
EONET_20573,Wildfire in Botswana 1028958,Wildfires,2026-06-15 19:00:00+00:00,-20.498318994572664,22.701468830992944,NASA_EONET
EONET_20586,Wildfire in Australia 1028975,Wildfires,2026-06-15 19:00:00+00:00,-13.187878925025368,142.49166947583655,NASA_EONET
EONET_20599,Wildfire in Russian Federation 1028985,Wildfires,2026-06-15 19:00:00+00:00,59.48171950413898,84.96869862664218,NASA_EONET
EONET_20622,Wildfire in Ethiopia 1028992,Wildfires,2026-06-15 19:00:00+00:00,8.082010231718773,33.827655584976874,NASA_EONET
EONET_20687,Wildfire in Australia 1029056,Wildfires,2026-06-15 19:00:00+00:00,-13.019726871052464,132.5475552356966,NASA_EONET
EONET_20706,Wildfire in The Democratic Republic of Congo 1029064,Wildfires,2026-06-15 19:00:00+00:00,-2.2376612751507214,23.40133997788168,NASA_EONET
EONET_20707,Wildfire in The Democratic Republic of Congo 1029065,Wildfires,2026-06-15 19:00:00+00:00,-3.3653420244323815,23.398102493541003,NASA_EONET
EONET_20754,Wildfire in The Democratic Republic of Congo 1029106,Wildfires,2026-06-15 19:00:00+00:00,-8.904755888175293,23.75017886473509,NASA_EONET
EONET_20755,Wildfire in The Democratic Republic of Congo 1029107,Wildfires,2026-06-15 19:00:00+00:00,-3.839760678987939,23.65027220697667,NASA_EONET
EONET_20756,Wildfire in The Democratic Republic of Congo 1029108,Wildfires,2026-06-15 19:00:00+00:00,-3.340591145345517,23.626797274307332,NASA_EONET
EONET_20793,Wildfire in The Democratic Republic of Congo 1029119,Wildfires,2026-06-15 19:00:00+00:00,-3.230017021717498,23.7478283856425,NASA_EONET
EONET_20794,Wildfire in Australia 1029155,Wildfires,2026-06-15 19:00:00+00:00,-14.20261479668398,142.7496338534703,NASA_EONET
EONET_20821,Wildfire in The Democratic Republic of Congo 1029163,Wildfires,2026-06-15 19:00:00+00:00,-6.699741061186849,26.672286802008326,NASA_EONET
EONET_20569,"Dellenbaugh Wildfire, Mohave, Arizona",Wildfires,2026-06-15 18:32:00+00:00,36.075,-113.535333,NASA_EONET
EONET_21074,"Wildfire Dellenbaugh, Mohave, Arizona",Wildfires,2026-06-15 18:32:00+00:00,36.075,-113.535333,NASA_EONET
EONET_20570,"APQ Area 5A RX 0615 Prescribed Fire, Polk, Florida",Wildfires,2026-06-15 18:30:00+00:00,27.720842,-81.330714,NASA_EONET
EONET_21126,"Prescribed Fire APQ Area 5A RX 0615, Polk, Florida",Wildfires,2026-06-15 18:30:00+00:00,27.720842,-81.330714,NASA_EONET
EONET_20564,"SHORE Wildfire, Riverside, California",Wildfires,2026-06-15 18:24:00+00:00,33.976656,-117.103582,NASA_EONET
EONET_21100,"Wildfire SHORE., Riverside, California",Wildfires,2026-06-15 18:24:00+00:00,33.976656,-117.103582,NASA_EONET
EONET_21113,"Wildfire MATEO, San Diego, California",Wildfires,2026-06-15 17:58:00+00:00,33.462444,-117.487667,NASA_EONET
EONET_20566,"Rock Canyon Wildfire, Coconino, Arizona",Wildfires,2026-06-15 17:00:00+00:00,36.9157,-112.2032,NASA_EONET
EONET_21012,"Wildfire Rock Canyon, Coconino, Arizona",Wildfires,2026-06-15 17:00:00+00:00,36.9157,-112.2032,NASA_EONET
EONET_20710,"Nevados del Chillan Volcano, Chile",Volcanoes,2026-06-15 00:00:00+00:00,-36.868,-71.378,NASA_EONET
EONET_20541,Flood in Portugal 1103947,Floods,2026-06-14 20:00:00+00:00,40.7818172,-7.128034,NASA_EONET
EONET_20542,Flood in Tunisia 1103945,Floods,2026-06-14 20:00:00+00:00,36.2220401,8.3547342,NASA_EONET
EONET_20543,Flood in Bosnia &amp; Herzegovina 1103946,Floods,2026-06-14 20:00:00+00:00,43.8591032,18.4309501,NASA_EONET
EONET_20572,Flood in Guatemala 1103949,Floods,2026-06-14 20:00:00+00:00,14.3040004,-91.5647814,NASA_EONET
EONET_20585,Flood in Indonesia 1103950,Floods,2026-06-14 20:00:00+00:00,4.418877,95.9715039,NASA_EONET
EONET_20520,"Green Gate (26) Wildfire, Hendry, Florida",Wildfires,2026-06-14 19:39:00+00:00,26.3666667,-81.1661111,NASA_EONET
EONET_20502,Wildfire in Australia 1028924,Wildfires,2026-06-14 19:00:00+00:00,-16.42474695553931,142.4122203856778,NASA_EONET
EONET_20503,Wildfire in Australia 1028925,Wildfires,2026-06-14 19:00:00+00:00,-14.180763159781863,142.11171560309728,NASA_EONET
EONET_20544,Wildfire in Russian Federation 1028945,Wildfires,2026-06-14 19:00:00+00:00,55.30943714180636,124.13665965620173,NASA_EONET
EONET_20574,Wildfire in The Democratic Republic of Congo 1028962,Wildfires,2026-06-14 19:00:00+00:00,-6.45130603213751,18.450912929468224,NASA_EONET
EONET_20575,Wildfire in United States 1028966,Wildfires,2026-06-14 19:00:00+00:00,25.846417396054804,-80.45082944340456,NASA_EONET
EONET_20600,Wildfire in Russian Federation 1028986,Wildfires,2026-06-14 19:00:00+00:00,62.60644180644274,84.10133965754613,NASA_EONET
EONET_20623,Wildfire in Russian Federation 1028987,Wildfires,2026-06-14 19:00:00+00:00,61.96475783411119,87.74306584160698,NASA_EONET
EONET_20644,Wildfire in The Democratic Republic of Congo 1029009,Wildfires,2026-06-14 19:00:00+00:00,-4.499010417757006,27.82944431859159,NASA_EONET
EONET_20667,Wildfire in The Democratic Republic of Congo 1029024,Wildfires,2026-06-14 19:00:00+00:00,-6.644427977902156,20.08874607944617,NASA_EONET
EONET_20688,Wildfire in The Democratic Republic of Congo 1029045,Wildfires,2026-06-14 19:00:00+00:00,-7.217288211863029,25.661355342720743,NASA_EONET
EONET_20689,Wildfire in Australia 1029049,Wildfires,2026-06-14 19:00:00+00:00,-13.794804591262723,142.10644030548994,NASA_EONET
EONET_20708,Wildfire in The Democratic Republic of Congo 1029066,Wildfires,2026-06-14 19:00:00+00:00,-3.8721477375559936,23.77714566080545,NASA_EONET
EONET_20857,Wildfire in The Democratic Republic of Congo 1029195,Wildfires,2026-06-14 19:00:00+00:00,-7.29206059206568,27.496208591549752,NASA_EONET
EONET_20523,"MIDNIGHT FIRE (53) Wildfire, Polk, Florida",Wildfires,2026-06-14 17:18:00+00:00,27.7152778,-81.9430556,NASA_EONET
EONET_21129,"Wildfire MIDNIGHT FIRE (53), Polk, Florida",Wildfires,2026-06-14 17:18:00+00:00,27.7152778,-81.9430556,NASA_EONET
EONET_21103,"Wildfire OIE, Benton, Washington",Wildfires,2026-06-14 16:42:00+00:00,46.27276,-119.57664,NASA_EONET
EONET_20516,"4170 Tule Rd Wildfire, Yakima, Washington",Wildfires,2026-06-14 16:30:00+00:00,46.27602,-120.3144,NASA_EONET
EONET_21072,"Wildfire 4170 Tule Rd, Yakima, Washington",Wildfires,2026-06-14 16:30:00+00:00,46.27602,-120.3144,NASA_EONET
EONET_20514,"PV Wildfire, Ada, Idaho",Wildfires,2026-06-14 14:52:00+00:00,43.363867,-116.220336,NASA_EONET
EONET_21078,"Wildfire PV, Ada, Idaho",Wildfires,2026-06-14 14:52:00+00:00,43.363867,-116.220336,NASA_EONET
EONET_20513,"Rookery Wildfire, Volusia, Florida",Wildfires,2026-06-14 10:57:00+00:00,29.07815,-81.426633,NASA_EONET
EONET_21042,"Wildfire Rookery, Volusia, Florida",Wildfires,2026-06-14 10:57:00+00:00,29.07815,-81.426633,NASA_EONET
EONET_20571,"TWIN SISTERS Wildfire, Walla Walla, Washington",Wildfires,2026-06-14 10:26:00+00:00,46.05679,-118.90997,NASA_EONET
EONET_21102,"Wildfire TWIN SISTERS, Walla Walla, Washington",Wildfires,2026-06-14 10:26:00+00:00,46.05679,-118.90997,NASA_EONET
EONET_20517,"JUNIPER DUNES Wildfire, Franklin, Washington",Wildfires,2026-06-14 10:25:00+00:00,46.346137,-118.896108,NASA_EONET
EONET_21041,"Wildfire JUNIPER DUNES, Franklin, Washington",Wildfires,2026-06-14 10:25:00+00:00,46.346137,-118.896108,NASA_EONET
EONET_20525,Flood in Mexico 1103944,Floods,2026-06-13 20:00:00+00:00,28.6913408,-100.5403411,NASA_EONET
EONET_20504,Wildfire in Australia 1028926,Wildfires,2026-06-13 19:00:00+00:00,-13.384087398001604,133.7543429063048,NASA_EONET
EONET_20545,Wildfire in Brazil 1028953,Wildfires,2026-06-13 19:00:00+00:00,-8.960977424300507,-46.965508689198586,NASA_EONET
EONET_20587,Wildfire in Australia 1028976,Wildfires,2026-06-13 19:00:00+00:00,-13.173954249625826,134.11192959313942,NASA_EONET
EONET_20601,Wildfire in The Democratic Republic of Congo 1028979,Wildfires,2026-06-13 19:00:00+00:00,-6.197986898893775,26.70489596898491,NASA_EONET
EONET_20602,Wildfire in Russian Federation 1028977,Wildfires,2026-06-13 19:00:00+00:00,60.21142745927929,84.29235935069956,NASA_EONET
EONET_20624,Wildfire in Russian Federation 1029000,Wildfires,2026-06-13 19:00:00+00:00,62.37002166829888,85.29215801248367,NASA_EONET
EONET_20645,Wildfire in Australia 1029014,Wildfires,2026-06-13 19:00:00+00:00,-15.654768253135154,127.46582178552953,NASA_EONET
EONET_20668,Wildfire in The Democratic Republic of Congo 1029025,Wildfires,2026-06-13 19:00:00+00:00,-6.250826995793532,26.81981085009369,NASA_EONET
EONET_20690,Wildfire in The Democratic Republic of Congo 1029046,Wildfires,2026-06-13 19:00:00+00:00,-6.326262862073974,19.88705364564587,NASA_EONET
EONET_20731,Wildfire in Russian Federation 1029081,Wildfires,2026-06-13 19:00:00+00:00,61.94273753838612,94.14619780744353,NASA_EONET
EONET_20757,Wildfire in The Democratic Republic of Congo 1029109,Wildfires,2026-06-13 19:00:00+00:00,-3.4685724849698985,24.415310680933064,NASA_EONET
EONET_20795,Wildfire in The Democratic Republic of Congo 1029136,Wildfires,2026-06-13 19:00:00+00:00,-3.052031060236759,24.2835958751097,NASA_EONET
EONET_20519,"WYLY Wildfire, Kern, California",Wildfires,2026-06-13 17:54:00+00:00,35.2638889,-118.6341667,NASA_EONET
EONET_21125,"Wildfire WYLY, Kern, California",Wildfires,2026-06-13 17:54:00+00:00,35.2638889,-118.6341667,NASA_EONET
EONET_20515,"26 Wildfire, Morton, Kansas",Wildfires,2026-06-13 15:16:00+00:00,37.1118,-101.5906,NASA_EONET
EONET_21128,"Wildfire 26, Morton, Kansas",Wildfires,2026-06-13 15:16:00+00:00,37.1118,-101.5906,NASA_EONET
EONET_20518,"SNAKE RIVER Wildfire, Whitman, Washington",Wildfires,2026-06-13 10:37:00+00:00,46.4322,-117.19118,NASA_EONET
EONET_21117,"Wildfire SNAKE RIVER, Whitman, Washington",Wildfires,2026-06-13 10:37:00+00:00,46.4322,-117.19118,NASA_EONET
EONET_20499,Flood in Philippines 1103942,Floods,2026-06-12 20:00:00+00:00,5.8883557,124.8500742,NASA_EONET
EONET_20500,Flood in Türkiye 1103943,Floods,2026-06-12 20:00:00+00:00,39.9661061,32.8087786,NASA_EONET
EONET_20484,Wildfire in Zambia 1028904,Wildfires,2026-06-12 19:00:00+00:00,-15.346593303789502,25.443081972078488,NASA_EONET
EONET_20526,Wildfire in The Democratic Republic of Congo 1028930,Wildfires,2026-06-12 19:00:00+00:00,-6.555369269013503,18.623358436994593,NASA_EONET
EONET_20546,Wildfire in The Democratic Republic of Congo 1028946,Wildfires,2026-06-12 19:00:00+00:00,-4.056770052776474,23.977568377255142,NASA_EONET
EONET_20547,Wildfire in The Democratic Republic of Congo 1028947,Wildfires,2026-06-12 19:00:00+00:00,-6.8836776933868995,17.85086225927886,NASA_EONET
EONET_20548,Wildfire in Brazil 1028954,Wildfires,2026-06-12 19:00:00+00:00,-6.153689443693378,-48.49549197652227,NASA_EONET
EONET_20576,Wildfire in Tanzania 1028959,Wildfires,2026-06-12 19:00:00+00:00,-1.658830674043192,34.95961391380694,NASA_EONET
EONET_20588,Wildfire in Botswana 1028971,Wildfires,2026-06-12 19:00:00+00:00,-20.502798342804272,22.694404223669373,NASA_EONET
EONET_20589,"Wildfire in Ethiopia, Sudan 1028970",Wildfires,2026-06-12 19:00:00+00:00,7.695250366361293,33.70464652764423,NASA_EONET
EONET_20603,Wildfire in The Democratic Republic of Congo 1028980,Wildfires,2026-06-12 19:00:00+00:00,-3.310305267748899,24.46378980795887,NASA_EONET
EONET_20691,Wildfire in The Democratic Republic of Congo 1029047,Wildfires,2026-06-12 19:00:00+00:00,-3.1486581410662087,23.790377908063736,NASA_EONET
EONET_20732,Wildfire in The Democratic Republic of Congo 1029088,Wildfires,2026-06-12 19:00:00+00:00,-3.5746352362057805,24.104795094336218,NASA_EONET
EONET_20733,Wildfire in The Democratic Republic of Congo 1029089,Wildfires,2026-06-12 19:00:00+00:00,-3.7019539698896273,24.556964190227195,NASA_EONET
EONET_20522,"Kilolitna Wildfire, Yukon-Koyukuk, Alaska",Wildfires,2026-06-12 12:12:00+00:00,66.047957,-151.805649,NASA_EONET
EONET_21112,"Wildfire Kilolitna, Yukon-Koyukuk, Alaska",Wildfires,2026-06-12 12:12:00+00:00,66.047957,-151.805649,NASA_EONET
EONET_20524,"Unit 16/20 Rx Prescribed Fire, Bibb, Alabama",Wildfires,2026-06-12 11:08:00+00:00,33.062922,-87.047567,NASA_EONET
EONET_21130,"Prescribed Fire Unit 16/20 Rx, Bibb, Alabama",Wildfires,2026-06-12 11:08:00+00:00,33.062922,-87.047567,NASA_EONET
EONET_21066,"Wildfire Canyon, Yukon-Koyukuk, Alaska",Wildfires,2026-06-11 21:35:00+00:00,65.449075,-150.813113,NASA_EONET
EONET_20450,Wildfire in Australia 1028879,Wildfires,2026-06-11 19:00:00+00:00,-12.589260915633671,142.5443337537059,NASA_EONET
EONET_20466,Wildfire in The Democratic Republic of Congo 1028886,Wildfires,2026-06-11 19:00:00+00:00,-6.637666471031358,19.31206592998262,NASA_EONET
EONET_20467,Wildfire in Brazil 1028897,Wildfires,2026-06-11 19:00:00+00:00,-11.235138379626322,-46.69050869237126,NASA_EONET
EONET_20468,Wildfire in Australia 1028898,Wildfires,2026-06-11 19:00:00+00:00,-13.51797962948999,131.50193435101338,NASA_EONET
EONET_20485,Wildfire in Australia 1028905,Wildfires,2026-06-11 19:00:00+00:00,-14.058115110567558,133.57779815647447,NASA_EONET
EONET_20486,Wildfire in Australia 1028916,Wildfires,2026-06-11 19:00:00+00:00,-13.525345177490214,131.54984883415122,NASA_EONET
EONET_20487,Wildfire in Australia 1028917,Wildfires,2026-06-11 19:00:00+00:00,-16.73887624222877,123.90413525809804,NASA_EONET
EONET_20527,Wildfire in The Democratic Republic of Congo 1028931,Wildfires,2026-06-11 19:00:00+00:00,-6.432781445978022,26.654605406979535,NASA_EONET
EONET_20549,Wildfire in Russian Federation 1028955,Wildfires,2026-06-11 19:00:00+00:00,59.10097386058258,90.59795115567998,NASA_EONET
EONET_20550,Wildfire in Russian Federation 1028956,Wildfires,2026-06-11 19:00:00+00:00,59.43320857144882,90.30910946477005,NASA_EONET
EONET_20577,Wildfire in Russian Federation 1028967,Wildfires,2026-06-11 19:00:00+00:00,59.32636467487234,89.73283093991624,NASA_EONET
EONET_20578,Wildfire in Russian Federation 1028960,Wildfires,2026-06-11 19:00:00+00:00,59.81861323323651,90.46594449141688,NASA_EONET
EONET_20579,Wildfire in The Democratic Republic of Congo 1028963,Wildfires,2026-06-11 19:00:00+00:00,-6.518747404072268,20.23125169468678,NASA_EONET
EONET_20625,Wildfire in The Democratic Republic of Congo 1029001,Wildfires,2026-06-11 19:00:00+00:00,-6.278085488862925,26.68866959949124,NASA_EONET
EONET_20626,Wildfire in The Democratic Republic of Congo 1028994,Wildfires,2026-06-11 19:00:00+00:00,-3.138934208336005,23.271813481311348,NASA_EONET
EONET_20627,Wildfire in Russian Federation 1028993,Wildfires,2026-06-11 19:00:00+00:00,59.08953351363435,90.8916699258175,NASA_EONET
EONET_20646,Wildfire in The Democratic Republic of Congo 1029010,Wildfires,2026-06-11 19:00:00+00:00,-4.493932549299573,29.08837926046672,NASA_EONET
EONET_20692,Wildfire in The Democratic Republic of Congo 1029041,Wildfires,2026-06-11 19:00:00+00:00,-3.1960516062593283,24.366046589050217,NASA_EONET
EONET_20734,Wildfire in The Democratic Republic of Congo 1029090,Wildfires,2026-06-11 19:00:00+00:00,-2.921777812636492,23.86021890179692,NASA_EONET
EONET_20735,Wildfire in The Democratic Republic of Congo 1029091,Wildfires,2026-06-11 19:00:00+00:00,-3.3034219456846543,24.007631852229157,NASA_EONET
EONET_20758,Wildfire in Russian Federation 1029099,Wildfires,2026-06-11 19:00:00+00:00,59.94051406709327,90.54392198988677,NASA_EONET
EONET_20796,Wildfire in The Democratic Republic of Congo 1029137,Wildfires,2026-06-11 19:00:00+00:00,-6.92710723563813,28.22153387806352,NASA_EONET
EONET_20465,Flood in Malaysia 1103939,Floods,2026-06-10 20:00:00+00:00,3.1874261,113.0472803,NASA_EONET
EONET_20501,Flood in Brazil 1103940,Floods,2026-06-10 20:00:00+00:00,-24.4842187,-51.8148872,NASA_EONET
EONET_20469,Wildfire in Australia 1028899,Wildfires,2026-06-10 19:00:00+00:00,-12.825820366179915,134.70337611487264,NASA_EONET
EONET_20470,Wildfire in Australia 1028900,Wildfires,2026-06-10 19:00:00+00:00,-13.401184701168486,131.06509261805598,NASA_EONET
EONET_20488,Wildfire in Angola 1028906,Wildfires,2026-06-10 19:00:00+00:00,-12.900538969682545,21.485915841357635,NASA_EONET
EONET_20489,Wildfire in Australia 1028918,Wildfires,2026-06-10 19:00:00+00:00,-13.071537368803869,134.0722774186489,NASA_EONET
EONET_20505,Wildfire in Tanzania 1028919,Wildfires,2026-06-10 19:00:00+00:00,-4.808194809466016,31.044582825023248,NASA_EONET
EONET_20528,Wildfire in The Democratic Republic of Congo 1028932,Wildfires,2026-06-10 19:00:00+00:00,-9.048126851549338,26.961049660862546,NASA_EONET
EONET_20529,Wildfire in Australia 1028942,Wildfires,2026-06-10 19:00:00+00:00,-15.215824890028825,125.12547101184913,NASA_EONET
EONET_20551,Wildfire in The Democratic Republic of Congo 1028949,Wildfires,2026-06-10 19:00:00+00:00,-3.2119000108911697,23.9553298513203,NASA_EONET
EONET_20552,Wildfire in Russian Federation 1028944,Wildfires,2026-06-10 19:00:00+00:00,59.53666449529018,90.25356240066354,NASA_EONET
EONET_20553,Wildfire in The Democratic Republic of Congo 1028948,Wildfires,2026-06-10 19:00:00+00:00,-3.5286935901511143,24.008266238539104,NASA_EONET
EONET_20580,Wildfire in Russian Federation 1028968,Wildfires,2026-06-10 19:00:00+00:00,59.486333004601875,90.79069651383392,NASA_EONET
EONET_20590,Wildfire in Australia 1028973,Wildfires,2026-06-10 19:00:00+00:00,-13.305037312166528,141.80261052925601,NASA_EONET
EONET_20628,Wildfire in The Democratic Republic of Congo 1028995,Wildfires,2026-06-10 19:00:00+00:00,-3.3252019820138274,24.413296725382992,NASA_EONET
EONET_20647,Wildfire in The Democratic Republic of Congo 1029011,Wildfires,2026-06-10 19:00:00+00:00,-9.324576792725999,27.220687475091363,NASA_EONET
EONET_20669,Wildfire in Russian Federation 1029020,Wildfires,2026-06-10 19:00:00+00:00,60.80062652115256,88.95192673535956,NASA_EONET
EONET_20670,Wildfire in The Democratic Republic of Congo 1029026,Wildfires,2026-06-10 19:00:00+00:00,-3.931595500695285,24.48948354755528,NASA_EONET
EONET_20446,"Little Schloss RX Prescribed Fire, Shenandoah, Virginia",Wildfires,2026-06-10 14:51:00+00:00,38.925944,-78.636,NASA_EONET
EONET_21132,"Prescribed Fire Little Schloss RX, Shenandoah, Virginia",Wildfires,2026-06-10 14:51:00+00:00,38.925944,-78.636,NASA_EONET
EONET_20445,"CR X and CR 2 Wildfire, Prowers, Colorado",Wildfires,2026-06-09 21:20:00+00:00,37.966389,-102.726028,NASA_EONET
EONET_21124,"Wildfire CR X and CR 2, Prowers, Colorado",Wildfires,2026-06-09 21:20:00+00:00,37.966389,-102.726028,NASA_EONET
EONET_20442,"South Fork Wildfire, Sioux, Nebraska",Wildfires,2026-06-09 20:08:00+00:00,42.659167,-103.638333,NASA_EONET
EONET_21098,"Wildfire South Fork, Sioux, Nebraska",Wildfires,2026-06-09 20:08:00+00:00,42.659167,-103.638333,NASA_EONET
EONET_20425,Wildfire in United States 1028867,Wildfires,2026-06-09 19:00:00+00:00,42.67068758222755,-103.57346060509505,NASA_EONET
EONET_20426,Wildfire in Australia 1028855,Wildfires,2026-06-09 19:00:00+00:00,-13.339263985718068,130.92042005514722,NASA_EONET
EONET_20451,Wildfire in Australia 1028880,Wildfires,2026-06-09 19:00:00+00:00,-13.282113678366679,131.0001419093015,NASA_EONET
EONET_20452,Wildfire in Australia 1028881,Wildfires,2026-06-09 19:00:00+00:00,-14.901558728921803,127.73374021630556,NASA_EONET
EONET_20490,Wildfire in The Democratic Republic of Congo 1028907,Wildfires,2026-06-09 19:00:00+00:00,-5.304109958783614,15.95080548856075,NASA_EONET
EONET_20506,Wildfire in Australia 1028927,Wildfires,2026-06-09 19:00:00+00:00,-13.08989511599587,131.0466955323972,NASA_EONET
EONET_20507,Wildfire in Australia 1028928,Wildfires,2026-06-09 19:00:00+00:00,-13.957595703289067,131.59066998927796,NASA_EONET
EONET_20530,Wildfire in Tanzania 1028933,Wildfires,2026-06-09 19:00:00+00:00,-3.8894758089700363,31.286400291297326,NASA_EONET
EONET_20554,Wildfire in Australia 1028957,Wildfires,2026-06-09 19:00:00+00:00,-17.144721182388462,123.09911450100296,NASA_EONET
EONET_20581,Wildfire in Russian Federation 1028969,Wildfires,2026-06-09 19:00:00+00:00,59.62540210468415,88.30098705677521,NASA_EONET
EONET_20604,Wildfire in Russian Federation 1028978,Wildfires,2026-06-09 19:00:00+00:00,62.21969301944234,85.29216592504676,NASA_EONET
EONET_20648,Wildfire in Russian Federation 1029015,Wildfires,2026-06-09 19:00:00+00:00,58.977176278462586,91.19038577857631,NASA_EONET
EONET_20521,"Bear Wildfire, Catron, New Mexico",Wildfires,2026-06-09 17:45:00+00:00,34.0465,-108.292667,NASA_EONET
EONET_21108,"Wildfire Bear, Catron, New Mexico",Wildfires,2026-06-09 17:45:00+00:00,34.0465,-108.292667,NASA_EONET
EONET_20447,"APQ Area 11 Scrub RX 0608 Prescribed Fire, Highlands, Florida",Wildfires,2026-06-09 11:20:00+00:00,27.59925,-81.2536,NASA_EONET
EONET_21133,"Prescribed Fire APQ Area 11 Scrub RX 0608, Highlands, Florida",Wildfires,2026-06-09 11:20:00+00:00,27.59925,-81.2536,NASA_EONET
EONET_20444,"South Mountain Wildfire, Tooele, Utah",Wildfires,2026-06-09 00:15:00+00:00,40.460017,-112.410167,NASA_EONET
EONET_21122,"Wildfire South Mountain, Tooele, Utah",Wildfires,2026-06-09 00:15:00+00:00,40.460017,-112.410167,NASA_EONET
EONET_20396,Wildfire in Australia 1028846,Wildfires,2026-06-08 19:00:00+00:00,-12.542958938543743,134.52512083084767,NASA_EONET
EONET_20453,Wildfire in Australia 1028882,Wildfires,2026-06-08 19:00:00+00:00,-13.888573956719096,129.8112225366034,NASA_EONET
EONET_20454,Wildfire in Australia 1028883,Wildfires,2026-06-08 19:00:00+00:00,-13.615694282655037,142.8457865512442,NASA_EONET
EONET_20471,Wildfire in The Democratic Republic of Congo 1028887,Wildfires,2026-06-08 19:00:00+00:00,-6.387627825728528,20.38943562447794,NASA_EONET
EONET_20472,"Wildfire in Angola, The Democratic Republic of Congo 1028888",Wildfires,2026-06-08 19:00:00+00:00,-6.915516552869673,20.360990955119014,NASA_EONET
EONET_20473,Wildfire in The Democratic Republic of Congo 1028889,Wildfires,2026-06-08 19:00:00+00:00,-6.08684790077856,17.72810626261972,NASA_EONET
EONET_20474,Wildfire in Australia 1028901,Wildfires,2026-06-08 19:00:00+00:00,-12.912163939077049,134.16175226267382,NASA_EONET
EONET_20475,Wildfire in The Democratic Republic of Congo 1028902,Wildfires,2026-06-08 19:00:00+00:00,-6.616513217103062,26.748040007922615,NASA_EONET
EONET_20491,Wildfire in The Democratic Republic of Congo 1028908,Wildfires,2026-06-08 19:00:00+00:00,-6.243600754602707,20.273912097443365,NASA_EONET
EONET_20508,Wildfire in The Democratic Republic of Congo 1028921,Wildfires,2026-06-08 19:00:00+00:00,-6.757730775713989,20.058802697900994,NASA_EONET
EONET_20509,Wildfire in Angola 1028920,Wildfires,2026-06-08 19:00:00+00:00,-9.688364956030982,17.885014714342724,NASA_EONET
EONET_20531,Wildfire in The Democratic Republic of Congo 1028934,Wildfires,2026-06-08 19:00:00+00:00,-6.4335020244352865,20.30299778067809,NASA_EONET
EONET_20555,Wildfire in The Democratic Republic of Congo 1028950,Wildfires,2026-06-08 19:00:00+00:00,-3.698337997130901,24.466705274578647,NASA_EONET
EONET_20605,Wildfire in The Democratic Republic of Congo 1028981,Wildfires,2026-06-08 19:00:00+00:00,-3.3948850800233923,24.167111032816877,NASA_EONET
EONET_20629,Wildfire in The Democratic Republic of Congo 1028996,Wildfires,2026-06-08 19:00:00+00:00,-3.3301607527422243,24.554609415031827,NASA_EONET
EONET_20630,Wildfire in The Democratic Republic of Congo 1028997,Wildfires,2026-06-08 19:00:00+00:00,-7.553084722508263,27.619937232926002,NASA_EONET
EONET_20631,Wildfire in The Democratic Republic of Congo 1028998,Wildfires,2026-06-08 19:00:00+00:00,-3.0097623683026753,23.99425946736836,NASA_EONET
EONET_20709,Wildfire in The Democratic Republic of Congo 1029067,Wildfires,2026-06-08 19:00:00+00:00,-7.3506777887187225,27.55379494228082,NASA_EONET
EONET_20443,"PUTAH Wildfire, Yolo, California",Wildfires,2026-06-08 14:35:00+00:00,38.5148,-122.0754,NASA_EONET
EONET_21110,"Wildfire PUTAH, Yolo, California",Wildfires,2026-06-08 14:35:00+00:00,38.5148,-122.0754,NASA_EONET
EONET_20412,Tropical Storm Cristina,Severe Storms,2026-06-08 12:00:00+00:00,11.4,-87.6,NASA_EONET
EONET_20382,Tropical Storm Boris,Severe Storms,2026-06-08 06:00:00+00:00,15.7,-99.3,NASA_EONET
EONET_20423,Flood in Ukraine 1103936,Floods,2026-06-07 20:00:00+00:00,50.5959845,28.445337,NASA_EONET
EONET_20449,Flood in Nicaragua 1103938,Floods,2026-06-07 20:00:00+00:00,13.0626733,-85.3037739,NASA_EONET
EONET_20397,Wildfire in Spain 1028845,Wildfires,2026-06-07 19:00:00+00:00,37.4455641363333,-7.050197518402303,NASA_EONET
EONET_20427,Wildfire in Australia 1028868,Wildfires,2026-06-07 19:00:00+00:00,-12.510625469873531,134.5264655967462,NASA_EONET
EONET_20455,Wildfire in Australia 1028884,Wildfires,2026-06-07 19:00:00+00:00,-13.702764785320312,142.99817854527078,NASA_EONET
EONET_20476,Wildfire in The Democratic Republic of Congo 1028890,Wildfires,2026-06-07 19:00:00+00:00,-7.012596191900525,17.85124180008635,NASA_EONET
EONET_20510,"Wildfire in The Democratic Republic of Congo, Angola 1028922",Wildfires,2026-06-07 19:00:00+00:00,-6.9794019174329165,20.27717354472836,NASA_EONET
EONET_20511,Wildfire in Russian Federation 1028929,Wildfires,2026-06-07 19:00:00+00:00,59.86394130089189,89.94938407443736,NASA_EONET
EONET_20532,Wildfire in The Democratic Republic of Congo 1028935,Wildfires,2026-06-07 19:00:00+00:00,-6.867323730357275,18.98141121283332,NASA_EONET
EONET_20533,Wildfire in The Democratic Republic of Congo 1028936,Wildfires,2026-06-07 19:00:00+00:00,-6.608834165292774,17.16498017277447,NASA_EONET
EONET_20556,Wildfire in Russian Federation 1028952,Wildfires,2026-06-07 19:00:00+00:00,59.755405102594736,90.14197265738294,NASA_EONET
EONET_20557,Wildfire in The Democratic Republic of Congo 1028951,Wildfires,2026-06-07 19:00:00+00:00,-6.8793276591890455,18.995930886146013,NASA_EONET
EONET_20582,Wildfire in Angola 1028964,Wildfires,2026-06-07 19:00:00+00:00,-12.637299373764256,16.15270728313501,NASA_EONET
EONET_20632,Wildfire in Russian Federation 1029006,Wildfires,2026-06-07 19:00:00+00:00,60.308394420988755,93.54159321971866,NASA_EONET
EONET_20649,Wildfire in The Democratic Republic of Congo 1029012,Wildfires,2026-06-07 19:00:00+00:00,-6.554232491983758,26.71051026614928,NASA_EONET
EONET_20387,"Tower Wildfire, Millard, Utah",Wildfires,2026-06-07 15:24:00+00:00,39.205895,-112.164042,NASA_EONET
EONET_21014,"Wildfire Tower, Millard, Utah",Wildfires,2026-06-07 15:24:00+00:00,39.205895,-112.164042,NASA_EONET
EONET_20448,"LXR Lower Third RX 0609 Prescribed Fire, Palm Beach, Florida",Wildfires,2026-06-07 14:01:00+00:00,26.509333,-80.42115,NASA_EONET
EONET_21135,"Prescribed Fire LXR Lower Third RX 0609, Palm Beach, Florida",Wildfires,2026-06-07 14:01:00+00:00,26.509333,-80.42115,NASA_EONET
EONET_20383,"FRONTAGE Wildfire, Baker, Oregon",Wildfires,2026-06-07 00:59:00+00:00,44.327451,-117.251244,NASA_EONET
EONET_21096,"Wildfire FRONTAGE, Baker, Oregon",Wildfires,2026-06-07 00:59:00+00:00,44.327451,-117.251244,NASA_EONET
EONET_20388,"Raven Creek Wildfire, Weston, Wyoming",Wildfires,2026-06-06 20:44:00+00:00,44.084633,-105.04695,NASA_EONET
EONET_21127,"Wildfire Raven Creek, Weston, Wyoming",Wildfires,2026-06-06 20:44:00+00:00,44.084633,-105.04695,NASA_EONET
EONET_20393,Flood in Algeria 1103932,Floods,2026-06-06 20:00:00+00:00,34.9651795,1.921502,NASA_EONET
EONET_20398,Wildfire in Russian Federation 1028847,Wildfires,2026-06-06 19:00:00+00:00,58.714792770153835,91.03382905965425,NASA_EONET
EONET_20416,Wildfire in Canada 1028852,Wildfires,2026-06-06 19:00:00+00:00,51.82447471374202,-91.34815398001051,NASA_EONET
EONET_20456,Wildfire in Russian Federation 1028878,Wildfires,2026-06-06 19:00:00+00:00,57.41749120808395,103.19569675128051,NASA_EONET
EONET_20457,Wildfire in The Democratic Republic of Congo 1028871,Wildfires,2026-06-06 19:00:00+00:00,-6.465633401345252,17.706779132708295,NASA_EONET
EONET_20492,Wildfire in The Democratic Republic of Congo 1028909,Wildfires,2026-06-06 19:00:00+00:00,-6.412817095889735,19.26769975675213,NASA_EONET
EONET_20493,Wildfire in The Democratic Republic of Congo 1028910,Wildfires,2026-06-06 19:00:00+00:00,-7.118314869125766,20.705772992848562,NASA_EONET
EONET_20583,Wildfire in Russian Federation 1028961,Wildfires,2026-06-06 19:00:00+00:00,58.95845141087042,90.91589231683544,NASA_EONET
EONET_20591,Wildfire in Zambia 1028972,Wildfires,2026-06-06 19:00:00+00:00,-11.915302142711344,30.520341923154728,NASA_EONET
EONET_20592,Wildfire in Russian Federation 1028974,Wildfires,2026-06-06 19:00:00+00:00,59.73009210274871,90.09915969222966,NASA_EONET
EONET_20633,Wildfire in The Democratic Republic of Congo 1028988,Wildfires,2026-06-06 19:00:00+00:00,-1.4161272262384024,29.22588768058091,NASA_EONET
EONET_20389,"CHESTNUT Wildfire, Chelan, Washington",Wildfires,2026-06-06 14:14:00+00:00,47.793631,-120.018153,NASA_EONET
EONET_21131,"Wildfire CHESTNUT, Chelan, Washington",Wildfires,2026-06-06 14:14:00+00:00,47.793631,-120.018153,NASA_EONET
EONET_20394,Flood in China 1103933,Floods,2026-06-05 20:00:00+00:00,27.0272531,106.0346469,NASA_EONET
EONET_20414,Flood in Canada 1103935,Floods,2026-06-05 20:00:00+00:00,52.1230486,-101.2326802,NASA_EONET
EONET_20361,Wildfire in Australia 1028814,Wildfires,2026-06-05 19:00:00+00:00,-15.054523565320501,129.9542304340048,NASA_EONET
EONET_20399,Wildfire in Angola 1028835,Wildfires,2026-06-05 19:00:00+00:00,-9.352536489914506,17.361258948043318,NASA_EONET
EONET_20400,Wildfire in Zambia 1028836,Wildfires,2026-06-05 19:00:00+00:00,-14.6789700987744,26.040131540209263,NASA_EONET
EONET_20428,Wildfire in Angola 1028857,Wildfires,2026-06-05 19:00:00+00:00,-8.092475335787862,20.62517647967417,NASA_EONET
EONET_20458,Wildfire in The Democratic Republic of Congo 1028872,Wildfires,2026-06-05 19:00:00+00:00,-7.811117988856636,22.156394046551377,NASA_EONET
EONET_20459,Wildfire in Angola 1028873,Wildfires,2026-06-05 19:00:00+00:00,-7.385729102316211,20.993617540967715,NASA_EONET
EONET_20460,Wildfire in The Democratic Republic of Congo 1028874,Wildfires,2026-06-05 19:00:00+00:00,-6.05452153507025,17.6033706133616,NASA_EONET
EONET_20461,Wildfire in Australia 1028885,Wildfires,2026-06-05 19:00:00+00:00,-16.34978047236985,126.95857256412299,NASA_EONET
EONET_20477,Wildfire in The Democratic Republic of Congo 1028891,Wildfires,2026-06-05 19:00:00+00:00,-6.826744876586077,17.992982050839316,NASA_EONET
EONET_20478,Wildfire in Angola 1028892,Wildfires,2026-06-05 19:00:00+00:00,-11.114399805730676,15.836452406860555,NASA_EONET
EONET_20479,Wildfire in The Democratic Republic of Congo 1028893,Wildfires,2026-06-05 19:00:00+00:00,-6.453347716427264,17.701012126565196,NASA_EONET
EONET_20494,Wildfire in The Democratic Republic of Congo 1028911,Wildfires,2026-06-05 19:00:00+00:00,-9.78563210072899,26.97841656688816,NASA_EONET
EONET_20495,Wildfire in Angola 1028912,Wildfires,2026-06-05 19:00:00+00:00,-9.011674616485738,17.589177905568746,NASA_EONET
EONET_20496,Wildfire in Angola 1028913,Wildfires,2026-06-05 19:00:00+00:00,-9.301619667068021,17.78327340717629,NASA_EONET
EONET_20497,Wildfire in Angola 1028914,Wildfires,2026-06-05 19:00:00+00:00,-9.571962395449582,17.60181725068843,NASA_EONET
EONET_20534,Wildfire in The Democratic Republic of Congo 1028937,Wildfires,2026-06-05 19:00:00+00:00,-4.468010687138443,26.771307340301803,NASA_EONET
EONET_20535,"Wildfire in The Democratic Republic of Congo, Angola 1028938",Wildfires,2026-06-05 19:00:00+00:00,-6.956712100691025,20.010564195236253,NASA_EONET
EONET_20536,Wildfire in Angola 1028939,Wildfires,2026-06-05 19:00:00+00:00,-12.462942846424143,15.173861420214875,NASA_EONET
EONET_20390,"Blue Ridge Wildfire, Owyhee, Idaho",Wildfires,2026-06-05 16:53:00+00:00,42.65048,-115.0889,NASA_EONET
EONET_21094,"Wildfire Blue Ridge, Owyhee, Idaho",Wildfires,2026-06-05 16:53:00+00:00,42.65048,-115.0889,NASA_EONET
EONET_20385,"WALTZ Wildfire, Mariposa, California",Wildfires,2026-06-05 15:51:00+00:00,37.378149,-120.245512,NASA_EONET
EONET_21134,"Wildfire WALTZ, Mariposa, California",Wildfires,2026-06-05 15:51:00+00:00,37.378149,-120.245512,NASA_EONET
EONET_20384,"Michaud Creek Wildfire, Power, Idaho",Wildfires,2026-06-05 14:23:00+00:00,42.890667,-112.58265,NASA_EONET
EONET_21055,"Wildfire Michaud Creek, Power, Idaho",Wildfires,2026-06-05 14:23:00+00:00,42.890667,-112.58265,NASA_EONET
EONET_20359,Flood in El Salvador 1103930,Floods,2026-06-04 20:00:00+00:00,14.1145585,-89.5678141,NASA_EONET
EONET_20415,Flood in Moldova 1103934,Floods,2026-06-04 20:00:00+00:00,48.0307914,27.8212536,NASA_EONET
EONET_20424,Flood in Myanmar 1103937,Floods,2026-06-04 20:00:00+00:00,16.3432538,94.4210021,NASA_EONET
EONET_20362,Wildfire in Australia 1028815,Wildfires,2026-06-04 19:00:00+00:00,-15.219564006765175,143.02994586650624,NASA_EONET
EONET_20363,Wildfire in Australia 1028816,Wildfires,2026-06-04 19:00:00+00:00,-13.021694904045637,130.1968885344918,NASA_EONET
EONET_20364,Wildfire in Australia 1028817,Wildfires,2026-06-04 19:00:00+00:00,-14.23550621205031,130.2707522451241,NASA_EONET
EONET_20365,Wildfire in Australia 1028818,Wildfires,2026-06-04 19:00:00+00:00,-16.307214439949465,144.2140308454872,NASA_EONET
EONET_20366,Wildfire in Australia 1028819,Wildfires,2026-06-04 19:00:00+00:00,-14.294966659654877,130.131363544844,NASA_EONET
EONET_20367,Wildfire in Australia 1028820,Wildfires,2026-06-04 19:00:00+00:00,-13.45764799050963,133.18376036096967,NASA_EONET
EONET_20368,Wildfire in Australia 1028821,Wildfires,2026-06-04 19:00:00+00:00,-16.673935819579757,123.67991926466246,NASA_EONET
EONET_20401,Wildfire in Zambia 1028837,Wildfires,2026-06-04 19:00:00+00:00,-14.820858760611284,26.11366235213465,NASA_EONET
EONET_20417,Wildfire in Australia 1028853,Wildfires,2026-06-04 19:00:00+00:00,-13.5755719116473,133.31707327391308,NASA_EONET
EONET_20429,Wildfire in Australia 1028858,Wildfires,2026-06-04 19:00:00+00:00,-15.414973916225495,143.17343993764936,NASA_EONET
EONET_20430,Wildfire in The Democratic Republic of Congo 1028859,Wildfires,2026-06-04 19:00:00+00:00,-6.452711330545597,17.569077922390193,NASA_EONET
EONET_20431,Wildfire in Angola 1028860,Wildfires,2026-06-04 19:00:00+00:00,-8.746477168652278,15.529083992829834,NASA_EONET
EONET_20432,Wildfire in The Democratic Republic of Congo 1028862,Wildfires,2026-06-04 19:00:00+00:00,-10.517759349800487,27.39778205813461,NASA_EONET
EONET_20433,Wildfire in The Democratic Republic of Congo 1028863,Wildfires,2026-06-04 19:00:00+00:00,-6.013761457474938,19.506482954804692,NASA_EONET
EONET_20434,Wildfire in Australia 1028856,Wildfires,2026-06-04 19:00:00+00:00,-11.752225208422207,131.0241337950745,NASA_EONET
EONET_20435,Wildfire in The Democratic Republic of Congo 1028861,Wildfires,2026-06-04 19:00:00+00:00,-7.433940326857716,22.902466626393952,NASA_EONET
EONET_20436,Wildfire in Australia 1028869,Wildfires,2026-06-04 19:00:00+00:00,-14.326811160943622,129.46927418264738,NASA_EONET
EONET_20480,Wildfire in The Democratic Republic of Congo 1028894,Wildfires,2026-06-04 19:00:00+00:00,-6.9130528893794025,20.832256387775164,NASA_EONET
EONET_20498,Wildfire in The Democratic Republic of Congo 1028915,Wildfires,2026-06-04 19:00:00+00:00,-8.177629368540392,27.118619454317518,NASA_EONET
EONET_20537,Wildfire in Australia 1028943,Wildfires,2026-06-04 19:00:00+00:00,-11.752064717660964,130.83243670955906,NASA_EONET
EONET_20634,Wildfire in The Democratic Republic of Congo 1028999,Wildfires,2026-06-04 19:00:00+00:00,-3.403476081165128,24.19291686894958,NASA_EONET
EONET_20386,"Kopshesut Wildfire, Northwest Arctic, Alaska",Wildfires,2026-06-04 18:04:00+00:00,7.0,189.0,NASA_EONET
EONET_21054,"Wildfire Kopshesut, Northwest Arctic, Alaska",Wildfires,2026-06-04 18:04:00+00:00,67.0921,-157.932883,NASA_EONET
EONET_20391,"MOXEE ORCHARD Wildfire, Yakima, Washington",Wildfires,2026-06-04 17:25:00+00:00,3.0,1.0,NASA_EONET
EONET_21040,"Wildfire MOXEE ORCHARD, Yakima, Washington",Wildfires,2026-06-04 17:25:00+00:00,46.52368,-120.077137,NASA_EONET
EONET_20307,Wildfire in Australia 1028796,Wildfires,2026-06-03 19:00:00+00:00,-17.369367859861384,132.7523038289055,NASA_EONET
EONET_20308,Wildfire in Australia 1028797,Wildfires,2026-06-03 19:00:00+00:00,-13.895211211711127,142.15273242776942,NASA_EONET
EONET_20309,Wildfire in Australia 1028798,Wildfires,2026-06-03 19:00:00+00:00,-16.50588801142647,124.07613498652385,NASA_EONET
EONET_20310,Wildfire in Australia 1028799,Wildfires,2026-06-03 19:00:00+00:00,-17.51524713200459,132.56226838918568,NASA_EONET
EONET_20311,Wildfire in Australia 1028800,Wildfires,2026-06-03 19:00:00+00:00,-13.797714544311868,141.9949505232911,NASA_EONET
EONET_20312,Wildfire in Australia 1028801,Wildfires,2026-06-03 19:00:00+00:00,-17.41487124498152,132.55364512208183,NASA_EONET
EONET_20313,Wildfire in Australia 1028802,Wildfires,2026-06-03 19:00:00+00:00,-13.973929142991677,142.07113010471645,NASA_EONET
EONET_20369,Wildfire in Australia 1028822,Wildfires,2026-06-03 19:00:00+00:00,-11.375264540592182,132.05394049493174,NASA_EONET
EONET_20370,Wildfire in Australia 1028823,Wildfires,2026-06-03 19:00:00+00:00,-11.2777529980323,132.23052937793645,NASA_EONET
EONET_20371,Wildfire in Australia 1028824,Wildfires,2026-06-03 19:00:00+00:00,-16.034401509191184,126.25146525477895,NASA_EONET
EONET_20372,Wildfire in Australia 1028825,Wildfires,2026-06-03 19:00:00+00:00,-16.049504579424887,143.5927322163538,NASA_EONET
EONET_20373,Wildfire in Australia 1028826,Wildfires,2026-06-03 19:00:00+00:00,-15.123444223299503,143.20210889059328,NASA_EONET
EONET_20374,Wildfire in Australia 1028827,Wildfires,2026-06-03 19:00:00+00:00,-16.60382455651507,124.29170563603878,NASA_EONET
EONET_20375,Wildfire in Australia 1028828,Wildfires,2026-06-03 19:00:00+00:00,-13.759872387490944,132.3198697796752,NASA_EONET
EONET_20402,Wildfire in Angola 1028839,Wildfires,2026-06-03 19:00:00+00:00,-9.110235252629199,17.456064022371894,NASA_EONET
EONET_20403,Wildfire in Australia 1028843,Wildfires,2026-06-03 19:00:00+00:00,-16.040853054437452,143.8935485977655,NASA_EONET
EONET_20404,Wildfire in Australia 1028844,Wildfires,2026-06-03 19:00:00+00:00,-14.469095949130937,130.26062853193358,NASA_EONET
EONET_20405,Wildfire in The Democratic Republic of Congo 1028838,Wildfires,2026-06-03 19:00:00+00:00,-6.891303769360591,18.569772009237028,NASA_EONET
EONET_20406,Wildfire in The Democratic Republic of Congo 1028840,Wildfires,2026-06-03 19:00:00+00:00,-6.7813572714056285,18.38642852187685,NASA_EONET
EONET_20418,Wildfire in Australia 1028854,Wildfires,2026-06-03 19:00:00+00:00,-14.512338712273545,130.1614077980302,NASA_EONET
EONET_20419,Wildfire in The Democratic Republic of Congo 1028848,Wildfires,2026-06-03 19:00:00+00:00,-6.193491403449282,17.662098082238508,NASA_EONET
EONET_20437,Wildfire in Australia 1028870,Wildfires,2026-06-03 19:00:00+00:00,-14.22572657354444,126.16850796557334,NASA_EONET
EONET_20438,Wildfire in The Democratic Republic of Congo 1028864,Wildfires,2026-06-03 19:00:00+00:00,-6.5216864903808505,17.640980048862392,NASA_EONET
EONET_20462,Wildfire in Angola 1028875,Wildfires,2026-06-03 19:00:00+00:00,-9.37102147761233,17.367372226198555,NASA_EONET
EONET_20463,Wildfire in Angola 1028876,Wildfires,2026-06-03 19:00:00+00:00,-9.205245724284271,17.682050975572384,NASA_EONET
EONET_20464,Wildfire in Angola 1028877,Wildfires,2026-06-03 19:00:00+00:00,-12.400162402726387,16.67529531061703,NASA_EONET
EONET_20481,Wildfire in Australia 1028903,Wildfires,2026-06-03 19:00:00+00:00,-11.384492716745807,131.1273628635092,NASA_EONET
EONET_20482,Wildfire in The Democratic Republic of Congo 1028895,Wildfires,2026-06-03 19:00:00+00:00,-6.264576908180467,17.623182560637478,NASA_EONET
EONET_20483,Wildfire in The Democratic Republic of Congo 1028896,Wildfires,2026-06-03 19:00:00+00:00,-6.677760427288557,17.99994601778303,NASA_EONET
EONET_20512,Wildfire in Angola 1028923,Wildfires,2026-06-03 19:00:00+00:00,-9.254566574480705,17.913144380515106,NASA_EONET
EONET_20538,Wildfire in Angola 1028940,Wildfires,2026-06-03 19:00:00+00:00,-9.559420458491225,17.581232331103273,NASA_EONET
EONET_20584,Wildfire in The Democratic Republic of Congo 1028965,Wildfires,2026-06-03 19:00:00+00:00,-6.825099686363638,17.793573706931713,NASA_EONET
EONET_20441,"ROSE BAY CANAL Wildfire, Hyde, North Carolina",Wildfires,2026-06-03 16:39:00+00:00,35.482,-76.34346667,NASA_EONET
EONET_21062,"Wildfire ROSE BAY CANAL, Hyde, North Carolina",Wildfires,2026-06-03 16:39:00+00:00,35.482,-76.34346667,NASA_EONET
EONET_20299,Tropical Storm Amanda,Severe Storms,2026-06-03 12:00:00+00:00,10.4,-127.9,NASA_EONET
EONET_20302,Flood in Croatia 1103925,Floods,2026-06-02 20:00:00+00:00,43.5116383,16.4399659,NASA_EONET
EONET_20303,Flood in Poland 1103926,Floods,2026-06-02 20:00:00+00:00,50.0661004,18.5941478,NASA_EONET
EONET_20304,Flood in Slovenia 1103927,Floods,2026-06-02 20:00:00+00:00,46.5221445,16.1312973,NASA_EONET
EONET_20305,Flood in South Africa 1103929,Floods,2026-06-02 20:00:00+00:00,-33.912907,24.849839,NASA_EONET
EONET_20360,Flood in Russia 1103931,Floods,2026-06-02 20:00:00+00:00,44.9624541,37.896802,NASA_EONET
EONET_20314,Wildfire in Australia 1028741,Wildfires,2026-06-02 19:00:00+00:00,-11.362833028414553,132.0370484453872,NASA_EONET
EONET_20315,Wildfire in Australia 1028803,Wildfires,2026-06-02 19:00:00+00:00,-16.83983952738409,124.65104835100455,NASA_EONET
EONET_20316,Wildfire in Australia 1028804,Wildfires,2026-06-02 19:00:00+00:00,-15.596883166085508,125.74059478473441,NASA_EONET
EONET_20376,Wildfire in Australia 1028829,Wildfires,2026-06-02 19:00:00+00:00,-16.6364566542346,124.52540258609132,NASA_EONET
EONET_20439,Wildfire in The Democratic Republic of Congo 1028865,Wildfires,2026-06-02 19:00:00+00:00,-6.168891048835783,17.514425866184368,NASA_EONET
EONET_20300,"BORDER 6 Wildfire, San Diego, California",Wildfires,2026-06-01 21:10:00+00:00,32.56692,-116.76388,NASA_EONET
EONET_20294,Flood in Italy 1103923,Floods,2026-06-01 20:00:00+00:00,45.5703694,9.7732524,NASA_EONET
EONET_20306,Flood in Honduras 1103928,Floods,2026-06-01 20:00:00+00:00,15.4936387,-88.007767,NASA_EONET
EONET_20317,Wildfire in Australia 1028805,Wildfires,2026-06-01 19:00:00+00:00,-11.60008280391735,131.26705462663213,NASA_EONET
EONET_20318,Wildfire in Australia 1028806,Wildfires,2026-06-01 19:00:00+00:00,-11.352401957027949,132.3755848758743,NASA_EONET
EONET_20407,Wildfire in The Democratic Republic of Congo 1028841,Wildfires,2026-06-01 19:00:00+00:00,-6.638978547297458,18.19285483336016,NASA_EONET
EONET_20295,Flood in Colombia 1103924,Floods,2026-05-31 20:00:00+00:00,5.2295674,-75.7878384,NASA_EONET
EONET_20377,Wildfire in The Democratic Republic of Congo 1028831,Wildfires,2026-05-31 19:00:00+00:00,-6.573190436881871,18.017013271488697,NASA_EONET
EONET_20378,Wildfire in India 1028830,Wildfires,2026-05-31 19:00:00+00:00,21.84448418414697,82.67436957186071,NASA_EONET
EONET_20420,Wildfire in Angola 1028849,Wildfires,2026-05-31 19:00:00+00:00,-9.463057296670613,17.635598076074903,NASA_EONET
EONET_20421,Wildfire in The Democratic Republic of Congo 1028850,Wildfires,2026-05-31 19:00:00+00:00,-6.58601300093102,18.470361532527782,NASA_EONET
EONET_20440,Wildfire in The Democratic Republic of Congo 1028866,Wildfires,2026-05-31 19:00:00+00:00,-7.515051860566954,17.660808317698052,NASA_EONET
EONET_20287,"HAYSTACK BUTTE Wildfire, Klickitat, Washington",Wildfires,2026-05-30 20:21:00+00:00,45.665397,-120.930004,NASA_EONET
EONET_20293,Flood in Austria 1103921,Floods,2026-05-30 20:00:00+00:00,47.5000001,16.4166666,NASA_EONET
EONET_20296,Flood in New Zealand 1103922,Floods,2026-05-30 20:00:00+00:00,-41.3748768,173.1065596,NASA_EONET
EONET_20319,Wildfire in Australia 1028742,Wildfires,2026-05-30 19:00:00+00:00,-12.33534047580761,131.09765011007448,NASA_EONET
EONET_20320,Wildfire in Canada 1028807,Wildfires,2026-05-30 19:00:00+00:00,50.272118507706104,-89.82858524857066,NASA_EONET
EONET_20321,Wildfire in Australia 1028808,Wildfires,2026-05-30 19:00:00+00:00,-13.548575242765597,130.71229362188674,NASA_EONET
EONET_20539,Wildfire in Angola 1028941,Wildfires,2026-05-30 19:00:00+00:00,-9.474445666242504,17.960292611390344,NASA_EONET
EONET_20286,"BRANTLEY 2 Wildfire, Eddy, New Mexico",Wildfires,2026-05-30 12:20:00+00:00,32.611733,-104.3555,NASA_EONET
EONET_20409,"Telica Volcano, Nicaragua",Volcanoes,2026-05-30 00:00:00+00:00,12.606,-86.84,NASA_EONET
EONET_20280,Flood in Belgium 1103918,Floods,2026-05-29 20:00:00+00:00,50.4025053,4.5762789,NASA_EONET
EONET_20322,Wildfire in Australia 1028743,Wildfires,2026-05-29 19:00:00+00:00,-13.268664367243337,142.62256046321673,NASA_EONET
EONET_20422,Wildfire in The Democratic Republic of Congo 1028851,Wildfires,2026-05-29 19:00:00+00:00,-6.459269267668596,18.093616365957658,NASA_EONET
EONET_20392,"Ivao Group Volcano, Russia",Volcanoes,2026-05-29 00:00:00+00:00,45.7593,149.6762,NASA_EONET
EONET_20281,Flood in Germany 1103919,Floods,2026-05-28 20:00:00+00:00,50.938361,6.959974,NASA_EONET
EONET_20323,Wildfire in Australia 1028809,Wildfires,2026-05-28 19:00:00+00:00,-14.750755885148862,142.84633841496867,NASA_EONET
EONET_20324,Wildfire in Australia 1028745,Wildfires,2026-05-28 19:00:00+00:00,-21.981517029101013,125.40811554464233,NASA_EONET
EONET_20325,Wildfire in The Democratic Republic of Congo 1028746,Wildfires,2026-05-28 19:00:00+00:00,-5.086980570352907,16.173416744012727,NASA_EONET
EONET_20326,Wildfire in Australia 1028744,Wildfires,2026-05-28 19:00:00+00:00,-21.747679296817974,125.0188221770998,NASA_EONET
EONET_20285,"Anticline Wildfire, Wibaux, Montana",Wildfires,2026-05-28 16:23:00+00:00,46.748483,-104.567317,NASA_EONET
EONET_20290,"KALKASKA-RX 61150021 Fletcher Unit 2 Prescribed Fire, Kalkaska, Michigan",Wildfires,2026-05-28 15:33:00+00:00,44.51933255,-84.92062679,NASA_EONET
EONET_20279,Typhoon Jangmi,Severe Storms,2026-05-28 06:00:00+00:00,13.1,135.9,NASA_EONET
EONET_20395,"Titan Ridge Volcano, Papua New Guinea",Volcanoes,2026-05-28 00:00:00+00:00,-3.03,147.78,NASA_EONET
EONET_20282,Flood in India 1103917,Floods,2026-05-27 20:00:00+00:00,29.9856799,77.5040646,NASA_EONET
EONET_20327,Wildfire in Australia 1028751,Wildfires,2026-05-27 19:00:00+00:00,-13.885231911986239,133.73542173529714,NASA_EONET
EONET_20328,Wildfire in Australia 1028752,Wildfires,2026-05-27 19:00:00+00:00,-14.15624194065917,130.57400120238384,NASA_EONET
EONET_20329,Wildfire in Australia 1028753,Wildfires,2026-05-27 19:00:00+00:00,-13.221480963964952,130.74625490944638,NASA_EONET
EONET_20330,Wildfire in The Democratic Republic of Congo 1028747,Wildfires,2026-05-27 19:00:00+00:00,-6.213663770244057,17.97331965486655,NASA_EONET
EONET_20331,Wildfire in Bolivia 1028755,Wildfires,2026-05-27 19:00:00+00:00,-16.71105895831123,-59.76501381727981,NASA_EONET
EONET_20379,Wildfire in The Democratic Republic of Congo 1028832,Wildfires,2026-05-27 19:00:00+00:00,-6.201648870222201,19.399001522803818,NASA_EONET
EONET_20301,"Bradshaw Wildfire, Powder River, Montana",Wildfires,2026-05-26 23:30:00+00:00,45.0612,-105.96236,NASA_EONET
EONET_20288,"RA 1 ELMORE CO Wildfire, Elmore, Idaho",Wildfires,2026-05-26 23:06:00+00:00,43.105174,-115.717052,NASA_EONET
EONET_20283,Flood in Mexico 1103911,Floods,2026-05-26 20:00:00+00:00,20.9670759,-89.6237402,NASA_EONET
EONET_20332,Wildfire in Australia 1028756,Wildfires,2026-05-26 19:00:00+00:00,-13.059656417159022,130.777907946716,NASA_EONET
EONET_20333,Wildfire in Australia 1028759,Wildfires,2026-05-26 19:00:00+00:00,-17.26240024718232,122.50806645508709,NASA_EONET
EONET_20334,Wildfire in Australia 1028760,Wildfires,2026-05-26 19:00:00+00:00,-12.659510116197815,130.8025232259915,NASA_EONET
EONET_20335,Wildfire in The Democratic Republic of Congo 1028810,Wildfires,2026-05-26 19:00:00+00:00,-5.517046713973583,17.773837968438894,NASA_EONET
EONET_20380,Wildfire in Angola 1028833,Wildfires,2026-05-26 19:00:00+00:00,-9.640864811763691,17.654605569768226,NASA_EONET
EONET_20291,"WOODY MULTIPLE Wildfire, Roosevelt, New Mexico",Wildfires,2026-05-26 17:19:00+00:00,34.096027,-103.829045,NASA_EONET
EONET_20254,"Black Ridge Wildfire, Lincoln, Idaho",Wildfires,2026-05-25 20:50:00+00:00,43.050333,-113.935667,NASA_EONET
EONET_20251,"Dewoff Wildfire, Blaine, Idaho",Wildfires,2026-05-25 20:35:00+00:00,42.67045,-113.248133,NASA_EONET
EONET_20284,Flood in Libya 1103916,Floods,2026-05-25 20:00:00+00:00,24.5351182,15.2592288,NASA_EONET
EONET_20252,"0231 ZEN Wildfire, Wasco, Oregon",Wildfires,2026-05-25 19:11:00+00:00,44.85563,-120.43789,NASA_EONET
EONET_20336,Wildfire in Canada 1028765,Wildfires,2026-05-25 19:00:00+00:00,60.44014545060089,-113.26521064736005,NASA_EONET
EONET_20337,Wildfire in The Democratic Republic of Congo 1028772,Wildfires,2026-05-25 19:00:00+00:00,-5.125393202537397,18.101266365649817,NASA_EONET
EONET_20338,Wildfire in Brazil 1028767,Wildfires,2026-05-25 19:00:00+00:00,-10.793254902945947,-46.92486506527449,NASA_EONET
EONET_20339,Wildfire in Canada 1028771,Wildfires,2026-05-25 19:00:00+00:00,53.21863502340539,-102.87012616355274,NASA_EONET
EONET_20340,Wildfire in Australia 1028762,Wildfires,2026-05-25 19:00:00+00:00,-12.959616506862735,142.7645150920568,NASA_EONET
EONET_20341,Wildfire in The Democratic Republic of Congo 1028770,Wildfires,2026-05-25 19:00:00+00:00,-5.714818623225173,18.990546323334932,NASA_EONET
EONET_20257,"Egberts Wildfire, Elko, Nevada",Wildfires,2026-05-25 17:55:00+00:00,40.9655,-115.0565,NASA_EONET
EONET_20250,"Summit Creek Wildfire, Cassia, Idaho",Wildfires,2026-05-25 16:59:00+00:00,42.17555,-113.73075,NASA_EONET
EONET_20258,"Kinyon Springs Wildfire, Owyhee, Idaho",Wildfires,2026-05-25 16:44:00+00:00,42.734717,-115.244683,NASA_EONET
EONET_20297,Flood in South Korea 1103910,Floods,2026-05-24 20:00:00+00:00,33.3076683,126.6907475,NASA_EONET
EONET_20268,Wildfire in The Democratic Republic of Congo 1028728,Wildfires,2026-05-24 19:00:00+00:00,-5.373714140865309,17.81524438581159,NASA_EONET
EONET_20342,Wildfire in The Democratic Republic of Congo 1028775,Wildfires,2026-05-24 19:00:00+00:00,-5.681953290028032,17.738467343430962,NASA_EONET
EONET_20343,Wildfire in Australia 1028779,Wildfires,2026-05-24 19:00:00+00:00,-15.015645604102765,143.28247889358354,NASA_EONET
EONET_20344,Wildfire in Australia 1028773,Wildfires,2026-05-24 19:00:00+00:00,-14.277282525360853,131.18609089546234,NASA_EONET
EONET_20345,Wildfire in The Democratic Republic of Congo 1028774,Wildfires,2026-05-24 19:00:00+00:00,-5.64179820850962,17.63905956892807,NASA_EONET
EONET_20346,Wildfire in The Democratic Republic of Congo 1028777,Wildfires,2026-05-24 19:00:00+00:00,-5.429179232807133,17.57980978391949,NASA_EONET
EONET_20347,Wildfire in The Democratic Republic of Congo 1028811,Wildfires,2026-05-24 19:00:00+00:00,-5.688081034513141,17.721871489533445,NASA_EONET
EONET_20348,Wildfire in The Democratic Republic of Congo 1028812,Wildfires,2026-05-24 19:00:00+00:00,-7.46471601583368,17.4846174491078,NASA_EONET
EONET_20349,Wildfire in The Democratic Republic of Congo 1028813,Wildfires,2026-05-24 19:00:00+00:00,-3.9677065628467463,23.920488233235368,NASA_EONET
EONET_20381,Wildfire in The Democratic Republic of Congo 1028834,Wildfires,2026-05-24 19:00:00+00:00,-7.563009620651489,17.55889807823435,NASA_EONET
EONET_20408,Wildfire in Angola 1028842,Wildfires,2026-05-24 19:00:00+00:00,-9.674556803342067,17.83230838177842,NASA_EONET
EONET_20259,"MILE MARKER 44 FIRE - BROWARD Wildfire, Broward, Florida",Wildfires,2026-05-23 21:26:00+00:00,26.0994444,-80.7791667,NASA_EONET
EONET_20277,Flood in Georgia 1103909,Floods,2026-05-23 20:00:00+00:00,41.6875091,44.8422377,NASA_EONET
EONET_20350,Wildfire in The Democratic Republic of Congo 1028783,Wildfires,2026-05-23 19:00:00+00:00,-5.6881222704973835,18.16747539287398,NASA_EONET
EONET_20351,Wildfire in Bolivia 1028785,Wildfires,2026-05-23 19:00:00+00:00,-16.662397230043233,-59.63085377248564,NASA_EONET
EONET_20352,Wildfire in Angola 1028784,Wildfires,2026-05-23 19:00:00+00:00,-9.33579349194863,17.683978809052334,NASA_EONET
EONET_20353,Wildfire in The Democratic Republic of Congo 1028782,Wildfires,2026-05-23 19:00:00+00:00,-5.967294781807939,20.327924772030773,NASA_EONET
EONET_20247,"MOORE Wildfire, Ada, Idaho",Wildfires,2026-05-23 18:43:00+00:00,43.297695,-116.388095,NASA_EONET
EONET_20253,"COUNTRY MEADOW Wildfire, Benton, Washington",Wildfires,2026-05-23 17:39:00+00:00,46.16526,-119.33745,NASA_EONET
EONET_20263,"340 Wildfire, Wakulla, Florida",Wildfires,2026-05-23 16:29:00+00:00,30.053136,-84.565664,NASA_EONET
EONET_20249,"Mile Marker 44 Wildfire, Broward, Florida",Wildfires,2026-05-23 15:44:00+00:00,26.15,-80.766667,NASA_EONET
EONET_20260,"Quartz Wildfire, Pershing, Nevada",Wildfires,2026-05-23 15:06:00+00:00,40.709867,-118.014333,NASA_EONET
EONET_20262,"Thousand Wildfire, Northwest Arctic, Alaska",Wildfires,2026-05-23 11:59:00+00:00,66.435,-159.286667,NASA_EONET
EONET_20256,"WaWa 2 Wildfire, Highlands, Florida",Wildfires,2026-05-23 09:28:00+00:00,27.644633,-81.2598,NASA_EONET
EONET_20266,Flood in Vietnam 1103896,Floods,2026-05-22 20:00:00+00:00,11.6614957,108.1335279,NASA_EONET
EONET_20298,Flood in Brazil 1103912,Floods,2026-05-22 20:00:00+00:00,-21.1351354,-41.6798294,NASA_EONET
EONET_20269,Wildfire in The Democratic Republic of Congo 1028729,Wildfires,2026-05-22 19:00:00+00:00,-5.330567210357869,18.23897483971346,NASA_EONET
EONET_20270,Wildfire in The Democratic Republic of Congo 1028730,Wildfires,2026-05-22 19:00:00+00:00,-6.5399609338671505,25.505444617185287,NASA_EONET
EONET_20271,Wildfire in Canada 1028731,Wildfires,2026-05-22 19:00:00+00:00,60.38368129177281,-113.01827207233447,NASA_EONET
EONET_20354,Wildfire in The Democratic Republic of Congo 1028788,Wildfires,2026-05-22 19:00:00+00:00,-6.307069603165492,29.05375513545092,NASA_EONET
EONET_20355,Wildfire in The Democratic Republic of Congo 1028787,Wildfires,2026-05-22 19:00:00+00:00,-3.4506784802319133,23.97917845319516,NASA_EONET
EONET_20356,Wildfire in The Democratic Republic of Congo 1028789,Wildfires,2026-05-22 19:00:00+00:00,-7.359283690719712,17.49243412191907,NASA_EONET
EONET_20357,Wildfire in Australia 1028790,Wildfires,2026-05-22 19:00:00+00:00,-13.153248534203144,142.89387777846727,NASA_EONET
EONET_20264,"Shell Wildfire, Lake, Florida",Wildfires,2026-05-22 10:24:00+00:00,29.073833,-81.507167,NASA_EONET
EONET_20261,"Trigg Wildfire, San Miguel, New Mexico",Wildfires,2026-05-21 23:07:00+00:00,35.53034,-103.948693,NASA_EONET
EONET_20246,Flood in Bulgaria 1103894,Floods,2026-05-21 20:00:00+00:00,42.8155165,24.9073116,NASA_EONET
EONET_20267,Flood in Kyrgyzstan 1103895,Floods,2026-05-21 20:00:00+00:00,40.7068689,72.8799131,NASA_EONET
EONET_20278,Flood in Romania 1103908,Floods,2026-05-21 20:00:00+00:00,44.69891,23.683459,NASA_EONET
EONET_20243,Flood in Moldova 1103891,Floods,2026-05-20 20:00:00+00:00,47.3269772,28.2215511,NASA_EONET
EONET_20244,Flood in Peru 1103892,Floods,2026-05-20 20:00:00+00:00,-10.4868888,-76.5421611,NASA_EONET
EONET_20222,Wildfire in Australia 1028722,Wildfires,2026-05-20 19:00:00+00:00,-14.079938543695741,127.08583841737595,NASA_EONET
EONET_20223,Wildfire in Australia 1028723,Wildfires,2026-05-20 19:00:00+00:00,-13.432791549240818,130.85516217326855,NASA_EONET
EONET_20272,Wildfire in Australia 1028734,Wildfires,2026-05-20 19:00:00+00:00,-14.395079151721243,127.28871376473819,NASA_EONET
EONET_20273,Wildfire in Australia 1028732,Wildfires,2026-05-20 19:00:00+00:00,-13.996061003364874,130.29750869749816,NASA_EONET
EONET_20358,Wildfire in Australia 1028795,Wildfires,2026-05-20 19:00:00+00:00,-13.747335715837423,132.22948110788172,NASA_EONET
EONET_20230,"DeSoto BB 8374 S RX Prescribed Fire, Harrison, Mississippi",Wildfires,2026-05-20 11:12:00+00:00,30.673333,-89.035278,NASA_EONET
EONET_20229,"Chickasawhay CPT 451 452 RX Prescribed Fire, Greene, Mississippi",Wildfires,2026-05-20 09:22:00+00:00,31.4154,-88.6597,NASA_EONET
EONET_20231,"CADDUGGEN Wildfire, Carteret, North Carolina",Wildfires,2026-05-20 07:59:00+00:00,34.926008,-76.385286,NASA_EONET
EONET_20236,"Rifle Range Rd Wildfire, Collier, Florida",Wildfires,2026-05-19 22:10:00+00:00,26.1155556,-81.6369444,NASA_EONET
EONET_20245,Flood in Afghanistan 1103890,Floods,2026-05-19 20:00:00+00:00,36.8040254,71.367658,NASA_EONET
EONET_20232,"Foothill Wildfire, Santa Barbara, California",Wildfires,2026-05-19 19:16:00+00:00,34.8297222,-119.6036111,NASA_EONET
EONET_20274,Wildfire in Australia 1028735,Wildfires,2026-05-19 19:00:00+00:00,-19.197877222629973,146.04159820700096,NASA_EONET
EONET_20238,"MTZ/SDU/TUSIL Wildfire, San Diego, California",Wildfires,2026-05-19 16:17:00+00:00,32.732894,-116.362754,NASA_EONET
EONET_20235,"TUSIL Wildfire, San Diego, California",Wildfires,2026-05-19 16:01:00+00:00,2.0,50.0,NASA_EONET
EONET_20234,"VERONA Wildfire, Riverside, California",Wildfires,2026-05-19 15:21:00+00:00,33.76272,-117.08441,NASA_EONET
EONET_20233,"BAIN Wildfire, Riverside, California",Wildfires,2026-05-19 15:16:00+00:00,33.975363,-117.505889,NASA_EONET
EONET_20289,"Sunfish Rx Prescribed Fire, Cook, Minnesota",Wildfires,2026-05-19 12:05:00+00:00,47.989121,-90.152327,NASA_EONET
EONET_20241,"DeSoto BB 7310 S RX Prescribed Fire, Perry, Mississippi",Wildfires,2026-05-19 10:02:00+00:00,31.024444,-88.857778,NASA_EONET
EONET_20240,"Chickasawhay CPT 366 RX Prescribed Fire, Wayne, Mississippi",Wildfires,2026-05-19 09:35:00+00:00,31.4618,-88.9338,NASA_EONET
EONET_20242,"RX WINN BU  24 Prescribed Fire, Winn, Louisiana",Wildfires,2026-05-19 08:51:00+00:00,32.056667,-92.841389,NASA_EONET
EONET_20218,Flood in United States 1103888,Floods,2026-05-18 20:00:00+00:00,39.0750538,-85.387185,NASA_EONET
EONET_20219,Flood in Russia 1103889,Floods,2026-05-18 20:00:00+00:00,44.8930113,41.0263622,NASA_EONET
EONET_20153,"Kress Wildfire, Swisher, Texas",Wildfires,2026-05-18 19:06:00+00:00,34.38652018,-101.7812159,NASA_EONET
EONET_20208,Wildfire in Australia 1028712,Wildfires,2026-05-18 19:00:00+00:00,-13.344203293002213,130.44587190269715,NASA_EONET
EONET_20224,Wildfire in Russian Federation 1028720,Wildfires,2026-05-18 19:00:00+00:00,51.1427156261384,130.29075617711356,NASA_EONET
EONET_20275,Wildfire in Russian Federation 1028737,Wildfires,2026-05-18 19:00:00+00:00,51.37012913280218,134.83438172334533,NASA_EONET
EONET_20158,"Sailor Cap Wildfire, Owyhee, Idaho",Wildfires,2026-05-18 17:49:00+00:00,42.734486,-115.531217,NASA_EONET
EONET_20157,"SANDY Wildfire, Ventura, California",Wildfires,2026-05-18 13:21:00+00:00,34.250088,-118.743684,NASA_EONET
EONET_20159,"RIVER Wildfire, Kern, California",Wildfires,2026-05-18 12:05:00+00:00,35.4458333,-118.7891667,NASA_EONET
EONET_20239,"Chickasawhay CPT 400 RX Prescribed Fire, Wayne, Mississippi",Wildfires,2026-05-18 09:55:00+00:00,31.5193,-88.8018,NASA_EONET
EONET_20172,"RX WINN BU 114 Prescribed Fire, Grant, Louisiana",Wildfires,2026-05-18 08:58:00+00:00,31.749722,-92.483333,NASA_EONET
EONET_20185,"RANGE Wildfire, Roosevelt, New Mexico",Wildfires,2026-05-17 21:18:00+00:00,34.32746,-103.91635,NASA_EONET
EONET_20207,Flood in Australia 1103887,Floods,2026-05-17 20:00:00+00:00,-28.277991,152.7069221,NASA_EONET
EONET_20148,Wildfire in Russian Federation 1028709,Wildfires,2026-05-17 19:00:00+00:00,53.2390541766539,128.12530081097609,NASA_EONET
EONET_20209,Wildfire in Russian Federation 1028714,Wildfires,2026-05-17 19:00:00+00:00,51.730029977416294,129.18103920743823,NASA_EONET
EONET_20210,Wildfire in Zambia 1028710,Wildfires,2026-05-17 19:00:00+00:00,-14.285040452712572,26.262433963080674,NASA_EONET
EONET_20211,Wildfire in Zambia 1028711,Wildfires,2026-05-17 19:00:00+00:00,-14.413189025132388,26.268116686699088,NASA_EONET
EONET_20225,Wildfire in Australia 1028721,Wildfires,2026-05-17 19:00:00+00:00,-17.2198755463267,144.7779983177372,NASA_EONET
EONET_20152,"Stinky Wildfire, Potter, Texas",Wildfires,2026-05-17 18:24:00+00:00,35.225011,-102.0169,NASA_EONET
EONET_20160,"Blue Diamond Wildfire, Oldham, Texas",Wildfires,2026-05-17 18:04:00+00:00,5.0,3.0,NASA_EONET
EONET_20154,"AIR FORCE Wildfire, Elmore, Idaho",Wildfires,2026-05-17 16:35:00+00:00,43.08601,-115.875225,NASA_EONET
EONET_20162,"Sharpe Wildfire, Baca, Colorado",Wildfires,2026-05-17 15:37:00+00:00,3.0,203.0,NASA_EONET
EONET_20167,"Proffitt Lake Wildfire, Meade, Kansas",Wildfires,2026-05-17 15:00:00+00:00,37.2162,-100.1141,NASA_EONET
EONET_20151,"Axtell Anceney Rd and Cottontail Rd Wildfire, Gallatin, Montana",Wildfires,2026-05-17 14:05:00+00:00,45.602087,-111.283273,NASA_EONET
EONET_20194,"APQ Area 13 RX 0516 Prescribed Fire, Highlands, Florida",Wildfires,2026-05-17 09:52:00+00:00,27.621983,-81.327217,NASA_EONET
EONET_20411,"Kikai Volcano, Japan",Volcanoes,2026-05-17 00:00:00+00:00,30.793,130.305,NASA_EONET
EONET_20163,"Sharpe Wildfire, Cimarron, Oklahoma",Wildfires,2026-05-16 20:54:00+00:00,36.8933333,-102.6666667,NASA_EONET
EONET_20149,Wildfire in Mexico 1028708,Wildfires,2026-05-16 19:00:00+00:00,18.395251541969007,-91.6768392436938,NASA_EONET
EONET_20212,Wildfire in Russian Federation 1028716,Wildfires,2026-05-16 19:00:00+00:00,53.126181892840805,126.8825917998332,NASA_EONET
EONET_20192,"Ballard Wildfire, Baca, Colorado",Wildfires,2026-05-16 16:32:00+00:00,37.01868,-102.318569,NASA_EONET
EONET_20161,"Flanders Wildfire, Crow Wing, Minnesota",Wildfires,2026-05-16 14:45:00+00:00,46.598218,-94.081924,NASA_EONET
EONET_20183,"DeSoto BB 8366 2 RX Prescribed Fire, Harrison, Mississippi",Wildfires,2026-05-16 11:04:00+00:00,30.671667,-88.995,NASA_EONET
EONET_20165,"Tex-OK Wildfire, Cimarron, Oklahoma",Wildfires,2026-05-16 09:28:00+00:00,36.6363889,-102.4322222,NASA_EONET
EONET_20197,"Chickasawhay CPT 441 RX Prescribed Fire, Wayne, Mississippi",Wildfires,2026-05-16 09:19:00+00:00,31.4806,-88.6589,NASA_EONET
EONET_20410,"Bezymianny Volcano, Russia",Volcanoes,2026-05-16 00:00:00+00:00,55.972,160.595,NASA_EONET
EONET_20168,"Comanche Wildfire, Motley, Texas",Wildfires,2026-05-15 23:00:00+00:00,34.298988,-100.52482,NASA_EONET
EONET_20170,"Wolf Canyon OK Wildfire, Beaver, Oklahoma",Wildfires,2026-05-15 22:09:00+00:00,36.9980556,-100.6252778,NASA_EONET
EONET_20173,"Meade Lake Wildfire, Meade, Kansas",Wildfires,2026-05-15 22:04:00+00:00,60.0,50.0,NASA_EONET
EONET_20169,"Cadilac Wildfire, Beaver, Oklahoma",Wildfires,2026-05-15 21:57:00+00:00,36.94,-100.5897222,NASA_EONET
EONET_20195,"RITA BLANCA UNIT 32 Wildfire, Dallam, Texas",Wildfires,2026-05-15 21:33:00+00:00,36.372305,-102.692407,NASA_EONET
EONET_20130,Flood in Malaysia 1103884,Floods,2026-05-15 20:00:00+00:00,1.6220942,103.4352428,NASA_EONET
EONET_20201,"Mustache Wildfire, Haskell, Texas",Wildfires,2026-05-15 19:05:00+00:00,33.32611111,-99.98472222,NASA_EONET
EONET_20120,Wildfire in Australia 1028685,Wildfires,2026-05-15 19:00:00+00:00,-19.751295418428242,123.43446484057527,NASA_EONET
EONET_20144,Wildfire in Russian Federation 1028704,Wildfires,2026-05-15 19:00:00+00:00,51.07718504675828,130.098891477159,NASA_EONET
EONET_20213,Wildfire in Russian Federation 1028717,Wildfires,2026-05-15 19:00:00+00:00,53.52457101279437,127.24899341187633,NASA_EONET
EONET_20214,Wildfire in Russian Federation 1028718,Wildfires,2026-05-15 19:00:00+00:00,53.25027332001921,128.10589128228332,NASA_EONET
EONET_20215,Wildfire in Russian Federation 1028715,Wildfires,2026-05-15 19:00:00+00:00,52.46473641000432,130.5321449676253,NASA_EONET
EONET_20226,Wildfire in Australia 1028724,Wildfires,2026-05-15 19:00:00+00:00,-13.813198491723643,131.64761669904883,NASA_EONET
EONET_20181,"Ox Bow Wildfire, Hall, Texas",Wildfires,2026-05-15 18:51:00+00:00,34.500099,-100.78035,NASA_EONET
EONET_20193,"Western Wildfire, Randall, Texas",Wildfires,2026-05-15 17:56:00+00:00,34.88270125,-101.9380031,NASA_EONET
EONET_20164,"Ballard Wildfire, Cimarron, Oklahoma",Wildfires,2026-05-15 17:32:00+00:00,36.9572222,-102.3725,NASA_EONET
EONET_20171,"Herman Ranch Wildfire, Clark, Kansas",Wildfires,2026-05-15 17:31:00+00:00,30.0,15.0,NASA_EONET
EONET_20196,"County Rd 51 Wildfire, Baca, Colorado",Wildfires,2026-05-15 16:24:00+00:00,37.371833,-102.129333,NASA_EONET
EONET_20179,"Cherokee Wildfire, Briscoe, Texas",Wildfires,2026-05-15 14:37:00+00:00,34.60333333,-101.0180556,NASA_EONET
EONET_20175,"Chocolate Chip Wildfire, Randall, Texas",Wildfires,2026-05-15 14:21:00+00:00,34.78675,-102.0996833,NASA_EONET
EONET_20182,"Chainey Mountain Wildfire, Hall, Texas",Wildfires,2026-05-15 13:55:00+00:00,34.39444444,-100.5130556,NASA_EONET
EONET_20150,"Santa Rosa Island Wildfire, Santa Barbara, California",Wildfires,2026-05-15 12:25:00+00:00,33.917233,-120.086061,NASA_EONET
EONET_20180,"River Wildfire, Morton, Kansas",Wildfires,2026-05-15 08:56:00+00:00,37.220033,-101.626533,NASA_EONET
EONET_20178,"Windmill Wildfire, Morton, Kansas",Wildfires,2026-05-15 08:55:00+00:00,37.219417,-101.5922,NASA_EONET
EONET_20200,"Crooked Cook Wildfire, Motley, Texas",Wildfires,2026-05-15 02:01:00+00:00,34.011822,-100.8350875,NASA_EONET
EONET_20174,"Line Wildfire, Oldham, Texas",Wildfires,2026-05-15 01:52:00+00:00,35.607533,-103.040997,NASA_EONET
EONET_20198,"Roman Wildfire, Hartley, Texas",Wildfires,2026-05-15 00:15:00+00:00,35.71846,-102.86812,NASA_EONET
EONET_20220,Iceberg B51,Sea and Lake Ice,2026-05-15 00:00:00+00:00,-74.22,-130.63,NASA_EONET
EONET_20221,Iceberg D15D,Sea and Lake Ice,2026-05-15 00:00:00+00:00,-67.28,79.31,NASA_EONET
EONET_20190,"McBride Wildfire, Carson, Texas",Wildfires,2026-05-14 21:33:00+00:00,35.514808,-101.508259,NASA_EONET
EONET_20191,"State Line Wildfire, Baca, Colorado",Wildfires,2026-05-14 21:22:00+00:00,37.010118,-102.369778,NASA_EONET
EONET_20199,"Shifty Wildfire, Potter, Texas",Wildfires,2026-05-14 21:16:00+00:00,35.47352,-101.952543,NASA_EONET
EONET_20187,"Line Wildfire, Quay, New Mexico",Wildfires,2026-05-14 20:17:00+00:00,35.4584,-103.1274,NASA_EONET
EONET_20131,Flood in China 1103883,Floods,2026-05-14 20:00:00+00:00,23.6677535,121.4249152,NASA_EONET
EONET_20143,Flood in Austria 1103885,Floods,2026-05-14 20:00:00+00:00,47.2305949,13.3316861,NASA_EONET
EONET_20166,"Hunggate Wildfire, Randall, Texas",Wildfires,2026-05-14 19:40:00+00:00,34.94155,-101.9550667,NASA_EONET
EONET_20105,Wildfire in United States 1028672,Wildfires,2026-05-14 19:00:00+00:00,37.197671995410765,-100.38334532167714,NASA_EONET
EONET_20121,Wildfire in United States 1028683,Wildfires,2026-05-14 19:00:00+00:00,34.808158559859805,-102.01086858034392,NASA_EONET
EONET_20122,Wildfire in Australia 1028686,Wildfires,2026-05-14 19:00:00+00:00,-13.69126062764022,131.8691580061589,NASA_EONET
EONET_20123,Wildfire in Russian Federation 1028687,Wildfires,2026-05-14 19:00:00+00:00,51.64208007928278,127.99719995276007,NASA_EONET
EONET_20124,Wildfire in Australia 1028688,Wildfires,2026-05-14 19:00:00+00:00,-20.04220316929763,122.94931244479291,NASA_EONET
EONET_20132,Wildfire in Russian Federation 1028693,Wildfires,2026-05-14 19:00:00+00:00,50.59027367609757,130.06241299339536,NASA_EONET
EONET_20133,Wildfire in Russian Federation 1028694,Wildfires,2026-05-14 19:00:00+00:00,51.12721594752604,129.77651446490114,NASA_EONET
EONET_20134,Wildfire in Russian Federation 1028698,Wildfires,2026-05-14 19:00:00+00:00,52.3677017870064,127.46169578032473,NASA_EONET
EONET_20135,Wildfire in Russian Federation 1028699,Wildfires,2026-05-14 19:00:00+00:00,53.16625542566782,126.71509082251842,NASA_EONET
EONET_20227,Wildfire in Russian Federation 1028725,Wildfires,2026-05-14 19:00:00+00:00,53.11318280958348,126.18992870670553,NASA_EONET
EONET_20228,Wildfire in Russian Federation 1028726,Wildfires,2026-05-14 19:00:00+00:00,53.57330046008464,127.11482436252628,NASA_EONET
EONET_20202,"RANGE Wildfire, Monterey, California",Wildfires,2026-05-14 18:19:00+00:00,35.829565,-120.811504,NASA_EONET
EONET_20155,"51 Wildfire, Morton, Kansas",Wildfires,2026-05-14 18:17:00+00:00,37.18058,-101.655228,NASA_EONET
EONET_20186,"Mimms Wildfire, Quay, New Mexico",Wildfires,2026-05-14 18:06:00+00:00,34.818397,-103.934566,NASA_EONET
EONET_20098,"Eagle Lake Fire Wildfire, Hancock, Iowa",Wildfires,2026-05-14 11:04:00+00:00,43.11279415,-93.72348843,NASA_EONET
EONET_20204,"DeSoto BB 8366 RX Prescribed Fire, Harrison, Mississippi",Wildfires,2026-05-14 09:54:00+00:00,30.673,-88.9959,NASA_EONET
EONET_20206,"Chickasawhay CPT 439 441 RX Prescribed Fire, Wayne, Mississippi",Wildfires,2026-05-14 09:35:00+00:00,31.4818,-88.6767,NASA_EONET
EONET_20156,"SEVEN CABINS Wildfire, Lincoln, New Mexico",Wildfires,2026-05-14 07:42:00+00:00,200.0,14.0,NASA_EONET
EONET_20095,"Ash Pole Wildfire, Dawes, Nebraska",Wildfires,2026-05-14 03:26:00+00:00,42.626352,-103.2415,NASA_EONET
EONET_20189,"Rochelle 2 Wildfire, Converse, Wyoming",Wildfires,2026-05-13 22:52:00+00:00,43.49225,-105.2177,NASA_EONET
EONET_20094,"NEURALIA Wildfire, Kern, California",Wildfires,2026-05-13 20:02:00+00:00,35.235788,-117.98596,NASA_EONET
EONET_20093,"Pasadena Valley Wildfire, Elmore, Idaho",Wildfires,2026-05-13 19:45:00+00:00,42.9622,-115.260567,NASA_EONET
EONET_20177,"Jericho Creek Wildfire, Powell, Montana",Wildfires,2026-05-13 19:12:00+00:00,46.477333,-112.340167,NASA_EONET
EONET_20086,Wildfire in Australia 1028667,Wildfires,2026-05-13 19:00:00+00:00,-13.456114038889064,131.79236738189468,NASA_EONET
EONET_20106,Wildfire in Australia 1028673,Wildfires,2026-05-13 19:00:00+00:00,-18.96981762255115,121.92913504786449,NASA_EONET
EONET_20107,Wildfire in Australia 1028674,Wildfires,2026-05-13 19:00:00+00:00,-13.875708913432849,130.53677188297763,NASA_EONET
EONET_20108,Wildfire in Australia 1028675,Wildfires,2026-05-13 19:00:00+00:00,-13.817645727177345,130.30444207482282,NASA_EONET
EONET_20125,Wildfire in Australia 1028689,Wildfires,2026-05-13 19:00:00+00:00,-14.985855734913807,130.25845324881533,NASA_EONET
EONET_20126,Wildfire in Russian Federation 1028690,Wildfires,2026-05-13 19:00:00+00:00,53.10412386698627,126.63118756606825,NASA_EONET
EONET_20136,Wildfire in Russian Federation 1028700,Wildfires,2026-05-13 19:00:00+00:00,53.23450441177846,127.26342187929095,NASA_EONET
EONET_20137,Wildfire in United States 1028701,Wildfires,2026-05-13 19:00:00+00:00,33.62704563689134,-105.32614451177328,NASA_EONET
EONET_20138,Wildfire in Australia 1028702,Wildfires,2026-05-13 19:00:00+00:00,-13.430320746975607,131.6562650276136,NASA_EONET
EONET_20139,Wildfire in Russian Federation 1028703,Wildfires,2026-05-13 19:00:00+00:00,53.10899693454384,126.61684631041277,NASA_EONET
EONET_20145,"Wildfire in Russian Federation, China 1028706",Wildfires,2026-05-13 19:00:00+00:00,53.177187965477316,124.8397974964825,NASA_EONET
EONET_20146,Wildfire in Russian Federation 1028707,Wildfires,2026-05-13 19:00:00+00:00,53.37462266696996,126.87957635049635,NASA_EONET
EONET_20216,Wildfire in Honduras 1028713,Wildfires,2026-05-13 19:00:00+00:00,14.529362734481753,-86.99300095092552,NASA_EONET
EONET_20096,"Wild Horse Wildfire, Millard, Utah",Wildfires,2026-05-13 17:08:00+00:00,39.46574,-112.24211,NASA_EONET
EONET_20255,"NW SANDS BLOCK A RX Prescribed Fire, Bayfield, Wisconsin",Wildfires,2026-05-13 11:37:00+00:00,46.617832,-91.299747,NASA_EONET
EONET_20099,"RX WINN BU 113 Prescribed Fire, Grant, Louisiana",Wildfires,2026-05-13 09:44:00+00:00,31.746,-92.5188,NASA_EONET
EONET_20104,Flood in Bangladesh 1103878,Floods,2026-05-12 20:00:00+00:00,25.1222567,90.3395618,NASA_EONET
EONET_20117,Flood in Thailand 1103881,Floods,2026-05-12 20:00:00+00:00,16.3293171,100.9552749,NASA_EONET
EONET_20118,Flood in Philippines 1103880,Floods,2026-05-12 20:00:00+00:00,6.6191395,124.748923,NASA_EONET
EONET_20119,Flood in Yemen 1103882,Floods,2026-05-12 20:00:00+00:00,13.757808,43.767179,NASA_EONET
EONET_20079,Wildfire in Mongolia 1028659,Wildfires,2026-05-12 19:00:00+00:00,46.150031412685685,115.26586196942249,NASA_EONET
EONET_20080,Wildfire in Australia 1028660,Wildfires,2026-05-12 19:00:00+00:00,-15.26705737894975,130.04341236141457,NASA_EONET
EONET_20081,Wildfire in Australia 1028661,Wildfires,2026-05-12 19:00:00+00:00,-17.481468911731803,124.99125948398067,NASA_EONET
EONET_20082,Wildfire in Mongolia 1028662,Wildfires,2026-05-12 19:00:00+00:00,46.219615163796476,115.3636154473448,NASA_EONET
EONET_20087,Wildfire in Mongolia 1028664,Wildfires,2026-05-12 19:00:00+00:00,46.12433205693335,115.93974122527986,NASA_EONET
EONET_20088,Wildfire in Mongolia 1028665,Wildfires,2026-05-12 19:00:00+00:00,46.2194365580596,116.20144466073535,NASA_EONET
EONET_20089,Wildfire in Russian Federation 1028668,Wildfires,2026-05-12 19:00:00+00:00,48.69157827612376,133.84258065529383,NASA_EONET
EONET_20109,Wildfire in Australia 1028676,Wildfires,2026-05-12 19:00:00+00:00,-17.831033493470862,124.78156254665315,NASA_EONET
EONET_20110,Wildfire in Russian Federation 1028677,Wildfires,2026-05-12 19:00:00+00:00,50.81927492180209,130.19977916541788,NASA_EONET
EONET_20140,Wildfire in Venezuela 1028696,Wildfires,2026-05-12 19:00:00+00:00,8.560291672044102,-62.68101781290886,NASA_EONET
EONET_20217,Wildfire in Russian Federation 1028719,Wildfires,2026-05-12 19:00:00+00:00,50.99943792070505,132.35787773547557,NASA_EONET
EONET_20205,"Stotz RX Prescribed Fire, Edmunds, South Dakota",Wildfires,2026-05-12 11:12:00+00:00,45.3842,-99.5704,NASA_EONET
EONET_20083,Wildfire in Russian Federation 1028663,Wildfires,2026-05-11 19:00:00+00:00,50.88973956922919,130.05909878101764,NASA_EONET
EONET_20111,Wildfire in Australia 1028678,Wildfires,2026-05-11 19:00:00+00:00,-14.518219006069257,131.09070646072618,NASA_EONET
EONET_20112,Wildfire in Australia 1028679,Wildfires,2026-05-11 19:00:00+00:00,-14.619709722124625,130.80178883109085,NASA_EONET
EONET_20113,Wildfire in Russian Federation 1028680,Wildfires,2026-05-11 19:00:00+00:00,50.432387211683604,136.7702449319372,NASA_EONET
EONET_20097,"Teal Wildfire, Sheridan, Montana",Wildfires,2026-05-11 18:23:00+00:00,48.46517,-104.49667,NASA_EONET
EONET_20061,"rx-Young 1 Prescribed Fire, Jefferson, Wisconsin",Wildfires,2026-05-11 13:22:00+00:00,42.8455985,-88.630401,NASA_EONET
EONET_20062,"MAX ROAD (06) Wildfire, Broward, Florida",Wildfires,2026-05-11 10:01:00+00:00,25.9602778,-80.4538889,NASA_EONET
EONET_20060,"NIKE Wildfire, Grant, Washington",Wildfires,2026-05-11 09:33:00+00:00,46.766217,-119.590383,NASA_EONET
EONET_20064,"Rx Upshur 3999 Prescribed Fire, Upshur, Texas",Wildfires,2026-05-11 09:09:00+00:00,32.758815,-95.04077,NASA_EONET
EONET_20101,"Peterson Road RX Prescribed Fire, Benzie, Michigan",Wildfires,2026-05-11 08:45:00+00:00,44.72,-86.0925,NASA_EONET
EONET_20046,Wildfire in Australia 1028641,Wildfires,2026-05-10 19:00:00+00:00,-13.651743831070458,129.84838608555242,NASA_EONET
EONET_20071,Wildfire in Australia 1028653,Wildfires,2026-05-10 19:00:00+00:00,-14.972754530773363,130.57707218271906,NASA_EONET
EONET_20084,Wildfire in Liberia 1028657,Wildfires,2026-05-10 19:00:00+00:00,7.240466395620291,-8.710936648138546,NASA_EONET
EONET_20085,Wildfire in Australia 1028658,Wildfires,2026-05-10 19:00:00+00:00,-14.927106740785918,130.6061606601242,NASA_EONET
EONET_20114,Wildfire in Australia 1028681,Wildfires,2026-05-10 19:00:00+00:00,-13.467438100468017,130.19392579941587,NASA_EONET
EONET_20115,Wildfire in Russian Federation 1028682,Wildfires,2026-05-10 19:00:00+00:00,52.7514135021746,127.16092171654721,NASA_EONET
EONET_20141,Wildfire in Bolivia 1028697,Wildfires,2026-05-10 19:00:00+00:00,-16.709293931523792,-59.7676583158346,NASA_EONET
EONET_20147,Wildfire in Russian Federation 1028705,Wildfires,2026-05-10 19:00:00+00:00,53.43072948167629,126.75945665160107,NASA_EONET
EONET_20276,Wildfire in Russian Federation 1028740,Wildfires,2026-05-10 19:00:00+00:00,51.440538244205186,135.0051385380359,NASA_EONET
EONET_20063,"Rothi East RX Prescribed Fire, Big Stone, Minnesota",Wildfires,2026-05-10 11:34:00+00:00,45.32005,-96.27005,NASA_EONET
EONET_20066,"Lasso Loop RX Prescribed Fire, Benzie, Michigan",Wildfires,2026-05-10 09:04:00+00:00,44.729167,-86.091389,NASA_EONET
EONET_20078,Flood in Pakistan 1103877,Floods,2026-05-09 20:00:00+00:00,33.712802,71.2678805,NASA_EONET
EONET_20047,Wildfire in Russian Federation 1028642,Wildfires,2026-05-09 19:00:00+00:00,48.933340435084276,134.79097474455511,NASA_EONET
EONET_20048,Wildfire in Australia 1028643,Wildfires,2026-05-09 19:00:00+00:00,-15.16969454241287,130.34633440049444,NASA_EONET
EONET_20049,Wildfire in Australia 1028644,Wildfires,2026-05-09 19:00:00+00:00,-15.183332742661614,130.53267646724606,NASA_EONET
EONET_20050,Wildfire in Russian Federation 1028645,Wildfires,2026-05-09 19:00:00+00:00,48.69831367072151,133.4298293990992,NASA_EONET
EONET_20051,Wildfire in Russian Federation 1028646,Wildfires,2026-05-09 19:00:00+00:00,49.00053247817513,130.7415591566258,NASA_EONET
EONET_20052,Wildfire in Russian Federation 1028636,Wildfires,2026-05-09 19:00:00+00:00,50.78228184364474,129.8058278059038,NASA_EONET
EONET_20053,Wildfire in Russian Federation 1028639,Wildfires,2026-05-09 19:00:00+00:00,50.78109374615009,129.6826143409722,NASA_EONET
EONET_20072,Wildfire in Australia 1028654,Wildfires,2026-05-09 19:00:00+00:00,-15.487845981489718,130.52835867542342,NASA_EONET
EONET_20127,Wildfire in Australia 1028691,Wildfires,2026-05-09 19:00:00+00:00,-15.058321396883604,130.11558744892565,NASA_EONET
EONET_20069,"BRITE Wildfire, Kern, California",Wildfires,2026-05-09 17:20:00+00:00,35.3419444,-119.4958333,NASA_EONET
EONET_20030,Wildfire in Australia 1028625,Wildfires,2026-05-08 19:00:00+00:00,-13.342250460840775,131.4131795186518,NASA_EONET
EONET_20054,Wildfire in Russian Federation 1028647,Wildfires,2026-05-08 19:00:00+00:00,48.673722177061215,134.06579457062483,NASA_EONET
EONET_20116,Wildfire in Ethiopia 1028671,Wildfires,2026-05-08 19:00:00+00:00,8.147583849771289,33.451143066775444,NASA_EONET
EONET_20128,Wildfire in Australia 1028692,Wildfires,2026-05-08 19:00:00+00:00,-14.10092004947227,132.0862481134685,NASA_EONET
EONET_20237,"Jesson WPA RX Prescribed Fire, Spink, South Dakota",Wildfires,2026-05-08 10:26:00+00:00,44.774,-98.658,NASA_EONET
EONET_20070,"Big Neal RX Prescribed Fire, Bath, Virginia",Wildfires,2026-05-08 10:02:00+00:00,38.12855,-79.817083,NASA_EONET
EONET_20413,"Langila Volcano, Papua New Guinea",Volcanoes,2026-05-08 00:00:00+00:00,-5.525,148.42,NASA_EONET
EONET_20041,Flood in Argentina 1103873,Floods,2026-05-07 20:00:00+00:00,-36.3789925,-60.3855889,NASA_EONET
EONET_20002,"PINE MOUNTAIN Wildfire, Deschutes, Oregon",Wildfires,2026-05-07 19:20:00+00:00,43.810294,-120.917759,NASA_EONET
EONET_20015,Wildfire in Australia 1028620,Wildfires,2026-05-07 19:00:00+00:00,-14.025392519275973,131.16852681765567,NASA_EONET
EONET_20031,Wildfire in Australia 1028626,Wildfires,2026-05-07 19:00:00+00:00,-13.895313992734815,131.14875112949,NASA_EONET
EONET_20034,Wildfire in Russian Federation 1028629,Wildfires,2026-05-07 19:00:00+00:00,50.63524853574603,128.8979404027909,NASA_EONET
EONET_20035,Wildfire in Australia 1028630,Wildfires,2026-05-07 19:00:00+00:00,-14.060600505185867,130.9939002760516,NASA_EONET
EONET_20055,Wildfire in Russian Federation 1028648,Wildfires,2026-05-07 19:00:00+00:00,49.98513565580457,129.39595147430856,NASA_EONET
EONET_20056,Wildfire in Russian Federation 1028640,Wildfires,2026-05-07 19:00:00+00:00,48.041983740213034,134.96974461571318,NASA_EONET
EONET_20057,Wildfire in Russian Federation 1028637,Wildfires,2026-05-07 19:00:00+00:00,48.60949356348599,133.1046647725562,NASA_EONET
EONET_20129,Wildfire in Nicaragua 1028684,Wildfires,2026-05-07 19:00:00+00:00,13.625179765007273,-84.19125602339801,NASA_EONET
EONET_20142,Wildfire in Australia 1028695,Wildfires,2026-05-07 19:00:00+00:00,-14.072038604034494,130.76674510426176,NASA_EONET
EONET_20065,"CANYON Wildfire, Kern, California",Wildfires,2026-05-07 14:24:00+00:00,35.50478,-117.8589,NASA_EONET
EONET_20006,"ANF Shearwood Creek C-86 RX Prescribed Fire, Jasper, Texas",Wildfires,2026-05-07 09:11:00+00:00,31.060417,-94.2227,NASA_EONET
EONET_20042,Flood in Mexico 1103874,Floods,2026-05-06 20:00:00+00:00,25.6802019,-100.315258,NASA_EONET
EONET_20043,Flood in Canada 1103875,Floods,2026-05-06 20:00:00+00:00,64.0942558,-139.45673,NASA_EONET
EONET_19993,Wildfire in Australia 1028603,Wildfires,2026-05-06 19:00:00+00:00,-13.383485926924346,131.0408199856968,NASA_EONET
EONET_20032,Wildfire in Australia 1028627,Wildfires,2026-05-06 19:00:00+00:00,-14.151669894084192,130.8404100343506,NASA_EONET
EONET_20036,Wildfire in Australia 1028631,Wildfires,2026-05-06 19:00:00+00:00,-18.57568651296382,134.16536512467022,NASA_EONET
EONET_20037,Wildfire in Australia 1028632,Wildfires,2026-05-06 19:00:00+00:00,-34.1310302383751,115.72527541501296,NASA_EONET
EONET_20073,Wildfire in Russian Federation 1028651,Wildfires,2026-05-06 19:00:00+00:00,48.054761160855506,132.80631500451895,NASA_EONET
EONET_20009,"rx-Lapham Good Oak 2026 Prescribed Fire, Waukesha, Wisconsin",Wildfires,2026-05-06 10:23:00+00:00,43.0403647,-88.3992015,NASA_EONET
EONET_19986,Tropical Storm Hagupit,Severe Storms,2026-05-06 00:00:00+00:00,7.6,147.5,NASA_EONET
EONET_20003,"SOUTH CANAL Wildfire, Lafayette, Florida",Wildfires,2026-05-05 20:55:00+00:00,29.8519444,-83.1752778,NASA_EONET
EONET_20044,Flood in Austria 1103872,Floods,2026-05-05 20:00:00+00:00,48.25,14.0,NASA_EONET
EONET_19988,Wildfire in Australia 1028597,Wildfires,2026-05-05 19:00:00+00:00,-13.104546497336973,131.56132942547575,NASA_EONET
EONET_19994,Wildfire in Australia 1028604,Wildfires,2026-05-05 19:00:00+00:00,-17.0860641550682,136.42042088482225,NASA_EONET
EONET_19995,Wildfire in Australia 1028605,Wildfires,2026-05-05 19:00:00+00:00,-18.772818748552407,121.87729032225377,NASA_EONET
EONET_19996,Wildfire in Australia 1028606,Wildfires,2026-05-05 19:00:00+00:00,-19.009556669405498,128.6013681273512,NASA_EONET
EONET_19997,Wildfire in Australia 1028607,Wildfires,2026-05-05 19:00:00+00:00,-19.92369924466763,122.83557546766521,NASA_EONET
EONET_20016,Wildfire in Australia 1028611,Wildfires,2026-05-05 19:00:00+00:00,-18.784841229480442,121.89814150264529,NASA_EONET
EONET_20017,Wildfire in Australia 1028612,Wildfires,2026-05-05 19:00:00+00:00,-19.709242796201547,123.21188983574001,NASA_EONET
EONET_20018,Wildfire in Australia 1028613,Wildfires,2026-05-05 19:00:00+00:00,-19.0957908114197,128.68882029515223,NASA_EONET
EONET_20019,Wildfire in Australia 1028621,Wildfires,2026-05-05 19:00:00+00:00,-14.393322859715036,130.22602722036126,NASA_EONET
EONET_20020,Wildfire in Australia 1028622,Wildfires,2026-05-05 19:00:00+00:00,-17.066895811485693,136.26978057632846,NASA_EONET
EONET_20033,Wildfire in Australia 1028628,Wildfires,2026-05-05 19:00:00+00:00,-19.210952775999015,135.0007533645601,NASA_EONET
EONET_20038,Wildfire in Australia 1028633,Wildfires,2026-05-05 19:00:00+00:00,-13.299132339151559,131.41677209271853,NASA_EONET
EONET_20074,Wildfire in Australia 1028655,Wildfires,2026-05-05 19:00:00+00:00,-19.715262594924617,128.9724276288434,NASA_EONET
EONET_20090,Wildfire in Australia 1028669,Wildfires,2026-05-05 19:00:00+00:00,-13.44386830860772,131.86537813779796,NASA_EONET
EONET_20091,Wildfire in Australia 1028670,Wildfires,2026-05-05 19:00:00+00:00,-13.26540247894932,131.7606189932516,NASA_EONET
EONET_20004,"LOCHLOOSA WEST Wildfire, Alachua, Florida",Wildfires,2026-05-05 14:33:00+00:00,29.5297222,-82.1758333,NASA_EONET
EONET_20012,"Hog Farm Wildfire, Woodward, Oklahoma",Wildfires,2026-05-05 10:39:00+00:00,36.2888889,-99.0419444,NASA_EONET
EONET_20045,Flood in Italy 1103871,Floods,2026-05-04 20:00:00+00:00,43.0570991,11.6072307,NASA_EONET
EONET_19998,Wildfire in Australia 1028608,Wildfires,2026-05-04 19:00:00+00:00,-15.332140974268999,133.3182092252431,NASA_EONET
EONET_19999,Wildfire in Australia 1028601,Wildfires,2026-05-04 19:00:00+00:00,-18.841035396944534,121.8510658459255,NASA_EONET
EONET_20039,Wildfire in Australia 1028634,Wildfires,2026-05-04 19:00:00+00:00,-19.88619151229209,122.3281755423874,NASA_EONET
EONET_20058,Wildfire in Australia 1028638,Wildfires,2026-05-04 19:00:00+00:00,-17.120108406491646,128.0100372111213,NASA_EONET
EONET_20075,Wildfire in Australia 1028656,Wildfires,2026-05-04 19:00:00+00:00,-14.234896697470893,130.18065995645705,NASA_EONET
EONET_20092,Wildfire in Nicaragua 1028666,Wildfires,2026-05-04 19:00:00+00:00,13.714191222543171,-86.64934804684316,NASA_EONET
EONET_20014,"Arkansas River Wildfire, Edwards, Kansas",Wildfires,2026-05-04 13:33:00+00:00,37.85316,-99.45739,NASA_EONET
EONET_19969,"311 Konza Wildfire, Geary, Kansas",Wildfires,2026-05-04 13:19:00+00:00,39.066264,-96.576,NASA_EONET
EONET_19972,"Black Rush Lake RX Prescribed Fire, Swift, Minnesota",Wildfires,2026-05-04 11:05:00+00:00,45.3272,-95.9166,NASA_EONET
EONET_19970,"32nd Avenue Wildfire, Rolette, North Dakota",Wildfires,2026-05-04 10:38:00+00:00,48.856667,-99.985,NASA_EONET
EONET_20248,"Chickasawhay CPT 363 RX Prescribed Fire, Jones, Mississippi",Wildfires,2026-05-04 09:50:00+00:00,31.5088,-88.9858,NASA_EONET
EONET_19989,Wildfire in Australia 1028598,Wildfires,2026-05-03 19:00:00+00:00,-16.862561533511723,132.7158964631746,NASA_EONET
EONET_19990,Wildfire in Australia 1028599,Wildfires,2026-05-03 19:00:00+00:00,-16.887030934294277,132.84726431539835,NASA_EONET
EONET_20000,Wildfire in Australia 1028609,Wildfires,2026-05-03 19:00:00+00:00,-16.09852175478471,132.02662639675208,NASA_EONET
EONET_20021,Wildfire in Australia 1028614,Wildfires,2026-05-03 19:00:00+00:00,-17.494531724187553,122.26137960006398,NASA_EONET
EONET_20022,Wildfire in Australia 1028623,Wildfires,2026-05-03 19:00:00+00:00,-13.691360411499348,132.72798449765668,NASA_EONET
EONET_20023,Wildfire in Australia 1028624,Wildfires,2026-05-03 19:00:00+00:00,-13.880488471519282,132.5626853564392,NASA_EONET
EONET_20024,Wildfire in Australia 1028615,Wildfires,2026-05-03 19:00:00+00:00,-13.678378187436817,132.7297595331603,NASA_EONET
EONET_20040,Wildfire in Russian Federation 1028635,Wildfires,2026-05-03 19:00:00+00:00,48.314985577853,132.69525003678726,NASA_EONET
EONET_20059,Wildfire in China 1028649,Wildfires,2026-05-03 19:00:00+00:00,47.65753882975982,127.06931833701505,NASA_EONET
EONET_20076,Wildfire in India 1028650,Wildfires,2026-05-03 19:00:00+00:00,16.14502840441099,80.76887730675446,NASA_EONET
EONET_19973,"TOWER Wildfire, Kern, California",Wildfires,2026-05-03 18:27:00+00:00,35.3644444,-118.8036111,NASA_EONET
EONET_19971,"AFM - Hazen Wildfire, Maricopa, Arizona",Wildfires,2026-05-02 22:36:00+00:00,33.345111,-112.612123,NASA_EONET
EONET_19979,"Flood in Kenya, Mongolia 1103868",Floods,2026-05-02 20:00:00+00:00,-1.5327802,39.5503242709742,NASA_EONET
EONET_19987,Flood in Uganda 1103869,Floods,2026-05-02 20:00:00+00:00,0.7407633,34.1026752,NASA_EONET
EONET_19965,Wildfire in Australia 1028585,Wildfires,2026-05-02 19:00:00+00:00,-21.628684702198726,122.24867134680905,NASA_EONET
EONET_20025,Wildfire in The Democratic Republic of Congo 1028610,Wildfires,2026-05-02 19:00:00+00:00,0.10074549333688644,24.2701782730395,NASA_EONET
EONET_20026,Wildfire in Mexico 1028618,Wildfires,2026-05-02 19:00:00+00:00,20.93914350396166,-104.17187599366487,NASA_EONET
EONET_20077,Wildfire in Russian Federation 1028652,Wildfires,2026-05-02 19:00:00+00:00,46.916690118301226,134.1972409572776,NASA_EONET
EONET_19974,"Guide Wildfire, Oglala Lakota, South Dakota",Wildfires,2026-05-02 18:52:00+00:00,43.266956,-102.905231,NASA_EONET
EONET_19960,Flood in Germany 1103862,Floods,2026-05-01 20:00:00+00:00,51.3331205,6.5623343,NASA_EONET
EONET_20184,"2026 JBER Prescribed RX Burn Prescribed Fire, Anchorage, Alaska",Wildfires,2026-05-01 19:25:00+00:00,61.255148,-149.695544,NASA_EONET
EONET_19981,Wildfire in Guinea 1028592,Wildfires,2026-05-01 19:00:00+00:00,11.040158143573121,-13.702051501273695,NASA_EONET
EONET_19991,Wildfire in Australia 1028600,Wildfires,2026-05-01 19:00:00+00:00,-17.669121729034654,123.81610269043011,NASA_EONET
EONET_19975,"Mio Prairie RX Prescribed Fire, Oscoda, Michigan",Wildfires,2026-05-01 14:22:00+00:00,44.544066,-84.217672,NASA_EONET
EONET_19977,"rx-82 Prescribed Fire, Burnett, Wisconsin",Wildfires,2026-05-01 13:29:00+00:00,45.8940373,-92.5961834,NASA_EONET
EONET_20008,"Burbank B RX Prescribed Fire, Kandiyohi, Minnesota",Wildfires,2026-05-01 09:58:00+00:00,45.3875,-94.919444,NASA_EONET
EONET_19961,Flood in Tajikistan 1103861,Floods,2026-04-30 20:00:00+00:00,40.123264,70.6134164,NASA_EONET
EONET_19962,Flood in Algeria 1103863,Floods,2026-04-30 20:00:00+00:00,35.1733735,3.9276122,NASA_EONET
EONET_19963,Flood in Democratic Republic of Congo 1103864,Floods,2026-04-30 20:00:00+00:00,-3.4055866,29.1375509,NASA_EONET
EONET_19964,Flood in South Africa 1103865,Floods,2026-04-30 20:00:00+00:00,-27.1774223,26.1125347,NASA_EONET
EONET_19980,Flood in Uzbekistan 1103867,Floods,2026-04-30 20:00:00+00:00,40.4379858,70.6039542,NASA_EONET
EONET_19982,Wildfire in Russian Federation 1028593,Wildfires,2026-04-30 19:00:00+00:00,49.422486747503925,136.33076148536452,NASA_EONET
EONET_19983,Wildfire in Australia 1028594,Wildfires,2026-04-30 19:00:00+00:00,-17.783947768827105,123.04010690008734,NASA_EONET
EONET_20027,Wildfire in Mexico 1028619,Wildfires,2026-04-30 19:00:00+00:00,18.295845103631944,-101.46309689304091,NASA_EONET
EONET_20013,"Black Diamond 1B RX Prescribed Fire, Lewis and Clark, Montana",Wildfires,2026-04-30 18:33:00+00:00,46.984333,-112.51,NASA_EONET
EONET_19934,"Buzzard Feather Wildfire, Roosevelt, Montana",Wildfires,2026-04-30 12:53:00+00:00,48.52908,-105.55355,NASA_EONET
EONET_19978,"Downing RX Prescribed Fire, Mahnomen, Minnesota",Wildfires,2026-04-30 10:25:00+00:00,47.1572,-95.991,NASA_EONET
EONET_19949,Wildfire in Russian Federation 1028574,Wildfires,2026-04-29 19:00:00+00:00,48.41394139080057,134.3056389564326,NASA_EONET
EONET_19954,Wildfire in Russian Federation 1028580,Wildfires,2026-04-29 19:00:00+00:00,44.88201485248318,131.64045697436202,NASA_EONET
EONET_19957,Wildfire in Australia 1028583,Wildfires,2026-04-29 19:00:00+00:00,-17.290229986047045,124.56184216577188,NASA_EONET
EONET_19966,Wildfire in Ethiopia 1028584,Wildfires,2026-04-29 19:00:00+00:00,8.026360137605812,33.60600783302213,NASA_EONET
EONET_19967,Wildfire in Australia 1028586,Wildfires,2026-04-29 19:00:00+00:00,-17.19112218358584,124.98610860231332,NASA_EONET
EONET_19984,Wildfire in Australia 1028595,Wildfires,2026-04-29 19:00:00+00:00,-17.165702696746084,124.26050122838579,NASA_EONET
EONET_19936,"Crow Creek Wildfire, Colfax, New Mexico",Wildfires,2026-04-29 17:05:00+00:00,36.64531,-104.58001,NASA_EONET
EONET_19941,"rx-Millville Oak Woodlands SNA South Prescribed Fire, Grant, Wisconsin",Wildfires,2026-04-29 12:13:00+00:00,43.039137,-90.929398,NASA_EONET
EONET_20265,"LaCreek NWR Pool RX Prescribed Fire, Bennett, South Dakota",Wildfires,2026-04-29 12:01:00+00:00,43.142,-101.533,NASA_EONET
EONET_19976,"Ogden Bay RX Prescribed Fire, Weber, Utah",Wildfires,2026-04-29 09:51:00+00:00,41.204062,-112.16423,NASA_EONET
EONET_19942,"Rx Parker 3877 Prescribed Fire, Parker, Texas",Wildfires,2026-04-29 09:10:00+00:00,32.85722222,-98.04277778,NASA_EONET
EONET_19940,"Sparks Wildfire, Quay, New Mexico",Wildfires,2026-04-28 20:06:00+00:00,34.846208,-104.055975,NASA_EONET
EONET_19943,Flood in India 1103858,Floods,2026-04-28 20:00:00+00:00,12.983343,77.6046868,NASA_EONET
EONET_19928,Wildfire in Russian Federation 1028569,Wildfires,2026-04-28 19:00:00+00:00,49.21485692805561,130.09666606111776,NASA_EONET
EONET_19929,Wildfire in Brazil 1028570,Wildfires,2026-04-28 19:00:00+00:00,-18.070947369464598,-53.03536535748598,NASA_EONET
EONET_19950,Wildfire in Russian Federation 1028575,Wildfires,2026-04-28 19:00:00+00:00,49.2755929864765,130.32793102278194,NASA_EONET
EONET_19951,Wildfire in Australia 1028576,Wildfires,2026-04-28 19:00:00+00:00,-23.62391603687632,151.11734162201452,NASA_EONET
EONET_19939,"SHADY GROVE Wildfire, Russell, Alabama",Wildfires,2026-04-28 17:35:00+00:00,32.2958333,-85.3177778,NASA_EONET
EONET_19926,Flood in Bangladesh 1103853,Floods,2026-04-27 20:00:00+00:00,24.4880817,91.7630179,NASA_EONET
EONET_19927,Flood in Peru 1103854,Floods,2026-04-27 20:00:00+00:00,-6.4287985,-74.7975616,NASA_EONET
EONET_19944,Flood in Spain 1103855,Floods,2026-04-27 20:00:00+00:00,42.51333,-8.7537606,NASA_EONET
EONET_19945,Flood in Kyrgyzstan 1103857,Floods,2026-04-27 20:00:00+00:00,40.896861,72.9119207,NASA_EONET
EONET_19952,Wildfire in Russian Federation 1028573,Wildfires,2026-04-27 19:00:00+00:00,55.845705618444505,74.91691881722448,NASA_EONET
EONET_20001,Wildfire in Mexico 1028602,Wildfires,2026-04-27 19:00:00+00:00,21.562194698483424,-104.31556981596007,NASA_EONET
EONET_19937,"HWY 41 Wildfire, Miami-Dade, Florida",Wildfires,2026-04-27 18:50:00+00:00,25.7609,-80.55105,NASA_EONET
EONET_20103,"Rincon de la Vieja Volcano, Costa Rica",Volcanoes,2026-04-27 00:00:00+00:00,10.8314,-85.3364,NASA_EONET
EONET_19922,Flood in Brazil 1103852,Floods,2026-04-26 20:00:00+00:00,-3.8488324,-38.3932752,NASA_EONET
EONET_19946,Flood in France 1103856,Floods,2026-04-26 20:00:00+00:00,43.4874963,-0.7738363,NASA_EONET
EONET_19864,Wildfire in Australia 1028521,Wildfires,2026-04-26 19:00:00+00:00,-20.100983918796498,120.34023320904836,NASA_EONET
EONET_19865,Wildfire in Australia 1028522,Wildfires,2026-04-26 19:00:00+00:00,-19.918304375511298,120.5277483759894,NASA_EONET
EONET_19866,Wildfire in Australia 1028523,Wildfires,2026-04-26 19:00:00+00:00,-19.983752040370263,120.36844699568611,NASA_EONET
EONET_19923,"Wildfire in Russian Federation, Kazakhstan 1028564",Wildfires,2026-04-26 19:00:00+00:00,55.33508598739157,70.77317690563592,NASA_EONET
EONET_19985,Wildfire in Sudan 1028591,Wildfires,2026-04-26 19:00:00+00:00,8.960990030410727,33.02243509605152,NASA_EONET
EONET_20100,"Quivira RX Prescribed Fire, Stafford, Kansas",Wildfires,2026-04-26 16:37:00+00:00,38.12723,-98.49615,NASA_EONET
EONET_19913,"Tucker Wildfire, Hooker, Nebraska",Wildfires,2026-04-26 15:43:00+00:00,41.8008,-101.2498,NASA_EONET
EONET_19914,"Tyndall 469 &amp; 143 RX Prescribed Fire, Mason, Michigan",Wildfires,2026-04-26 08:16:00+00:00,44.11771,-86.048555,NASA_EONET
EONET_20102,"Masaya Volcano, Nicaragua",Volcanoes,2026-04-26 00:00:00+00:00,11.9844,-86.1688,NASA_EONET
EONET_19947,Flood in Somalia 1103859,Floods,2026-04-25 20:00:00+00:00,2.0783351,45.2805421,NASA_EONET
EONET_19916,"Yellow Bank East RX Prescribed Fire, Lac qui Parle, Minnesota",Wildfires,2026-04-25 08:56:00+00:00,45.226197,-96.339308,NASA_EONET
EONET_19948,Flood in Dominican Republic 1103860,Floods,2026-04-24 20:00:00+00:00,19.058468,-70.1533738,NASA_EONET
EONET_19867,Wildfire in Australia 1028524,Wildfires,2026-04-24 19:00:00+00:00,-16.29418570112702,125.25430477074093,NASA_EONET
EONET_19868,Wildfire in Australia 1028525,Wildfires,2026-04-24 19:00:00+00:00,-17.8690189512567,123.88166062260022,NASA_EONET
EONET_19869,Wildfire in Australia 1028526,Wildfires,2026-04-24 19:00:00+00:00,-15.481872656853389,129.87135955139212,NASA_EONET
EONET_19870,Wildfire in Australia 1028527,Wildfires,2026-04-24 19:00:00+00:00,-16.01299206678731,125.14687445625727,NASA_EONET
EONET_19871,Wildfire in Australia 1028528,Wildfires,2026-04-24 19:00:00+00:00,-18.295430273131817,124.99922257448232,NASA_EONET
EONET_19924,Wildfire in Australia 1028566,Wildfires,2026-04-24 19:00:00+00:00,-15.035086664484648,125.51861741446365,NASA_EONET
EONET_19930,Wildfire in United Kingdom 1028568,Wildfires,2026-04-24 19:00:00+00:00,52.30985204378207,-3.695653703789871,NASA_EONET
EONET_19931,Wildfire in Venezuela 1028571,Wildfires,2026-04-24 19:00:00+00:00,8.609861310972747,-62.721635902339386,NASA_EONET
EONET_19953,Wildfire in Australia 1028577,Wildfires,2026-04-24 19:00:00+00:00,-18.030523647247534,123.99668887925107,NASA_EONET
EONET_19955,Wildfire in Vanuatu 1028578,Wildfires,2026-04-24 19:00:00+00:00,-15.38189579388877,167.8159107237446,NASA_EONET
EONET_19956,Wildfire in Australia 1028579,Wildfires,2026-04-24 19:00:00+00:00,-17.868866626190552,124.33245092228009,NASA_EONET
EONET_19958,Wildfire in Guinea 1028581,Wildfires,2026-04-24 19:00:00+00:00,10.584486065839956,-13.194871599253803,NASA_EONET
EONET_20028,Wildfire in Australia 1028616,Wildfires,2026-04-24 19:00:00+00:00,-15.469482148252364,130.03582763595674,NASA_EONET
EONET_20029,Wildfire in Australia 1028617,Wildfires,2026-04-24 19:00:00+00:00,-15.53783368489535,129.9848733728952,NASA_EONET
EONET_20188,"YTA Stuart Creek Rx Prescribed Fire, Fairbanks North Star, Alaska",Wildfires,2026-04-24 18:59:00+00:00,64.70676,-146.6044,NASA_EONET
EONET_20203,"FWA Small Arms Complex Rx Prescribed Fire, Southeast Fairbanks, Alaska",Wildfires,2026-04-24 18:52:00+00:00,64.002424,-146.284999,NASA_EONET
EONET_20068,"DTAW Oklahoma Rx Prescribed Fire, Southeast Fairbanks, Alaska",Wildfires,2026-04-24 18:49:00+00:00,64.00716,-146.3023,NASA_EONET
EONET_20067,"DTAE Jarvis Rx Prescribed Fire, Southeast Fairbanks, Alaska",Wildfires,2026-04-24 18:47:00+00:00,63.98684,-145.6726,NASA_EONET
EONET_20010,"DTAE Bolio Rx Prescribed Fire, Southeast Fairbanks, Alaska",Wildfires,2026-04-24 18:42:00+00:00,63.86224,-145.9018,NASA_EONET
EONET_19910,"Poitrey Canyon Wildfire, Las Animas, Colorado",Wildfires,2026-04-24 18:29:00+00:00,37.317111,-103.6385,NASA_EONET
EONET_19917,"Thomas Ranch Fire Wildfire, Sully, South Dakota",Wildfires,2026-04-24 16:23:00+00:00,44.65,-99.7361111,NASA_EONET
EONET_20176,"HARDWOOD RX Prescribed Fire, Juneau, Wisconsin",Wildfires,2026-04-24 14:47:00+00:00,44.233266,-90.066382,NASA_EONET
EONET_19912,"rx-Kimberly Clark NW Prescribed Fire, Price, Wisconsin",Wildfires,2026-04-24 10:53:00+00:00,45.7851589,-90.6275479,NASA_EONET
EONET_19915,"Arthur McPherson Wildfire, McPherson, Nebraska",Wildfires,2026-04-24 10:07:00+00:00,41.57475,-101.317983,NASA_EONET
EONET_19919,"RX Blanchard 1 Prescribed Fire, Stone, Arkansas",Wildfires,2026-04-24 09:32:00+00:00,35.966217,-92.19055,NASA_EONET
EONET_19872,Wildfire in Australia 1028531,Wildfires,2026-04-23 19:00:00+00:00,-15.540038563902794,124.67439133928677,NASA_EONET
EONET_19873,Wildfire in Australia 1028530,Wildfires,2026-04-23 19:00:00+00:00,-14.562217790085588,125.15253484483522,NASA_EONET
EONET_19874,Wildfire in Australia 1028532,Wildfires,2026-04-23 19:00:00+00:00,-15.676643385183908,129.63719456738,NASA_EONET
EONET_19875,Wildfire in Australia 1028533,Wildfires,2026-04-23 19:00:00+00:00,-17.95396875776917,126.38703108550503,NASA_EONET
EONET_19876,Wildfire in Australia 1028529,Wildfires,2026-04-23 19:00:00+00:00,-17.88595580035077,126.52270498048898,NASA_EONET
EONET_19932,Wildfire in Mexico 1028567,Wildfires,2026-04-23 19:00:00+00:00,21.31373920512362,-104.04862439887914,NASA_EONET
EONET_19840,"rx-66 Prescribed Fire, Burnett, Wisconsin",Wildfires,2026-04-23 14:23:00+00:00,45.8508587,-92.6535178,NASA_EONET
EONET_20011,"Lemon 2 Wildfire, Benson, North Dakota",Wildfires,2026-04-23 12:17:00+00:00,47.988889,-99.0475,NASA_EONET
EONET_19839,"Bauman Wildfire, Jackson, South Dakota",Wildfires,2026-04-23 12:13:00+00:00,43.631,-101.3950833,NASA_EONET
EONET_19832,"Baldwin Fuels 6 RX Prescribed Fire, Lake, Michigan",Wildfires,2026-04-23 11:03:00+00:00,43.88275,-85.896883,NASA_EONET
EONET_19911,"FB 17 Wildfire, Todd, South Dakota",Wildfires,2026-04-23 10:40:00+00:00,43.18306,-101.03325,NASA_EONET
EONET_20007,"SALIX Wildfire, Lake of the Woods, Minnesota",Wildfires,2026-04-23 09:43:00+00:00,48.683117,-95.115417,NASA_EONET
EONET_19843,"Peterson Wildfire, Holt, Nebraska",Wildfires,2026-04-23 09:06:00+00:00,42.12483,-99.04273,NASA_EONET
EONET_19844,"Andrews Wildfire, Cherry, Nebraska",Wildfires,2026-04-22 21:43:00+00:00,42.763583,-101.004,NASA_EONET
EONET_19841,"Hammer Wildfire, El Paso, Colorado",Wildfires,2026-04-22 21:07:00+00:00,38.67,-104.61,NASA_EONET
EONET_19838,"Taber Rec Wildfire, Bon Homme, South Dakota",Wildfires,2026-04-22 20:05:00+00:00,42.862657,-97.647004,NASA_EONET
EONET_19862,Flood in Panama 1103850,Floods,2026-04-22 20:00:00+00:00,8.507448,-82.8312256,NASA_EONET
EONET_19877,Wildfire in Australia 1028538,Wildfires,2026-04-22 19:00:00+00:00,-14.872475822556849,125.440405455038,NASA_EONET
EONET_19878,Wildfire in Mali 1028536,Wildfires,2026-04-22 19:00:00+00:00,16.752500525202713,3.4204510453696946,NASA_EONET
EONET_19879,Wildfire in Australia 1028539,Wildfires,2026-04-22 19:00:00+00:00,-14.354663009702547,130.38458406904292,NASA_EONET
EONET_19880,Wildfire in India 1028535,Wildfires,2026-04-22 19:00:00+00:00,14.492185314653273,79.14417704685704,NASA_EONET
EONET_19881,Wildfire in Australia 1028537,Wildfires,2026-04-22 19:00:00+00:00,-14.386071779498355,130.17786478625146,NASA_EONET
EONET_19882,Wildfire in Australia 1028534,Wildfires,2026-04-22 19:00:00+00:00,-16.16391205448816,127.44235489193507,NASA_EONET
EONET_19883,Wildfire in Australia 1028540,Wildfires,2026-04-22 19:00:00+00:00,-16.185497888431243,127.31172597796231,NASA_EONET
EONET_19884,Wildfire in Australia 1028541,Wildfires,2026-04-22 19:00:00+00:00,-17.07384634565672,124.444490437038,NASA_EONET
EONET_19834,"Pressey Wildfire, Cherry, Nebraska",Wildfires,2026-04-22 17:15:00+00:00,42.246685,-101.029476,NASA_EONET
EONET_19845,"Lone Pine Wildfire, Becker, Minnesota",Wildfires,2026-04-22 13:40:00+00:00,47.020535,-95.912189,NASA_EONET
EONET_19850,"Wells Rd Unit 1 RX Prescribed Fire, Iosco, Michigan",Wildfires,2026-04-22 08:34:00+00:00,44.425,-83.483333,NASA_EONET
EONET_19835,"COW CREEK Wildfire, Levy, Florida",Wildfires,2026-04-21 23:15:00+00:00,29.2822222,-82.6311111,NASA_EONET
EONET_19860,Flood in Afghanistan 1103848,Floods,2026-04-21 20:00:00+00:00,36.0,67.666667,NASA_EONET
EONET_19861,Flood in Kenya 1103849,Floods,2026-04-21 20:00:00+00:00,-4.1836067,39.105095,NASA_EONET
EONET_19863,Flood in Venezuela 1103851,Floods,2026-04-21 20:00:00+00:00,10.5693891,-69.5850374,NASA_EONET
EONET_19885,Wildfire in Australia 1028543,Wildfires,2026-04-21 19:00:00+00:00,-15.763878633752567,125.17460927423922,NASA_EONET
EONET_19886,Wildfire in Australia 1028542,Wildfires,2026-04-21 19:00:00+00:00,-15.936843592110826,125.02955759277002,NASA_EONET
EONET_19887,Wildfire in Australia 1028544,Wildfires,2026-04-21 19:00:00+00:00,-15.302429919134065,127.32493876139112,NASA_EONET
EONET_19888,Wildfire in Australia 1028545,Wildfires,2026-04-21 19:00:00+00:00,-18.214159287912615,124.66233076129107,NASA_EONET
EONET_19889,Wildfire in Australia 1028546,Wildfires,2026-04-21 19:00:00+00:00,-14.8472169236856,125.89833651204277,NASA_EONET
EONET_19890,Wildfire in Australia 1028547,Wildfires,2026-04-21 19:00:00+00:00,-18.334124229054574,124.71709001694997,NASA_EONET
EONET_19891,Wildfire in Australia 1028548,Wildfires,2026-04-21 19:00:00+00:00,-15.662544016573072,125.03532738796953,NASA_EONET
EONET_19892,Wildfire in Australia 1028549,Wildfires,2026-04-21 19:00:00+00:00,-16.95492124161786,125.93690474453282,NASA_EONET
EONET_19925,Wildfire in Australia 1028565,Wildfires,2026-04-21 19:00:00+00:00,-15.571338158090695,127.50828969693394,NASA_EONET
EONET_19933,Wildfire in Australia 1028572,Wildfires,2026-04-21 19:00:00+00:00,-17.327986467505042,125.2768975999031,NASA_EONET
EONET_19968,Wildfire in Australia 1028587,Wildfires,2026-04-21 19:00:00+00:00,-15.70742697969106,127.6046160631283,NASA_EONET
EONET_19854,"rx-73 Prescribed Fire, Burnett, Wisconsin",Wildfires,2026-04-21 17:12:00+00:00,45.8694852,-92.645347,NASA_EONET
EONET_19836,"MM-45- Broward (06) Wildfire, Broward, Florida",Wildfires,2026-04-21 16:28:00+00:00,26.3002778,-80.5,NASA_EONET
EONET_19908,"Hummingbird Wildfire, Catron, New Mexico",Wildfires,2026-04-21 14:48:00+00:00,33.36595,-108.62195,NASA_EONET
EONET_19831,"Hwy 82 Wildfire, Brantley, Georgia",Wildfires,2026-04-21 12:01:00+00:00,31.2222222,-81.8438889,NASA_EONET
EONET_20005,"Cedar Cabin - RX Prescribed Fire, Butte, Idaho",Wildfires,2026-04-21 10:44:00+00:00,43.8285,-113.262817,NASA_EONET
EONET_19846,"DeSoto BB 9370 C507 508 509 RX Prescribed Fire, Jackson, Mississippi",Wildfires,2026-04-21 10:19:00+00:00,30.698133,-88.86195,NASA_EONET
EONET_19852,"RX CALE BU 44-367 Prescribed Fire, Rapides, Louisiana",Wildfires,2026-04-21 09:00:00+00:00,31.132467,-92.615933,NASA_EONET
EONET_19813,Wildfire in Australia 1028503,Wildfires,2026-04-20 19:00:00+00:00,-16.535361509719152,126.7355675431825,NASA_EONET
EONET_19893,Wildfire in Australia 1028553,Wildfires,2026-04-20 19:00:00+00:00,-16.74392312822864,126.76467737306032,NASA_EONET
EONET_19894,Wildfire in United States 1028552,Wildfires,2026-04-20 19:00:00+00:00,31.28662060142909,-81.81836115852998,NASA_EONET
EONET_19895,Wildfire in China 1028550,Wildfires,2026-04-20 19:00:00+00:00,43.894750053046685,127.38740214566866,NASA_EONET
EONET_19896,Wildfire in China 1028551,Wildfires,2026-04-20 19:00:00+00:00,43.38006125557854,127.21982973651208,NASA_EONET
EONET_19833,"East Side Wildfire, Carbon, Montana",Wildfires,2026-04-20 15:26:00+00:00,45.092167,-109.3142,NASA_EONET
EONET_19849,"Hansen WPA RX Prescribed Fire, Clay, Nebraska",Wildfires,2026-04-20 15:04:00+00:00,40.452,-97.862,NASA_EONET
EONET_19858,"Krause RX Prescribed Fire, Fillmore, Nebraska",Wildfires,2026-04-20 15:02:00+00:00,40.467,-97.792,NASA_EONET
EONET_19851,"Burn Unit 17 RX Prescribed Fire, Sherburne, Minnesota",Wildfires,2026-04-20 13:16:00+00:00,45.525011,-93.683986,NASA_EONET
EONET_19853,"Peacock 545 and 159 RX Prescribed Fire, Lake, Michigan",Wildfires,2026-04-20 13:11:00+00:00,44.150617,-85.829167,NASA_EONET
EONET_19792,"Crews Rd (10) Wildfire, Clay, Florida",Wildfires,2026-04-20 10:45:00+00:00,29.8861111,-81.6333333,NASA_EONET
EONET_19797,"RAILROAD COMPLEX Wildfire, Putnam, Florida",Wildfires,2026-04-19 21:13:00+00:00,29.7855556,-81.6330556,NASA_EONET
EONET_19810,Flood in Türkiye 1103845,Floods,2026-04-19 20:00:00+00:00,37.3611355,40.8959403,NASA_EONET
EONET_19799,"RAILROAD COMPLEX Wildfire, Putnam, Florida",Wildfires,2026-04-19 19:36:00+00:00,29.7855556,-81.6327778,NASA_EONET
EONET_19814,Wildfire in India 1028505,Wildfires,2026-04-19 19:00:00+00:00,25.551767673510113,92.97879524548557,NASA_EONET
EONET_19815,Wildfire in Australia 1028504,Wildfires,2026-04-19 19:00:00+00:00,-32.69269470346073,119.73427418932388,NASA_EONET
EONET_19897,Wildfire in Australia 1028554,Wildfires,2026-04-19 19:00:00+00:00,-15.46933626959406,129.55875839202582,NASA_EONET
EONET_19898,Wildfire in Australia 1028555,Wildfires,2026-04-19 19:00:00+00:00,-16.93193392891852,126.20287688731764,NASA_EONET
EONET_19992,Wildfire in India 1028596,Wildfires,2026-04-19 19:00:00+00:00,16.312792805171195,80.68754515981921,NASA_EONET
EONET_19794,"TUMEY Wildfire, Fresno, California",Wildfires,2026-04-19 15:52:00+00:00,36.622459,-120.65767,NASA_EONET
EONET_19857,"River Road 16 RX Prescribed Fire, Iosco, Michigan",Wildfires,2026-04-19 15:19:00+00:00,44.416667,-83.591667,NASA_EONET
EONET_19856,"Barren Plains Units 1 &amp; 3 RX Prescribed Fire, Lake, Michigan",Wildfires,2026-04-19 14:53:00+00:00,43.849417,-85.80305,NASA_EONET
EONET_19793,"Pineland Rd Wildfire, Clinch, Georgia",Wildfires,2026-04-19 10:47:00+00:00,30.7563889,-82.7680556,NASA_EONET
EONET_19801,"rx-45_041526 Prescribed Fire, Burnett, Wisconsin",Wildfires,2026-04-19 09:53:00+00:00,45.8375735,-92.6494912,NASA_EONET
EONET_19811,Flood in India 1103844,Floods,2026-04-18 20:00:00+00:00,26.1600453,91.6958086,NASA_EONET
EONET_19816,Wildfire in United States 1028506,Wildfires,2026-04-18 19:00:00+00:00,30.76798851454568,-82.78897429673108,NASA_EONET
EONET_19899,Wildfire in Australia 1028558,Wildfires,2026-04-18 19:00:00+00:00,-15.469603101591495,126.06559585683902,NASA_EONET
EONET_19900,Wildfire in China 1028557,Wildfires,2026-04-18 19:00:00+00:00,43.175272948042135,126.66836746255795,NASA_EONET
EONET_19959,Wildfire in Guinea 1028582,Wildfires,2026-04-18 19:00:00+00:00,10.660217540216387,-13.095695858021946,NASA_EONET
EONET_19796,"Conner-Nelson Rd (45) Wildfire, Nassau, Florida",Wildfires,2026-04-18 14:41:00+00:00,30.6886111,-81.9855556,NASA_EONET
EONET_19798,"Neon White Wildfire, Dickens, Texas",Wildfires,2026-04-18 03:32:00+00:00,33.67646667,-100.6713667,NASA_EONET
EONET_19901,Wildfire in Australia 1028559,Wildfires,2026-04-17 19:00:00+00:00,-15.250320938799549,129.50582192358127,NASA_EONET
EONET_19902,Wildfire in Australia 1028560,Wildfires,2026-04-17 19:00:00+00:00,-19.56594507226536,134.54925688278897,NASA_EONET
EONET_19837,"RX D4 Piquett Creek Prescribed Fire, Ravalli, Montana",Wildfires,2026-04-17 16:15:00+00:00,45.848167,-114.202833,NASA_EONET
EONET_19795,"Holm RX Prescribed Fire, Blaine, Montana",Wildfires,2026-04-17 12:12:00+00:00,48.81675,-109.41723,NASA_EONET
EONET_19805,"Rx Cherokee 3533 Prescribed Fire, Cherokee, Texas",Wildfires,2026-04-17 10:51:00+00:00,31.56589,-95.10404,NASA_EONET
EONET_19806,"RX Trinity 3522 Prescribed Fire, Trinity, Texas",Wildfires,2026-04-17 10:46:00+00:00,31.0137,-95.2677,NASA_EONET
EONET_19802,"LO GAP Wildfire, Van Buren, Arkansas",Wildfires,2026-04-17 10:41:00+00:00,35.5865604,-92.62707719,NASA_EONET
EONET_19800,"Old Orangeburg Wildfire, Hampton, South Carolina",Wildfires,2026-04-17 09:27:00+00:00,32.7258333,-81.2741667,NASA_EONET
EONET_19771,Flood in New Zealand 1103842,Floods,2026-04-16 20:00:00+00:00,-41.1767248,174.9817738,NASA_EONET
EONET_19808,Flood in Colombia 1103843,Floods,2026-04-16 20:00:00+00:00,4.4048536,-74.3872407,NASA_EONET
EONET_19812,Flood in Mexico 1103846,Floods,2026-04-16 20:00:00+00:00,22.5179287,-101.0227023,NASA_EONET
EONET_19728,Wildfire in Australia 1028455,Wildfires,2026-04-16 19:00:00+00:00,-15.568842589705051,125.9081549131927,NASA_EONET
EONET_19729,Wildfire in Australia 1028456,Wildfires,2026-04-16 19:00:00+00:00,-15.40284561780543,126.03800347597036,NASA_EONET
EONET_19758,Wildfire in Australia 1028470,Wildfires,2026-04-16 19:00:00+00:00,-14.562891671310567,126.4426184392112,NASA_EONET
EONET_19772,Wildfire in The Democratic Republic of Congo 1028497,Wildfires,2026-04-16 19:00:00+00:00,-0.16414320781930225,24.467194720025663,NASA_EONET
EONET_19773,Wildfire in The Democratic Republic of Congo 1028498,Wildfires,2026-04-16 19:00:00+00:00,-0.19881454490456513,24.315085803924347,NASA_EONET
EONET_19817,Wildfire in Russian Federation 1028507,Wildfires,2026-04-16 19:00:00+00:00,45.76259742109688,37.935615379097925,NASA_EONET
EONET_19903,Wildfire in India 1028561,Wildfires,2026-04-16 19:00:00+00:00,17.84258385488913,81.7991468107659,NASA_EONET
EONET_19807,"RX CALV BU 255-257 Prescribed Fire, Vernon, Louisiana",Wildfires,2026-04-16 16:49:00+00:00,31.062467,-93.157417,NASA_EONET
EONET_19804,"Burn Unit 20 RX Prescribed Fire, Sherburne, Minnesota",Wildfires,2026-04-16 09:50:00+00:00,45.503583,-93.708514,NASA_EONET
EONET_19681,Wildfire in Australia 1028425,Wildfires,2026-04-15 19:00:00+00:00,-18.169767718864108,125.36002935813124,NASA_EONET
EONET_19730,Wildfire in Australia 1028449,Wildfires,2026-04-15 19:00:00+00:00,-16.831283743960935,126.07467598678107,NASA_EONET
EONET_19759,Wildfire in Australia 1028474,Wildfires,2026-04-15 19:00:00+00:00,-18.04927101716552,124.81419923340054,NASA_EONET
EONET_19760,Wildfire in Australia 1028475,Wildfires,2026-04-15 19:00:00+00:00,-18.549268676467566,126.11331606864275,NASA_EONET
EONET_19774,Wildfire in Australia 1028494,Wildfires,2026-04-15 19:00:00+00:00,-16.69544068520403,125.9908792615089,NASA_EONET
EONET_19818,Wildfire in Australia 1028508,Wildfires,2026-04-15 19:00:00+00:00,-16.711911170566424,126.02607594326393,NASA_EONET
EONET_19819,Wildfire in Australia 1028509,Wildfires,2026-04-15 19:00:00+00:00,-18.242994966849178,125.47294729520354,NASA_EONET
EONET_19904,Wildfire in Nepal 1028562,Wildfires,2026-04-15 19:00:00+00:00,28.117849403449064,81.9400045309786,NASA_EONET
EONET_19714,"Dismal Swamp RX Prescribed Fire, Big Stone, Minnesota",Wildfires,2026-04-15 09:41:00+00:00,45.46325,-96.271767,NASA_EONET
EONET_19717,"Homochitto BB 49 East RX Prescribed Fire, Franklin, Mississippi",Wildfires,2026-04-15 09:14:00+00:00,31.419,-91.013,NASA_EONET
EONET_19622,Wildfire in Mongolia 1028379,Wildfires,2026-04-14 19:00:00+00:00,45.60001258987409,115.71148593940126,NASA_EONET
EONET_19623,Wildfire in China 1028380,Wildfires,2026-04-14 19:00:00+00:00,44.03552554894194,116.9190410127069,NASA_EONET
EONET_19624,Wildfire in Australia 1028381,Wildfires,2026-04-14 19:00:00+00:00,-31.350251777981278,119.56990866770263,NASA_EONET
EONET_19625,Wildfire in Australia 1028382,Wildfires,2026-04-14 19:00:00+00:00,-17.954412416446868,137.7328106558452,NASA_EONET
EONET_19682,Wildfire in Australia 1028426,Wildfires,2026-04-14 19:00:00+00:00,-16.059848743535298,125.07630559041064,NASA_EONET
EONET_19683,Wildfire in Australia 1028427,Wildfires,2026-04-14 19:00:00+00:00,-18.064377229020778,126.48152947633591,NASA_EONET
EONET_19684,Wildfire in Australia 1028428,Wildfires,2026-04-14 19:00:00+00:00,-25.02285079084495,148.91560966612704,NASA_EONET
EONET_19685,Wildfire in Australia 1028413,Wildfires,2026-04-14 19:00:00+00:00,-16.610007581950203,127.94815493512186,NASA_EONET
EONET_19731,Wildfire in Australia 1028457,Wildfires,2026-04-14 19:00:00+00:00,-16.45270921605889,128.02826335193845,NASA_EONET
EONET_19732,Wildfire in Australia 1028458,Wildfires,2026-04-14 19:00:00+00:00,-16.270213819549365,124.89280061178852,NASA_EONET
EONET_19761,Wildfire in Australia 1028476,Wildfires,2026-04-14 19:00:00+00:00,-16.295113447523136,128.40447644355072,NASA_EONET
EONET_19820,"Wildfire in Bangladesh, India 1028510",Wildfires,2026-04-14 19:00:00+00:00,23.71981850552733,92.15788601731722,NASA_EONET
EONET_19715,"ENCINO 2 Wildfire, Torrance, New Mexico",Wildfires,2026-04-14 16:34:00+00:00,34.643232,-105.416063,NASA_EONET
EONET_19713,"Appalachia Wildfire, Polk, Tennessee",Wildfires,2026-04-14 15:41:00+00:00,35.165278,-84.376944,NASA_EONET
EONET_19718,"Woodbury Wildfire, Marion, South Carolina",Wildfires,2026-04-14 15:23:00+00:00,33.7498333,-79.2833333,NASA_EONET
EONET_19725,"Homochitto BB 49 West RX Prescribed Fire, Franklin, Mississippi",Wildfires,2026-04-14 09:48:00+00:00,31.419,-91.013,NASA_EONET
EONET_19722,"ANF Trout Creek RX Prescribed Fire, Jasper, Texas",Wildfires,2026-04-14 09:47:00+00:00,31.063467,-94.1571,NASA_EONET
EONET_19724,"ANF Boykin Springs C-88/89 RX Prescribed Fire, Jasper, Texas",Wildfires,2026-04-14 09:42:00+00:00,31.042883,-94.2842,NASA_EONET
EONET_19726,"Chickasawhay CPT 354 RX Prescribed Fire, Jones, Mississippi",Wildfires,2026-04-14 09:24:00+00:00,31.5603,-88.9888,NASA_EONET
EONET_19558,"NEWMAN DR Wildfire, Collier, Florida",Wildfires,2026-04-13 20:18:00+00:00,26.1502778,-81.6330556,NASA_EONET
EONET_19621,Flood in Italy 1103839,Floods,2026-04-13 20:00:00+00:00,42.6539486,12.4396528,NASA_EONET
EONET_19626,Wildfire in Australia 1028364,Wildfires,2026-04-13 19:00:00+00:00,-18.280406914840754,137.60182364857906,NASA_EONET
EONET_19627,Wildfire in Australia 1028383,Wildfires,2026-04-13 19:00:00+00:00,-18.440665227574993,137.8573115225916,NASA_EONET
EONET_19628,Wildfire in Australia 1028384,Wildfires,2026-04-13 19:00:00+00:00,-16.621752130270444,125.13217014544087,NASA_EONET
EONET_19629,Wildfire in Australia 1028385,Wildfires,2026-04-13 19:00:00+00:00,-15.958443953357534,125.29298491962707,NASA_EONET
EONET_19630,Wildfire in Australia 1028386,Wildfires,2026-04-13 19:00:00+00:00,-15.380261428512322,127.5129726554247,NASA_EONET
EONET_19631,Wildfire in Australia 1028387,Wildfires,2026-04-13 19:00:00+00:00,-15.440743844765365,129.44372290202557,NASA_EONET
EONET_19632,Wildfire in Australia 1028388,Wildfires,2026-04-13 19:00:00+00:00,-16.530495362926477,125.14885709339435,NASA_EONET
EONET_19633,Wildfire in Australia 1028389,Wildfires,2026-04-13 19:00:00+00:00,-25.229799639355054,149.06104407662804,NASA_EONET
EONET_19634,Wildfire in Australia 1028358,Wildfires,2026-04-13 19:00:00+00:00,-18.252728736298504,137.72976124074808,NASA_EONET
EONET_19635,Wildfire in Australia 1028359,Wildfires,2026-04-13 19:00:00+00:00,-18.47934238995696,137.58944973626856,NASA_EONET
EONET_19636,Wildfire in Australia 1028360,Wildfires,2026-04-13 19:00:00+00:00,-18.124192522168226,137.79693751669512,NASA_EONET
EONET_19686,Wildfire in China 1028429,Wildfires,2026-04-13 19:00:00+00:00,48.4134976639151,125.24922679180521,NASA_EONET
EONET_19687,Wildfire in China 1028430,Wildfires,2026-04-13 19:00:00+00:00,48.130212302609806,125.11522232027016,NASA_EONET
EONET_19688,Wildfire in Australia 1028410,Wildfires,2026-04-13 19:00:00+00:00,-25.221255395419682,149.0552410565294,NASA_EONET
EONET_19689,Wildfire in Australia 1028414,Wildfires,2026-04-13 19:00:00+00:00,-16.028662201145696,134.73573862615694,NASA_EONET
EONET_19690,Wildfire in Australia 1028415,Wildfires,2026-04-13 19:00:00+00:00,-16.235609458023653,134.95695224818084,NASA_EONET
EONET_19733,Wildfire in Guinea 1028445,Wildfires,2026-04-13 19:00:00+00:00,11.236234250506017,-13.717675856461664,NASA_EONET
EONET_19734,Wildfire in Australia 1028459,Wildfires,2026-04-13 19:00:00+00:00,-15.654904590317235,127.55311325887335,NASA_EONET
EONET_19735,Wildfire in Australia 1028460,Wildfires,2026-04-13 19:00:00+00:00,-15.704755892638493,129.3368589298971,NASA_EONET
EONET_19736,Wildfire in Australia 1028461,Wildfires,2026-04-13 19:00:00+00:00,-15.89404250934564,125.50608000301533,NASA_EONET
EONET_19737,Wildfire in Australia 1028462,Wildfires,2026-04-13 19:00:00+00:00,-15.631587079287163,125.6466598874823,NASA_EONET
EONET_19738,Wildfire in Australia 1028463,Wildfires,2026-04-13 19:00:00+00:00,-15.411716314893821,125.77604684696165,NASA_EONET
EONET_19739,Wildfire in Australia 1028450,Wildfires,2026-04-13 19:00:00+00:00,-15.486534017338403,127.62418743169972,NASA_EONET
EONET_19762,Wildfire in China 1028473,Wildfires,2026-04-13 19:00:00+00:00,48.84413721814124,124.55135639348269,NASA_EONET
EONET_19775,Wildfire in Sudan 1028499,Wildfires,2026-04-13 19:00:00+00:00,9.19991077054727,31.253934844418268,NASA_EONET
EONET_19776,Wildfire in India 1028487,Wildfires,2026-04-13 19:00:00+00:00,14.55591441637255,78.96540203766854,NASA_EONET
EONET_19777,Wildfire in Australia 1028488,Wildfires,2026-04-13 19:00:00+00:00,-18.615820895627806,124.04778834302742,NASA_EONET
EONET_19821,Wildfire in Australia 1028511,Wildfires,2026-04-13 19:00:00+00:00,-18.871454927774277,123.8259137381657,NASA_EONET
EONET_19822,Wildfire in Thailand 1028512,Wildfires,2026-04-13 19:00:00+00:00,14.969950609401295,99.02992452968479,NASA_EONET
EONET_19905,Wildfire in Sierra Leone 1028563,Wildfires,2026-04-13 19:00:00+00:00,8.94172023862119,-12.630348613089271,NASA_EONET
EONET_19559,"Highway 36 Wildfire, Yuma, Colorado",Wildfires,2026-04-13 17:47:00+00:00,39.733567,-102.165337,NASA_EONET
EONET_19721,"PDT South-FFR RX Prescribed Fire, Grant, Minnesota",Wildfires,2026-04-13 16:52:00+00:00,46.012,-95.8944,NASA_EONET
EONET_19719,"Ciba Road Wildfire, Washington, Alabama",Wildfires,2026-04-13 13:31:00+00:00,31.2669444,-88.0188889,NASA_EONET
EONET_19935,"Old House Branch Wildfire, Mingo, West Virginia",Wildfires,2026-04-13 11:41:00+00:00,37.639725,-81.941859,NASA_EONET
EONET_19909,"DeSoto BB 9365 C605 C606 RX Prescribed Fire, Stone, Mississippi",Wildfires,2026-04-13 10:59:00+00:00,30.712778,-89.260833,NASA_EONET
EONET_19560,"APQ CPT 10 Rx 0413 Prescribed Fire, Highlands, Florida",Wildfires,2026-04-13 09:16:00+00:00,27.630425,-81.158752,NASA_EONET
EONET_19563,"rx-Young 1 Prescribed Fire, Jefferson, Wisconsin",Wildfires,2026-04-13 08:42:00+00:00,42.8455985,-88.630401,NASA_EONET
EONET_19720,"RAFEY Wildfire, Mobile, Alabama",Wildfires,2026-04-12 23:30:00+00:00,31.0927778,-88.2997222,NASA_EONET
EONET_19555,"Schwachheim Wildfire, Las Animas, Colorado",Wildfires,2026-04-12 21:48:00+00:00,37.011,-104.3737,NASA_EONET
EONET_19565,"Smoke Show Wildfire, Perry, Mississippi",Wildfires,2026-04-12 21:12:00+00:00,31.092419,-89.117047,NASA_EONET
EONET_19679,Flood in Canada 1103840,Floods,2026-04-12 20:00:00+00:00,45.5484022,-82.4374068090324,NASA_EONET
EONET_19680,Flood in United States 1103841,Floods,2026-04-12 20:00:00+00:00,43.0386475,-87.9090751,NASA_EONET
EONET_19562,"Horny Toad Wildfire, Carson, Texas",Wildfires,2026-04-12 19:18:00+00:00,35.525982,-101.43079,NASA_EONET
EONET_19594,Wildfire in Russian Federation 1028339,Wildfires,2026-04-12 19:00:00+00:00,48.82583135011112,133.55075538352804,NASA_EONET
EONET_19595,Wildfire in Australia 1028340,Wildfires,2026-04-12 19:00:00+00:00,-13.998410732782235,132.35870237502922,NASA_EONET
EONET_19596,Wildfire in Australia 1028341,Wildfires,2026-04-12 19:00:00+00:00,-16.52513061913085,131.71370203876432,NASA_EONET
EONET_19597,Wildfire in Australia 1028342,Wildfires,2026-04-12 19:00:00+00:00,-19.05947615581003,128.42008259926396,NASA_EONET
EONET_19637,Wildfire in China 1028390,Wildfires,2026-04-12 19:00:00+00:00,48.08248524016016,124.8382554672831,NASA_EONET
EONET_19638,Wildfire in Australia 1028365,Wildfires,2026-04-12 19:00:00+00:00,-18.357095079337054,124.62981003397508,NASA_EONET
EONET_19639,Wildfire in Venezuela 1028366,Wildfires,2026-04-12 19:00:00+00:00,9.171355643668514,-63.12775197516593,NASA_EONET
EONET_19691,Wildfire in Australia 1028411,Wildfires,2026-04-12 19:00:00+00:00,-19.150692868384933,128.30467413801682,NASA_EONET
EONET_19692,Wildfire in China 1028431,Wildfires,2026-04-12 19:00:00+00:00,48.753758753751356,123.77173683163203,NASA_EONET
EONET_19693,Wildfire in Cuba 1028432,Wildfires,2026-04-12 19:00:00+00:00,22.4112723659874,-83.85274931695417,NASA_EONET
EONET_19694,Wildfire in Australia 1028416,Wildfires,2026-04-12 19:00:00+00:00,-33.07277065854327,116.21463677677814,NASA_EONET
EONET_19778,Wildfire in Thailand 1028489,Wildfires,2026-04-12 19:00:00+00:00,15.478566481690764,99.39759417180952,NASA_EONET
EONET_19779,Wildfire in Australia 1028490,Wildfires,2026-04-12 19:00:00+00:00,-15.296013383881029,125.67933172052068,NASA_EONET
EONET_19823,Wildfire in Guinea 1028513,Wildfires,2026-04-12 19:00:00+00:00,10.203351603471193,-12.229850805235902,NASA_EONET
EONET_19824,Wildfire in India 1028514,Wildfires,2026-04-12 19:00:00+00:00,25.268823226338796,83.79244689011443,NASA_EONET
EONET_19825,Wildfire in Guinea 1028515,Wildfires,2026-04-12 19:00:00+00:00,10.875869523688959,-13.25779400864287,NASA_EONET
EONET_19826,Wildfire in Guinea 1028516,Wildfires,2026-04-12 19:00:00+00:00,11.084106106055543,-13.446627147306748,NASA_EONET
EONET_19566,"Slate Branch Wildfire, Mingo, West Virginia",Wildfires,2026-04-12 15:59:00+00:00,37.704877,-82.163933,NASA_EONET
EONET_19557,"STE - Alum Wildfire, McCreary, Kentucky",Wildfires,2026-04-12 09:02:00+00:00,36.75897,-84.53148,NASA_EONET
EONET_19571,"HWY 351- DIXIE Wildfire, Dixie, Florida",Wildfires,2026-04-11 22:45:00+00:00,29.5366667,-83.2108333,NASA_EONET
EONET_19591,Flood in Algeria 1103836,Floods,2026-04-11 20:00:00+00:00,36.3844273,1.37433290667506,NASA_EONET
EONET_19640,Wildfire in Guinea 1028361,Wildfires,2026-04-11 19:00:00+00:00,10.958529082046038,-13.303207093358841,NASA_EONET
EONET_19641,Wildfire in Sudan 1028375,Wildfires,2026-04-11 19:00:00+00:00,8.76269268238754,32.57973599367818,NASA_EONET
EONET_19642,"Wildfire in Bangladesh, India 1028391",Wildfires,2026-04-11 19:00:00+00:00,23.388246359877982,92.31573751510669,NASA_EONET
EONET_19643,Wildfire in Australia 1028392,Wildfires,2026-04-11 19:00:00+00:00,-17.995578317961513,130.19733343464583,NASA_EONET
EONET_19644,Wildfire in Australia 1028393,Wildfires,2026-04-11 19:00:00+00:00,-16.839337492556062,126.43885724696148,NASA_EONET
EONET_19645,Wildfire in Sudan 1028362,Wildfires,2026-04-11 19:00:00+00:00,9.199855819613449,31.376187337756047,NASA_EONET
EONET_19695,Wildfire in India 1028412,Wildfires,2026-04-11 19:00:00+00:00,27.227335234906416,82.9535285530989,NASA_EONET
EONET_19740,Wildfire in Guinea 1028446,Wildfires,2026-04-11 19:00:00+00:00,10.910765533658177,-13.432434063671852,NASA_EONET
EONET_19741,Wildfire in Mexico 1028464,Wildfires,2026-04-11 19:00:00+00:00,17.203020744423767,-99.18192187967799,NASA_EONET
EONET_19763,Wildfire in Thailand 1028477,Wildfires,2026-04-11 19:00:00+00:00,15.00881666678591,99.14753394850977,NASA_EONET
EONET_19764,Wildfire in India 1028478,Wildfires,2026-04-11 19:00:00+00:00,23.780246973781235,92.05620234564458,NASA_EONET
EONET_19765,Wildfire in Viet Nam 1028479,Wildfires,2026-04-11 19:00:00+00:00,10.310248180319073,104.77890271361927,NASA_EONET
EONET_19780,Wildfire in Thailand 1028500,Wildfires,2026-04-11 19:00:00+00:00,18.88427299874251,99.3110769782556,NASA_EONET
EONET_19781,Wildfire in Thailand 1028502,Wildfires,2026-04-11 19:00:00+00:00,18.60421106207313,101.08791630552638,NASA_EONET
EONET_19782,Wildfire in Nepal 1028501,Wildfires,2026-04-11 19:00:00+00:00,28.562104572719,82.06494090767173,NASA_EONET
EONET_19827,Wildfire in Guinea 1028517,Wildfires,2026-04-11 19:00:00+00:00,11.193395083824594,-13.274838315775634,NASA_EONET
EONET_19561,"79 Wildfire, Custer, South Dakota",Wildfires,2026-04-11 14:40:00+00:00,43.687519,-103.249124,NASA_EONET
EONET_19564,"ANF Bullet Creek C-27 RX Prescribed Fire, San Augustine, Texas",Wildfires,2026-04-11 08:58:00+00:00,31.276467,-94.302133,NASA_EONET
EONET_19573,"APQ CPT 11 Rx 0411 Prescribed Fire, Highlands, Florida",Wildfires,2026-04-11 08:08:00+00:00,27.572409,-81.259689,NASA_EONET
EONET_19569,"Smooth Eddy Wildfire, Hansford, Texas",Wildfires,2026-04-10 22:49:00+00:00,36.2416667,-101.5497222,NASA_EONET
EONET_19570,"Mary 15 Wildfire, Texas, Oklahoma",Wildfires,2026-04-10 22:47:00+00:00,36.8186111,-101.7577778,NASA_EONET
EONET_19568,"Lightning Roll Wildfire, Beaver, Oklahoma",Wildfires,2026-04-10 22:46:00+00:00,36.7338889,-100.7680556,NASA_EONET
EONET_19537,Flood in Venezuela 1103834,Floods,2026-04-10 20:00:00+00:00,10.4260093,-67.034697,NASA_EONET
EONET_19513,Wildfire in Russian Federation 1028298,Wildfires,2026-04-10 19:00:00+00:00,48.827418692270335,133.33951391365136,NASA_EONET
EONET_19538,Wildfire in Venezuela 1028318,Wildfires,2026-04-10 19:00:00+00:00,9.674734335988916,-61.583095650577924,NASA_EONET
EONET_19598,Wildfire in Australia 1028343,Wildfires,2026-04-10 19:00:00+00:00,-16.080830382071152,125.98186017344018,NASA_EONET
EONET_19646,Wildfire in India 1028351,Wildfires,2026-04-10 19:00:00+00:00,19.4632549009831,80.98222725441049,NASA_EONET
EONET_19647,Wildfire in India 1028394,Wildfires,2026-04-10 19:00:00+00:00,25.12604495401843,83.95554551909963,NASA_EONET
EONET_19648,Wildfire in Australia 1028395,Wildfires,2026-04-10 19:00:00+00:00,-16.052681232469748,125.87395383354223,NASA_EONET
EONET_19649,Wildfire in Russian Federation 1028376,Wildfires,2026-04-10 19:00:00+00:00,48.856163557169474,132.1618628175225,NASA_EONET
EONET_19650,Wildfire in Thailand 1028367,Wildfires,2026-04-10 19:00:00+00:00,17.945129467753162,102.02873863665755,NASA_EONET
EONET_19696,Wildfire in Australia 1028433,Wildfires,2026-04-10 19:00:00+00:00,-15.51998691544617,126.40105163403383,NASA_EONET
EONET_19697,Wildfire in Australia 1028434,Wildfires,2026-04-10 19:00:00+00:00,-17.30362310051888,125.68357171259015,NASA_EONET
EONET_19698,Wildfire in Thailand 1028417,Wildfires,2026-04-10 19:00:00+00:00,17.13480605932642,98.94827892614012,NASA_EONET
EONET_19699,Wildfire in Australia 1028418,Wildfires,2026-04-10 19:00:00+00:00,-15.85541000395289,125.70259309357569,NASA_EONET
EONET_19700,Wildfire in India 1028408,Wildfires,2026-04-10 19:00:00+00:00,27.0286173062282,83.56555824367679,NASA_EONET
EONET_19742,Wildfire in Sudan 1028440,Wildfires,2026-04-10 19:00:00+00:00,8.623828510586716,32.541839793467624,NASA_EONET
EONET_19766,Wildfire in Bangladesh 1028480,Wildfires,2026-04-10 19:00:00+00:00,23.419398242379884,92.03122311973955,NASA_EONET
EONET_19783,Wildfire in India 1028493,Wildfires,2026-04-10 19:00:00+00:00,25.19682864212445,83.85081860207208,NASA_EONET
EONET_19828,Wildfire in India 1028518,Wildfires,2026-04-10 19:00:00+00:00,18.65679344583959,81.14519075182886,NASA_EONET
EONET_19829,Wildfire in Thailand 1028519,Wildfires,2026-04-10 19:00:00+00:00,17.275991243561524,98.9772420302785,NASA_EONET
EONET_19578,"Riceville RX Prescribed Fire, Crawford, Indiana",Wildfires,2026-04-10 17:27:00+00:00,38.3166,-86.6616,NASA_EONET
EONET_19583,"Chickasawhay CPT 438 441 RX Prescribed Fire, Wayne, Mississippi",Wildfires,2026-04-10 09:29:00+00:00,31.5038,-88.6813,NASA_EONET
EONET_19577,"Burn Unit 16 RX Prescribed Fire, Sherburne, Minnesota",Wildfires,2026-04-10 08:52:00+00:00,45.525781,-93.706253,NASA_EONET
EONET_19581,"Bienville CPT 43 44 RX Prescribed Fire, Scott, Mississippi",Wildfires,2026-04-10 08:52:00+00:00,32.3809,-89.5273,NASA_EONET
EONET_19584,"RX Middle Northfork 4/7 Prescribed Fire, Garland, Arkansas",Wildfires,2026-04-10 08:20:00+00:00,34.716667,-93.266667,NASA_EONET
EONET_19556,"Purple Monster Wildfire, Oldham, Texas",Wildfires,2026-04-09 20:10:00+00:00,35.381875,-102.378681,NASA_EONET
EONET_19592,Flood in Spain 1103837,Floods,2026-04-09 20:00:00+00:00,37.1734995,-3.5995337,NASA_EONET
EONET_19482,Wildfire in Mongolia 1028274,Wildfires,2026-04-09 19:00:00+00:00,46.80303310085913,118.50794117668437,NASA_EONET
EONET_19514,Wildfire in Australia 1028290,Wildfires,2026-04-09 19:00:00+00:00,-17.581340970811254,127.48348564742122,NASA_EONET
EONET_19539,Wildfire in Australia 1028319,Wildfires,2026-04-09 19:00:00+00:00,-17.372979034187075,125.80617185712205,NASA_EONET
EONET_19540,Wildfire in Australia 1028320,Wildfires,2026-04-09 19:00:00+00:00,-17.206727948162623,125.14782678514189,NASA_EONET
EONET_19599,"Wildfire in India, Bangladesh 1028324",Wildfires,2026-04-09 19:00:00+00:00,23.76256862625055,91.96304270974551,NASA_EONET
EONET_19600,Wildfire in Australia 1028344,Wildfires,2026-04-09 19:00:00+00:00,-19.61756035970583,136.20267504872146,NASA_EONET
EONET_19601,Wildfire in Australia 1028329,Wildfires,2026-04-09 19:00:00+00:00,-17.40605234807318,125.81996131764441,NASA_EONET
EONET_19602,Wildfire in Australia 1028330,Wildfires,2026-04-09 19:00:00+00:00,-17.47650806447057,125.45993691263584,NASA_EONET
EONET_19651,Wildfire in India 1028371,Wildfires,2026-04-09 19:00:00+00:00,26.471098013550026,83.53164279064266,NASA_EONET
EONET_19652,Wildfire in India 1028352,Wildfires,2026-04-09 19:00:00+00:00,26.61963153977634,83.34193337200297,NASA_EONET
EONET_19653,Wildfire in Cuba 1028368,Wildfires,2026-04-09 19:00:00+00:00,22.53605439012259,-84.06182678121098,NASA_EONET
EONET_19654,Wildfire in Australia 1028369,Wildfires,2026-04-09 19:00:00+00:00,-16.625592235403833,124.7556316323466,NASA_EONET
EONET_19655,Wildfire in Australia 1028396,Wildfires,2026-04-09 19:00:00+00:00,-17.532460149821652,125.65062058104266,NASA_EONET
EONET_19656,Wildfire in Myanmar 1028397,Wildfires,2026-04-09 19:00:00+00:00,23.62625167683479,93.83100515415117,NASA_EONET
EONET_19657,Wildfire in Bangladesh 1028398,Wildfires,2026-04-09 19:00:00+00:00,23.422366037739252,92.12033205506941,NASA_EONET
EONET_19658,"Wildfire in Bangladesh, India 1028399",Wildfires,2026-04-09 19:00:00+00:00,23.542417918617364,91.9646052089408,NASA_EONET
EONET_19659,"Wildfire in India, Nepal 1028353",Wildfires,2026-04-09 19:00:00+00:00,27.393266109194236,83.08612151979501,NASA_EONET
EONET_19701,Wildfire in Bangladesh 1028409,Wildfires,2026-04-09 19:00:00+00:00,23.04282291796066,92.31976119582109,NASA_EONET
EONET_19702,Wildfire in Myanmar 1028424,Wildfires,2026-04-09 19:00:00+00:00,21.749932693589,93.90613483143264,NASA_EONET
EONET_19703,Wildfire in India 1028435,Wildfires,2026-04-09 19:00:00+00:00,25.123771215258675,83.90196595888632,NASA_EONET
EONET_19743,Wildfire in Nepal 1028441,Wildfires,2026-04-09 19:00:00+00:00,27.29306217587272,84.8533495070888,NASA_EONET
EONET_19744,Wildfire in Australia 1028465,Wildfires,2026-04-09 19:00:00+00:00,-17.484984521109414,125.78229622793926,NASA_EONET
EONET_19767,Wildfire in Laos 1028481,Wildfires,2026-04-09 19:00:00+00:00,20.156963815545407,101.03765184027426,NASA_EONET
EONET_19768,Wildfire in Thailand 1028471,Wildfires,2026-04-09 19:00:00+00:00,17.145450608855814,101.4152293847596,NASA_EONET
EONET_19784,Wildfire in Thailand 1028483,Wildfires,2026-04-09 19:00:00+00:00,19.09216118570587,100.43206046789817,NASA_EONET
EONET_19785,Wildfire in Viet Nam 1028484,Wildfires,2026-04-09 19:00:00+00:00,10.830968764623814,105.14153927644801,NASA_EONET
EONET_19786,Wildfire in Thailand 1028495,Wildfires,2026-04-09 19:00:00+00:00,18.11154648930147,100.56010079847658,NASA_EONET
EONET_19830,Wildfire in India 1028520,Wildfires,2026-04-09 19:00:00+00:00,19.930815939387013,83.60277564324704,NASA_EONET
EONET_19481,Super Typhoon Sinlaku,Severe Storms,2026-04-09 18:00:00+00:00,8.3,151.5,NASA_EONET
EONET_19405,"rx-Northern Scupp EWO Prescribed Fire, Waukesha, Wisconsin",Wildfires,2026-04-09 15:09:00+00:00,42.9227232,-88.483243,NASA_EONET
EONET_19412,"HARRISON Wildfire, Osage, Oklahoma",Wildfires,2026-04-09 13:08:00+00:00,36.568752,-96.849207,NASA_EONET
EONET_19414,"JOY Wildfire, Osage, Oklahoma",Wildfires,2026-04-09 11:29:00+00:00,36.471122,-96.232358,NASA_EONET
EONET_19585,"DeSoto BB 8301 C-214 RX Prescribed Fire, Perry, Mississippi",Wildfires,2026-04-09 10:53:00+00:00,30.974167,-88.866111,NASA_EONET
EONET_19855,"Cameron Creek Unit 1 RX Prescribed Fire, Fergus, Montana",Wildfires,2026-04-09 10:47:00+00:00,46.751617,-109.100917,NASA_EONET
EONET_19579,"Bienville CPT 44 45 RX Prescribed Fire, Scott, Mississippi",Wildfires,2026-04-09 10:34:00+00:00,32.3711,-89.5408,NASA_EONET
EONET_19415,"Rx Cherokee 3464 Prescribed Fire, Cherokee, Texas",Wildfires,2026-04-09 10:30:00+00:00,31.56518,-95.13378,NASA_EONET
EONET_19416,"Rosindale Road Wildfire, Bladen, North Carolina",Wildfires,2026-04-09 10:20:00+00:00,34.435,-78.5313889,NASA_EONET
EONET_19586,"RX BO/MAG Flat Top 1 Prescribed Fire, Logan, Arkansas",Wildfires,2026-04-09 09:52:00+00:00,35.243252,-93.666974,NASA_EONET
EONET_19406,"RX Blanchard 2 Prescribed Fire, Stone, Arkansas",Wildfires,2026-04-09 09:22:00+00:00,35.95415,-92.167783,NASA_EONET
EONET_19418,"HUGHEY Wildfire, Osage, Oklahoma",Wildfires,2026-04-09 09:15:00+00:00,36.695248,-96.059996,NASA_EONET
EONET_19403,"Chickasawhay CPT 378 RX Prescribed Fire, Wayne, Mississippi",Wildfires,2026-04-09 09:07:00+00:00,31.5102,-88.8983,NASA_EONET
EONET_19588,"RX PHILLIPS ORCHARD Prescribed Fire, Garland, Arkansas",Wildfires,2026-04-09 09:04:00+00:00,34.664083,-93.187444,NASA_EONET
EONET_19590,"RX PCS South Waldron Ridge 1&amp;2 Prescribed Fire, Scott, Arkansas",Wildfires,2026-04-09 09:04:00+00:00,34.869867,-93.970228,NASA_EONET
EONET_19580,"Homochitto BB 59 RX Prescribed Fire, Franklin, Mississippi",Wildfires,2026-04-09 08:56:00+00:00,31.401,-90.966,NASA_EONET
EONET_19404,"RX CALE BU 363 Prescribed Fire, Rapides, Louisiana",Wildfires,2026-04-09 08:53:00+00:00,31.142233,-92.634817,NASA_EONET
EONET_19410,"Compartment 180 RX Prescribed Fire, Greene, Georgia",Wildfires,2026-04-09 08:04:00+00:00,33.655288,-83.27194,NASA_EONET
EONET_19419,"HC 1 Wildfire, San Miguel, New Mexico",Wildfires,2026-04-08 19:31:00+00:00,35.68405,-104.67037,NASA_EONET
EONET_19424,"MA Mainline Non-Statistical/Other, Polk, Texas",Wildfires,2026-04-08 19:13:00+00:00,30.492511,-94.638858,NASA_EONET
EONET_19463,Wildfire in Australia 1028234,Wildfires,2026-04-08 19:00:00+00:00,-16.86634549176335,125.02254306305257,NASA_EONET
EONET_19464,Wildfire in Australia 1028235,Wildfires,2026-04-08 19:00:00+00:00,-32.54535710664647,116.3675376336521,NASA_EONET
EONET_19483,Wildfire in Australia 1028275,Wildfires,2026-04-08 19:00:00+00:00,-15.88228251063748,131.098073582243,NASA_EONET
EONET_19515,Wildfire in Australia 1028299,Wildfires,2026-04-08 19:00:00+00:00,-32.03710597555488,116.47479618689897,NASA_EONET
EONET_19603,Wildfire in Laos 1028345,Wildfires,2026-04-08 19:00:00+00:00,20.56922442024931,101.72190861353543,NASA_EONET
EONET_19604,Wildfire in India 1028325,Wildfires,2026-04-08 19:00:00+00:00,13.986825038892833,79.11953493933217,NASA_EONET
EONET_19605,Wildfire in India 1028336,Wildfires,2026-04-08 19:00:00+00:00,22.14603943374794,79.36342614099053,NASA_EONET
EONET_19660,Wildfire in India 1028354,Wildfires,2026-04-08 19:00:00+00:00,27.280520411711937,82.66933143942349,NASA_EONET
EONET_19661,Wildfire in India 1028355,Wildfires,2026-04-08 19:00:00+00:00,26.37827719204369,83.70835871367413,NASA_EONET
EONET_19662,Wildfire in India 1028372,Wildfires,2026-04-08 19:00:00+00:00,27.02323486917199,83.04525750306911,NASA_EONET
EONET_19745,Wildfire in Thailand 1028451,Wildfires,2026-04-08 19:00:00+00:00,17.577350156417836,100.83802055035993,NASA_EONET
EONET_19746,Wildfire in Laos 1028447,Wildfires,2026-04-08 19:00:00+00:00,20.25842973010114,102.71026832868604,NASA_EONET
EONET_19747,Wildfire in Sudan 1028442,Wildfires,2026-04-08 19:00:00+00:00,8.818112552268088,30.064402756086185,NASA_EONET
EONET_19769,Wildfire in Thailand 1028482,Wildfires,2026-04-08 19:00:00+00:00,17.561202225069067,100.7313464863159,NASA_EONET
EONET_19787,Wildfire in Thailand 1028496,Wildfires,2026-04-08 19:00:00+00:00,14.695458247957225,98.42510111504606,NASA_EONET
EONET_19788,Wildfire in Sudan 1028485,Wildfires,2026-04-08 19:00:00+00:00,8.722408016965785,32.89692638802807,NASA_EONET
EONET_19420,"SUNNY Wildfire, Osage, Oklahoma",Wildfires,2026-04-08 18:11:00+00:00,36.779277,-96.225036,NASA_EONET
EONET_19567,"Turkey Creek Wildfire, Letcher, Kentucky",Wildfires,2026-04-08 15:41:00+00:00,37.04750498,-83.06410789,NASA_EONET
EONET_19438,"Tige - West Celina RX Prescribed Fire, Perry, Indiana",Wildfires,2026-04-08 11:56:00+00:00,38.2051,-86.6266,NASA_EONET
EONET_19426,"RX BO/MAG Chickalah Mtn Prescribed Fire, Yell, Arkansas",Wildfires,2026-04-08 10:52:00+00:00,35.1749,-93.426325,NASA_EONET
EONET_19427,"DeSoto BB 7310 C-7 RX Prescribed Fire, Perry, Mississippi",Wildfires,2026-04-08 10:49:00+00:00,31.05635,-88.859583,NASA_EONET
EONET_19429,"Bienville CPT 5 7 RX Prescribed Fire, Scott, Mississippi",Wildfires,2026-04-08 10:25:00+00:00,32.5163,-89.6524,NASA_EONET
EONET_19938,"RX POORMAN Prescribed Fire, Boise, Idaho",Wildfires,2026-04-08 10:11:00+00:00,44.07671,-115.89314,NASA_EONET
EONET_19434,"Holly Springs IU 14-1 RX Prescribed Fire, Tippah, Mississippi",Wildfires,2026-04-08 10:08:00+00:00,34.8459,-89.0287,NASA_EONET
EONET_19437,"Homochitto BB51 Sub2 RX Prescribed Fire, Franklin, Mississippi",Wildfires,2026-04-08 09:42:00+00:00,31.402,-90.984,NASA_EONET
EONET_19421,"SNF Stark Tract RX Prescribed Fire, Newton, Texas",Wildfires,2026-04-08 09:40:00+00:00,31.174617,-93.626833,NASA_EONET
EONET_19436,"SHNF C-26/C-27/C-28 RX Prescribed Fire, Montgomery, Texas",Wildfires,2026-04-08 09:13:00+00:00,30.529633,-95.652333,NASA_EONET
EONET_19435,"SHNF C-51 RX Prescribed Fire, Walker, Texas",Wildfires,2026-04-08 08:44:00+00:00,30.536367,-95.569167,NASA_EONET
EONET_19430,"RX Key Mountain East Prescribed Fire, Scott, Arkansas",Wildfires,2026-04-08 08:24:00+00:00,34.761897,-94.096898,NASA_EONET
EONET_19433,"RX Spud Rock Prescribed Fire, Franklin, Arkansas",Wildfires,2026-04-08 08:24:00+00:00,35.734,-93.9,NASA_EONET
EONET_19423,"RX Fourche Valley Unit 1 and 2 Prescribed Fire, Yell, Arkansas",Wildfires,2026-04-08 08:09:00+00:00,34.933333,-93.666667,NASA_EONET
EONET_19431,"RX County Liine Prescribed Fire, Newton, Arkansas",Wildfires,2026-04-08 08:08:00+00:00,35.845119,-93.523297,NASA_EONET
EONET_19859,"Piton de la Fournaise, Reunion (France)",Volcanoes,2026-04-08 00:00:00+00:00,-21.244,55.708,NASA_EONET
EONET_19428,"School House B RX Prescribed Fire, Clay, Alabama",Wildfires,2026-04-07 20:00:00+00:00,33.155833,-86.091944,NASA_EONET
EONET_19593,Flood in Philippines 1103838,Floods,2026-04-07 20:00:00+00:00,6.8303517,125.3970848,NASA_EONET
EONET_19465,Wildfire in Russian Federation 1028236,Wildfires,2026-04-07 19:00:00+00:00,48.644257479176055,132.2380501949027,NASA_EONET
EONET_19466,Wildfire in Australia 1028237,Wildfires,2026-04-07 19:00:00+00:00,-16.32533977956783,128.5432714747107,NASA_EONET
EONET_19516,Wildfire in Thailand 1028287,Wildfires,2026-04-07 19:00:00+00:00,18.107236172904408,102.08287513020322,NASA_EONET
EONET_19517,Wildfire in Australia 1028291,Wildfires,2026-04-07 19:00:00+00:00,-19.522199472009532,135.60227835024833,NASA_EONET
EONET_19606,Wildfire in India 1028337,Wildfires,2026-04-07 19:00:00+00:00,26.883237758063704,82.93991473880995,NASA_EONET
EONET_19607,Wildfire in India 1028346,Wildfires,2026-04-07 19:00:00+00:00,26.877598233075833,82.92682400641752,NASA_EONET
EONET_19608,Wildfire in Nicaragua 1028347,Wildfires,2026-04-07 19:00:00+00:00,13.695603078044831,-86.57858927990024,NASA_EONET
EONET_19609,Wildfire in Laos 1028331,Wildfires,2026-04-07 19:00:00+00:00,18.440833152509455,102.85460766084098,NASA_EONET
EONET_19704,Wildfire in Thailand 1028419,Wildfires,2026-04-07 19:00:00+00:00,17.925565542025502,102.10678797749111,NASA_EONET
EONET_19705,Wildfire in Laos 1028420,Wildfires,2026-04-07 19:00:00+00:00,19.05865979105536,103.16706052889053,NASA_EONET
EONET_19706,"Wildfire in Thailand, Myanmar 1028436",Wildfires,2026-04-07 19:00:00+00:00,13.702559547021997,99.18646553075378,NASA_EONET
EONET_19748,Wildfire in Sudan 1028443,Wildfires,2026-04-07 19:00:00+00:00,8.800061603276145,32.9623250063369,NASA_EONET
EONET_19749,Wildfire in Myanmar 1028452,Wildfires,2026-04-07 19:00:00+00:00,19.223749140001058,97.57885703927894,NASA_EONET
EONET_19750,Wildfire in Thailand 1028466,Wildfires,2026-04-07 19:00:00+00:00,18.987888480719374,99.83586645603587,NASA_EONET
EONET_19789,Wildfire in India 1028486,Wildfires,2026-04-07 19:00:00+00:00,19.51190594576083,80.77500307382856,NASA_EONET
EONET_19918,"Porters Mill RX Prescribed Fire, Bath, Virginia",Wildfires,2026-04-07 18:21:00+00:00,37.9668,-79.790533,NASA_EONET
EONET_19409,"Compartment 156 RX Prescribed Fire, Putnam, Georgia",Wildfires,2026-04-07 17:48:00+00:00,33.407033,-83.376383,NASA_EONET
EONET_19432,"Mainline Wildfire, Polk, Texas",Wildfires,2026-04-07 16:23:00+00:00,30.492511,-94.638858,NASA_EONET
EONET_19422,"RX D2 Hog Sapphire Prescribed Fire, Ravalli, Montana",Wildfires,2026-04-07 13:34:00+00:00,46.164317,-113.877617,NASA_EONET
EONET_19448,"Homochitto BB 6 South RX Prescribed Fire, Lincoln, Mississippi",Wildfires,2026-04-07 10:38:00+00:00,31.635,-90.73,NASA_EONET
EONET_19449,"Bienville CPT 41 RX Prescribed Fire, Scott, Mississippi",Wildfires,2026-04-07 10:38:00+00:00,32.4037,-89.5682,NASA_EONET
EONET_19450,"Bienville CPT 31 32 cont  RX Prescribed Fire, Scott, Mississippi",Wildfires,2026-04-07 10:38:00+00:00,32.4098,-89.6599,NASA_EONET
EONET_19444,"Holly Springs IU 26-2 RX Prescribed Fire, Benton, Mississippi",Wildfires,2026-04-07 10:11:00+00:00,34.7893,-89.2329,NASA_EONET
EONET_19446,"RX Bald Knob Prescribed Fire, Crawford, Arkansas",Wildfires,2026-04-07 09:46:00+00:00,35.6695,-94.3093,NASA_EONET
EONET_19447,"RX BO/MAG Carter Mtn Prescribed Fire, Logan, Arkansas",Wildfires,2026-04-07 09:39:00+00:00,35.218256,-93.395096,NASA_EONET
EONET_19458,"MULL Wildfire, Osage, Oklahoma",Wildfires,2026-04-07 09:30:00+00:00,36.539489,-96.362972,NASA_EONET
EONET_19443,"RX PCS East Horseshoe 2 Prescribed Fire, Scott, Arkansas",Wildfires,2026-04-07 09:29:00+00:00,34.783517,-94.254627,NASA_EONET
EONET_19452,"SHNF C-14/C-15 RX Prescribed Fire, Montgomery, Texas",Wildfires,2026-04-07 09:18:00+00:00,30.52045,-95.728667,NASA_EONET
EONET_19445,"RX FORKS 5 Prescribed Fire, Montgomery, Arkansas",Wildfires,2026-04-07 09:13:00+00:00,34.525556,-93.738056,NASA_EONET
EONET_19455,"SHNF C-43N RX Prescribed Fire, Walker, Texas",Wildfires,2026-04-07 09:08:00+00:00,30.524133,-95.57925,NASA_EONET
EONET_19454,"RX Reeve&#039;s Fork Prescribed Fire, Newton, Arkansas",Wildfires,2026-04-07 09:07:00+00:00,35.808903,-93.464358,NASA_EONET
EONET_19459,"SUNNY SLOPES Wildfire, Osage, Oklahoma",Wildfires,2026-04-07 09:07:00+00:00,36.463582,-96.616347,NASA_EONET
EONET_19456,"RX CALE BU 30-33 Prescribed Fire, Rapides, Louisiana",Wildfires,2026-04-07 09:02:00+00:00,31.197633,-92.562217,NASA_EONET
EONET_19451,"RX VANDERSLICE UNIT 8 Prescribed Fire, Montgomery, Arkansas",Wildfires,2026-04-07 08:21:00+00:00,34.671333,-93.484417,NASA_EONET
EONET_19442,"C-75A FM RX Prescribed Fire, Berkeley, South Carolina",Wildfires,2026-04-07 07:25:00+00:00,33.201972,-79.870556,NASA_EONET
EONET_19417,"Meadow View Wildfire, Potter, Texas",Wildfires,2026-04-06 21:39:00+00:00,35.469041,-101.813616,NASA_EONET
EONET_19413,"Meadow View Wildfire, Potter, Texas",Wildfires,2026-04-06 20:45:00+00:00,35.468784,-101.832244,NASA_EONET
EONET_19460,"rx-Lapham Good Oak 2026 Prescribed Fire, Waukesha, Wisconsin",Wildfires,2026-04-06 20:11:00+00:00,43.0403647,-88.3992015,NASA_EONET
EONET_19376,Wildfire in Australia 1028218,Wildfires,2026-04-06 19:00:00+00:00,-15.731795329081466,128.3692566608866,NASA_EONET
EONET_19377,Wildfire in Mongolia 1028219,Wildfires,2026-04-06 19:00:00+00:00,49.28756597876336,115.78281860426753,NASA_EONET
EONET_19390,Wildfire in United States 1028227,Wildfires,2026-04-06 19:00:00+00:00,38.91899445788966,-96.3197936196026,NASA_EONET
EONET_19467,Wildfire in Thailand 1028238,Wildfires,2026-04-06 19:00:00+00:00,15.973555377436302,101.80274244685963,NASA_EONET
EONET_19518,Wildfire in Thailand 1028292,Wildfires,2026-04-06 19:00:00+00:00,18.08491180510639,97.87880808805856,NASA_EONET
EONET_19519,Wildfire in India 1028283,Wildfires,2026-04-06 19:00:00+00:00,19.5568062796711,80.9628466759735,NASA_EONET
EONET_19520,Wildfire in India 1028284,Wildfires,2026-04-06 19:00:00+00:00,27.09474691168079,82.90844256116571,NASA_EONET
EONET_19521,Wildfire in Laos 1028288,Wildfires,2026-04-06 19:00:00+00:00,18.49607870708877,102.99372974559596,NASA_EONET
EONET_19522,Wildfire in Laos 1028300,Wildfires,2026-04-06 19:00:00+00:00,18.195679981805988,105.0647453181585,NASA_EONET
EONET_19523,Wildfire in Laos 1028301,Wildfires,2026-04-06 19:00:00+00:00,18.67248108240052,103.50692813060478,NASA_EONET
EONET_19524,Wildfire in Laos 1028302,Wildfires,2026-04-06 19:00:00+00:00,19.780586217570878,104.02104247252585,NASA_EONET
EONET_19610,Wildfire in Laos 1028348,Wildfires,2026-04-06 19:00:00+00:00,18.438604012097272,104.42491340421688,NASA_EONET
EONET_19611,Wildfire in India 1028326,Wildfires,2026-04-06 19:00:00+00:00,19.475317588944463,81.13766127057659,NASA_EONET
EONET_19612,Wildfire in Sudan 1028328,Wildfires,2026-04-06 19:00:00+00:00,9.160219631133002,30.337516884954365,NASA_EONET
EONET_19663,Wildfire in Guinea 1028363,Wildfires,2026-04-06 19:00:00+00:00,11.32134300930628,-13.33056896765436,NASA_EONET
EONET_19664,Wildfire in Laos 1028400,Wildfires,2026-04-06 19:00:00+00:00,20.06443887416467,101.87949643110454,NASA_EONET
EONET_19665,Wildfire in Laos 1028401,Wildfires,2026-04-06 19:00:00+00:00,19.104064413692555,101.39747969345167,NASA_EONET
EONET_19666,Wildfire in Australia 1028402,Wildfires,2026-04-06 19:00:00+00:00,-19.617820050920887,136.17873691953739,NASA_EONET
EONET_19707,Wildfire in Thailand 1028437,Wildfires,2026-04-06 19:00:00+00:00,19.506543155023426,98.41695480348307,NASA_EONET
