date,precipitation_mm,rain_mm,precipitation_hours,max_wind_speed_kmh,location_name,latitude,longitude,state,rolling_3d_precip_mm,rolling_7d_precip_mm,heavy_rainfall_flag,extreme_rainfall_flag
2024-07-18,1.1,1.1,2.0,23.4,Chennai (Coastal North),13.0827,80.2707,Tamil Nadu,1.1,1.1,0,0
2024-07-18,1.1,1.1,3.0,24.4,Nagapattinam (Delta Coast),10.7656,79.8424,Tamil Nadu,2.2,2.2,0,0
2024-07-18,7.0,7.0,16.0,16.2,Madurai (Southern Plains),9.9252,78.1198,Tamil Nadu,9.2,9.2,0,0
2024-07-18,5.5,5.5,18.0,16.6,Salem (Northern Inland),11.6643,78.146,Tamil Nadu,13.6,14.7,0,0
2024-07-18,0.5,0.5,3.0,16.5,Cuddalore (Coastal Central),11.748,79.7714,Tamil Nadu,13.0,15.2,0,0
2024-07-18,3.2,3.2,10.0,23.4,Vellore (Palar Basin),12.9165,79.1325,Tamil Nadu,9.2,18.4,0,0
2024-07-18,27.6,27.6,24.0,25.5,Nilgiris (Hill Station Zone),11.4102,76.695,Tamil Nadu,31.3,46.0,0,0
2024-07-18,2.3,2.3,13.0,29.3,Kanyakumari (Southern Coast),8.1833,77.4119,Tamil Nadu,33.1,47.2,0,0
2024-07-18,1.1,1.1,8.0,29.6,Tiruchirappalli (Kaveri Basin),10.7905,78.7047,Tamil Nadu,31.0,47.2,0,0
2024-07-18,9.1,9.1,23.0,25.9,Coimbatore (Western Inland),11.0168,76.9558,Tamil Nadu,12.5,49.3,0,0
2024-07-19,0.0,0.0,0.0,29.5,Nagapattinam (Delta Coast),10.7656,79.8424,Tamil Nadu,10.2,43.8,0,0
2024-07-19,12.2,12.2,20.0,24.0,Nilgiris (Hill Station Zone),11.4102,76.695,Tamil Nadu,21.3,55.5,0,0
2024-07-19,1.0,1.0,8.0,24.5,Coimbatore (Western Inland),11.0168,76.9558,Tamil Nadu,13.2,53.3,0,0
2024-07-19,0.5,0.5,3.0,22.6,Chennai (Coastal North),13.0827,80.2707,Tamil Nadu,13.7,26.2,0,0
2024-07-19,0.0,0.0,0.0,18.7,Madurai (Southern Plains),9.9252,78.1198,Tamil Nadu,1.5,23.9,0,0
2024-07-19,3.7,3.7,14.0,25.3,Kanyakumari (Southern Coast),8.1833,77.4119,Tamil Nadu,4.2,26.5,0,0
2024-07-19,3.4,3.4,14.0,21.2,Cuddalore (Coastal Central),11.748,79.7714,Tamil Nadu,7.1,20.8,0,0
2024-07-19,0.0,0.0,0.0,32.5,Tiruchirappalli (Kaveri Basin),10.7905,78.7047,Tamil Nadu,7.1,20.8,0,0
2024-07-19,9.2,9.2,23.0,23.4,Vellore (Palar Basin),12.9165,79.1325,Tamil Nadu,12.6,17.8,0,0
2024-07-19,6.3,6.3,19.0,7.8,Salem (Northern Inland),11.6643,78.146,Tamil Nadu,15.5,23.1,0,0
2024-07-20,2.7,2.7,18.0,21.4,Nilgiris (Hill Station Zone),11.4102,76.695,Tamil Nadu,18.2,25.3,0,0
2024-07-20,0.2,0.2,1.0,30.5,Nagapattinam (Delta Coast),10.7656,79.8424,Tamil Nadu,9.2,25.5,0,0
2024-07-20,0.0,0.0,0.0,14.3,Salem (Northern Inland),11.6643,78.146,Tamil Nadu,2.9,21.8,0,0
2024-07-20,0.1,0.1,1.0,25.5,Chennai (Coastal North),13.0827,80.2707,Tamil Nadu,0.3,18.5,0,0
2024-07-20,4.6,4.6,20.0,25.8,Kanyakumari (Southern Coast),8.1833,77.4119,Tamil Nadu,4.7,23.1,0,0
2024-07-20,0.0,0.0,0.0,23.5,Madurai (Southern Plains),9.9252,78.1198,Tamil Nadu,4.7,13.9,0,0
2024-07-20,2.3,2.3,10.0,26.0,Vellore (Palar Basin),12.9165,79.1325,Tamil Nadu,6.9,9.9,0,0
2024-07-20,0.0,0.0,0.0,31.7,Tiruchirappalli (Kaveri Basin),10.7905,78.7047,Tamil Nadu,2.3,7.2,0,0
2024-07-20,0.3,0.3,3.0,25.5,Coimbatore (Western Inland),11.0168,76.9558,Tamil Nadu,2.6,7.3,0,0
2024-07-20,0.0,0.0,0.0,21.1,Cuddalore (Coastal Central),11.748,79.7714,Tamil Nadu,0.3,7.3,0,0
2024-07-21,0.0,0.0,0.0,23.9,Madurai (Southern Plains),9.9252,78.1198,Tamil Nadu,0.3,7.2,0,0
2024-07-21,1.7,1.7,13.0,23.8,Kanyakumari (Southern Coast),8.1833,77.4119,Tamil Nadu,1.7,4.3,0,0
2024-07-21,2.6,2.6,2.0,21.9,Chennai (Coastal North),13.0827,80.2707,Tamil Nadu,4.3,6.9,0,0
2024-07-21,0.0,0.0,0.0,31.0,Tiruchirappalli (Kaveri Basin),10.7905,78.7047,Tamil Nadu,4.3,4.6,0,0
2024-07-21,0.0,0.0,0.0,23.4,Cuddalore (Coastal Central),11.748,79.7714,Tamil Nadu,2.6,4.6,0,0
2024-07-21,0.6,0.6,3.0,17.0,Salem (Northern Inland),11.6643,78.146,Tamil Nadu,0.6,4.9,0,0
2024-07-21,0.4,0.4,4.0,28.8,Vellore (Palar Basin),12.9165,79.1325,Tamil Nadu,1.0,5.3,0,0
2024-07-21,0.0,0.0,0.0,24.1,Nagapattinam (Delta Coast),10.7656,79.8424,Tamil Nadu,1.0,5.3,0,0
2024-07-21,0.6,0.6,6.0,29.2,Coimbatore (Western Inland),11.0168,76.9558,Tamil Nadu,1.0,4.2,0,0
2024-07-21,2.6,2.6,14.0,29.8,Nilgiris (Hill Station Zone),11.4102,76.695,Tamil Nadu,3.2,4.2,0,0
2024-07-22,1.3,1.3,5.0,13.7,Salem (Northern Inland),11.6643,78.146,Tamil Nadu,4.5,5.5,0,0
2024-07-22,0.0,0.0,0.0,24.9,Chennai (Coastal North),13.0827,80.2707,Tamil Nadu,3.9,5.5,0,0
2024-07-22,0.0,0.0,0.0,24.8,Nagapattinam (Delta Coast),10.7656,79.8424,Tamil Nadu,1.3,4.9,0,0
2024-07-22,0.0,0.0,0.0,17.9,Madurai (Southern Plains),9.9252,78.1198,Tamil Nadu,0.0,4.5,0,0
2024-07-22,0.0,0.0,0.0,27.4,Vellore (Palar Basin),12.9165,79.1325,Tamil Nadu,0.0,4.5,0,0
2024-07-22,0.0,0.0,0.0,20.4,Cuddalore (Coastal Central),11.748,79.7714,Tamil Nadu,0.0,3.9,0,0
2024-07-22,0.0,0.0,0.0,22.1,Coimbatore (Western Inland),11.0168,76.9558,Tamil Nadu,0.0,1.3,0,0
2024-07-22,0.2,0.2,2.0,30.8,Nilgiris (Hill Station Zone),11.4102,76.695,Tamil Nadu,0.2,0.2,0,0
2024-07-22,14.8,14.8,14.0,26.5,Kanyakumari (Southern Coast),8.1833,77.4119,Tamil Nadu,15.0,15.0,0,0
2024-07-22,0.0,0.0,0.0,28.1,Tiruchirappalli (Kaveri Basin),10.7905,78.7047,Tamil Nadu,15.0,15.0,0,0
2024-07-23,0.0,0.0,0.0,15.6,Madurai (Southern Plains),9.9252,78.1198,Tamil Nadu,14.8,15.0,0,0
2024-07-23,1.4,1.4,8.0,18.6,Salem (Northern Inland),11.6643,78.146,Tamil Nadu,1.4,16.4,0,0
2024-07-23,0.1,0.1,1.0,26.9,Vellore (Palar Basin),12.9165,79.1325,Tamil Nadu,1.5,16.5,0,0
2024-07-23,6.5,6.5,14.0,21.6,Kanyakumari (Southern Coast),8.1833,77.4119,Tamil Nadu,8.0,23.0,0,0
2024-07-23,0.1,0.1,1.0,27.4,Chennai (Coastal North),13.0827,80.2707,Tamil Nadu,6.7,22.9,0,0
2024-07-23,0.4,0.4,3.0,23.8,Nagapattinam (Delta Coast),10.7656,79.8424,Tamil Nadu,7.0,8.5,0,0
2024-07-23,0.2,0.2,2.0,17.3,Cuddalore (Coastal Central),11.748,79.7714,Tamil Nadu,0.7,8.7,0,0
2024-07-23,0.0,0.0,0.0,25.7,Tiruchirappalli (Kaveri Basin),10.7905,78.7047,Tamil Nadu,0.6,8.7,0,0
2024-07-23,0.2,0.2,2.0,24.7,Coimbatore (Western Inland),11.0168,76.9558,Tamil Nadu,0.4,7.5,0,0
2024-07-23,1.6,1.6,9.0,23.6,Nilgiris (Hill Station Zone),11.4102,76.695,Tamil Nadu,1.8,9.0,0,0
2024-07-24,0.3,0.3,2.0,22.0,Tiruchirappalli (Kaveri Basin),10.7905,78.7047,Tamil Nadu,2.1,2.8,0,0
2024-07-24,0.1,0.1,1.0,28.8,Vellore (Palar Basin),12.9165,79.1325,Tamil Nadu,2.0,2.8,0,0
2024-07-24,0.9,0.9,5.0,20.0,Salem (Northern Inland),11.6643,78.146,Tamil Nadu,1.3,3.3,0,0
2024-07-24,0.7,0.7,1.0,14.3,Madurai (Southern Plains),9.9252,78.1198,Tamil Nadu,1.7,3.8,0,0
2024-07-24,0.0,0.0,0.0,28.9,Chennai (Coastal North),13.0827,80.2707,Tamil Nadu,1.6,3.8,0,0
2024-07-24,1.6,1.6,10.0,24.1,Kanyakumari (Southern Coast),8.1833,77.4119,Tamil Nadu,2.3,5.2,0,0
2024-07-24,0.2,0.2,2.0,23.4,Nagapattinam (Delta Coast),10.7656,79.8424,Tamil Nadu,1.8,3.8,0,0
2024-07-24,2.5,2.5,10.0,23.9,Nilgiris (Hill Station Zone),11.4102,76.695,Tamil Nadu,4.3,6.0,0,0
2024-07-24,0.1,0.1,1.0,19.2,Cuddalore (Coastal Central),11.748,79.7714,Tamil Nadu,2.8,6.0,0,0
2024-07-24,0.1,0.1,1.0,23.8,Coimbatore (Western Inland),11.0168,76.9558,Tamil Nadu,2.7,5.2,0,0
2024-07-25,0.1,0.1,1.0,20.8,Cuddalore (Coastal Central),11.748,79.7714,Tamil Nadu,0.3,4.6,0,0
2024-07-25,0.2,0.2,2.0,30.1,Nagapattinam (Delta Coast),10.7656,79.8424,Tamil Nadu,0.4,4.8,0,0
2024-07-25,4.9,4.9,18.0,26.3,Kanyakumari (Southern Coast),8.1833,77.4119,Tamil Nadu,5.2,8.1,0,0
2024-07-25,7.6,7.6,23.0,23.1,Nilgiris (Hill Station Zone),11.4102,76.695,Tamil Nadu,12.7,15.5,0,0
2024-07-25,1.0,1.0,4.0,30.7,Tiruchirappalli (Kaveri Basin),10.7905,78.7047,Tamil Nadu,13.5,14.0,0,0
2024-07-25,0.4,0.4,3.0,31.1,Vellore (Palar Basin),12.9165,79.1325,Tamil Nadu,9.0,14.3,0,0
2024-07-25,10.1,10.1,5.0,17.1,Salem (Northern Inland),11.6643,78.146,Tamil Nadu,11.5,24.3,0,0
2024-07-25,1.1,1.1,5.0,30.3,Chennai (Coastal North),13.0827,80.2707,Tamil Nadu,11.6,25.3,0,0
2024-07-25,0.6,0.6,3.0,28.4,Madurai (Southern Plains),9.9252,78.1198,Tamil Nadu,11.8,25.7,0,0
2024-07-25,2.2,2.2,14.0,26.4,Coimbatore (Western Inland),11.0168,76.9558,Tamil Nadu,3.9,23.0,0,0
2024-07-26,1.2,1.2,9.0,22.2,Salem (Northern Inland),11.6643,78.146,Tamil Nadu,4.0,16.6,0,0
2024-07-26,0.6,0.6,2.0,24.5,Cuddalore (Coastal Central),11.748,79.7714,Tamil Nadu,4.0,16.2,0,0
2024-07-26,0.1,0.1,1.0,29.3,Tiruchirappalli (Kaveri Basin),10.7905,78.7047,Tamil Nadu,1.9,15.9,0,0
2024-07-26,5.0,5.0,14.0,28.7,Kanyakumari (Southern Coast),8.1833,77.4119,Tamil Nadu,5.7,10.8,0,0
2024-07-26,4.6,4.6,3.0,27.8,Chennai (Coastal North),13.0827,80.2707,Tamil Nadu,9.7,14.3,0,0
2024-07-26,1.1,1.1,3.0,25.4,Nagapattinam (Delta Coast),10.7656,79.8424,Tamil Nadu,10.7,14.8,0,0
2024-07-26,7.6,7.6,24.0,23.9,Nilgiris (Hill Station Zone),11.4102,76.695,Tamil Nadu,13.3,20.2,0,0
2024-07-26,0.4,0.4,3.0,30.5,Vellore (Palar Basin),12.9165,79.1325,Tamil Nadu,9.1,19.4,0,0
2024-07-26,1.4,1.4,2.0,26.0,Madurai (Southern Plains),9.9252,78.1198,Tamil Nadu,9.4,20.2,0,0
2024-07-26,1.2,1.2,11.0,28.8,Coimbatore (Western Inland),11.0168,76.9558,Tamil Nadu,3.0,21.3,0,0
2024-07-27,0.3,0.3,3.0,21.5,Coimbatore (Western Inland),11.0168,76.9558,Tamil Nadu,2.9,16.6,0,0
2024-07-27,0.0,0.0,0.0,28.8,Cuddalore (Coastal Central),11.748,79.7714,Tamil Nadu,1.5,12.0,0,0
2024-07-27,3.4,3.4,2.0,27.6,Nagapattinam (Delta Coast),10.7656,79.8424,Tamil Nadu,3.7,14.3,0,0
2024-07-27,0.0,0.0,0.0,23.5,Salem (Northern Inland),11.6643,78.146,Tamil Nadu,3.4,6.7,0,0
2024-07-27,9.4,9.4,19.0,27.5,Nilgiris (Hill Station Zone),11.4102,76.695,Tamil Nadu,12.8,15.7,0,0
2024-07-27,0.9,0.9,2.0,13.6,Madurai (Southern Plains),9.9252,78.1198,Tamil Nadu,10.3,15.2,0,0
2024-07-27,0.2,0.2,2.0,23.4,Tiruchirappalli (Kaveri Basin),10.7905,78.7047,Tamil Nadu,10.5,14.2,0,0
2024-07-27,0.2,0.2,2.0,30.5,Vellore (Palar Basin),12.9165,79.1325,Tamil Nadu,1.3,14.1,0,0
2024-07-27,3.8,3.8,17.0,27.8,Kanyakumari (Southern Coast),8.1833,77.4119,Tamil Nadu,4.2,17.9,0,0
2024-07-27,0.3,0.3,1.0,30.4,Chennai (Coastal North),13.0827,80.2707,Tamil Nadu,4.3,14.8,0,0
2024-07-28,0.6,0.6,5.0,29.4,Nilgiris (Hill Station Zone),11.4102,76.695,Tamil Nadu,4.7,15.4,0,0
2024-07-28,0.0,0.0,0.0,29.5,Vellore (Palar Basin),12.9165,79.1325,Tamil Nadu,0.9,6.0,0,0
2024-07-28,8.9,8.9,18.0,25.7,Kanyakumari (Southern Coast),8.1833,77.4119,Tamil Nadu,9.5,14.0,0,0
2024-07-28,0.0,0.0,0.0,26.4,Coimbatore (Western Inland),11.0168,76.9558,Tamil Nadu,8.9,13.8,0,0
2024-07-28,0.0,0.0,0.0,25.0,Cuddalore (Coastal Central),11.748,79.7714,Tamil Nadu,8.9,13.6,0,0
2024-07-28,0.0,0.0,0.0,25.9,Tiruchirappalli (Kaveri Basin),10.7905,78.7047,Tamil Nadu,0.0,9.8,0,0
2024-07-28,0.1,0.1,1.0,26.6,Chennai (Coastal North),13.0827,80.2707,Tamil Nadu,0.1,9.6,0,0
2024-07-28,0.2,0.2,2.0,21.9,Madurai (Southern Plains),9.9252,78.1198,Tamil Nadu,0.3,9.2,0,0
2024-07-28,0.1,0.1,1.0,23.1,Salem (Northern Inland),11.6643,78.146,Tamil Nadu,0.4,9.3,0,0
2024-07-28,0.0,0.0,0.0,22.8,Nagapattinam (Delta Coast),10.7656,79.8424,Tamil Nadu,0.3,0.4,0,0
2024-07-29,4.1,4.1,3.0,26.4,Vellore (Palar Basin),12.9165,79.1325,Tamil Nadu,4.2,4.5,0,0
2024-07-29,40.6,40.6,18.0,18.9,Nilgiris (Hill Station Zone),11.4102,76.695,Tamil Nadu,44.7,45.1,0,0
2024-07-29,0.2,0.2,1.0,15.7,Cuddalore (Coastal Central),11.748,79.7714,Tamil Nadu,44.9,45.3,0,0
2024-07-29,6.6,6.6,9.0,28.3,Coimbatore (Western Inland),11.0168,76.9558,Tamil Nadu,47.4,51.8,0,0
2024-07-29,4.5,4.5,16.0,27.6,Kanyakumari (Southern Coast),8.1833,77.4119,Tamil Nadu,11.3,56.1,0,0
2024-07-29,5.8,5.8,6.0,22.1,Chennai (Coastal North),13.0827,80.2707,Tamil Nadu,16.9,61.8,0,0
2024-07-29,0.2,0.2,1.0,21.1,Nagapattinam (Delta Coast),10.7656,79.8424,Tamil Nadu,10.5,62.0,0,0
2024-07-29,2.2,2.2,7.0,25.9,Madurai (Southern Plains),9.9252,78.1198,Tamil Nadu,8.2,60.1,0,0
2024-07-29,7.9,7.9,6.0,30.9,Tiruchirappalli (Kaveri Basin),10.7905,78.7047,Tamil Nadu,10.3,27.4,0,0
2024-07-29,6.2,6.2,4.0,15.3,Salem (Northern Inland),11.6643,78.146,Tamil Nadu,16.3,33.4,0,0
2024-07-30,1.5,1.5,3.0,19.5,Chennai (Coastal North),13.0827,80.2707,Tamil Nadu,15.6,28.3,0,0
2024-07-30,15.0,15.0,8.0,30.2,Tiruchirappalli (Kaveri Basin),10.7905,78.7047,Tamil Nadu,22.7,38.8,0,0
2024-07-30,1.0,1.0,3.0,26.7,Vellore (Palar Basin),12.9165,79.1325,Tamil Nadu,17.5,34.0,0,0
2024-07-30,8.0,8.0,6.0,27.2,Nagapattinam (Delta Coast),10.7656,79.8424,Tamil Nadu,24.0,41.8,0,0
2024-07-30,1.5,1.5,5.0,20.4,Cuddalore (Coastal Central),11.748,79.7714,Tamil Nadu,10.5,41.1,0,0
2024-07-30,43.3,43.3,23.0,21.4,Coimbatore (Western Inland),11.0168,76.9558,Tamil Nadu,52.8,76.5,0,0
2024-07-30,3.4,3.4,9.0,16.1,Madurai (Southern Plains),9.9252,78.1198,Tamil Nadu,48.2,73.7,0,0
2024-07-30,5.6,5.6,15.0,28.2,Kanyakumari (Southern Coast),8.1833,77.4119,Tamil Nadu,52.3,77.8,0,0
2024-07-30,49.0,49.0,24.0,14.2,Nilgiris (Hill Station Zone),11.4102,76.695,Tamil Nadu,58.0,111.8,0,0
2024-07-30,4.1,4.1,11.0,12.3,Salem (Northern Inland),11.6643,78.146,Tamil Nadu,58.7,114.9,0,0
2024-07-31,11.9,11.9,16.0,22.6,Coimbatore (Western Inland),11.0168,76.9558,Tamil Nadu,65.0,118.8,0,0
2024-07-31,2.3,2.3,5.0,21.4,Nagapattinam (Delta Coast),10.7656,79.8424,Tamil Nadu,18.3,119.6,0,0
2024-07-31,1.8,1.8,4.0,21.4,Madurai (Southern Plains),9.9252,78.1198,Tamil Nadu,16.0,78.1,0,0
2024-07-31,1.6,1.6,3.0,20.2,Vellore (Palar Basin),12.9165,79.1325,Tamil Nadu,5.7,76.3,0,0
2024-07-31,20.4,20.4,17.0,12.5,Nilgiris (Hill Station Zone),11.4102,76.695,Tamil Nadu,23.8,91.1,0,0
2024-07-31,5.5,5.5,2.0,19.0,Cuddalore (Coastal Central),11.748,79.7714,Tamil Nadu,27.5,47.6,0,0
2024-07-31,20.0,20.0,9.0,13.4,Salem (Northern Inland),11.6643,78.146,Tamil Nadu,45.9,63.5,0,0
2024-07-31,2.5,2.5,3.0,23.0,Tiruchirappalli (Kaveri Basin),10.7905,78.7047,Tamil Nadu,28.0,54.1,0,0
2024-07-31,1.5,1.5,2.0,17.3,Chennai (Coastal North),13.0827,80.2707,Tamil Nadu,24.0,53.3,0,0
2024-07-31,0.7,0.7,7.0,24.7,Kanyakumari (Southern Coast),8.1833,77.4119,Tamil Nadu,4.7,52.2,0,0
2024-08-01,3.4,3.4,2.0,21.1,Nagapattinam (Delta Coast),10.7656,79.8424,Tamil Nadu,5.6,54.0,0,0
2024-08-01,0.1,0.1,1.0,23.9,Vellore (Palar Basin),12.9165,79.1325,Tamil Nadu,4.2,33.7,0,0
2024-08-01,3.7,3.7,15.0,12.6,Nilgiris (Hill Station Zone),11.4102,76.695,Tamil Nadu,7.2,31.9,0,0
2024-08-01,0.5,0.5,3.0,22.3,Madurai (Southern Plains),9.9252,78.1198,Tamil Nadu,4.3,12.4,0,0
2024-08-01,2.1,2.1,8.0,24.9,Kanyakumari (Southern Coast),8.1833,77.4119,Tamil Nadu,6.3,12.0,0,0
2024-08-01,2.2,2.2,5.0,23.4,Coimbatore (Western Inland),11.0168,76.9558,Tamil Nadu,4.8,12.7,0,0
2024-08-01,3.3,3.3,4.0,15.9,Salem (Northern Inland),11.6643,78.146,Tamil Nadu,7.6,15.3,0,0
2024-08-01,3.0,3.0,9.0,16.8,Cuddalore (Coastal Central),11.748,79.7714,Tamil Nadu,8.5,14.9,0,0
2024-08-01,2.6,2.6,1.0,23.5,Chennai (Coastal North),13.0827,80.2707,Tamil Nadu,8.9,17.4,0,0
2024-08-01,2.4,2.4,1.0,20.2,Tiruchirappalli (Kaveri Basin),10.7905,78.7047,Tamil Nadu,8.0,16.1,0,0
2024-08-02,0.1,0.1,1.0,21.6,Coimbatore (Western Inland),11.0168,76.9558,Tamil Nadu,5.1,15.7,0,0
2024-08-02,0.4,0.4,4.0,24.1,Tiruchirappalli (Kaveri Basin),10.7905,78.7047,Tamil Nadu,2.9,14.0,0,0
2024-08-02,0.5,0.5,3.0,16.5,Madurai (Southern Plains),9.9252,78.1198,Tamil Nadu,1.0,12.3,0,0
2024-08-02,4.5,4.5,5.0,19.8,Chennai (Coastal North),13.0827,80.2707,Tamil Nadu,5.4,13.5,0,0
2024-08-02,0.8,0.8,2.0,20.9,Nagapattinam (Delta Coast),10.7656,79.8424,Tamil Nadu,5.8,11.3,0,0
2024-08-02,0.6,0.6,4.0,12.1,Nilgiris (Hill Station Zone),11.4102,76.695,Tamil Nadu,5.9,9.3,0,0
2024-08-02,7.0,7.0,5.0,8.7,Salem (Northern Inland),11.6643,78.146,Tamil Nadu,8.4,13.9,0,0
2024-08-02,1.8,1.8,12.0,24.2,Kanyakumari (Southern Coast),8.1833,77.4119,Tamil Nadu,9.4,15.6,0,0
2024-08-02,0.5,0.5,3.0,20.9,Vellore (Palar Basin),12.9165,79.1325,Tamil Nadu,9.3,15.7,0,0
2024-08-02,3.2,3.2,4.0,20.9,Cuddalore (Coastal Central),11.748,79.7714,Tamil Nadu,5.5,18.4,0,0
2024-08-03,0.9,0.9,2.0,20.9,Nagapattinam (Delta Coast),10.7656,79.8424,Tamil Nadu,4.6,14.8,0,0
2024-08-03,0.1,0.1,1.0,12.7,Salem (Northern Inland),11.6643,78.146,Tamil Nadu,4.2,14.1,0,0
2024-08-03,0.6,0.6,3.0,24.5,Kanyakumari (Southern Coast),8.1833,77.4119,Tamil Nadu,1.6,14.1,0,0
2024-08-03,4.2,4.2,11.0,12.4,Nilgiris (Hill Station Zone),11.4102,76.695,Tamil Nadu,4.9,11.3,0,0
2024-08-03,7.7,7.7,4.0,15.8,Chennai (Coastal North),13.0827,80.2707,Tamil Nadu,12.5,17.2,0,0
2024-08-03,4.8,4.8,6.0,19.3,Coimbatore (Western Inland),11.0168,76.9558,Tamil Nadu,16.7,21.5,0,0
2024-08-03,2.3,2.3,2.0,20.2,Madurai (Southern Plains),9.9252,78.1198,Tamil Nadu,14.8,20.6,0,0
2024-08-03,0.6,0.6,2.0,18.5,Cuddalore (Coastal Central),11.748,79.7714,Tamil Nadu,7.7,20.3,0,0
2024-08-03,1.0,1.0,2.0,20.2,Vellore (Palar Basin),12.9165,79.1325,Tamil Nadu,3.9,21.2,0,0
2024-08-03,0.3,0.3,3.0,22.5,Tiruchirappalli (Kaveri Basin),10.7905,78.7047,Tamil Nadu,1.9,20.9,0,0
2024-08-04,0.6,0.6,3.0,24.0,Madurai (Southern Plains),9.9252,78.1198,Tamil Nadu,1.9,17.3,0,0
2024-08-04,7.9,7.9,3.0,17.3,Tiruchirappalli (Kaveri Basin),10.7905,78.7047,Tamil Nadu,8.8,17.5,0,0
2024-08-04,0.2,0.2,2.0,13.8,Chennai (Coastal North),13.0827,80.2707,Tamil Nadu,8.7,12.9,0,0
2024-08-04,2.8,2.8,11.0,14.5,Coimbatore (Western Inland),11.0168,76.9558,Tamil Nadu,10.9,13.4,0,0
2024-08-04,1.8,1.8,2.0,17.5,Nagapattinam (Delta Coast),10.7656,79.8424,Tamil Nadu,4.8,14.6,0,0
2024-08-04,0.0,0.0,0.0,24.8,Kanyakumari (Southern Coast),8.1833,77.4119,Tamil Nadu,4.6,13.6,0,0
2024-08-04,4.6,4.6,2.0,23.6,Vellore (Palar Basin),12.9165,79.1325,Tamil Nadu,6.4,17.9,0,0
2024-08-04,26.3,26.3,20.0,12.0,Nilgiris (Hill Station Zone),11.4102,76.695,Tamil Nadu,30.9,43.6,0,0
2024-08-04,7.5,7.5,2.0,15.3,Cuddalore (Coastal Central),11.748,79.7714,Tamil Nadu,38.4,43.2,0,0
2024-08-04,4.3,4.3,5.0,9.3,Salem (Northern Inland),11.6643,78.146,Tamil Nadu,38.1,47.3,0,0
2024-08-05,0.8,0.8,3.0,15.0,Chennai (Coastal North),13.0827,80.2707,Tamil Nadu,12.6,45.3,0,0
2024-08-05,4.3,4.3,7.0,25.7,Kanyakumari (Southern Coast),8.1833,77.4119,Tamil Nadu,9.4,47.8,0,0
2024-08-05,2.9,2.9,8.0,20.5,Nagapattinam (Delta Coast),10.7656,79.8424,Tamil Nadu,8.0,50.7,0,0
2024-08-05,12.7,12.7,9.0,18.8,Tiruchirappalli (Kaveri Basin),10.7905,78.7047,Tamil Nadu,19.9,58.8,0,0
2024-08-05,19.1,19.1,11.0,9.7,Nilgiris (Hill Station Zone),11.4102,76.695,Tamil Nadu,34.7,51.6,0,0
2024-08-05,9.3,9.3,8.0,10.6,Vellore (Palar Basin),12.9165,79.1325,Tamil Nadu,41.1,53.4,0,0
2024-08-05,4.1,4.1,6.0,9.4,Salem (Northern Inland),11.6643,78.146,Tamil Nadu,32.5,53.2,0,0
2024-08-05,28.9,28.9,9.0,27.8,Madurai (Southern Plains),9.9252,78.1198,Tamil Nadu,42.3,81.3,0,0
2024-08-05,4.2,4.2,5.0,13.7,Cuddalore (Coastal Central),11.748,79.7714,Tamil Nadu,37.2,81.2,0,0
2024-08-05,5.5,5.5,7.0,14.8,Coimbatore (Western Inland),11.0168,76.9558,Tamil Nadu,38.6,83.8,0,0
2024-08-06,18.7,18.7,13.0,16.1,Vellore (Palar Basin),12.9165,79.1325,Tamil Nadu,28.4,89.8,0,0
2024-08-06,0.3,0.3,2.0,22.5,Kanyakumari (Southern Coast),8.1833,77.4119,Tamil Nadu,24.5,71.0,0,0
2024-08-06,12.7,12.7,16.0,8.3,Nilgiris (Hill Station Zone),11.4102,76.695,Tamil Nadu,31.7,74.4,0,0
2024-08-06,9.5,9.5,7.0,19.6,Cuddalore (Coastal Central),11.748,79.7714,Tamil Nadu,22.5,79.8,0,0
2024-08-06,1.5,1.5,6.0,12.9,Salem (Northern Inland),11.6643,78.146,Tamil Nadu,23.7,52.4,0,0
2024-08-06,6.0,6.0,9.0,18.1,Nagapattinam (Delta Coast),10.7656,79.8424,Tamil Nadu,17.0,54.2,0,0
2024-08-06,19.1,19.1,8.0,18.4,Chennai (Coastal North),13.0827,80.2707,Tamil Nadu,26.6,67.8,0,0
2024-08-06,1.9,1.9,7.0,16.3,Coimbatore (Western Inland),11.0168,76.9558,Tamil Nadu,27.0,51.0,0,0
2024-08-06,9.7,9.7,5.0,15.7,Tiruchirappalli (Kaveri Basin),10.7905,78.7047,Tamil Nadu,30.7,60.4,0,0
2024-08-06,10.6,10.6,7.0,13.3,Madurai (Southern Plains),9.9252,78.1198,Tamil Nadu,22.2,58.3,0,0
2024-08-07,14.3,14.3,9.0,10.0,Salem (Northern Inland),11.6643,78.146,Tamil Nadu,34.6,63.1,0,0
2024-08-07,1.0,1.0,3.0,23.5,Kanyakumari (Southern Coast),8.1833,77.4119,Tamil Nadu,25.9,62.6,0,0
2024-08-07,33.5,33.5,20.0,15.1,Coimbatore (Western Inland),11.0168,76.9558,Tamil Nadu,48.8,90.1,0,0
2024-08-07,16.2,16.2,8.0,18.4,Vellore (Palar Basin),12.9165,79.1325,Tamil Nadu,50.7,87.2,0,0
2024-08-07,0.9,0.9,3.0,12.3,Tiruchirappalli (Kaveri Basin),10.7905,78.7047,Tamil Nadu,50.6,86.2,0,0
2024-08-07,3.8,3.8,15.0,12.7,Nilgiris (Hill Station Zone),11.4102,76.695,Tamil Nadu,20.9,80.3,0,0
2024-08-07,3.0,3.0,6.0,11.0,Cuddalore (Coastal Central),11.748,79.7714,Tamil Nadu,7.7,72.7,0,0
2024-08-07,1.5,1.5,5.0,13.6,Madurai (Southern Plains),9.9252,78.1198,Tamil Nadu,8.3,59.9,0,0
2024-08-07,21.7,21.7,10.0,12.0,Nagapattinam (Delta Coast),10.7656,79.8424,Tamil Nadu,26.2,80.6,0,0
2024-08-07,8.8,8.8,10.0,13.0,Chennai (Coastal North),13.0827,80.2707,Tamil Nadu,32.0,55.9,0,0
2024-08-08,5.9,5.9,6.0,16.0,Vellore (Palar Basin),12.9165,79.1325,Tamil Nadu,36.4,45.6,0,0
2024-08-08,5.7,5.7,3.0,16.4,Tiruchirappalli (Kaveri Basin),10.7905,78.7047,Tamil Nadu,20.4,50.4,0,0
2024-08-08,0.8,0.8,4.0,23.6,Kanyakumari (Southern Coast),8.1833,77.4119,Tamil Nadu,12.4,47.4,0,0
2024-08-08,18.8,18.8,14.0,12.3,Nilgiris (Hill Station Zone),11.4102,76.695,Tamil Nadu,25.3,63.2,0,0
2024-08-08,10.9,10.9,7.0,12.6,Chennai (Coastal North),13.0827,80.2707,Tamil Nadu,30.5,72.6,0,0
2024-08-08,7.7,7.7,10.0,15.9,Cuddalore (Coastal Central),11.748,79.7714,Tamil Nadu,37.4,58.6,0,0
2024-08-08,5.1,5.1,9.0,10.5,Salem (Northern Inland),11.6643,78.146,Tamil Nadu,23.7,54.9,0,0
2024-08-08,0.3,0.3,3.0,14.8,Madurai (Southern Plains),9.9252,78.1198,Tamil Nadu,13.1,49.3,0,0
2024-08-08,4.7,4.7,11.0,17.8,Coimbatore (Western Inland),11.0168,76.9558,Tamil Nadu,10.1,48.3,0,0
2024-08-08,29.2,29.2,13.0,17.4,Nagapattinam (Delta Coast),10.7656,79.8424,Tamil Nadu,34.2,76.7,0,0
2024-08-09,11.2,11.2,9.0,17.0,Nagapattinam (Delta Coast),10.7656,79.8424,Tamil Nadu,45.1,69.1,0,0
2024-08-09,16.8,16.8,14.0,13.1,Cuddalore (Coastal Central),11.748,79.7714,Tamil Nadu,57.2,75.0,0,0
2024-08-09,20.9,20.9,14.0,19.2,Chennai (Coastal North),13.0827,80.2707,Tamil Nadu,48.9,88.2,0,0
2024-08-09,9.0,9.0,7.0,11.7,Madurai (Southern Plains),9.9252,78.1198,Tamil Nadu,46.7,92.1,0,0
2024-08-09,0.0,0.0,0.0,23.3,Kanyakumari (Southern Coast),8.1833,77.4119,Tamil Nadu,29.9,91.8,0,0
2024-08-09,5.4,5.4,8.0,17.6,Coimbatore (Western Inland),11.0168,76.9558,Tamil Nadu,14.4,92.5,0,0
2024-08-09,58.2,58.2,21.0,15.4,Vellore (Palar Basin),12.9165,79.1325,Tamil Nadu,63.6,121.5,0,0
2024-08-09,12.8,12.8,7.0,15.3,Salem (Northern Inland),11.6643,78.146,Tamil Nadu,76.4,123.1,0,0
2024-08-09,9.1,9.1,13.0,12.2,Nilgiris (Hill Station Zone),11.4102,76.695,Tamil Nadu,80.1,115.4,0,0
2024-08-09,16.4,16.4,8.0,12.8,Tiruchirappalli (Kaveri Basin),10.7905,78.7047,Tamil Nadu,38.3,110.9,0,0
2024-08-10,3.2,3.2,4.0,15.3,Tiruchirappalli (Kaveri Basin),10.7905,78.7047,Tamil Nadu,28.7,105.1,0,0
2024-08-10,2.4,2.4,8.0,23.4,Kanyakumari (Southern Coast),8.1833,77.4119,Tamil Nadu,22.0,107.5,0,0
2024-08-10,10.0,10.0,8.0,13.5,Nagapattinam (Delta Coast),10.7656,79.8424,Tamil Nadu,15.6,112.1,0,0
2024-08-10,5.8,5.8,14.0,15.5,Coimbatore (Western Inland),11.0168,76.9558,Tamil Nadu,18.2,59.7,0,0
2024-08-10,4.1,4.1,11.0,14.3,Chennai (Coastal North),13.0827,80.2707,Tamil Nadu,19.9,51.0,0,0
2024-08-10,12.0,12.0,10.0,14.4,Vellore (Palar Basin),12.9165,79.1325,Tamil Nadu,21.9,53.9,0,0
2024-08-10,7.3,7.3,9.0,13.0,Salem (Northern Inland),11.6643,78.146,Tamil Nadu,23.4,44.8,0,0
2024-08-10,15.1,15.1,11.0,16.0,Cuddalore (Coastal Central),11.748,79.7714,Tamil Nadu,34.4,56.7,0,0
2024-08-10,25.7,25.7,17.0,12.8,Nilgiris (Hill Station Zone),11.4102,76.695,Tamil Nadu,48.1,80.0,0,0
2024-08-10,3.5,3.5,6.0,10.9,Madurai (Southern Plains),9.9252,78.1198,Tamil Nadu,44.3,73.5,0,0
2024-08-11,16.7,16.7,10.0,16.2,Vellore (Palar Basin),12.9165,79.1325,Tamil Nadu,45.9,84.4,0,0
2024-08-11,16.2,16.2,7.0,13.8,Chennai (Coastal North),13.0827,80.2707,Tamil Nadu,36.4,96.5,0,0
2024-08-11,0.9,0.9,4.0,16.5,Nagapattinam (Delta Coast),10.7656,79.8424,Tamil Nadu,33.8,85.4,0,0
2024-08-11,8.4,8.4,11.0,12.2,Nilgiris (Hill Station Zone),11.4102,76.695,Tamil Nadu,25.5,86.5,0,0
2024-08-11,23.2,23.2,7.0,18.9,Madurai (Southern Plains),9.9252,78.1198,Tamil Nadu,32.5,94.6,0,0
2024-08-11,4.7,4.7,4.0,14.8,Coimbatore (Western Inland),11.0168,76.9558,Tamil Nadu,36.3,73.6,0,0
2024-08-11,4.0,4.0,4.0,12.6,Tiruchirappalli (Kaveri Basin),10.7905,78.7047,Tamil Nadu,31.9,74.1,0,0
2024-08-11,1.9,1.9,4.0,14.7,Salem (Northern Inland),11.6643,78.146,Tamil Nadu,10.6,59.3,0,0
2024-08-11,6.8,6.8,6.0,17.7,Cuddalore (Coastal Central),11.748,79.7714,Tamil Nadu,12.7,49.9,0,0
2024-08-11,44.6,44.6,6.0,19.3,Kanyakumari (Southern Coast),8.1833,77.4119,Tamil Nadu,53.3,93.6,0,0
2024-08-12,3.4,3.4,5.0,9.4,Vellore (Palar Basin),12.9165,79.1325,Tamil Nadu,54.8,88.6,0,0
2024-08-12,5.1,5.1,9.0,17.7,Kanyakumari (Southern Coast),8.1833,77.4119,Tamil Nadu,53.1,70.5,0,0
2024-08-12,23.8,23.8,11.0,16.3,Salem (Northern Inland),11.6643,78.146,Tamil Nadu,32.3,89.6,0,0
2024-08-12,3.1,3.1,9.0,9.7,Nilgiris (Hill Station Zone),11.4102,76.695,Tamil Nadu,32.0,88.7,0,0
2024-08-12,37.4,37.4,10.0,11.9,Madurai (Southern Plains),9.9252,78.1198,Tamil Nadu,64.3,124.2,0,0
2024-08-12,11.6,11.6,8.0,14.2,Nagapattinam (Delta Coast),10.7656,79.8424,Tamil Nadu,52.1,129.0,0,0
2024-08-12,15.3,15.3,8.0,14.8,Tiruchirappalli (Kaveri Basin),10.7905,78.7047,Tamil Nadu,64.3,99.7,0,0
2024-08-12,2.4,2.4,7.0,11.6,Coimbatore (Western Inland),11.0168,76.9558,Tamil Nadu,29.3,98.7,0,0
2024-08-12,11.4,11.4,8.0,15.3,Chennai (Coastal North),13.0827,80.2707,Tamil Nadu,29.1,105.0,0,0
2024-08-12,0.4,0.4,4.0,15.8,Cuddalore (Coastal Central),11.748,79.7714,Tamil Nadu,14.2,81.6,0,0
2024-08-13,1.9,1.9,8.0,13.4,Nagapattinam (Delta Coast),10.7656,79.8424,Tamil Nadu,13.7,80.4,0,0
2024-08-13,8.9,8.9,10.0,9.8,Salem (Northern Inland),11.6643,78.146,Tamil Nadu,11.2,51.9,0,0
2024-08-13,5.3,5.3,8.0,11.2,Vellore (Palar Basin),12.9165,79.1325,Tamil Nadu,16.1,45.6,0,0
2024-08-13,11.1,11.1,9.0,12.3,Kanyakumari (Southern Coast),8.1833,77.4119,Tamil Nadu,25.3,41.4,0,0
2024-08-13,27.9,27.9,11.0,11.0,Coimbatore (Western Inland),11.0168,76.9558,Tamil Nadu,44.3,66.9,0,0
2024-08-13,0.5,0.5,3.0,16.7,Chennai (Coastal North),13.0827,80.2707,Tamil Nadu,39.5,56.0,0,0
2024-08-13,0.6,0.6,5.0,15.0,Cuddalore (Coastal Central),11.748,79.7714,Tamil Nadu,29.0,56.2,0,0
2024-08-13,8.1,8.1,6.0,14.8,Tiruchirappalli (Kaveri Basin),10.7905,78.7047,Tamil Nadu,9.2,62.4,0,0
2024-08-13,8.1,8.1,9.0,11.6,Madurai (Southern Plains),9.9252,78.1198,Tamil Nadu,16.8,61.6,0,0
2024-08-13,8.7,8.7,14.0,8.1,Nilgiris (Hill Station Zone),11.4102,76.695,Tamil Nadu,24.9,65.0,0,0
2024-08-14,21.1,21.1,11.0,16.4,Tiruchirappalli (Kaveri Basin),10.7905,78.7047,Tamil Nadu,37.9,75.0,0,0
2024-08-14,2.2,2.2,10.0,19.4,Coimbatore (Western Inland),11.0168,76.9558,Tamil Nadu,32.0,49.3,0,0
2024-08-14,18.2,18.2,12.0,10.4,Salem (Northern Inland),11.6643,78.146,Tamil Nadu,41.5,67.0,0,0
2024-08-14,1.5,1.5,10.0,13.8,Cuddalore (Coastal Central),11.748,79.7714,Tamil Nadu,21.9,67.9,0,0
2024-08-14,3.5,3.5,10.0,25.0,Kanyakumari (Southern Coast),8.1833,77.4119,Tamil Nadu,23.2,63.3,0,0
2024-08-14,10.8,10.8,12.0,9.1,Nilgiris (Hill Station Zone),11.4102,76.695,Tamil Nadu,15.8,66.0,0,0
2024-08-14,5.6,5.6,8.0,14.8,Nagapattinam (Delta Coast),10.7656,79.8424,Tamil Nadu,19.9,62.9,0,0
2024-08-14,1.0,1.0,7.0,13.5,Chennai (Coastal North),13.0827,80.2707,Tamil Nadu,17.4,42.8,0,0
2024-08-14,6.5,6.5,8.0,13.8,Vellore (Palar Basin),12.9165,79.1325,Tamil Nadu,13.1,47.1,0,0
2024-08-14,13.2,13.2,10.0,15.6,Madurai (Southern Plains),9.9252,78.1198,Tamil Nadu,20.7,42.1,0,0
2024-08-15,1.6,1.6,8.0,18.7,Chennai (Coastal North),13.0827,80.2707,Tamil Nadu,21.3,42.2,0,0
2024-08-15,3.5,3.5,4.0,10.8,Vellore (Palar Basin),12.9165,79.1325,Tamil Nadu,18.3,42.2,0,0
2024-08-15,3.8,3.8,10.0,24.1,Kanyakumari (Southern Coast),8.1833,77.4119,Tamil Nadu,8.9,35.2,0,0
2024-08-15,1.9,1.9,6.0,17.5,Cuddalore (Coastal Central),11.748,79.7714,Tamil Nadu,9.2,31.5,0,0
2024-08-15,1.9,1.9,5.0,19.2,Nagapattinam (Delta Coast),10.7656,79.8424,Tamil Nadu,7.6,32.4,0,0
2024-08-15,15.7,15.7,13.0,6.3,Nilgiris (Hill Station Zone),11.4102,76.695,Tamil Nadu,19.5,41.6,0,0
2024-08-15,0.6,0.6,6.0,13.9,Madurai (Southern Plains),9.9252,78.1198,Tamil Nadu,18.2,29.0,0,0
2024-08-15,0.6,0.6,6.0,10.3,Tiruchirappalli (Kaveri Basin),10.7905,78.7047,Tamil Nadu,16.9,28.0,0,0
2024-08-15,3.2,3.2,3.0,11.8,Coimbatore (Western Inland),11.0168,76.9558,Tamil Nadu,4.4,27.7,0,0
2024-08-15,1.5,1.5,6.0,7.6,Salem (Northern Inland),11.6643,78.146,Tamil Nadu,5.3,25.4,0,0
2024-08-16,16.1,16.1,11.0,17.9,Salem (Northern Inland),11.6643,78.146,Tamil Nadu,20.8,39.6,0,0
2024-08-16,0.3,0.3,3.0,16.1,Vellore (Palar Basin),12.9165,79.1325,Tamil Nadu,17.9,38.0,0,0
2024-08-16,3.4,3.4,8.0,23.3,Kanyakumari (Southern Coast),8.1833,77.4119,Tamil Nadu,19.8,25.7,0,0
2024-08-16,3.8,3.8,12.0,23.4,Nagapattinam (Delta Coast),10.7656,79.8424,Tamil Nadu,7.5,28.9,0,0
2024-08-16,18.4,18.4,10.0,6.7,Nilgiris (Hill Station Zone),11.4102,76.695,Tamil Nadu,25.6,46.7,0,0
2024-08-16,9.6,9.6,8.0,14.4,Madurai (Southern Plains),9.9252,78.1198,Tamil Nadu,31.8,53.1,0,0
2024-08-16,13.3,13.3,7.0,13.8,Tiruchirappalli (Kaveri Basin),10.7905,78.7047,Tamil Nadu,41.3,64.9,0,0
2024-08-16,1.6,1.6,6.0,21.0,Cuddalore (Coastal Central),11.748,79.7714,Tamil Nadu,24.5,50.4,0,0
2024-08-16,0.9,0.9,4.0,20.6,Chennai (Coastal North),13.0827,80.2707,Tamil Nadu,15.8,51.0,0,0
2024-08-16,3.7,3.7,6.0,19.9,Coimbatore (Western Inland),11.0168,76.9558,Tamil Nadu,6.2,51.3,0,0
2024-08-17,5.2,5.2,11.0,14.5,Vellore (Palar Basin),12.9165,79.1325,Tamil Nadu,9.8,52.7,0,0
2024-08-17,14.3,14.3,6.0,10.6,Tiruchirappalli (Kaveri Basin),10.7905,78.7047,Tamil Nadu,23.2,48.6,0,0
2024-08-17,0.6,0.6,6.0,6.7,Nilgiris (Hill Station Zone),11.4102,76.695,Tamil Nadu,20.1,39.6,0,0
2024-08-17,0.0,0.0,0.0,19.6,Coimbatore (Western Inland),11.0168,76.9558,Tamil Nadu,14.9,26.3,0,0
2024-08-17,8.0,8.0,4.0,9.6,Madurai (Southern Plains),9.9252,78.1198,Tamil Nadu,8.6,32.7,0,0
2024-08-17,0.1,0.1,1.0,15.0,Chennai (Coastal North),13.0827,80.2707,Tamil Nadu,8.1,31.9,0,0
2024-08-17,9.9,9.9,6.0,14.4,Cuddalore (Coastal Central),11.748,79.7714,Tamil Nadu,18.0,38.1,0,0
2024-08-17,7.0,7.0,6.0,14.8,Salem (Northern Inland),11.6643,78.146,Tamil Nadu,17.0,39.9,0,0
2024-08-17,6.3,6.3,13.0,16.4,Nagapattinam (Delta Coast),10.7656,79.8424,Tamil Nadu,23.2,31.9,0,0
2024-08-17,3.6,3.6,18.0,26.2,Kanyakumari (Southern Coast),8.1833,77.4119,Tamil Nadu,16.9,34.9,0,0
2024-08-18,2.2,2.2,3.0,12.4,Tiruchirappalli (Kaveri Basin),10.7905,78.7047,Tamil Nadu,12.1,37.1,0,0
2024-08-18,3.5,3.5,3.0,8.2,Madurai (Southern Plains),9.9252,78.1198,Tamil Nadu,9.3,32.6,0,0
2024-08-18,1.4,1.4,6.0,14.3,Nagapattinam (Delta Coast),10.7656,79.8424,Tamil Nadu,7.1,33.9,0,0
2024-08-18,0.9,0.9,9.0,21.1,Kanyakumari (Southern Coast),8.1833,77.4119,Tamil Nadu,5.8,24.9,0,0
2024-08-18,0.0,0.0,0.0,14.3,Coimbatore (Western Inland),11.0168,76.9558,Tamil Nadu,2.3,17.9,0,0
2024-08-18,0.4,0.4,4.0,13.4,Cuddalore (Coastal Central),11.748,79.7714,Tamil Nadu,1.3,12.0,0,0
2024-08-18,0.5,0.5,1.0,9.1,Salem (Northern Inland),11.6643,78.146,Tamil Nadu,0.9,8.9,0,0
2024-08-18,1.6,1.6,6.0,15.0,Chennai (Coastal North),13.0827,80.2707,Tamil Nadu,2.5,8.3,0,0
2024-08-18,2.1,2.1,8.0,5.8,Nilgiris (Hill Station Zone),11.4102,76.695,Tamil Nadu,4.2,6.9,0,0
2024-08-18,0.1,0.1,1.0,11.8,Vellore (Palar Basin),12.9165,79.1325,Tamil Nadu,3.8,5.6,0,0
2024-08-19,9.9,9.9,11.0,18.7,Nagapattinam (Delta Coast),10.7656,79.8424,Tamil Nadu,12.1,14.6,0,0
2024-08-19,1.7,1.7,6.0,21.4,Chennai (Coastal North),13.0827,80.2707,Tamil Nadu,11.7,16.3,0,0
2024-08-19,19.0,19.0,14.0,12.4,Madurai (Southern Plains),9.9252,78.1198,Tamil Nadu,30.6,34.9,0,0
2024-08-19,8.2,8.2,10.0,6.8,Nilgiris (Hill Station Zone),11.4102,76.695,Tamil Nadu,28.9,42.6,0,0
2024-08-19,8.9,8.9,6.0,12.8,Vellore (Palar Basin),12.9165,79.1325,Tamil Nadu,36.1,49.9,0,0
2024-08-19,3.7,3.7,8.0,17.9,Cuddalore (Coastal Central),11.748,79.7714,Tamil Nadu,20.8,51.5,0,0
2024-08-19,14.4,14.4,16.0,15.6,Salem (Northern Inland),11.6643,78.146,Tamil Nadu,27.0,65.8,0,0
2024-08-19,0.1,0.1,1.0,17.7,Coimbatore (Western Inland),11.0168,76.9558,Tamil Nadu,18.2,56.0,0,0
2024-08-19,7.9,7.9,9.0,19.8,Kanyakumari (Southern Coast),8.1833,77.4119,Tamil Nadu,22.4,62.2,0,0
2024-08-19,25.1,25.1,16.0,18.2,Tiruchirappalli (Kaveri Basin),10.7905,78.7047,Tamil Nadu,33.1,68.3,0,0
2024-08-20,1.5,1.5,4.0,16.3,Coimbatore (Western Inland),11.0168,76.9558,Tamil Nadu,34.5,61.6,0,0
2024-08-20,18.5,18.5,19.0,15.3,Kanyakumari (Southern Coast),8.1833,77.4119,Tamil Nadu,45.1,71.2,0,0
2024-08-20,3.2,3.2,7.0,24.0,Nagapattinam (Delta Coast),10.7656,79.8424,Tamil Nadu,23.2,70.7,0,0
2024-08-20,3.9,3.9,9.0,20.8,Salem (Northern Inland),11.6643,78.146,Tamil Nadu,25.6,60.2,0,0
2024-08-20,4.7,4.7,9.0,22.3,Chennai (Coastal North),13.0827,80.2707,Tamil Nadu,11.8,64.8,0,0
2024-08-20,10.3,10.3,14.0,18.0,Tiruchirappalli (Kaveri Basin),10.7905,78.7047,Tamil Nadu,18.9,67.2,0,0
2024-08-20,12.7,12.7,13.0,12.7,Madurai (Southern Plains),9.9252,78.1198,Tamil Nadu,27.7,54.8,0,0
2024-08-20,2.6,2.6,4.0,15.1,Vellore (Palar Basin),12.9165,79.1325,Tamil Nadu,25.6,55.9,0,0
2024-08-20,0.9,0.9,4.0,21.7,Cuddalore (Coastal Central),11.748,79.7714,Tamil Nadu,16.2,38.3,0,0
2024-08-20,25.6,25.6,15.0,7.1,Nilgiris (Hill Station Zone),11.4102,76.695,Tamil Nadu,29.1,60.7,0,0
2024-08-21,0.3,0.3,3.0,27.9,Coimbatore (Western Inland),11.0168,76.9558,Tamil Nadu,26.8,57.1,0,0
2024-08-21,3.4,3.4,11.0,11.2,Nilgiris (Hill Station Zone),11.4102,76.695,Tamil Nadu,29.3,55.8,0,0
2024-08-21,1.0,1.0,6.0,24.0,Chennai (Coastal North),13.0827,80.2707,Tamil Nadu,4.7,46.5,0,0
2024-08-21,2.9,2.9,6.0,21.5,Cuddalore (Coastal Central),11.748,79.7714,Tamil Nadu,7.3,36.7,0,0
2024-08-21,8.7,8.7,7.0,14.5,Vellore (Palar Basin),12.9165,79.1325,Tamil Nadu,12.6,42.8,0,0
2024-08-21,13.3,13.3,17.0,26.4,Nagapattinam (Delta Coast),10.7656,79.8424,Tamil Nadu,24.9,55.2,0,0
2024-08-21,7.5,7.5,16.0,21.3,Kanyakumari (Southern Coast),8.1833,77.4119,Tamil Nadu,29.5,37.1,0,0
2024-08-21,4.8,4.8,9.0,18.9,Tiruchirappalli (Kaveri Basin),10.7905,78.7047,Tamil Nadu,25.6,41.6,0,0
2024-08-21,0.2,0.2,2.0,16.7,Madurai (Southern Plains),9.9252,78.1198,Tamil Nadu,12.5,38.4,0,0
2024-08-21,6.3,6.3,14.0,16.1,Salem (Northern Inland),11.6643,78.146,Tamil Nadu,11.3,43.7,0,0
2024-08-22,0.2,0.2,1.0,14.8,Madurai (Southern Plains),9.9252,78.1198,Tamil Nadu,6.7,41.0,0,0
2024-08-22,0.0,0.0,0.0,13.8,Salem (Northern Inland),11.6643,78.146,Tamil Nadu,6.5,32.3,0,0
2024-08-22,0.0,0.0,0.0,23.0,Coimbatore (Western Inland),11.0168,76.9558,Tamil Nadu,0.2,19.0,0,0
2024-08-22,5.1,5.1,13.0,15.9,Kanyakumari (Southern Coast),8.1833,77.4119,Tamil Nadu,5.1,16.6,0,0
2024-08-22,0.2,0.2,2.0,6.1,Nilgiris (Hill Station Zone),11.4102,76.695,Tamil Nadu,5.3,12.0,0,0
2024-08-22,0.2,0.2,1.0,14.1,Vellore (Palar Basin),12.9165,79.1325,Tamil Nadu,5.5,12.0,0,0
2024-08-22,0.0,0.0,0.0,20.2,Cuddalore (Coastal Central),11.748,79.7714,Tamil Nadu,0.4,5.7,0,0
2024-08-22,0.0,0.0,0.0,26.2,Chennai (Coastal North),13.0827,80.2707,Tamil Nadu,0.2,5.5,0,0
2024-08-22,0.0,0.0,0.0,13.4,Tiruchirappalli (Kaveri Basin),10.7905,78.7047,Tamil Nadu,0.0,5.5,0,0
2024-08-22,0.0,0.0,0.0,20.7,Nagapattinam (Delta Coast),10.7656,79.8424,Tamil Nadu,0.0,5.5,0,0
2024-08-23,0.0,0.0,0.0,10.7,Vellore (Palar Basin),12.9165,79.1325,Tamil Nadu,0.0,0.4,0,0
2024-08-23,0.2,0.2,2.0,19.2,Kanyakumari (Southern Coast),8.1833,77.4119,Tamil Nadu,0.2,0.4,0,0
2024-08-23,0.1,0.1,1.0,12.9,Madurai (Southern Plains),9.9252,78.1198,Tamil Nadu,0.3,0.3,0,0
2024-08-23,0.1,0.1,1.0,22.7,Chennai (Coastal North),13.0827,80.2707,Tamil Nadu,0.4,0.4,0,0
2024-08-23,0.0,0.0,0.0,22.5,Coimbatore (Western Inland),11.0168,76.9558,Tamil Nadu,0.2,0.4,0,0
2024-08-23,0.0,0.0,0.0,15.8,Tiruchirappalli (Kaveri Basin),10.7905,78.7047,Tamil Nadu,0.1,0.4,0,0
2024-08-23,0.2,0.2,2.0,5.5,Nilgiris (Hill Station Zone),11.4102,76.695,Tamil Nadu,0.2,0.6,0,0
2024-08-23,0.0,0.0,0.0,13.8,Salem (Northern Inland),11.6643,78.146,Tamil Nadu,0.2,0.6,0,0
2024-08-23,0.1,0.1,1.0,22.4,Cuddalore (Coastal Central),11.748,79.7714,Tamil Nadu,0.3,0.5,0,0
2024-08-23,0.0,0.0,0.0,22.1,Nagapattinam (Delta Coast),10.7656,79.8424,Tamil Nadu,0.1,0.4,0,0
2024-08-24,0.4,0.4,1.0,18.0,Madurai (Southern Plains),9.9252,78.1198,Tamil Nadu,0.5,0.7,0,0
2024-08-24,0.0,0.0,0.0,20.6,Cuddalore (Coastal Central),11.748,79.7714,Tamil Nadu,0.4,0.7,0,0
2024-08-24,0.8,0.8,3.0,22.7,Salem (Northern Inland),11.6643,78.146,Tamil Nadu,1.2,1.5,0,0
2024-08-24,0.6,0.6,1.0,14.1,Tiruchirappalli (Kaveri Basin),10.7905,78.7047,Tamil Nadu,1.4,1.9,0,0
2024-08-24,2.3,2.3,14.0,22.6,Kanyakumari (Southern Coast),8.1833,77.4119,Tamil Nadu,3.7,4.2,0,0
2024-08-24,0.6,0.6,6.0,28.0,Coimbatore (Western Inland),11.0168,76.9558,Tamil Nadu,3.5,4.7,0,0
2024-08-24,0.0,0.0,0.0,15.7,Vellore (Palar Basin),12.9165,79.1325,Tamil Nadu,2.9,4.7,0,0
2024-08-24,0.2,0.2,2.0,22.8,Chennai (Coastal North),13.0827,80.2707,Tamil Nadu,0.8,4.5,0,0
2024-08-24,1.9,1.9,8.0,7.8,Nilgiris (Hill Station Zone),11.4102,76.695,Tamil Nadu,2.1,6.4,0,0
2024-08-24,0.0,0.0,0.0,23.3,Nagapattinam (Delta Coast),10.7656,79.8424,Tamil Nadu,2.1,5.6,0,0
2024-08-25,0.1,0.1,1.0,22.0,Vellore (Palar Basin),12.9165,79.1325,Tamil Nadu,2.0,5.1,0,0
2024-08-25,0.2,0.2,1.0,13.2,Salem (Northern Inland),11.6643,78.146,Tamil Nadu,0.3,3.0,0,0
2024-08-25,0.0,0.0,0.0,14.9,Nilgiris (Hill Station Zone),11.4102,76.695,Tamil Nadu,0.3,2.4,0,0
2024-08-25,0.0,0.0,0.0,17.4,Cuddalore (Coastal Central),11.748,79.7714,Tamil Nadu,0.2,2.4,0,0
2024-08-25,0.0,0.0,0.0,29.3,Coimbatore (Western Inland),11.0168,76.9558,Tamil Nadu,0.0,2.2,0,0
2024-08-25,0.0,0.0,0.0,22.7,Tiruchirappalli (Kaveri Basin),10.7905,78.7047,Tamil Nadu,0.0,0.3,0,0
2024-08-25,0.3,0.3,2.0,22.8,Nagapattinam (Delta Coast),10.7656,79.8424,Tamil Nadu,0.3,0.6,0,0
2024-08-25,0.0,0.0,0.0,23.6,Madurai (Southern Plains),9.9252,78.1198,Tamil Nadu,0.3,0.5,0,0
2024-08-25,0.1,0.1,1.0,24.2,Kanyakumari (Southern Coast),8.1833,77.4119,Tamil Nadu,0.4,0.4,0,0
2024-08-25,0.4,0.4,3.0,19.4,Chennai (Coastal North),13.0827,80.2707,Tamil Nadu,0.5,0.8,0,0
2024-08-26,0.0,0.0,0.0,14.6,Nilgiris (Hill Station Zone),11.4102,76.695,Tamil Nadu,0.5,0.8,0,0
2024-08-26,0.5,0.5,1.0,20.4,Tiruchirappalli (Kaveri Basin),10.7905,78.7047,Tamil Nadu,0.9,1.3,0,0
2024-08-26,0.2,0.2,1.0,19.5,Nagapattinam (Delta Coast),10.7656,79.8424,Tamil Nadu,0.7,1.5,0,0
2024-08-26,2.6,2.6,12.0,23.4,Kanyakumari (Southern Coast),8.1833,77.4119,Tamil Nadu,3.3,3.8,0,0
2024-08-26,0.0,0.0,0.0,23.0,Madurai (Southern Plains),9.9252,78.1198,Tamil Nadu,2.8,3.8,0,0
2024-08-26,0.2,0.2,2.0,29.8,Coimbatore (Western Inland),11.0168,76.9558,Tamil Nadu,2.8,3.9,0,0
2024-08-26,0.0,0.0,0.0,12.3,Salem (Northern Inland),11.6643,78.146,Tamil Nadu,0.2,3.5,0,0
2024-08-26,0.3,0.3,2.0,25.9,Vellore (Palar Basin),12.9165,79.1325,Tamil Nadu,0.5,3.8,0,0
2024-08-26,1.0,1.0,4.0,23.3,Chennai (Coastal North),13.0827,80.2707,Tamil Nadu,1.3,4.3,0,0
2024-08-26,0.1,0.1,1.0,18.4,Cuddalore (Coastal Central),11.748,79.7714,Tamil Nadu,1.4,4.2,0,0
2024-08-27,0.1,0.1,1.0,19.5,Vellore (Palar Basin),12.9165,79.1325,Tamil Nadu,1.2,1.7,0,0
2024-08-27,5.1,5.1,4.0,16.2,Chennai (Coastal North),13.0827,80.2707,Tamil Nadu,5.3,6.8,0,0
2024-08-27,1.1,1.1,2.0,17.9,Nagapattinam (Delta Coast),10.7656,79.8424,Tamil Nadu,6.3,7.7,0,0
2024-08-27,2.2,2.2,2.0,12.2,Salem (Northern Inland),11.6643,78.146,Tamil Nadu,8.4,9.9,0,0
2024-08-27,1.0,1.0,2.0,18.1,Cuddalore (Coastal Central),11.748,79.7714,Tamil Nadu,4.3,10.6,0,0
2024-08-27,0.2,0.2,1.0,23.9,Madurai (Southern Plains),9.9252,78.1198,Tamil Nadu,3.4,9.8,0,0
2024-08-27,0.0,0.0,0.0,27.3,Coimbatore (Western Inland),11.0168,76.9558,Tamil Nadu,1.2,9.7,0,0
2024-08-27,0.8,0.8,2.0,22.4,Tiruchirappalli (Kaveri Basin),10.7905,78.7047,Tamil Nadu,1.0,10.4,0,0
2024-08-27,0.4,0.4,3.0,12.8,Nilgiris (Hill Station Zone),11.4102,76.695,Tamil Nadu,1.2,5.7,0,0
2024-08-27,6.3,6.3,19.0,24.6,Kanyakumari (Southern Coast),8.1833,77.4119,Tamil Nadu,7.5,10.9,0,0
2024-08-28,2.8,2.8,6.0,14.0,Cuddalore (Coastal Central),11.748,79.7714,Tamil Nadu,9.5,11.5,0,0
2024-08-28,2.9,2.9,13.0,16.9,Vellore (Palar Basin),12.9165,79.1325,Tamil Nadu,12.0,13.4,0,0
2024-08-28,3.4,3.4,14.0,23.2,Kanyakumari (Southern Coast),8.1833,77.4119,Tamil Nadu,9.1,16.6,0,0
2024-08-28,0.0,0.0,0.0,11.3,Madurai (Southern Plains),9.9252,78.1198,Tamil Nadu,6.3,16.6,0,0
2024-08-28,0.0,0.0,0.0,18.6,Tiruchirappalli (Kaveri Basin),10.7905,78.7047,Tamil Nadu,3.4,15.8,0,0
2024-08-28,0.5,0.5,1.0,10.7,Salem (Northern Inland),11.6643,78.146,Tamil Nadu,0.5,15.9,0,0
2024-08-28,1.1,1.1,1.0,21.6,Coimbatore (Western Inland),11.0168,76.9558,Tamil Nadu,1.6,10.7,0,0
2024-08-28,0.8,0.8,3.0,15.6,Nagapattinam (Delta Coast),10.7656,79.8424,Tamil Nadu,2.4,8.7,0,0
2024-08-28,5.1,5.1,14.0,12.4,Chennai (Coastal North),13.0827,80.2707,Tamil Nadu,7.0,10.9,0,0
2024-08-28,1.9,1.9,7.0,14.9,Nilgiris (Hill Station Zone),11.4102,76.695,Tamil Nadu,7.8,9.4,0,0
2024-08-29,17.4,17.4,13.0,16.3,Cuddalore (Coastal Central),11.748,79.7714,Tamil Nadu,24.4,26.8,0,0
2024-08-29,2.5,2.5,12.0,25.6,Kanyakumari (Southern Coast),8.1833,77.4119,Tamil Nadu,21.8,29.3,0,0
2024-08-29,11.0,11.0,10.0,13.7,Nilgiris (Hill Station Zone),11.4102,76.695,Tamil Nadu,30.9,39.8,0,0
2024-08-29,3.3,3.3,2.0,24.3,Tiruchirappalli (Kaveri Basin),10.7905,78.7047,Tamil Nadu,16.8,42.0,0,0
2024-08-29,12.2,12.2,7.0,13.8,Salem (Northern Inland),11.6643,78.146,Tamil Nadu,26.5,53.4,0,0
2024-08-29,3.2,3.2,3.0,24.1,Coimbatore (Western Inland),11.0168,76.9558,Tamil Nadu,18.7,51.5,0,0
2024-08-29,12.4,12.4,5.0,23.2,Vellore (Palar Basin),12.9165,79.1325,Tamil Nadu,27.8,62.0,0,0
2024-08-29,14.5,14.5,13.0,22.4,Nagapattinam (Delta Coast),10.7656,79.8424,Tamil Nadu,30.1,59.1,0,0
2024-08-29,8.9,8.9,8.0,22.6,Chennai (Coastal North),13.0827,80.2707,Tamil Nadu,35.8,65.5,0,0
2024-08-29,0.3,0.3,2.0,23.8,Madurai (Southern Plains),9.9252,78.1198,Tamil Nadu,23.7,54.8,0,0
2024-08-30,1.1,1.1,2.0,19.9,Nagapattinam (Delta Coast),10.7656,79.8424,Tamil Nadu,10.3,52.6,0,0
2024-08-30,8.6,8.6,4.0,20.9,Tiruchirappalli (Kaveri Basin),10.7905,78.7047,Tamil Nadu,10.0,49.0,0,0
2024-08-30,14.5,14.5,8.0,15.8,Cuddalore (Coastal Central),11.748,79.7714,Tamil Nadu,24.2,60.3,0,0
2024-08-30,4.6,4.6,9.0,22.7,Vellore (Palar Basin),12.9165,79.1325,Tamil Nadu,27.7,52.5,0,0
2024-08-30,5.0,5.0,9.0,22.4,Chennai (Coastal North),13.0827,80.2707,Tamil Nadu,24.1,43.0,0,0
2024-08-30,0.9,0.9,3.0,24.8,Coimbatore (Western Inland),11.0168,76.9558,Tamil Nadu,10.5,35.0,0,0
2024-08-30,5.7,5.7,6.0,9.8,Salem (Northern Inland),11.6643,78.146,Tamil Nadu,11.6,40.4,0,0
2024-08-30,2.1,2.1,7.0,11.3,Nilgiris (Hill Station Zone),11.4102,76.695,Tamil Nadu,8.7,41.4,0,0
2024-08-30,9.4,9.4,19.0,23.4,Kanyakumari (Southern Coast),8.1833,77.4119,Tamil Nadu,17.2,42.2,0,0
2024-08-30,3.7,3.7,4.0,20.6,Madurai (Southern Plains),9.9252,78.1198,Tamil Nadu,15.2,31.4,0,0
2024-08-31,1.5,1.5,2.0,16.6,Cuddalore (Coastal Central),11.748,79.7714,Tamil Nadu,14.6,28.3,0,0
2024-08-31,0.3,0.3,3.0,19.4,Chennai (Coastal North),13.0827,80.2707,Tamil Nadu,5.5,23.6,0,0
2024-08-31,0.6,0.6,3.0,12.0,Madurai (Southern Plains),9.9252,78.1198,Tamil Nadu,2.4,23.3,0,0
2024-08-31,0.4,0.4,2.0,21.9,Coimbatore (Western Inland),11.0168,76.9558,Tamil Nadu,1.3,18.0,0,0
2024-08-31,0.1,0.1,1.0,23.1,Vellore (Palar Basin),12.9165,79.1325,Tamil Nadu,1.1,16.0,0,0
2024-08-31,4.4,4.4,5.0,21.0,Nagapattinam (Delta Coast),10.7656,79.8424,Tamil Nadu,4.9,11.0,0,0
2024-08-31,5.2,5.2,15.0,27.5,Kanyakumari (Southern Coast),8.1833,77.4119,Tamil Nadu,9.7,12.5,0,0
2024-08-31,0.1,0.1,1.0,20.2,Tiruchirappalli (Kaveri Basin),10.7905,78.7047,Tamil Nadu,9.7,11.1,0,0
2024-08-31,3.2,3.2,16.0,17.6,Nilgiris (Hill Station Zone),11.4102,76.695,Tamil Nadu,8.5,14.0,0,0
2024-08-31,0.2,0.2,1.0,13.7,Salem (Northern Inland),11.6643,78.146,Tamil Nadu,3.5,13.6,0,0
2024-09-01,2.3,2.3,9.0,30.2,Kanyakumari (Southern Coast),8.1833,77.4119,Tamil Nadu,5.7,15.5,0,0
2024-09-01,6.1,6.1,5.0,16.8,Cuddalore (Coastal Central),11.748,79.7714,Tamil Nadu,8.6,21.5,0,0
2024-09-01,0.5,0.5,2.0,19.8,Tiruchirappalli (Kaveri Basin),10.7905,78.7047,Tamil Nadu,8.9,17.6,0,0
2024-09-01,4.3,4.3,16.0,19.1,Nilgiris (Hill Station Zone),11.4102,76.695,Tamil Nadu,10.9,16.7,0,0
2024-09-01,3.2,3.2,3.0,21.3,Nagapattinam (Delta Coast),10.7656,79.8424,Tamil Nadu,8.0,19.8,0,0
2024-09-01,0.4,0.4,1.0,16.9,Madurai (Southern Plains),9.9252,78.1198,Tamil Nadu,7.9,17.0,0,0
2024-09-01,4.2,4.2,7.0,13.8,Salem (Northern Inland),11.6643,78.146,Tamil Nadu,7.8,21.0,0,0
2024-09-01,0.0,0.0,0.0,19.8,Chennai (Coastal North),13.0827,80.2707,Tamil Nadu,4.6,18.7,0,0
2024-09-01,2.5,2.5,5.0,22.9,Coimbatore (Western Inland),11.0168,76.9558,Tamil Nadu,6.7,15.1,0,0
2024-09-01,0.7,0.7,2.0,24.1,Vellore (Palar Basin),12.9165,79.1325,Tamil Nadu,3.2,15.3,0,0
2024-09-02,0.2,0.2,1.0,18.2,Tiruchirappalli (Kaveri Basin),10.7905,78.7047,Tamil Nadu,3.4,11.2,0,0
2024-09-02,0.6,0.6,1.0,13.8,Salem (Northern Inland),11.6643,78.146,Tamil Nadu,1.5,8.6,0,0
2024-09-02,0.2,0.2,1.0,21.3,Nagapattinam (Delta Coast),10.7656,79.8424,Tamil Nadu,1.0,8.4,0,0
2024-09-02,2.5,2.5,5.0,19.4,Chennai (Coastal North),13.0827,80.2707,Tamil Nadu,3.3,6.7,0,0
2024-09-02,4.9,4.9,4.0,23.8,Coimbatore (Western Inland),11.0168,76.9558,Tamil Nadu,7.6,11.6,0,0
2024-09-02,0.6,0.6,4.0,18.3,Vellore (Palar Basin),12.9165,79.1325,Tamil Nadu,8.0,9.7,0,0
2024-09-02,0.5,0.5,5.0,30.6,Kanyakumari (Southern Coast),8.1833,77.4119,Tamil Nadu,6.0,9.5,0,0
2024-09-02,1.5,1.5,10.0,15.5,Nilgiris (Hill Station Zone),11.4102,76.695,Tamil Nadu,2.6,10.8,0,0
2024-09-02,0.4,0.4,4.0,15.2,Cuddalore (Coastal Central),11.748,79.7714,Tamil Nadu,2.4,10.6,0,0
2024-09-02,0.8,0.8,2.0,14.8,Madurai (Southern Plains),9.9252,78.1198,Tamil Nadu,2.7,11.2,0,0
2024-09-03,1.4,1.4,4.0,20.1,Nagapattinam (Delta Coast),10.7656,79.8424,Tamil Nadu,2.6,10.1,0,0
2024-09-03,0.7,0.7,3.0,12.1,Nilgiris (Hill Station Zone),11.4102,76.695,Tamil Nadu,2.9,5.9,0,0
2024-09-03,0.7,0.7,2.0,17.6,Vellore (Palar Basin),12.9165,79.1325,Tamil Nadu,2.8,6.0,0,0
2024-09-03,0.7,0.7,2.0,18.9,Salem (Northern Inland),11.6643,78.146,Tamil Nadu,2.1,6.2,0,0
2024-09-03,1.9,1.9,3.0,18.1,Madurai (Southern Plains),9.9252,78.1198,Tamil Nadu,3.3,6.6,0,0
2024-09-03,2.1,2.1,2.0,25.4,Coimbatore (Western Inland),11.0168,76.9558,Tamil Nadu,4.7,8.3,0,0
2024-09-03,5.1,5.1,6.0,14.5,Chennai (Coastal North),13.0827,80.2707,Tamil Nadu,9.1,12.6,0,0
2024-09-03,0.6,0.6,2.0,17.3,Tiruchirappalli (Kaveri Basin),10.7905,78.7047,Tamil Nadu,7.8,11.8,0,0
2024-09-03,6.1,6.1,5.0,15.5,Cuddalore (Coastal Central),11.748,79.7714,Tamil Nadu,11.8,17.2,0,0
2024-09-03,9.0,9.0,18.0,26.6,Kanyakumari (Southern Coast),8.1833,77.4119,Tamil Nadu,15.7,25.5,0,0
2024-09-04,0.0,0.0,0.0,21.8,Coimbatore (Western Inland),11.0168,76.9558,Tamil Nadu,15.1,24.8,0,0
2024-09-04,1.5,1.5,3.0,17.1,Nagapattinam (Delta Coast),10.7656,79.8424,Tamil Nadu,10.5,24.4,0,0
2024-09-04,0.4,0.4,2.0,13.6,Nilgiris (Hill Station Zone),11.4102,76.695,Tamil Nadu,1.9,22.7,0,0
2024-09-04,1.5,1.5,9.0,26.9,Kanyakumari (Southern Coast),8.1833,77.4119,Tamil Nadu,3.4,19.1,0,0
2024-09-04,0.0,0.0,0.0,21.3,Tiruchirappalli (Kaveri Basin),10.7905,78.7047,Tamil Nadu,1.9,18.5,0,0
2024-09-04,0.0,0.0,0.0,17.2,Chennai (Coastal North),13.0827,80.2707,Tamil Nadu,1.5,12.4,0,0
2024-09-04,0.0,0.0,0.0,16.5,Cuddalore (Coastal Central),11.748,79.7714,Tamil Nadu,0.0,3.4,0,0
2024-09-04,0.0,0.0,0.0,12.4,Madurai (Southern Plains),9.9252,78.1198,Tamil Nadu,0.0,3.4,0,0
2024-09-04,0.4,0.4,1.0,22.4,Vellore (Palar Basin),12.9165,79.1325,Tamil Nadu,0.4,2.3,0,0
2024-09-04,0.0,0.0,0.0,10.2,Salem (Northern Inland),11.6643,78.146,Tamil Nadu,0.4,1.9,0,0
2024-09-05,0.3,0.3,3.0,14.4,Nilgiris (Hill Station Zone),11.4102,76.695,Tamil Nadu,0.7,0.7,0,0
2024-09-05,0.0,0.0,0.0,15.3,Madurai (Southern Plains),9.9252,78.1198,Tamil Nadu,0.3,0.7,0,0
2024-09-05,0.8,0.8,2.0,22.2,Coimbatore (Western Inland),11.0168,76.9558,Tamil Nadu,1.1,1.5,0,0
2024-09-05,4.5,4.5,2.0,21.6,Vellore (Palar Basin),12.9165,79.1325,Tamil Nadu,5.3,6.0,0,0
2024-09-05,0.0,0.0,0.0,28.2,Kanyakumari (Southern Coast),8.1833,77.4119,Tamil Nadu,5.3,6.0,0,0
2024-09-05,0.9,0.9,5.0,18.1,Nagapattinam (Delta Coast),10.7656,79.8424,Tamil Nadu,5.4,6.5,0,0
2024-09-05,0.7,0.7,3.0,18.8,Chennai (Coastal North),13.0827,80.2707,Tamil Nadu,1.6,7.2,0,0
2024-09-05,11.5,11.5,4.0,15.5,Cuddalore (Coastal Central),11.748,79.7714,Tamil Nadu,13.1,18.4,0,0
2024-09-05,0.1,0.1,1.0,19.1,Tiruchirappalli (Kaveri Basin),10.7905,78.7047,Tamil Nadu,12.3,18.5,0,0
2024-09-05,0.0,0.0,0.0,12.3,Salem (Northern Inland),11.6643,78.146,Tamil Nadu,11.6,17.7,0,0
2024-09-06,4.0,4.0,3.0,20.1,Coimbatore (Western Inland),11.0168,76.9558,Tamil Nadu,4.1,17.2,0,0
2024-09-06,17.3,17.3,10.0,19.3,Chennai (Coastal North),13.0827,80.2707,Tamil Nadu,21.3,34.5,0,0
2024-09-06,0.0,0.0,0.0,14.1,Madurai (Southern Plains),9.9252,78.1198,Tamil Nadu,21.3,33.6,0,0
2024-09-06,0.7,0.7,2.0,20.2,Tiruchirappalli (Kaveri Basin),10.7905,78.7047,Tamil Nadu,18.0,33.6,0,0
2024-09-06,1.1,1.1,6.0,17.4,Nilgiris (Hill Station Zone),11.4102,76.695,Tamil Nadu,1.8,23.2,0,0
2024-09-06,3.9,3.9,4.0,18.2,Nagapattinam (Delta Coast),10.7656,79.8424,Tamil Nadu,5.7,27.0,0,0
2024-09-06,0.7,0.7,2.0,14.2,Salem (Northern Inland),11.6643,78.146,Tamil Nadu,5.7,27.7,0,0
2024-09-06,0.6,0.6,4.0,22.0,Vellore (Palar Basin),12.9165,79.1325,Tamil Nadu,5.2,24.3,0,0
2024-09-06,0.5,0.5,3.0,29.6,Kanyakumari (Southern Coast),8.1833,77.4119,Tamil Nadu,1.8,7.5,0,0
2024-09-06,0.6,0.6,1.0,22.1,Cuddalore (Coastal Central),11.748,79.7714,Tamil Nadu,1.7,8.1,0,0
2024-09-07,0.7,0.7,3.0,19.1,Madurai (Southern Plains),9.9252,78.1198,Tamil Nadu,1.8,8.1,0,0
2024-09-07,1.4,1.4,2.0,22.8,Coimbatore (Western Inland),11.0168,76.9558,Tamil Nadu,2.7,8.4,0,0
2024-09-07,1.4,1.4,3.0,21.0,Vellore (Palar Basin),12.9165,79.1325,Tamil Nadu,3.5,5.9,0,0
2024-09-07,1.8,1.8,3.0,17.3,Nagapattinam (Delta Coast),10.7656,79.8424,Tamil Nadu,4.6,7.0,0,0
2024-09-07,2.9,2.9,5.0,17.6,Chennai (Coastal North),13.0827,80.2707,Tamil Nadu,6.1,9.3,0,0
2024-09-07,9.7,9.7,2.0,16.4,Cuddalore (Coastal Central),11.748,79.7714,Tamil Nadu,14.4,18.5,0,0
2024-09-07,2.0,2.0,5.0,12.4,Nilgiris (Hill Station Zone),11.4102,76.695,Tamil Nadu,14.6,19.9,0,0
2024-09-07,0.0,0.0,0.0,27.1,Kanyakumari (Southern Coast),8.1833,77.4119,Tamil Nadu,11.7,19.2,0,0
2024-09-07,0.3,0.3,2.0,20.0,Tiruchirappalli (Kaveri Basin),10.7905,78.7047,Tamil Nadu,2.3,18.1,0,0
2024-09-07,0.3,0.3,1.0,14.8,Salem (Northern Inland),11.6643,78.146,Tamil Nadu,0.6,17.0,0,0
2024-09-08,1.6,1.6,9.0,27.3,Kanyakumari (Southern Coast),8.1833,77.4119,Tamil Nadu,2.2,16.8,0,0
2024-09-08,0.0,0.0,0.0,25.3,Tiruchirappalli (Kaveri Basin),10.7905,78.7047,Tamil Nadu,1.9,13.9,0,0
2024-09-08,0.0,0.0,0.0,21.5,Chennai (Coastal North),13.0827,80.2707,Tamil Nadu,1.6,4.2,0,0
2024-09-08,1.6,1.6,8.0,11.4,Nilgiris (Hill Station Zone),11.4102,76.695,Tamil Nadu,1.6,3.8,0,0
2024-09-08,6.1,6.1,2.0,17.1,Salem (Northern Inland),11.6643,78.146,Tamil Nadu,7.7,9.9,0,0
2024-09-08,0.0,0.0,0.0,27.0,Coimbatore (Western Inland),11.0168,76.9558,Tamil Nadu,7.7,9.6,0,0
2024-09-08,0.0,0.0,0.0,23.4,Nagapattinam (Delta Coast),10.7656,79.8424,Tamil Nadu,6.1,9.3,0,0
2024-09-08,0.0,0.0,0.0,20.9,Vellore (Palar Basin),12.9165,79.1325,Tamil Nadu,0.0,7.7,0,0
2024-09-08,0.1,0.1,1.0,24.1,Madurai (Southern Plains),9.9252,78.1198,Tamil Nadu,0.1,7.8,0,0
2024-09-08,20.6,20.6,5.0,11.7,Cuddalore (Coastal Central),11.748,79.7714,Tamil Nadu,20.7,28.4,0,0
2024-09-09,0.0,0.0,0.0,24.4,Chennai (Coastal North),13.0827,80.2707,Tamil Nadu,20.7,26.8,0,0
2024-09-09,2.7,2.7,4.0,22.9,Nagapattinam (Delta Coast),10.7656,79.8424,Tamil Nadu,23.3,23.4,0,0
2024-09-09,3.2,3.2,15.0,26.6,Kanyakumari (Southern Coast),8.1833,77.4119,Tamil Nadu,5.9,26.6,0,0
2024-09-09,0.5,0.5,2.0,27.8,Coimbatore (Western Inland),11.0168,76.9558,Tamil Nadu,6.4,27.1,0,0
2024-09-09,0.0,0.0,0.0,22.1,Vellore (Palar Basin),12.9165,79.1325,Tamil Nadu,3.7,27.1,0,0
2024-09-09,1.6,1.6,9.0,14.1,Nilgiris (Hill Station Zone),11.4102,76.695,Tamil Nadu,2.1,28.6,0,0
2024-09-09,1.1,1.1,3.0,13.3,Salem (Northern Inland),11.6643,78.146,Tamil Nadu,2.7,9.1,0,0
2024-09-09,0.6,0.6,2.0,26.9,Madurai (Southern Plains),9.9252,78.1198,Tamil Nadu,3.3,9.7,0,0
2024-09-09,2.1,2.1,3.0,26.4,Tiruchirappalli (Kaveri Basin),10.7905,78.7047,Tamil Nadu,3.8,9.1,0,0
2024-09-09,0.6,0.6,2.0,17.3,Cuddalore (Coastal Central),11.748,79.7714,Tamil Nadu,3.3,6.5,0,0
2024-09-10,0.5,0.5,3.0,15.6,Salem (Northern Inland),11.6643,78.146,Tamil Nadu,3.2,6.5,0,0
2024-09-10,0.7,0.7,5.0,27.0,Vellore (Palar Basin),12.9165,79.1325,Tamil Nadu,1.8,7.2,0,0
2024-09-10,0.1,0.1,1.0,30.1,Madurai (Southern Plains),9.9252,78.1198,Tamil Nadu,1.3,5.7,0,0
2024-09-10,0.3,0.3,1.0,23.7,Nagapattinam (Delta Coast),10.7656,79.8424,Tamil Nadu,1.1,4.9,0,0
2024-09-10,1.1,1.1,2.0,21.6,Chennai (Coastal North),13.0827,80.2707,Tamil Nadu,1.5,5.4,0,0
2024-09-10,0.0,0.0,0.0,19.5,Cuddalore (Coastal Central),11.748,79.7714,Tamil Nadu,1.4,3.3,0,0
2024-09-10,0.6,0.6,5.0,17.7,Nilgiris (Hill Station Zone),11.4102,76.695,Tamil Nadu,1.7,3.3,0,0
2024-09-10,0.0,0.0,0.0,27.8,Tiruchirappalli (Kaveri Basin),10.7905,78.7047,Tamil Nadu,0.6,2.8,0,0
2024-09-10,0.1,0.1,1.0,29.6,Coimbatore (Western Inland),11.0168,76.9558,Tamil Nadu,0.7,2.2,0,0
2024-09-10,5.5,5.5,23.0,25.8,Kanyakumari (Southern Coast),8.1833,77.4119,Tamil Nadu,5.6,7.6,0,0
2024-09-11,0.6,0.6,2.0,19.1,Vellore (Palar Basin),12.9165,79.1325,Tamil Nadu,6.2,7.9,0,0
2024-09-11,1.2,1.2,5.0,23.5,Chennai (Coastal North),13.0827,80.2707,Tamil Nadu,7.3,8.0,0,0
2024-09-11,0.3,0.3,1.0,27.9,Nagapattinam (Delta Coast),10.7656,79.8424,Tamil Nadu,2.1,8.3,0,0
2024-09-11,0.0,0.0,0.0,28.3,Coimbatore (Western Inland),11.0168,76.9558,Tamil Nadu,1.5,7.7,0,0
2024-09-11,1.0,1.0,4.0,22.3,Tiruchirappalli (Kaveri Basin),10.7905,78.7047,Tamil Nadu,1.3,8.7,0,0
2024-09-11,1.8,1.8,8.0,13.0,Nilgiris (Hill Station Zone),11.4102,76.695,Tamil Nadu,2.8,10.4,0,0
2024-09-11,0.8,0.8,3.0,26.5,Madurai (Southern Plains),9.9252,78.1198,Tamil Nadu,3.6,5.7,0,0
2024-09-11,0.5,0.5,2.0,14.0,Salem (Northern Inland),11.6643,78.146,Tamil Nadu,3.1,5.6,0,0
2024-09-11,0.0,0.0,0.0,18.2,Cuddalore (Coastal Central),11.748,79.7714,Tamil Nadu,1.3,4.4,0,0
2024-09-11,4.2,4.2,18.0,25.3,Kanyakumari (Southern Coast),8.1833,77.4119,Tamil Nadu,4.7,8.3,0,0
2024-09-12,1.1,1.1,3.0,23.7,Coimbatore (Western Inland),11.0168,76.9558,Tamil Nadu,5.3,9.4,0,0
2024-09-12,0.2,0.2,1.0,23.7,Tiruchirappalli (Kaveri Basin),10.7905,78.7047,Tamil Nadu,5.5,8.6,0,0
2024-09-12,0.0,0.0,0.0,17.8,Vellore (Palar Basin),12.9165,79.1325,Tamil Nadu,1.3,6.8,0,0
2024-09-12,0.8,0.8,5.0,18.8,Chennai (Coastal North),13.0827,80.2707,Tamil Nadu,1.0,6.8,0,0
2024-09-12,0.3,0.3,3.0,18.5,Cuddalore (Coastal Central),11.748,79.7714,Tamil Nadu,1.1,6.6,0,0
2024-09-12,0.3,0.3,2.0,11.9,Salem (Northern Inland),11.6643,78.146,Tamil Nadu,1.4,6.9,0,0
2024-09-12,2.7,2.7,10.0,24.0,Kanyakumari (Southern Coast),8.1833,77.4119,Tamil Nadu,3.3,5.4,0,0
2024-09-12,0.6,0.6,1.0,17.1,Madurai (Southern Plains),9.9252,78.1198,Tamil Nadu,3.6,4.9,0,0
2024-09-12,1.0,1.0,4.0,13.3,Nilgiris (Hill Station Zone),11.4102,76.695,Tamil Nadu,4.3,5.7,0,0
2024-09-12,0.4,0.4,4.0,18.7,Nagapattinam (Delta Coast),10.7656,79.8424,Tamil Nadu,2.0,6.1,0,0
2024-09-13,1.3,1.3,6.0,18.4,Nagapattinam (Delta Coast),10.7656,79.8424,Tamil Nadu,2.7,6.6,0,0
2024-09-13,0.0,0.0,0.0,19.7,Cuddalore (Coastal Central),11.748,79.7714,Tamil Nadu,1.7,6.3,0,0
2024-09-13,0.1,0.1,1.0,17.4,Chennai (Coastal North),13.0827,80.2707,Tamil Nadu,1.4,6.1,0,0
2024-09-13,0.7,0.7,3.0,22.6,Madurai (Southern Plains),9.9252,78.1198,Tamil Nadu,0.8,4.1,0,0
2024-09-13,0.2,0.2,2.0,23.5,Coimbatore (Western Inland),11.0168,76.9558,Tamil Nadu,1.0,3.7,0,0
2024-09-13,0.0,0.0,0.0,12.4,Nilgiris (Hill Station Zone),11.4102,76.695,Tamil Nadu,0.9,2.7,0,0
2024-09-13,0.1,0.1,1.0,13.3,Salem (Northern Inland),11.6643,78.146,Tamil Nadu,0.3,2.4,0,0
2024-09-13,0.0,0.0,0.0,24.9,Kanyakumari (Southern Coast),8.1833,77.4119,Tamil Nadu,0.1,1.1,0,0
2024-09-13,0.1,0.1,1.0,20.6,Tiruchirappalli (Kaveri Basin),10.7905,78.7047,Tamil Nadu,0.2,1.2,0,0
2024-09-13,0.0,0.0,0.0,21.7,Vellore (Palar Basin),12.9165,79.1325,Tamil Nadu,0.1,1.1,0,0
2024-09-14,0.5,0.5,4.0,20.0,Chennai (Coastal North),13.0827,80.2707,Tamil Nadu,0.6,0.9,0,0
2024-09-14,0.9,0.9,5.0,19.9,Salem (Northern Inland),11.6643,78.146,Tamil Nadu,1.4,1.6,0,0
2024-09-14,1.0,1.0,4.0,18.3,Cuddalore (Coastal Central),11.748,79.7714,Tamil Nadu,2.4,2.6,0,0
2024-09-14,2.3,2.3,6.0,18.5,Nagapattinam (Delta Coast),10.7656,79.8424,Tamil Nadu,4.2,4.8,0,0
2024-09-14,1.7,1.7,4.0,24.6,Kanyakumari (Southern Coast),8.1833,77.4119,Tamil Nadu,5.0,6.5,0,0
2024-09-14,0.0,0.0,0.0,20.8,Vellore (Palar Basin),12.9165,79.1325,Tamil Nadu,4.0,6.4,0,0
2024-09-14,3.6,3.6,8.0,15.1,Nilgiris (Hill Station Zone),11.4102,76.695,Tamil Nadu,5.3,10.0,0,0
2024-09-14,0.6,0.6,3.0,12.9,Madurai (Southern Plains),9.9252,78.1198,Tamil Nadu,4.2,10.1,0,0
2024-09-14,1.4,1.4,3.0,20.5,Tiruchirappalli (Kaveri Basin),10.7905,78.7047,Tamil Nadu,5.6,10.6,0,0
2024-09-14,10.3,10.3,4.0,21.4,Coimbatore (Western Inland),11.0168,76.9558,Tamil Nadu,12.3,19.9,0,0
2024-09-15,5.3,5.3,3.0,20.6,Coimbatore (Western Inland),11.0168,76.9558,Tamil Nadu,17.0,22.9,0,0
2024-09-15,0.3,0.3,2.0,17.9,Cuddalore (Coastal Central),11.748,79.7714,Tamil Nadu,15.9,21.5,0,0
2024-09-15,0.0,0.0,0.0,19.1,Tiruchirappalli (Kaveri Basin),10.7905,78.7047,Tamil Nadu,5.6,21.5,0,0
2024-09-15,0.7,0.7,3.0,19.8,Vellore (Palar Basin),12.9165,79.1325,Tamil Nadu,1.0,18.6,0,0
2024-09-15,0.4,0.4,3.0,19.6,Nagapattinam (Delta Coast),10.7656,79.8424,Tamil Nadu,1.1,18.4,0,0
2024-09-15,1.6,1.6,3.0,16.1,Salem (Northern Inland),11.6643,78.146,Tamil Nadu,2.7,18.6,0,0
2024-09-15,0.7,0.7,3.0,21.9,Madurai (Southern Plains),9.9252,78.1198,Tamil Nadu,2.7,9.0,0,0
2024-09-15,1.5,1.5,7.0,28.2,Kanyakumari (Southern Coast),8.1833,77.4119,Tamil Nadu,3.8,5.2,0,0
2024-09-15,7.0,7.0,7.0,13.9,Nilgiris (Hill Station Zone),11.4102,76.695,Tamil Nadu,9.2,11.9,0,0
2024-09-15,3.6,3.6,6.0,16.8,Chennai (Coastal North),13.0827,80.2707,Tamil Nadu,12.1,15.5,0,0
2024-09-16,0.0,0.0,0.0,24.0,Nagapattinam (Delta Coast),10.7656,79.8424,Tamil Nadu,10.6,14.8,0,0
2024-09-16,0.4,0.4,3.0,19.2,Chennai (Coastal North),13.0827,80.2707,Tamil Nadu,4.0,14.8,0,0
2024-09-16,0.0,0.0,0.0,13.4,Nilgiris (Hill Station Zone),11.4102,76.695,Tamil Nadu,0.4,13.2,0,0
2024-09-16,0.0,0.0,0.0,19.5,Cuddalore (Coastal Central),11.748,79.7714,Tamil Nadu,0.4,12.5,0,0
2024-09-16,0.0,0.0,0.0,20.2,Madurai (Southern Plains),9.9252,78.1198,Tamil Nadu,0.0,11.0,0,0
2024-09-16,0.2,0.2,2.0,22.1,Vellore (Palar Basin),12.9165,79.1325,Tamil Nadu,0.2,4.2,0,0
2024-09-16,0.0,0.0,0.0,24.2,Coimbatore (Western Inland),11.0168,76.9558,Tamil Nadu,0.2,0.6,0,0
2024-09-16,0.4,0.4,2.0,27.3,Kanyakumari (Southern Coast),8.1833,77.4119,Tamil Nadu,0.6,1.0,0,0
2024-09-16,0.0,0.0,0.0,17.7,Tiruchirappalli (Kaveri Basin),10.7905,78.7047,Tamil Nadu,0.4,0.6,0,0
2024-09-16,0.0,0.0,0.0,17.6,Salem (Northern Inland),11.6643,78.146,Tamil Nadu,0.4,0.6,0,0
2024-09-17,0.6,0.6,3.0,17.1,Chennai (Coastal North),13.0827,80.2707,Tamil Nadu,0.6,1.2,0,0
2024-09-17,0.0,0.0,0.0,28.5,Kanyakumari (Southern Coast),8.1833,77.4119,Tamil Nadu,0.6,1.2,0,0
2024-09-17,0.1,0.1,1.0,20.0,Tiruchirappalli (Kaveri Basin),10.7905,78.7047,Tamil Nadu,0.7,1.1,0,0
2024-09-17,0.1,0.1,1.0,23.8,Cuddalore (Coastal Central),11.748,79.7714,Tamil Nadu,0.2,1.2,0,0
2024-09-17,0.7,0.7,6.0,15.5,Nilgiris (Hill Station Zone),11.4102,76.695,Tamil Nadu,0.9,1.5,0,0
2024-09-17,6.8,6.8,5.0,20.4,Coimbatore (Western Inland),11.0168,76.9558,Tamil Nadu,7.6,8.3,0,0
2024-09-17,0.0,0.0,0.0,21.4,Madurai (Southern Plains),9.9252,78.1198,Tamil Nadu,7.5,8.3,0,0
2024-09-17,0.7,0.7,5.0,19.1,Salem (Northern Inland),11.6643,78.146,Tamil Nadu,7.5,8.4,0,0
2024-09-17,1.2,1.2,7.0,24.3,Nagapattinam (Delta Coast),10.7656,79.8424,Tamil Nadu,1.9,9.6,0,0
2024-09-17,0.2,0.2,2.0,20.0,Vellore (Palar Basin),12.9165,79.1325,Tamil Nadu,2.1,9.7,0,0
2024-09-18,0.0,0.0,0.0,18.7,Salem (Northern Inland),11.6643,78.146,Tamil Nadu,1.4,9.6,0,0
2024-09-18,0.9,0.9,6.0,24.1,Coimbatore (Western Inland),11.0168,76.9558,Tamil Nadu,1.1,9.8,0,0
2024-09-18,0.0,0.0,0.0,13.7,Nilgiris (Hill Station Zone),11.4102,76.695,Tamil Nadu,0.9,3.0,0,0
2024-09-18,0.0,0.0,0.0,18.5,Cuddalore (Coastal Central),11.748,79.7714,Tamil Nadu,0.9,3.0,0,0
2024-09-18,0.0,0.0,0.0,25.4,Kanyakumari (Southern Coast),8.1833,77.4119,Tamil Nadu,0.0,2.3,0,0
2024-09-18,0.7,0.7,6.0,16.0,Vellore (Palar Basin),12.9165,79.1325,Tamil Nadu,0.7,1.8,0,0
2024-09-18,0.2,0.2,1.0,25.4,Madurai (Southern Plains),9.9252,78.1198,Tamil Nadu,0.9,1.8,0,0
2024-09-18,0.0,0.0,0.0,18.7,Tiruchirappalli (Kaveri Basin),10.7905,78.7047,Tamil Nadu,0.9,1.8,0,0
2024-09-18,0.6,0.6,2.0,22.2,Nagapattinam (Delta Coast),10.7656,79.8424,Tamil Nadu,0.8,1.5,0,0
2024-09-18,1.5,1.5,4.0,13.8,Chennai (Coastal North),13.0827,80.2707,Tamil Nadu,2.1,3.0,0,0
2024-09-19,0.0,0.0,0.0,17.3,Madurai (Southern Plains),9.9252,78.1198,Tamil Nadu,2.1,3.0,0,0
2024-09-19,1.6,1.6,5.0,8.0,Nilgiris (Hill Station Zone),11.4102,76.695,Tamil Nadu,3.1,4.6,0,0
2024-09-19,0.9,0.9,4.0,15.6,Salem (Northern Inland),11.6643,78.146,Tamil Nadu,2.5,4.8,0,0
2024-09-19,3.0,3.0,3.0,21.0,Coimbatore (Western Inland),11.0168,76.9558,Tamil Nadu,5.5,7.6,0,0
2024-09-19,0.3,0.3,2.0,17.3,Cuddalore (Coastal Central),11.748,79.7714,Tamil Nadu,4.2,7.9,0,0
2024-09-19,0.7,0.7,1.0,12.6,Vellore (Palar Basin),12.9165,79.1325,Tamil Nadu,4.0,8.0,0,0
2024-09-19,0.0,0.0,0.0,15.7,Tiruchirappalli (Kaveri Basin),10.7905,78.7047,Tamil Nadu,1.0,6.5,0,0
2024-09-19,0.0,0.0,0.0,24.7,Kanyakumari (Southern Coast),8.1833,77.4119,Tamil Nadu,0.7,6.5,0,0
2024-09-19,2.0,2.0,5.0,18.3,Chennai (Coastal North),13.0827,80.2707,Tamil Nadu,2.0,6.9,0,0
2024-09-19,1.1,1.1,5.0,18.8,Nagapattinam (Delta Coast),10.7656,79.8424,Tamil Nadu,3.1,7.1,0,0
2024-09-20,0.0,0.0,0.0,24.6,Kanyakumari (Southern Coast),8.1833,77.4119,Tamil Nadu,3.1,4.1,0,0
2024-09-20,0.0,0.0,0.0,20.5,Coimbatore (Western Inland),11.0168,76.9558,Tamil Nadu,1.1,3.8,0,0
2024-09-20,1.3,1.3,3.0,16.1,Salem (Northern Inland),11.6643,78.146,Tamil Nadu,1.3,4.4,0,0
2024-09-20,0.1,0.1,1.0,17.1,Tiruchirappalli (Kaveri Basin),10.7905,78.7047,Tamil Nadu,1.4,4.5,0,0
2024-09-20,7.1,7.1,9.0,8.7,Nilgiris (Hill Station Zone),11.4102,76.695,Tamil Nadu,8.5,11.6,0,0
2024-09-20,0.4,0.4,2.0,14.7,Chennai (Coastal North),13.0827,80.2707,Tamil Nadu,7.6,10.0,0,0
2024-09-20,0.0,0.0,0.0,22.0,Madurai (Southern Plains),9.9252,78.1198,Tamil Nadu,7.5,8.9,0,0
2024-09-20,0.7,0.7,4.0,17.8,Nagapattinam (Delta Coast),10.7656,79.8424,Tamil Nadu,1.1,9.6,0,0
2024-09-20,0.2,0.2,2.0,15.5,Vellore (Palar Basin),12.9165,79.1325,Tamil Nadu,0.9,9.8,0,0
2024-09-20,0.4,0.4,1.0,17.3,Cuddalore (Coastal Central),11.748,79.7714,Tamil Nadu,1.3,8.9,0,0
2024-09-21,1.1,1.1,3.0,16.6,Vellore (Palar Basin),12.9165,79.1325,Tamil Nadu,1.7,9.9,0,0
2024-09-21,0.7,0.7,4.0,8.2,Nilgiris (Hill Station Zone),11.4102,76.695,Tamil Nadu,2.2,3.5,0,0
2024-09-21,10.4,10.4,5.0,20.5,Nagapattinam (Delta Coast),10.7656,79.8424,Tamil Nadu,12.2,13.5,0,0
2024-09-21,3.3,3.3,2.0,21.4,Cuddalore (Coastal Central),11.748,79.7714,Tamil Nadu,14.4,16.8,0,0
2024-09-21,3.9,3.9,7.0,17.0,Chennai (Coastal North),13.0827,80.2707,Tamil Nadu,17.6,20.0,0,0
2024-09-21,0.0,0.0,0.0,28.4,Kanyakumari (Southern Coast),8.1833,77.4119,Tamil Nadu,7.2,19.8,0,0
2024-09-21,0.6,0.6,5.0,17.4,Madurai (Southern Plains),9.9252,78.1198,Tamil Nadu,4.5,20.0,0,0
2024-09-21,0.2,0.2,1.0,17.7,Salem (Northern Inland),11.6643,78.146,Tamil Nadu,0.8,19.1,0,0
2024-09-21,2.4,2.4,3.0,20.0,Coimbatore (Western Inland),11.0168,76.9558,Tamil Nadu,3.2,20.8,0,0
2024-09-21,0.1,0.1,1.0,19.0,Tiruchirappalli (Kaveri Basin),10.7905,78.7047,Tamil Nadu,2.7,10.5,0,0
2024-09-22,0.0,0.0,0.0,19.1,Nagapattinam (Delta Coast),10.7656,79.8424,Tamil Nadu,2.5,7.2,0,0
2024-09-22,12.9,12.9,8.0,15.7,Chennai (Coastal North),13.0827,80.2707,Tamil Nadu,13.0,16.2,0,0
2024-09-22,0.0,0.0,0.0,16.1,Madurai (Southern Plains),9.9252,78.1198,Tamil Nadu,12.9,16.2,0,0
2024-09-22,1.0,1.0,7.0,28.7,Kanyakumari (Southern Coast),8.1833,77.4119,Tamil Nadu,13.9,16.6,0,0
2024-09-22,0.0,0.0,0.0,15.9,Salem (Northern Inland),11.6643,78.146,Tamil Nadu,1.0,16.4,0,0
2024-09-22,1.1,1.1,5.0,20.3,Coimbatore (Western Inland),11.0168,76.9558,Tamil Nadu,2.1,15.1,0,0
2024-09-22,0.0,0.0,0.0,17.1,Tiruchirappalli (Kaveri Basin),10.7905,78.7047,Tamil Nadu,1.1,15.0,0,0
2024-09-22,1.3,1.3,5.0,12.5,Nilgiris (Hill Station Zone),11.4102,76.695,Tamil Nadu,2.4,16.3,0,0
2024-09-22,4.2,4.2,3.0,15.0,Vellore (Palar Basin),12.9165,79.1325,Tamil Nadu,5.5,7.6,0,0
2024-09-22,0.0,0.0,0.0,15.8,Cuddalore (Coastal Central),11.748,79.7714,Tamil Nadu,5.5,7.6,0,0
2024-09-23,1.3,1.3,7.0,28.1,Kanyakumari (Southern Coast),8.1833,77.4119,Tamil Nadu,5.5,7.9,0,0
2024-09-23,15.5,15.5,14.0,13.3,Chennai (Coastal North),13.0827,80.2707,Tamil Nadu,16.8,23.4,0,0
2024-09-23,5.2,5.2,4.0,23.1,Coimbatore (Western Inland),11.0168,76.9558,Tamil Nadu,22.0,27.5,0,0
2024-09-23,1.3,1.3,2.0,13.4,Salem (Northern Inland),11.6643,78.146,Tamil Nadu,22.0,28.8,0,0
2024-09-23,1.8,1.8,10.0,12.2,Nilgiris (Hill Station Zone),11.4102,76.695,Tamil Nadu,8.3,29.3,0,0
2024-09-23,0.3,0.3,3.0,20.4,Nagapattinam (Delta Coast),10.7656,79.8424,Tamil Nadu,3.4,25.4,0,0
2024-09-23,0.5,0.5,3.0,19.7,Tiruchirappalli (Kaveri Basin),10.7905,78.7047,Tamil Nadu,2.6,25.9,0,0
2024-09-23,6.7,6.7,10.0,17.8,Vellore (Palar Basin),12.9165,79.1325,Tamil Nadu,7.5,31.3,0,0
2024-09-23,0.9,0.9,3.0,20.0,Madurai (Southern Plains),9.9252,78.1198,Tamil Nadu,8.1,16.7,0,0
2024-09-23,3.0,3.0,3.0,17.1,Cuddalore (Coastal Central),11.748,79.7714,Tamil Nadu,10.6,14.5,0,0
2024-09-24,2.3,2.3,8.0,29.9,Kanyakumari (Southern Coast),8.1833,77.4119,Tamil Nadu,6.2,15.5,0,0
2024-09-24,0.0,0.0,0.0,23.2,Madurai (Southern Plains),9.9252,78.1198,Tamil Nadu,5.3,13.7,0,0
2024-09-24,0.6,0.6,3.0,26.0,Coimbatore (Western Inland),11.0168,76.9558,Tamil Nadu,2.9,14.0,0,0
2024-09-24,7.2,7.2,5.0,15.0,Salem (Northern Inland),11.6643,78.146,Tamil Nadu,7.8,20.7,0,0
2024-09-24,12.4,12.4,8.0,15.5,Chennai (Coastal North),13.0827,80.2707,Tamil Nadu,20.2,26.4,0,0
2024-09-24,0.0,0.0,0.0,23.2,Tiruchirappalli (Kaveri Basin),10.7905,78.7047,Tamil Nadu,19.6,25.5,0,0
2024-09-24,7.1,7.1,9.0,18.0,Vellore (Palar Basin),12.9165,79.1325,Tamil Nadu,19.5,29.6,0,0
2024-09-24,2.1,2.1,5.0,20.8,Cuddalore (Coastal Central),11.748,79.7714,Tamil Nadu,9.2,29.4,0,0
2024-09-24,3.1,3.1,4.0,23.5,Nagapattinam (Delta Coast),10.7656,79.8424,Tamil Nadu,12.3,32.5,0,0
2024-09-24,11.5,11.5,14.0,10.1,Nilgiris (Hill Station Zone),11.4102,76.695,Tamil Nadu,16.7,43.4,0,0
2024-09-25,0.6,0.6,4.0,19.2,Vellore (Palar Basin),12.9165,79.1325,Tamil Nadu,15.2,36.8,0,0
2024-09-25,1.2,1.2,9.0,29.0,Kanyakumari (Southern Coast),8.1833,77.4119,Tamil Nadu,13.3,25.6,0,0
2024-09-25,0.0,0.0,0.0,10.9,Salem (Northern Inland),11.6643,78.146,Tamil Nadu,1.8,25.6,0,0
2024-09-25,0.5,0.5,3.0,19.9,Cuddalore (Coastal Central),11.748,79.7714,Tamil Nadu,1.7,19.0,0,0
2024-09-25,11.2,11.2,11.0,16.3,Chennai (Coastal North),13.0827,80.2707,Tamil Nadu,11.7,28.1,0,0
2024-09-25,0.0,0.0,0.0,24.1,Coimbatore (Western Inland),11.0168,76.9558,Tamil Nadu,11.7,25.0,0,0
2024-09-25,0.3,0.3,1.0,24.0,Madurai (Southern Plains),9.9252,78.1198,Tamil Nadu,11.5,13.8,0,0
2024-09-25,0.1,0.1,1.0,7.5,Nilgiris (Hill Station Zone),11.4102,76.695,Tamil Nadu,0.4,13.3,0,0
2024-09-25,0.0,0.0,0.0,27.1,Nagapattinam (Delta Coast),10.7656,79.8424,Tamil Nadu,0.4,12.1,0,0
2024-09-25,0.0,0.0,0.0,20.2,Tiruchirappalli (Kaveri Basin),10.7905,78.7047,Tamil Nadu,0.1,12.1,0,0
2024-09-26,0.0,0.0,0.0,10.7,Salem (Northern Inland),11.6643,78.146,Tamil Nadu,0.0,11.6,0,0
2024-09-26,0.2,0.2,2.0,24.6,Kanyakumari (Southern Coast),8.1833,77.4119,Tamil Nadu,0.2,0.6,0,0
2024-09-26,2.6,2.6,6.0,21.2,Coimbatore (Western Inland),11.0168,76.9558,Tamil Nadu,2.8,3.2,0,0
2024-09-26,0.4,0.4,4.0,15.0,Vellore (Palar Basin),12.9165,79.1325,Tamil Nadu,3.2,3.3,0,0
2024-09-26,0.6,0.6,3.0,17.4,Madurai (Southern Plains),9.9252,78.1198,Tamil Nadu,3.6,3.8,0,0
2024-09-26,0.8,0.8,4.0,14.7,Chennai (Coastal North),13.0827,80.2707,Tamil Nadu,1.8,4.6,0,0
2024-09-26,1.5,1.5,6.0,8.7,Nilgiris (Hill Station Zone),11.4102,76.695,Tamil Nadu,2.9,6.1,0,0
2024-09-26,0.5,0.5,3.0,16.0,Cuddalore (Coastal Central),11.748,79.7714,Tamil Nadu,2.8,6.6,0,0
2024-09-26,0.0,0.0,0.0,14.5,Tiruchirappalli (Kaveri Basin),10.7905,78.7047,Tamil Nadu,2.0,6.4,0,0
2024-09-26,0.7,0.7,1.0,17.4,Nagapattinam (Delta Coast),10.7656,79.8424,Tamil Nadu,1.2,4.5,0,0
2024-09-27,2.3,2.3,6.0,11.2,Vellore (Palar Basin),12.9165,79.1325,Tamil Nadu,3.0,6.4,0,0
2024-09-27,7.9,7.9,5.0,10.1,Salem (Northern Inland),11.6643,78.146,Tamil Nadu,10.9,13.7,0,0
2024-09-27,1.6,1.6,3.0,22.0,Kanyakumari (Southern Coast),8.1833,77.4119,Tamil Nadu,11.8,14.5,0,0
2024-09-27,13.6,13.6,12.0,14.5,Cuddalore (Coastal Central),11.748,79.7714,Tamil Nadu,23.1,26.6,0,0
2024-09-27,5.7,5.7,2.0,17.6,Madurai (Southern Plains),9.9252,78.1198,Tamil Nadu,20.9,31.8,0,0
2024-09-27,1.3,1.3,3.0,14.1,Tiruchirappalli (Kaveri Basin),10.7905,78.7047,Tamil Nadu,20.6,33.1,0,0
2024-09-27,13.9,13.9,9.0,14.5,Nagapattinam (Delta Coast),10.7656,79.8424,Tamil Nadu,20.9,46.3,0,0
2024-09-27,7.8,7.8,13.0,17.3,Chennai (Coastal North),13.0827,80.2707,Tamil Nadu,23.0,51.8,0,0
2024-09-27,3.5,3.5,6.0,17.2,Coimbatore (Western Inland),11.0168,76.9558,Tamil Nadu,25.2,47.4,0,0
2024-09-27,3.6,3.6,8.0,10.2,Nilgiris (Hill Station Zone),11.4102,76.695,Tamil Nadu,14.9,49.4,0,0
2024-09-28,4.4,4.4,11.0,12.2,Salem (Northern Inland),11.6643,78.146,Tamil Nadu,11.5,40.2,0,0
2024-09-28,2.4,2.4,5.0,16.5,Nagapattinam (Delta Coast),10.7656,79.8424,Tamil Nadu,10.4,36.9,0,0
2024-09-28,15.1,15.1,7.0,16.4,Madurai (Southern Plains),9.9252,78.1198,Tamil Nadu,21.9,50.7,0,0
2024-09-28,14.1,14.1,12.0,14.6,Chennai (Coastal North),13.0827,80.2707,Tamil Nadu,31.6,50.9,0,0
2024-09-28,0.2,0.2,2.0,15.4,Kanyakumari (Southern Coast),8.1833,77.4119,Tamil Nadu,29.4,43.3,0,0
2024-09-28,13.7,13.7,14.0,8.8,Nilgiris (Hill Station Zone),11.4102,76.695,Tamil Nadu,28.0,53.5,0,0
2024-09-28,15.0,15.0,12.0,8.7,Vellore (Palar Basin),12.9165,79.1325,Tamil Nadu,28.9,64.9,0,0
2024-09-28,0.5,0.5,4.0,13.8,Cuddalore (Coastal Central),11.748,79.7714,Tamil Nadu,29.2,61.0,0,0
2024-09-28,15.4,15.4,8.0,13.2,Tiruchirappalli (Kaveri Basin),10.7905,78.7047,Tamil Nadu,30.9,74.0,0,0
2024-09-28,6.2,6.2,9.0,11.1,Coimbatore (Western Inland),11.0168,76.9558,Tamil Nadu,22.1,65.1,0,0
2024-09-29,3.7,3.7,4.0,15.7,Vellore (Palar Basin),12.9165,79.1325,Tamil Nadu,25.3,54.7,0,0
2024-09-29,2.8,2.8,9.0,17.5,Nagapattinam (Delta Coast),10.7656,79.8424,Tamil Nadu,12.7,57.3,0,0
2024-09-29,0.3,0.3,3.0,14.9,Tiruchirappalli (Kaveri Basin),10.7905,78.7047,Tamil Nadu,6.8,43.9,0,0
2024-09-29,4.3,4.3,7.0,15.5,Madurai (Southern Plains),9.9252,78.1198,Tamil Nadu,7.4,33.2,0,0
2024-09-29,1.8,1.8,7.0,13.6,Cuddalore (Coastal Central),11.748,79.7714,Tamil Nadu,6.4,34.5,0,0
2024-09-29,9.4,9.4,12.0,12.9,Coimbatore (Western Inland),11.0168,76.9558,Tamil Nadu,15.5,28.5,0,0
2024-09-29,0.7,0.7,5.0,16.3,Chennai (Coastal North),13.0827,80.2707,Tamil Nadu,11.9,23.0,0,0
2024-09-29,5.3,5.3,14.0,9.9,Nilgiris (Hill Station Zone),11.4102,76.695,Tamil Nadu,15.4,24.6,0,0
2024-09-29,4.6,4.6,7.0,17.2,Salem (Northern Inland),11.6643,78.146,Tamil Nadu,10.6,26.4,0,0
2024-09-29,4.6,4.6,9.0,14.0,Kanyakumari (Southern Coast),8.1833,77.4119,Tamil Nadu,14.5,30.7,0,0
2024-09-30,2.6,2.6,8.0,13.8,Madurai (Southern Plains),9.9252,78.1198,Tamil Nadu,11.8,29.0,0,0
2024-09-30,1.6,1.6,7.0,13.6,Tiruchirappalli (Kaveri Basin),10.7905,78.7047,Tamil Nadu,8.8,28.8,0,0
2024-09-30,0.9,0.9,3.0,14.3,Chennai (Coastal North),13.0827,80.2707,Tamil Nadu,5.1,20.3,0,0
2024-09-30,21.7,21.7,13.0,19.0,Kanyakumari (Southern Coast),8.1833,77.4119,Tamil Nadu,24.2,41.3,0,0
2024-09-30,0.3,0.3,2.0,12.3,Salem (Northern Inland),11.6643,78.146,Tamil Nadu,22.9,36.3,0,0
2024-09-30,2.4,2.4,6.0,10.6,Nilgiris (Hill Station Zone),11.4102,76.695,Tamil Nadu,24.4,34.1,0,0
2024-09-30,1.8,1.8,10.0,16.4,Nagapattinam (Delta Coast),10.7656,79.8424,Tamil Nadu,4.5,31.3,0,0
2024-09-30,1.2,1.2,5.0,15.5,Cuddalore (Coastal Central),11.748,79.7714,Tamil Nadu,5.4,29.9,0,0
2024-09-30,1.7,1.7,2.0,13.3,Coimbatore (Western Inland),11.0168,76.9558,Tamil Nadu,4.7,30.0,0,0
2024-09-30,0.6,0.6,4.0,12.0,Vellore (Palar Basin),12.9165,79.1325,Tamil Nadu,3.5,29.7,0,0
2024-10-01,7.5,7.5,11.0,14.7,Kanyakumari (Southern Coast),8.1833,77.4119,Tamil Nadu,9.8,15.5,0,0
2024-10-01,4.6,4.6,8.0,11.8,Tiruchirappalli (Kaveri Basin),10.7905,78.7047,Tamil Nadu,12.7,19.8,0,0
2024-10-01,0.6,0.6,3.0,7.8,Nilgiris (Hill Station Zone),11.4102,76.695,Tamil Nadu,12.7,18.0,0,0
2024-10-01,6.6,6.6,7.0,15.3,Cuddalore (Coastal Central),11.748,79.7714,Tamil Nadu,11.8,22.8,0,0
2024-10-01,0.0,0.0,0.0,12.9,Vellore (Palar Basin),12.9165,79.1325,Tamil Nadu,7.2,21.6,0,0
2024-10-01,2.2,2.2,3.0,19.6,Salem (Northern Inland),11.6643,78.146,Tamil Nadu,8.8,22.1,0,0
2024-10-01,1.8,1.8,5.0,16.5,Nagapattinam (Delta Coast),10.7656,79.8424,Tamil Nadu,4.0,23.3,0,0
2024-10-01,0.1,0.1,1.0,14.6,Coimbatore (Western Inland),11.0168,76.9558,Tamil Nadu,4.1,15.9,0,0
2024-10-01,0.6,0.6,4.0,17.3,Chennai (Coastal North),13.0827,80.2707,Tamil Nadu,2.5,11.9,0,0
2024-10-01,1.4,1.4,8.0,14.9,Madurai (Southern Plains),9.9252,78.1198,Tamil Nadu,2.1,12.7,0,0
2024-10-02,15.9,15.9,18.0,14.6,Kanyakumari (Southern Coast),8.1833,77.4119,Tamil Nadu,17.9,22.0,0,0
2024-10-02,1.4,1.4,4.0,16.3,Tiruchirappalli (Kaveri Basin),10.7905,78.7047,Tamil Nadu,18.7,23.4,0,0
2024-10-02,0.0,0.0,0.0,18.1,Cuddalore (Coastal Central),11.748,79.7714,Tamil Nadu,17.3,21.2,0,0
2024-10-02,0.0,0.0,0.0,19.2,Chennai (Coastal North),13.0827,80.2707,Tamil Nadu,1.4,19.4,0,0
2024-10-02,3.7,3.7,5.0,15.6,Madurai (Southern Plains),9.9252,78.1198,Tamil Nadu,3.7,23.0,0,0
2024-10-02,3.0,3.0,8.0,7.0,Nilgiris (Hill Station Zone),11.4102,76.695,Tamil Nadu,6.7,25.4,0,0
2024-10-02,1.6,1.6,3.0,12.6,Vellore (Palar Basin),12.9165,79.1325,Tamil Nadu,8.3,25.6,0,0
2024-10-02,6.1,6.1,1.0,14.3,Salem (Northern Inland),11.6643,78.146,Tamil Nadu,10.7,15.8,0,0
2024-10-02,0.4,0.4,2.0,20.4,Coimbatore (Western Inland),11.0168,76.9558,Tamil Nadu,8.1,14.8,0,0
2024-10-02,0.4,0.4,3.0,24.6,Nagapattinam (Delta Coast),10.7656,79.8424,Tamil Nadu,6.9,15.2,0,0
2024-10-03,3.0,3.0,7.0,5.8,Nilgiris (Hill Station Zone),11.4102,76.695,Tamil Nadu,3.8,18.2,0,0
2024-10-03,3.4,3.4,4.0,13.5,Tiruchirappalli (Kaveri Basin),10.7905,78.7047,Tamil Nadu,6.8,17.9,0,0
2024-10-03,2.4,2.4,13.0,16.6,Kanyakumari (Southern Coast),8.1833,77.4119,Tamil Nadu,8.8,17.3,0,0
2024-10-03,0.9,0.9,2.0,14.4,Salem (Northern Inland),11.6643,78.146,Tamil Nadu,6.7,16.6,0,0
2024-10-03,1.6,1.6,2.0,15.0,Chennai (Coastal North),13.0827,80.2707,Tamil Nadu,4.9,12.1,0,0
2024-10-03,2.9,2.9,3.0,13.0,Vellore (Palar Basin),12.9165,79.1325,Tamil Nadu,5.4,14.6,0,0
2024-10-03,0.0,0.0,0.0,19.9,Cuddalore (Coastal Central),11.748,79.7714,Tamil Nadu,4.5,14.2,0,0
2024-10-03,3.3,3.3,4.0,22.0,Nagapattinam (Delta Coast),10.7656,79.8424,Tamil Nadu,6.2,14.5,0,0
2024-10-03,0.6,0.6,2.0,19.7,Madurai (Southern Plains),9.9252,78.1198,Tamil Nadu,3.9,11.7,0,0
2024-10-03,1.2,1.2,2.0,17.2,Coimbatore (Western Inland),11.0168,76.9558,Tamil Nadu,5.1,10.5,0,0
2024-10-04,16.8,16.8,8.0,17.5,Cuddalore (Coastal Central),11.748,79.7714,Tamil Nadu,18.6,26.4,0,0
2024-10-04,11.5,11.5,8.0,19.6,Nagapattinam (Delta Coast),10.7656,79.8424,Tamil Nadu,29.5,36.3,0,0
2024-10-04,8.6,8.6,12.0,13.0,Vellore (Palar Basin),12.9165,79.1325,Tamil Nadu,36.9,42.0,0,0
2024-10-04,20.7,20.7,7.0,12.6,Madurai (Southern Plains),9.9252,78.1198,Tamil Nadu,40.8,62.7,0,0
2024-10-04,26.7,26.7,9.0,14.6,Salem (Northern Inland),11.6643,78.146,Tamil Nadu,56.0,86.1,0,0
2024-10-04,19.6,19.6,13.0,8.3,Nilgiris (Hill Station Zone),11.4102,76.695,Tamil Nadu,67.0,105.1,0,0
2024-10-04,12.8,12.8,9.0,19.4,Tiruchirappalli (Kaveri Basin),10.7905,78.7047,Tamil Nadu,59.1,116.7,0,0
2024-10-04,7.4,7.4,11.0,17.8,Kanyakumari (Southern Coast),8.1833,77.4119,Tamil Nadu,39.8,107.3,0,0
2024-10-04,2.2,2.2,6.0,18.3,Chennai (Coastal North),13.0827,80.2707,Tamil Nadu,22.4,98.0,0,0
2024-10-04,13.1,13.1,9.0,16.4,Coimbatore (Western Inland),11.0168,76.9558,Tamil Nadu,22.7,102.5,0,0
2024-10-05,3.2,3.2,12.0,16.6,Madurai (Southern Plains),9.9252,78.1198,Tamil Nadu,18.5,85.0,0,0
2024-10-05,15.5,15.5,19.0,10.5,Coimbatore (Western Inland),11.0168,76.9558,Tamil Nadu,31.8,73.8,0,0
2024-10-05,4.7,4.7,9.0,14.6,Tiruchirappalli (Kaveri Basin),10.7905,78.7047,Tamil Nadu,23.4,58.9,0,0
2024-10-05,8.6,8.6,20.0,8.2,Salem (Northern Inland),11.6643,78.146,Tamil Nadu,28.8,54.7,0,0
2024-10-05,0.1,0.1,1.0,14.5,Chennai (Coastal North),13.0827,80.2707,Tamil Nadu,13.4,47.4,0,0
2024-10-05,0.4,0.4,3.0,17.3,Kanyakumari (Southern Coast),8.1833,77.4119,Tamil Nadu,9.1,45.6,0,0
2024-10-05,8.0,8.0,7.0,11.2,Cuddalore (Coastal Central),11.748,79.7714,Tamil Nadu,8.5,40.5,0,0
2024-10-05,3.9,3.9,9.0,14.7,Nagapattinam (Delta Coast),10.7656,79.8424,Tamil Nadu,12.3,41.2,0,0
2024-10-05,0.6,0.6,2.0,17.1,Vellore (Palar Basin),12.9165,79.1325,Tamil Nadu,12.5,26.3,0,0
2024-10-05,22.2,22.2,23.0,8.2,Nilgiris (Hill Station Zone),11.4102,76.695,Tamil Nadu,26.7,43.8,0,0
2024-10-06,5.0,5.0,9.0,14.9,Coimbatore (Western Inland),11.0168,76.9558,Tamil Nadu,27.8,40.2,0,0
2024-10-06,0.2,0.2,1.0,9.2,Vellore (Palar Basin),12.9165,79.1325,Tamil Nadu,27.4,40.3,0,0
2024-10-06,0.2,0.2,2.0,9.7,Salem (Northern Inland),11.6643,78.146,Tamil Nadu,5.4,40.1,0,0
2024-10-06,0.0,0.0,0.0,13.3,Chennai (Coastal North),13.0827,80.2707,Tamil Nadu,0.4,32.1,0,0
2024-10-06,8.0,8.0,21.0,8.8,Nilgiris (Hill Station Zone),11.4102,76.695,Tamil Nadu,8.2,36.2,0,0
2024-10-06,0.0,0.0,0.0,10.5,Tiruchirappalli (Kaveri Basin),10.7905,78.7047,Tamil Nadu,8.0,35.6,0,0
2024-10-06,3.5,3.5,12.0,7.1,Madurai (Southern Plains),9.9252,78.1198,Tamil Nadu,11.5,16.9,0,0
2024-10-06,9.0,9.0,9.0,13.8,Kanyakumari (Southern Coast),8.1833,77.4119,Tamil Nadu,12.5,20.9,0,0
2024-10-06,47.9,47.9,12.0,12.0,Nagapattinam (Delta Coast),10.7656,79.8424,Tamil Nadu,60.4,68.6,0,0
2024-10-06,0.0,0.0,0.0,15.2,Cuddalore (Coastal Central),11.748,79.7714,Tamil Nadu,56.9,68.4,0,0
2024-10-07,17.2,17.2,16.0,8.9,Nilgiris (Hill Station Zone),11.4102,76.695,Tamil Nadu,65.1,85.6,0,0
2024-10-07,17.6,17.6,14.0,16.2,Nagapattinam (Delta Coast),10.7656,79.8424,Tamil Nadu,34.8,95.2,0,0
2024-10-07,12.6,12.6,13.0,15.2,Salem (Northern Inland),11.6643,78.146,Tamil Nadu,47.4,107.8,0,0
2024-10-07,29.3,29.3,19.0,14.1,Madurai (Southern Plains),9.9252,78.1198,Tamil Nadu,59.5,133.6,0,0
2024-10-07,5.3,5.3,10.0,13.5,Cuddalore (Coastal Central),11.748,79.7714,Tamil Nadu,47.2,129.9,0,0
2024-10-07,20.2,20.2,22.0,14.2,Kanyakumari (Southern Coast),8.1833,77.4119,Tamil Nadu,54.8,102.2,0,0
2024-10-07,37.6,37.6,12.0,9.6,Coimbatore (Western Inland),11.0168,76.9558,Tamil Nadu,63.1,139.8,0,0
2024-10-07,10.6,10.6,11.0,13.5,Vellore (Palar Basin),12.9165,79.1325,Tamil Nadu,68.4,133.2,0,0
2024-10-07,1.4,1.4,10.0,12.3,Chennai (Coastal North),13.0827,80.2707,Tamil Nadu,49.6,117.0,0,0
2024-10-07,19.0,19.0,10.0,11.3,Tiruchirappalli (Kaveri Basin),10.7905,78.7047,Tamil Nadu,31.0,123.4,0,0
2024-10-08,16.3,16.3,7.0,15.8,Kanyakumari (Southern Coast),8.1833,77.4119,Tamil Nadu,36.7,110.4,0,0
2024-10-08,31.9,31.9,17.0,8.5,Nilgiris (Hill Station Zone),11.4102,76.695,Tamil Nadu,67.2,137.0,0,0
2024-10-08,4.6,4.6,6.0,13.2,Madurai (Southern Plains),9.9252,78.1198,Tamil Nadu,52.8,121.4,0,0
2024-10-08,15.8,15.8,17.0,10.1,Nagapattinam (Delta Coast),10.7656,79.8424,Tamil Nadu,52.3,99.6,0,0
2024-10-08,5.9,5.9,15.0,12.9,Cuddalore (Coastal Central),11.748,79.7714,Tamil Nadu,26.3,94.9,0,0
2024-10-08,2.7,2.7,4.0,14.1,Vellore (Palar Basin),12.9165,79.1325,Tamil Nadu,24.4,96.2,0,0
2024-10-08,1.4,1.4,7.0,13.2,Chennai (Coastal North),13.0827,80.2707,Tamil Nadu,10.0,78.6,0,0
2024-10-08,3.3,3.3,10.0,7.2,Tiruchirappalli (Kaveri Basin),10.7905,78.7047,Tamil Nadu,7.4,65.6,0,0
2024-10-08,3.7,3.7,11.0,13.2,Salem (Northern Inland),11.6643,78.146,Tamil Nadu,8.4,37.4,0,0
2024-10-08,10.4,10.4,12.0,11.9,Coimbatore (Western Inland),11.0168,76.9558,Tamil Nadu,17.4,43.2,0,0
2024-10-09,13.7,13.7,17.0,15.5,Kanyakumari (Southern Coast),8.1833,77.4119,Tamil Nadu,27.8,41.1,0,0
2024-10-09,16.5,16.5,12.0,13.2,Madurai (Southern Plains),9.9252,78.1198,Tamil Nadu,40.6,51.7,0,0
2024-10-09,2.4,2.4,8.0,14.3,Coimbatore (Western Inland),11.0168,76.9558,Tamil Nadu,32.6,51.4,0,0
2024-10-09,4.7,4.7,12.0,13.6,Nagapattinam (Delta Coast),10.7656,79.8424,Tamil Nadu,23.6,54.7,0,0
2024-10-09,2.0,2.0,7.0,14.9,Chennai (Coastal North),13.0827,80.2707,Tamil Nadu,9.1,53.4,0,0
2024-10-09,23.6,23.6,14.0,11.3,Tiruchirappalli (Kaveri Basin),10.7905,78.7047,Tamil Nadu,30.3,73.3,0,0
2024-10-09,14.2,14.2,11.0,13.7,Salem (Northern Inland),11.6643,78.146,Tamil Nadu,39.8,77.1,0,0
2024-10-09,2.9,2.9,8.0,13.6,Vellore (Palar Basin),12.9165,79.1325,Tamil Nadu,40.7,66.3,0,0
2024-10-09,2.9,2.9,9.0,8.1,Nilgiris (Hill Station Zone),11.4102,76.695,Tamil Nadu,20.0,52.7,0,0
2024-10-09,4.8,4.8,7.0,13.9,Cuddalore (Coastal Central),11.748,79.7714,Tamil Nadu,10.6,55.1,0,0
2024-10-10,9.8,9.8,16.0,12.8,Nagapattinam (Delta Coast),10.7656,79.8424,Tamil Nadu,17.5,60.2,0,0
2024-10-10,4.5,4.5,9.0,14.7,Vellore (Palar Basin),12.9165,79.1325,Tamil Nadu,19.1,62.7,0,0
2024-10-10,12.6,12.6,13.0,12.4,Cuddalore (Coastal Central),11.748,79.7714,Tamil Nadu,26.9,51.7,0,0
2024-10-10,16.5,16.5,12.0,14.8,Chennai (Coastal North),13.0827,80.2707,Tamil Nadu,33.6,54.0,0,0
2024-10-10,5.7,5.7,11.0,13.4,Tiruchirappalli (Kaveri Basin),10.7905,78.7047,Tamil Nadu,34.8,56.8,0,0
2024-10-10,3.3,3.3,9.0,7.3,Nilgiris (Hill Station Zone),11.4102,76.695,Tamil Nadu,25.5,57.2,0,0
2024-10-10,0.5,0.5,2.0,17.0,Coimbatore (Western Inland),11.0168,76.9558,Tamil Nadu,9.5,52.9,0,0
2024-10-10,14.4,14.4,12.0,10.9,Salem (Northern Inland),11.6643,78.146,Tamil Nadu,18.2,57.5,0,0
2024-10-10,3.0,3.0,6.0,18.6,Kanyakumari (Southern Coast),8.1833,77.4119,Tamil Nadu,17.9,56.0,0,0
2024-10-10,16.1,16.1,14.0,10.7,Madurai (Southern Plains),9.9252,78.1198,Tamil Nadu,33.5,59.5,0,0
2024-10-11,7.3,7.3,19.0,9.1,Tiruchirappalli (Kaveri Basin),10.7905,78.7047,Tamil Nadu,26.4,50.3,0,0
2024-10-11,7.4,7.4,12.0,14.2,Chennai (Coastal North),13.0827,80.2707,Tamil Nadu,30.8,52.0,0,0
2024-10-11,7.3,7.3,18.0,19.6,Kanyakumari (Southern Coast),8.1833,77.4119,Tamil Nadu,22.0,56.0,0,0
2024-10-11,20.4,20.4,14.0,13.0,Salem (Northern Inland),11.6643,78.146,Tamil Nadu,35.1,75.9,0,0
2024-10-11,23.3,23.3,17.0,13.7,Nagapattinam (Delta Coast),10.7656,79.8424,Tamil Nadu,51.0,84.8,0,0
2024-10-11,39.9,39.9,20.0,8.5,Madurai (Southern Plains),9.9252,78.1198,Tamil Nadu,83.6,121.7,0,0
2024-10-11,6.2,6.2,10.0,17.3,Coimbatore (Western Inland),11.0168,76.9558,Tamil Nadu,69.4,111.8,0,0
2024-10-11,4.6,4.6,11.0,5.6,Nilgiris (Hill Station Zone),11.4102,76.695,Tamil Nadu,50.7,109.1,0,0
2024-10-11,11.1,11.1,19.0,13.9,Vellore (Palar Basin),12.9165,79.1325,Tamil Nadu,21.9,112.8,0,0
2024-10-11,3.0,3.0,13.0,13.6,Cuddalore (Coastal Central),11.748,79.7714,Tamil Nadu,18.7,108.5,0,0
2024-10-12,20.6,20.6,18.0,10.5,Coimbatore (Western Inland),11.0168,76.9558,Tamil Nadu,34.7,108.7,0,0
2024-10-12,23.7,23.7,22.0,9.8,Tiruchirappalli (Kaveri Basin),10.7905,78.7047,Tamil Nadu,47.3,109.1,0,0
2024-10-12,3.9,3.9,15.0,15.6,Vellore (Palar Basin),12.9165,79.1325,Tamil Nadu,48.2,73.1,0,0
2024-10-12,3.3,3.3,12.0,15.8,Chennai (Coastal North),13.0827,80.2707,Tamil Nadu,30.9,70.2,0,0
2024-10-12,3.7,3.7,9.0,18.5,Kanyakumari (Southern Coast),8.1833,77.4119,Tamil Nadu,10.9,69.3,0,0
2024-10-12,38.0,38.0,17.0,11.2,Nagapattinam (Delta Coast),10.7656,79.8424,Tamil Nadu,45.0,96.2,0,0
2024-10-12,14.2,14.2,17.0,12.6,Madurai (Southern Plains),9.9252,78.1198,Tamil Nadu,55.9,107.4,0,0
2024-10-12,7.7,7.7,15.0,8.9,Nilgiris (Hill Station Zone),11.4102,76.695,Tamil Nadu,59.9,94.5,0,0
2024-10-12,9.5,9.5,19.0,11.4,Salem (Northern Inland),11.6643,78.146,Tamil Nadu,31.4,80.3,0,0
2024-10-12,29.3,29.3,22.0,15.5,Cuddalore (Coastal Central),11.748,79.7714,Tamil Nadu,46.5,105.7,0,0
2024-10-13,0.0,0.0,0.0,18.5,Kanyakumari (Southern Coast),8.1833,77.4119,Tamil Nadu,38.8,102.4,0,0
2024-10-13,2.5,2.5,7.0,13.8,Chennai (Coastal North),13.0827,80.2707,Tamil Nadu,31.8,101.2,0,0
2024-10-13,10.5,10.5,18.0,7.6,Nilgiris (Hill Station Zone),11.4102,76.695,Tamil Nadu,13.0,73.7,0,0
2024-10-13,4.0,4.0,13.0,15.9,Vellore (Palar Basin),12.9165,79.1325,Tamil Nadu,17.0,63.5,0,0
2024-10-13,39.5,39.5,15.0,12.0,Nagapattinam (Delta Coast),10.7656,79.8424,Tamil Nadu,54.0,95.3,0,0
2024-10-13,23.2,23.2,20.0,13.6,Madurai (Southern Plains),9.9252,78.1198,Tamil Nadu,66.7,109.0,0,0
2024-10-13,7.3,7.3,15.0,12.2,Coimbatore (Western Inland),11.0168,76.9558,Tamil Nadu,70.0,87.0,0,0
2024-10-13,23.5,23.5,19.0,10.3,Tiruchirappalli (Kaveri Basin),10.7905,78.7047,Tamil Nadu,54.0,110.5,0,0
2024-10-13,6.6,6.6,13.0,13.6,Cuddalore (Coastal Central),11.748,79.7714,Tamil Nadu,37.4,114.6,0,0
2024-10-13,3.9,3.9,15.0,12.0,Salem (Northern Inland),11.6643,78.146,Tamil Nadu,34.0,108.0,0,0
2024-10-14,10.1,10.1,19.0,7.2,Madurai (Southern Plains),9.9252,78.1198,Tamil Nadu,20.6,114.1,0,0
2024-10-14,9.1,9.1,14.0,7.6,Coimbatore (Western Inland),11.0168,76.9558,Tamil Nadu,23.1,83.7,0,0
2024-10-14,69.2,69.2,24.0,24.2,Chennai (Coastal North),13.0827,80.2707,Tamil Nadu,88.4,129.7,1,0
2024-10-14,14.6,14.6,18.0,11.4,Tiruchirappalli (Kaveri Basin),10.7905,78.7047,Tamil Nadu,92.9,137.0,0,0
2024-10-14,62.0,62.0,24.0,16.1,Cuddalore (Coastal Central),11.748,79.7714,Tamil Nadu,145.8,175.5,0,0
2024-10-14,10.7,10.7,16.0,6.5,Nilgiris (Hill Station Zone),11.4102,76.695,Tamil Nadu,87.3,179.6,0,0
2024-10-14,15.3,15.3,20.0,12.6,Nagapattinam (Delta Coast),10.7656,79.8424,Tamil Nadu,88.0,191.0,0,0
2024-10-14,2.5,2.5,6.0,16.5,Kanyakumari (Southern Coast),8.1833,77.4119,Tamil Nadu,28.5,183.4,0,0
2024-10-14,23.6,23.6,18.0,11.8,Salem (Northern Inland),11.6643,78.146,Tamil Nadu,41.4,197.9,0,0
2024-10-14,49.4,49.4,21.0,13.3,Vellore (Palar Basin),12.9165,79.1325,Tamil Nadu,75.5,178.1,0,0
2024-10-15,0.1,0.1,1.0,19.1,Kanyakumari (Southern Coast),8.1833,77.4119,Tamil Nadu,73.1,163.6,0,0
2024-10-15,2.8,2.8,8.0,8.4,Madurai (Southern Plains),9.9252,78.1198,Tamil Nadu,52.3,104.4,0,0
2024-10-15,32.7,32.7,21.0,15.9,Cuddalore (Coastal Central),11.748,79.7714,Tamil Nadu,35.6,126.4,0,0
2024-10-15,18.9,18.9,23.0,11.0,Coimbatore (Western Inland),11.0168,76.9558,Tamil Nadu,54.4,130.0,0,0
2024-10-15,31.7,31.7,24.0,8.4,Salem (Northern Inland),11.6643,78.146,Tamil Nadu,83.3,159.2,0,0
2024-10-15,30.9,30.9,24.0,8.7,Nilgiris (Hill Station Zone),11.4102,76.695,Tamil Nadu,81.5,166.5,0,0
2024-10-15,63.4,63.4,24.0,19.5,Chennai (Coastal North),13.0827,80.2707,Tamil Nadu,126.0,180.5,0,0
2024-10-15,64.4,64.4,23.0,12.2,Vellore (Palar Basin),12.9165,79.1325,Tamil Nadu,158.7,244.8,0,0
2024-10-15,7.4,7.4,19.0,13.6,Tiruchirappalli (Kaveri Basin),10.7905,78.7047,Tamil Nadu,135.2,249.4,0,0
2024-10-15,14.2,14.2,20.0,14.6,Nagapattinam (Delta Coast),10.7656,79.8424,Tamil Nadu,86.0,230.9,0,0
2024-10-16,39.7,39.7,22.0,14.5,Chennai (Coastal North),13.0827,80.2707,Tamil Nadu,61.3,251.7,0,0
2024-10-16,3.1,3.1,7.0,21.0,Kanyakumari (Southern Coast),8.1833,77.4119,Tamil Nadu,57.0,223.1,0,0
2024-10-16,1.9,1.9,10.0,15.9,Nagapattinam (Delta Coast),10.7656,79.8424,Tamil Nadu,44.7,194.1,0,0
2024-10-16,1.3,1.3,9.0,8.4,Salem (Northern Inland),11.6643,78.146,Tamil Nadu,6.3,132.0,0,0
2024-10-16,0.4,0.4,4.0,11.4,Cuddalore (Coastal Central),11.748,79.7714,Tamil Nadu,3.6,68.0,0,0
2024-10-16,0.3,0.3,3.0,14.1,Tiruchirappalli (Kaveri Basin),10.7905,78.7047,Tamil Nadu,2.0,60.9,0,0
2024-10-16,5.9,5.9,14.0,6.3,Nilgiris (Hill Station Zone),11.4102,76.695,Tamil Nadu,6.6,52.6,0,0
2024-10-16,4.7,4.7,5.0,12.8,Madurai (Southern Plains),9.9252,78.1198,Tamil Nadu,10.9,17.6,0,0
2024-10-16,7.9,7.9,12.0,17.1,Coimbatore (Western Inland),11.0168,76.9558,Tamil Nadu,18.5,22.4,0,0
2024-10-16,2.7,2.7,12.0,9.6,Vellore (Palar Basin),12.9165,79.1325,Tamil Nadu,15.3,23.2,0,0
2024-10-17,1.6,1.6,4.0,19.4,Coimbatore (Western Inland),11.0168,76.9558,Tamil Nadu,12.2,23.5,0,0
2024-10-17,2.2,2.2,9.0,21.8,Kanyakumari (Southern Coast),8.1833,77.4119,Tamil Nadu,6.5,25.3,0,0
2024-10-17,1.7,1.7,6.0,17.4,Nagapattinam (Delta Coast),10.7656,79.8424,Tamil Nadu,5.5,26.7,0,0
2024-10-17,0.6,0.6,3.0,19.6,Tiruchirappalli (Kaveri Basin),10.7905,78.7047,Tamil Nadu,4.5,21.4,0,0
2024-10-17,0.3,0.3,2.0,15.2,Madurai (Southern Plains),9.9252,78.1198,Tamil Nadu,2.6,17.0,0,0
2024-10-17,0.7,0.7,6.0,7.2,Salem (Northern Inland),11.6643,78.146,Tamil Nadu,1.6,9.8,0,0
2024-10-17,0.9,0.9,7.0,13.2,Cuddalore (Coastal Central),11.748,79.7714,Tamil Nadu,1.9,8.0,0,0
2024-10-17,10.3,10.3,3.0,10.2,Vellore (Palar Basin),12.9165,79.1325,Tamil Nadu,11.9,16.7,0,0
2024-10-17,3.2,3.2,9.0,10.5,Chennai (Coastal North),13.0827,80.2707,Tamil Nadu,14.4,17.7,0,0
2024-10-17,2.4,2.4,7.0,8.5,Nilgiris (Hill Station Zone),11.4102,76.695,Tamil Nadu,15.9,18.4,0,0
2024-10-18,0.3,0.3,3.0,14.9,Coimbatore (Western Inland),11.0168,76.9558,Tamil Nadu,5.9,18.1,0,0
2024-10-18,12.0,12.0,8.0,11.3,Nagapattinam (Delta Coast),10.7656,79.8424,Tamil Nadu,14.7,29.8,0,0
2024-10-18,22.7,22.7,10.0,7.5,Vellore (Palar Basin),12.9165,79.1325,Tamil Nadu,35.0,51.8,0,0
2024-10-18,1.0,1.0,5.0,7.9,Salem (Northern Inland),11.6643,78.146,Tamil Nadu,35.7,51.9,0,0
2024-10-18,1.6,1.6,6.0,20.5,Kanyakumari (Southern Coast),8.1833,77.4119,Tamil Nadu,25.3,43.2,0,0
2024-10-18,0.6,0.6,4.0,11.9,Tiruchirappalli (Kaveri Basin),10.7905,78.7047,Tamil Nadu,3.2,40.6,0,0
2024-10-18,11.6,11.6,6.0,14.1,Chennai (Coastal North),13.0827,80.2707,Tamil Nadu,13.8,49.8,0,0
2024-10-18,9.6,9.6,8.0,13.4,Cuddalore (Coastal Central),11.748,79.7714,Tamil Nadu,21.8,59.1,0,0
2024-10-18,3.6,3.6,3.0,12.7,Madurai (Southern Plains),9.9252,78.1198,Tamil Nadu,24.8,50.7,0,0
2024-10-18,12.6,12.6,8.0,5.6,Nilgiris (Hill Station Zone),11.4102,76.695,Tamil Nadu,25.8,40.6,0,0
2024-10-19,1.4,1.4,5.0,8.8,Coimbatore (Western Inland),11.0168,76.9558,Tamil Nadu,17.6,41.0,0,0
2024-10-19,1.9,1.9,5.0,18.4,Kanyakumari (Southern Coast),8.1833,77.4119,Tamil Nadu,15.9,41.3,0,0
2024-10-19,23.6,23.6,20.0,12.1,Nagapattinam (Delta Coast),10.7656,79.8424,Tamil Nadu,26.9,64.3,0,0
2024-10-19,11.2,11.2,11.0,6.7,Nilgiris (Hill Station Zone),11.4102,76.695,Tamil Nadu,36.7,63.9,0,0
2024-10-19,36.0,36.0,21.0,9.6,Vellore (Palar Basin),12.9165,79.1325,Tamil Nadu,70.8,90.3,0,0
2024-10-19,34.1,34.1,16.0,8.8,Cuddalore (Coastal Central),11.748,79.7714,Tamil Nadu,81.3,120.8,0,0
2024-10-19,0.8,0.8,7.0,12.8,Salem (Northern Inland),11.6643,78.146,Tamil Nadu,70.9,109.0,0,0
2024-10-19,8.0,8.0,12.0,10.8,Chennai (Coastal North),13.0827,80.2707,Tamil Nadu,42.9,115.6,0,0
2024-10-19,8.0,8.0,14.0,10.5,Tiruchirappalli (Kaveri Basin),10.7905,78.7047,Tamil Nadu,16.8,121.7,0,0
2024-10-19,2.5,2.5,5.0,8.2,Madurai (Southern Plains),9.9252,78.1198,Tamil Nadu,18.5,100.6,0,0
2024-10-20,19.4,19.4,16.0,9.2,Vellore (Palar Basin),12.9165,79.1325,Tamil Nadu,29.9,108.8,0,0
2024-10-20,5.8,5.8,10.0,13.5,Chennai (Coastal North),13.0827,80.2707,Tamil Nadu,27.7,78.6,0,0
2024-10-20,3.4,3.4,10.0,13.5,Kanyakumari (Southern Coast),8.1833,77.4119,Tamil Nadu,28.6,47.9,0,0
2024-10-20,6.0,6.0,16.0,10.4,Nagapattinam (Delta Coast),10.7656,79.8424,Tamil Nadu,15.2,53.1,0,0
2024-10-20,1.7,1.7,9.0,10.7,Cuddalore (Coastal Central),11.748,79.7714,Tamil Nadu,11.1,46.8,0,0
2024-10-20,5.6,5.6,12.0,12.8,Salem (Northern Inland),11.6643,78.146,Tamil Nadu,13.3,44.4,0,0
2024-10-20,4.7,4.7,10.0,4.5,Nilgiris (Hill Station Zone),11.4102,76.695,Tamil Nadu,12.0,46.6,0,0
2024-10-20,10.0,10.0,15.0,10.2,Tiruchirappalli (Kaveri Basin),10.7905,78.7047,Tamil Nadu,20.3,37.2,0,0
2024-10-20,0.1,0.1,1.0,13.6,Coimbatore (Western Inland),11.0168,76.9558,Tamil Nadu,14.8,31.5,0,0
2024-10-20,5.2,5.2,9.0,9.5,Madurai (Southern Plains),9.9252,78.1198,Tamil Nadu,15.3,33.3,0,0
2024-10-21,6.2,6.2,10.0,8.1,Salem (Northern Inland),11.6643,78.146,Tamil Nadu,11.5,33.5,0,0
2024-10-21,3.9,3.9,6.0,10.6,Kanyakumari (Southern Coast),8.1833,77.4119,Tamil Nadu,15.3,35.7,0,0
2024-10-21,1.6,1.6,14.0,10.9,Chennai (Coastal North),13.0827,80.2707,Tamil Nadu,11.7,31.7,0,0
2024-10-21,25.0,25.0,13.0,11.4,Vellore (Palar Basin),12.9165,79.1325,Tamil Nadu,30.5,52.0,0,0
2024-10-21,11.4,11.4,10.0,6.5,Nilgiris (Hill Station Zone),11.4102,76.695,Tamil Nadu,38.0,53.4,0,0
2024-10-21,6.2,6.2,5.0,11.2,Coimbatore (Western Inland),11.0168,76.9558,Tamil Nadu,42.6,59.5,0,0
2024-10-21,4.4,4.4,15.0,7.9,Tiruchirappalli (Kaveri Basin),10.7905,78.7047,Tamil Nadu,22.0,58.7,0,0
2024-10-21,11.8,11.8,13.0,8.6,Nagapattinam (Delta Coast),10.7656,79.8424,Tamil Nadu,22.4,64.3,0,0
2024-10-21,10.0,10.0,12.0,9.4,Cuddalore (Coastal Central),11.748,79.7714,Tamil Nadu,26.2,70.4,0,0
2024-10-21,15.5,15.5,13.0,8.8,Madurai (Southern Plains),9.9252,78.1198,Tamil Nadu,37.3,84.3,0,0
2024-10-22,9.0,9.0,15.0,9.0,Coimbatore (Western Inland),11.0168,76.9558,Tamil Nadu,34.5,68.3,0,0
2024-10-22,14.5,14.5,11.0,6.0,Nilgiris (Hill Station Zone),11.4102,76.695,Tamil Nadu,39.0,71.4,0,0
2024-10-22,18.8,18.8,12.0,7.6,Tiruchirappalli (Kaveri Basin),10.7905,78.7047,Tamil Nadu,42.3,84.0,0,0
2024-10-22,29.3,29.3,12.0,9.1,Salem (Northern Inland),11.6643,78.146,Tamil Nadu,62.6,108.9,0,0
2024-10-22,18.7,18.7,15.0,8.6,Madurai (Southern Plains),9.9252,78.1198,Tamil Nadu,66.8,115.8,0,0
2024-10-22,14.6,14.6,10.0,9.5,Kanyakumari (Southern Coast),8.1833,77.4119,Tamil Nadu,62.6,120.4,0,0
2024-10-22,1.8,1.8,8.0,10.5,Nagapattinam (Delta Coast),10.7656,79.8424,Tamil Nadu,35.1,106.7,0,0
2024-10-22,9.8,9.8,7.0,10.8,Vellore (Palar Basin),12.9165,79.1325,Tamil Nadu,26.2,107.5,0,0
2024-10-22,1.0,1.0,5.0,12.6,Chennai (Coastal North),13.0827,80.2707,Tamil Nadu,12.6,94.0,0,0
2024-10-22,2.1,2.1,6.0,17.0,Cuddalore (Coastal Central),11.748,79.7714,Tamil Nadu,12.9,77.3,0,0
2024-10-23,16.3,16.3,5.0,14.1,Madurai (Southern Plains),9.9252,78.1198,Tamil Nadu,19.4,64.3,0,0
2024-10-23,3.2,3.2,8.0,10.7,Nagapattinam (Delta Coast),10.7656,79.8424,Tamil Nadu,21.6,48.8,0,0
2024-10-23,0.1,0.1,1.0,8.0,Vellore (Palar Basin),12.9165,79.1325,Tamil Nadu,19.6,34.3,0,0
2024-10-23,0.0,0.0,0.0,12.9,Chennai (Coastal North),13.0827,80.2707,Tamil Nadu,3.3,32.5,0,0
2024-10-23,0.4,0.4,4.0,8.3,Salem (Northern Inland),11.6643,78.146,Tamil Nadu,0.5,23.1,0,0
2024-10-23,2.4,2.4,10.0,14.5,Coimbatore (Western Inland),11.0168,76.9558,Tamil Nadu,2.8,24.5,0,0
2024-10-23,0.2,0.2,1.0,13.9,Tiruchirappalli (Kaveri Basin),10.7905,78.7047,Tamil Nadu,3.0,22.6,0,0
2024-10-23,13.4,13.4,9.0,11.2,Kanyakumari (Southern Coast),8.1833,77.4119,Tamil Nadu,16.0,19.7,0,0
2024-10-23,14.2,14.2,8.0,6.3,Nilgiris (Hill Station Zone),11.4102,76.695,Tamil Nadu,27.8,30.7,0,0
2024-10-23,0.9,0.9,3.0,9.7,Cuddalore (Coastal Central),11.748,79.7714,Tamil Nadu,28.5,31.5,0,0
2024-10-24,0.0,0.0,0.0,12.7,Chennai (Coastal North),13.0827,80.2707,Tamil Nadu,15.1,31.5,0,0
2024-10-24,0.0,0.0,0.0,9.7,Salem (Northern Inland),11.6643,78.146,Tamil Nadu,0.9,31.1,0,0
2024-10-24,19.9,19.9,12.0,5.4,Nilgiris (Hill Station Zone),11.4102,76.695,Tamil Nadu,19.9,48.6,0,0
2024-10-24,0.0,0.0,0.0,13.0,Vellore (Palar Basin),12.9165,79.1325,Tamil Nadu,19.9,48.4,0,0
2024-10-24,3.9,3.9,10.0,15.4,Nagapattinam (Delta Coast),10.7656,79.8424,Tamil Nadu,23.8,38.9,0,0
2024-10-24,2.2,2.2,3.0,12.6,Cuddalore (Coastal Central),11.748,79.7714,Tamil Nadu,6.1,26.9,0,0
2024-10-24,3.7,3.7,8.0,13.5,Madurai (Southern Plains),9.9252,78.1198,Tamil Nadu,9.8,29.7,0,0
2024-10-24,11.5,11.5,16.0,14.2,Kanyakumari (Southern Coast),8.1833,77.4119,Tamil Nadu,17.4,41.2,0,0
2024-10-24,2.1,2.1,8.0,13.9,Coimbatore (Western Inland),11.0168,76.9558,Tamil Nadu,17.3,43.3,0,0
2024-10-24,8.4,8.4,5.0,8.8,Tiruchirappalli (Kaveri Basin),10.7905,78.7047,Tamil Nadu,22.0,31.8,0,0
2024-10-25,0.0,0.0,0.0,12.9,Chennai (Coastal North),13.0827,80.2707,Tamil Nadu,10.5,31.8,0,0
2024-10-25,0.0,0.0,0.0,8.8,Vellore (Palar Basin),12.9165,79.1325,Tamil Nadu,8.4,27.9,0,0
2024-10-25,20.5,20.5,7.0,14.3,Coimbatore (Western Inland),11.0168,76.9558,Tamil Nadu,20.5,46.2,0,0
2024-10-25,0.3,0.3,1.0,8.5,Salem (Northern Inland),11.6643,78.146,Tamil Nadu,20.8,42.8,0,0
2024-10-25,0.0,0.0,0.0,12.9,Cuddalore (Coastal Central),11.748,79.7714,Tamil Nadu,20.8,31.3,0,0
2024-10-25,8.7,8.7,11.0,8.7,Nilgiris (Hill Station Zone),11.4102,76.695,Tamil Nadu,9.0,37.9,0,0
2024-10-25,23.2,23.2,21.0,16.2,Kanyakumari (Southern Coast),8.1833,77.4119,Tamil Nadu,31.9,52.7,0,0
2024-10-25,1.3,1.3,3.0,10.3,Tiruchirappalli (Kaveri Basin),10.7905,78.7047,Tamil Nadu,33.2,54.0,0,0
2024-10-25,22.0,22.0,11.0,10.3,Madurai (Southern Plains),9.9252,78.1198,Tamil Nadu,46.5,76.0,0,0
2024-10-25,2.2,2.2,3.0,22.3,Nagapattinam (Delta Coast),10.7656,79.8424,Tamil Nadu,25.5,57.7,0,0
2024-10-26,0.0,0.0,0.0,15.2,Cuddalore (Coastal Central),11.748,79.7714,Tamil Nadu,24.2,57.4,0,0
2024-10-26,0.7,0.7,2.0,13.3,Tiruchirappalli (Kaveri Basin),10.7905,78.7047,Tamil Nadu,2.9,58.1,0,0
2024-10-26,0.1,0.1,1.0,11.0,Salem (Northern Inland),11.6643,78.146,Tamil Nadu,0.8,49.5,0,0
2024-10-26,0.0,0.0,0.0,10.4,Vellore (Palar Basin),12.9165,79.1325,Tamil Nadu,0.8,26.3,0,0
2024-10-26,9.4,9.4,17.0,18.7,Kanyakumari (Southern Coast),8.1833,77.4119,Tamil Nadu,9.5,34.4,0,0
2024-10-26,4.5,4.5,8.0,10.6,Nilgiris (Hill Station Zone),11.4102,76.695,Tamil Nadu,13.9,16.9,0,0
2024-10-26,0.0,0.0,0.0,13.1,Chennai (Coastal North),13.0827,80.2707,Tamil Nadu,13.9,14.7,0,0
2024-10-26,2.3,2.3,4.0,12.1,Nagapattinam (Delta Coast),10.7656,79.8424,Tamil Nadu,6.8,17.0,0,0
2024-10-26,11.2,11.2,10.0,15.1,Coimbatore (Western Inland),11.0168,76.9558,Tamil Nadu,13.5,27.5,0,0
2024-10-26,15.5,15.5,7.0,7.0,Madurai (Southern Plains),9.9252,78.1198,Tamil Nadu,29.0,42.9,0,0
2024-10-27,0.0,0.0,0.0,11.8,Tiruchirappalli (Kaveri Basin),10.7905,78.7047,Tamil Nadu,26.7,42.9,0,0
2024-10-27,3.8,3.8,3.0,16.7,Madurai (Southern Plains),9.9252,78.1198,Tamil Nadu,19.3,37.3,0,0
2024-10-27,4.8,4.8,10.0,9.6,Nilgiris (Hill Station Zone),11.4102,76.695,Tamil Nadu,8.6,37.6,0,0
2024-10-27,0.6,0.6,3.0,11.2,Chennai (Coastal North),13.0827,80.2707,Tamil Nadu,9.2,38.2,0,0
2024-10-27,1.6,1.6,2.0,13.7,Nagapattinam (Delta Coast),10.7656,79.8424,Tamil Nadu,7.0,37.5,0,0
2024-10-27,0.0,0.0,0.0,9.1,Salem (Northern Inland),11.6643,78.146,Tamil Nadu,2.2,26.3,0,0
2024-10-27,0.0,0.0,0.0,11.2,Cuddalore (Coastal Central),11.748,79.7714,Tamil Nadu,1.6,10.8,0,0
2024-10-27,0.0,0.0,0.0,12.0,Vellore (Palar Basin),12.9165,79.1325,Tamil Nadu,0.0,10.8,0,0
2024-10-27,11.8,11.8,15.0,19.0,Kanyakumari (Southern Coast),8.1833,77.4119,Tamil Nadu,11.8,18.8,0,0
2024-10-27,0.0,0.0,0.0,13.4,Coimbatore (Western Inland),11.0168,76.9558,Tamil Nadu,11.8,14.0,0,0
2024-10-28,4.1,4.1,5.0,12.3,Nagapattinam (Delta Coast),10.7656,79.8424,Tamil Nadu,15.9,17.5,0,0
2024-10-28,0.1,0.1,1.0,9.0,Vellore (Palar Basin),12.9165,79.1325,Tamil Nadu,4.2,16.0,0,0
2024-10-28,1.1,1.1,2.0,11.8,Cuddalore (Coastal Central),11.748,79.7714,Tamil Nadu,5.3,17.1,0,0
2024-10-28,3.0,3.0,10.0,6.2,Nilgiris (Hill Station Zone),11.4102,76.695,Tamil Nadu,4.2,20.1,0,0
2024-10-28,1.7,1.7,5.0,11.8,Chennai (Coastal North),13.0827,80.2707,Tamil Nadu,5.8,21.8,0,0
2024-10-28,0.1,0.1,1.0,7.8,Madurai (Southern Plains),9.9252,78.1198,Tamil Nadu,4.8,10.1,0,0
2024-10-28,0.0,0.0,0.0,12.5,Tiruchirappalli (Kaveri Basin),10.7905,78.7047,Tamil Nadu,1.8,10.1,0,0
2024-10-28,0.7,0.7,6.0,18.6,Kanyakumari (Southern Coast),8.1833,77.4119,Tamil Nadu,0.8,6.7,0,0
2024-10-28,0.0,0.0,0.0,14.2,Coimbatore (Western Inland),11.0168,76.9558,Tamil Nadu,0.7,6.6,0,0
2024-10-28,0.2,0.2,2.0,7.2,Salem (Northern Inland),11.6643,78.146,Tamil Nadu,0.9,5.7,0,0
2024-10-29,6.5,6.5,8.0,14.8,Nagapattinam (Delta Coast),10.7656,79.8424,Tamil Nadu,6.7,9.2,0,0
2024-10-29,1.7,1.7,3.0,9.0,Madurai (Southern Plains),9.9252,78.1198,Tamil Nadu,8.4,9.2,0,0
2024-10-29,5.5,5.5,12.0,8.2,Nilgiris (Hill Station Zone),11.4102,76.695,Tamil Nadu,13.7,14.6,0,0
2024-10-29,0.7,0.7,4.0,14.1,Coimbatore (Western Inland),11.0168,76.9558,Tamil Nadu,7.9,15.3,0,0
2024-10-29,0.9,0.9,2.0,17.9,Kanyakumari (Southern Coast),8.1833,77.4119,Tamil Nadu,7.1,15.5,0,0
2024-10-29,1.1,1.1,3.0,12.7,Chennai (Coastal North),13.0827,80.2707,Tamil Nadu,2.7,16.6,0,0
2024-10-29,0.8,0.8,4.0,9.1,Vellore (Palar Basin),12.9165,79.1325,Tamil Nadu,2.8,17.2,0,0
2024-10-29,5.8,5.8,5.0,11.6,Cuddalore (Coastal Central),11.748,79.7714,Tamil Nadu,7.7,16.5,0,0
2024-10-29,0.1,0.1,1.0,9.2,Salem (Northern Inland),11.6643,78.146,Tamil Nadu,6.7,14.9,0,0
2024-10-29,0.5,0.5,3.0,11.7,Tiruchirappalli (Kaveri Basin),10.7905,78.7047,Tamil Nadu,6.4,9.9,0,0
2024-10-30,0.1,0.1,1.0,16.4,Salem (Northern Inland),11.6643,78.146,Tamil Nadu,0.7,9.3,0,0
2024-10-30,4.8,4.8,6.0,13.1,Chennai (Coastal North),13.0827,80.2707,Tamil Nadu,5.4,13.2,0,0
2024-10-30,7.8,7.8,9.0,10.0,Nagapattinam (Delta Coast),10.7656,79.8424,Tamil Nadu,12.7,19.9,0,0
2024-10-30,5.7,5.7,5.0,9.7,Nilgiris (Hill Station Zone),11.4102,76.695,Tamil Nadu,18.3,24.8,0,0
2024-10-30,3.1,3.1,6.0,12.8,Cuddalore (Coastal Central),11.748,79.7714,Tamil Nadu,16.6,22.1,0,0
2024-10-30,1.1,1.1,4.0,10.0,Tiruchirappalli (Kaveri Basin),10.7905,78.7047,Tamil Nadu,9.9,23.1,0,0
2024-10-30,0.0,0.0,0.0,15.8,Kanyakumari (Southern Coast),8.1833,77.4119,Tamil Nadu,4.2,22.6,0,0
2024-10-30,3.1,3.1,3.0,9.0,Vellore (Palar Basin),12.9165,79.1325,Tamil Nadu,4.2,25.6,0,0
2024-10-30,0.5,0.5,4.0,11.8,Coimbatore (Western Inland),11.0168,76.9558,Tamil Nadu,3.6,21.3,0,0
2024-10-30,2.1,2.1,6.0,10.8,Madurai (Southern Plains),9.9252,78.1198,Tamil Nadu,5.7,15.6,0,0
2024-10-31,1.9,1.9,4.0,13.9,Chennai (Coastal North),13.0827,80.2707,Tamil Nadu,4.5,11.8,0,0
2024-10-31,8.1,8.1,13.0,11.9,Tiruchirappalli (Kaveri Basin),10.7905,78.7047,Tamil Nadu,12.1,16.8,0,0
2024-10-31,3.4,3.4,5.0,12.4,Kanyakumari (Southern Coast),8.1833,77.4119,Tamil Nadu,13.4,19.1,0,0
2024-10-31,2.9,2.9,8.0,14.3,Vellore (Palar Basin),12.9165,79.1325,Tamil Nadu,14.4,22.0,0,0
2024-10-31,5.8,5.8,11.0,10.4,Coimbatore (Western Inland),11.0168,76.9558,Tamil Nadu,12.1,24.7,0,0
2024-10-31,8.7,8.7,10.0,15.2,Nagapattinam (Delta Coast),10.7656,79.8424,Tamil Nadu,17.4,32.9,0,0
2024-10-31,13.0,13.0,8.0,13.4,Cuddalore (Coastal Central),11.748,79.7714,Tamil Nadu,27.5,43.8,0,0
2024-10-31,2.9,2.9,9.0,9.0,Nilgiris (Hill Station Zone),11.4102,76.695,Tamil Nadu,24.6,44.8,0,0
2024-10-31,6.9,6.9,12.0,9.2,Madurai (Southern Plains),9.9252,78.1198,Tamil Nadu,22.8,43.6,0,0
2024-10-31,1.4,1.4,6.0,15.7,Salem (Northern Inland),11.6643,78.146,Tamil Nadu,11.2,41.6,0,0
2024-11-01,9.2,9.2,10.0,10.2,Madurai (Southern Plains),9.9252,78.1198,Tamil Nadu,17.5,47.9,0,0
2024-11-01,12.7,12.7,15.0,11.4,Coimbatore (Western Inland),11.0168,76.9558,Tamil Nadu,23.3,54.8,0,0
2024-11-01,32.9,32.9,13.0,13.9,Tiruchirappalli (Kaveri Basin),10.7905,78.7047,Tamil Nadu,54.8,79.0,0,0
2024-11-01,5.9,5.9,9.0,11.8,Chennai (Coastal North),13.0827,80.2707,Tamil Nadu,51.5,71.9,0,0
2024-11-01,2.7,2.7,7.0,14.0,Vellore (Palar Basin),12.9165,79.1325,Tamil Nadu,41.5,71.7,0,0
2024-11-01,4.6,4.6,6.0,11.2,Kanyakumari (Southern Coast),8.1833,77.4119,Tamil Nadu,13.2,69.4,0,0
2024-11-01,15.5,15.5,10.0,8.7,Nilgiris (Hill Station Zone),11.4102,76.695,Tamil Nadu,22.8,83.5,0,0
2024-11-01,6.7,6.7,11.0,11.9,Cuddalore (Coastal Central),11.748,79.7714,Tamil Nadu,26.8,81.0,0,0
2024-11-01,7.0,7.0,13.0,15.3,Salem (Northern Inland),11.6643,78.146,Tamil Nadu,29.2,75.3,0,0
2024-11-01,7.5,7.5,12.0,12.4,Nagapattinam (Delta Coast),10.7656,79.8424,Tamil Nadu,21.2,49.9,0,0
2024-11-02,28.6,28.6,12.0,17.7,Madurai (Southern Plains),9.9252,78.1198,Tamil Nadu,43.1,72.6,0,0
2024-11-02,5.3,5.3,17.0,12.0,Cuddalore (Coastal Central),11.748,79.7714,Tamil Nadu,41.4,75.2,0,0
2024-11-02,4.4,4.4,12.0,9.9,Chennai (Coastal North),13.0827,80.2707,Tamil Nadu,38.3,75.0,0,0
2024-11-02,13.0,13.0,13.0,14.1,Salem (Northern Inland),11.6643,78.146,Tamil Nadu,22.7,72.5,0,0
2024-11-02,6.3,6.3,15.0,7.7,Nilgiris (Hill Station Zone),11.4102,76.695,Tamil Nadu,23.7,72.1,0,0
2024-11-02,12.9,12.9,12.0,13.1,Vellore (Palar Basin),12.9165,79.1325,Tamil Nadu,32.2,78.0,0,0
2024-11-02,7.3,7.3,12.0,13.4,Nagapattinam (Delta Coast),10.7656,79.8424,Tamil Nadu,26.5,77.8,0,0
2024-11-02,11.6,11.6,13.0,11.2,Tiruchirappalli (Kaveri Basin),10.7905,78.7047,Tamil Nadu,31.8,60.8,0,0
2024-11-02,19.0,19.0,12.0,11.6,Kanyakumari (Southern Coast),8.1833,77.4119,Tamil Nadu,37.9,74.5,0,0
2024-11-02,33.9,33.9,16.0,14.6,Coimbatore (Western Inland),11.0168,76.9558,Tamil Nadu,64.5,104.0,0,0
2024-11-03,7.1,7.1,15.0,13.7,Coimbatore (Western Inland),11.0168,76.9558,Tamil Nadu,60.0,98.1,0,0
2024-11-03,5.6,5.6,14.0,14.3,Cuddalore (Coastal Central),11.748,79.7714,Tamil Nadu,46.6,97.4,0,0
2024-11-03,3.7,3.7,9.0,17.3,Chennai (Coastal North),13.0827,80.2707,Tamil Nadu,16.4,88.2,0,0
2024-11-03,3.2,3.2,8.0,17.2,Salem (Northern Inland),11.6643,78.146,Tamil Nadu,12.5,84.1,0,0
2024-11-03,3.5,3.5,9.0,17.1,Tiruchirappalli (Kaveri Basin),10.7905,78.7047,Tamil Nadu,10.4,76.0,0,0
2024-11-03,2.5,2.5,12.0,12.4,Nagapattinam (Delta Coast),10.7656,79.8424,Tamil Nadu,9.2,59.5,0,0
2024-11-03,4.2,4.2,12.0,13.3,Kanyakumari (Southern Coast),8.1833,77.4119,Tamil Nadu,10.2,29.8,0,0
2024-11-03,3.7,3.7,10.0,9.5,Nilgiris (Hill Station Zone),11.4102,76.695,Tamil Nadu,10.4,26.4,0,0
2024-11-03,7.1,7.1,12.0,9.9,Madurai (Southern Plains),9.9252,78.1198,Tamil Nadu,15.0,27.9,0,0
2024-11-03,2.2,2.2,13.0,12.3,Vellore (Palar Basin),12.9165,79.1325,Tamil Nadu,13.0,26.4,0,0
2024-11-04,1.1,1.1,7.0,13.0,Cuddalore (Coastal Central),11.748,79.7714,Tamil Nadu,10.4,24.3,0,0
2024-11-04,9.6,9.6,10.0,8.8,Kanyakumari (Southern Coast),8.1833,77.4119,Tamil Nadu,12.9,30.4,0,0
2024-11-04,7.3,7.3,12.0,11.3,Tiruchirappalli (Kaveri Basin),10.7905,78.7047,Tamil Nadu,18.0,35.2,0,0
2024-11-04,15.2,15.2,11.0,13.1,Madurai (Southern Plains),9.9252,78.1198,Tamil Nadu,32.1,46.2,0,0
2024-11-04,4.8,4.8,7.0,12.9,Salem (Northern Inland),11.6643,78.146,Tamil Nadu,27.3,47.3,0,0
2024-11-04,14.0,14.0,13.0,12.7,Coimbatore (Western Inland),11.0168,76.9558,Tamil Nadu,34.0,54.2,0,0
2024-11-04,5.0,5.0,7.0,13.9,Nagapattinam (Delta Coast),10.7656,79.8424,Tamil Nadu,23.8,57.0,0,0
2024-11-04,5.7,5.7,10.0,8.8,Nilgiris (Hill Station Zone),11.4102,76.695,Tamil Nadu,24.7,61.6,0,0
2024-11-04,1.0,1.0,6.0,10.8,Vellore (Palar Basin),12.9165,79.1325,Tamil Nadu,11.7,53.0,0,0
2024-11-04,1.2,1.2,5.0,14.2,Chennai (Coastal North),13.0827,80.2707,Tamil Nadu,7.9,46.9,0,0
2024-11-05,0.3,0.3,3.0,12.5,Nilgiris (Hill Station Zone),11.4102,76.695,Tamil Nadu,2.5,32.0,0,0
2024-11-05,0.1,0.1,1.0,11.8,Madurai (Southern Plains),9.9252,78.1198,Tamil Nadu,1.6,27.3,0,0
2024-11-05,0.2,0.2,2.0,11.5,Vellore (Palar Basin),12.9165,79.1325,Tamil Nadu,0.6,13.5,0,0
2024-11-05,0.3,0.3,3.0,17.1,Nagapattinam (Delta Coast),10.7656,79.8424,Tamil Nadu,0.6,8.8,0,0
2024-11-05,0.8,0.8,7.0,8.4,Salem (Northern Inland),11.6643,78.146,Tamil Nadu,1.3,3.9,0,0
2024-11-05,13.6,13.6,7.0,8.6,Kanyakumari (Southern Coast),8.1833,77.4119,Tamil Nadu,14.7,16.5,0,0
2024-11-05,1.9,1.9,7.0,12.9,Tiruchirappalli (Kaveri Basin),10.7905,78.7047,Tamil Nadu,16.3,17.2,0,0
2024-11-05,0.1,0.1,1.0,15.2,Cuddalore (Coastal Central),11.748,79.7714,Tamil Nadu,15.6,17.0,0,0
2024-11-05,0.1,0.1,1.0,19.1,Chennai (Coastal North),13.0827,80.2707,Tamil Nadu,2.1,17.0,0,0
2024-11-05,7.8,7.8,7.0,12.2,Coimbatore (Western Inland),11.0168,76.9558,Tamil Nadu,8.0,24.6,0,0
2024-11-06,2.0,2.0,8.0,21.6,Nagapattinam (Delta Coast),10.7656,79.8424,Tamil Nadu,9.9,26.3,0,0
2024-11-06,0.0,0.0,0.0,15.3,Madurai (Southern Plains),9.9252,78.1198,Tamil Nadu,9.8,25.5,0,0
2024-11-06,0.0,0.0,0.0,17.2,Tiruchirappalli (Kaveri Basin),10.7905,78.7047,Tamil Nadu,2.0,11.9,0,0
2024-11-06,12.1,12.1,13.0,18.4,Cuddalore (Coastal Central),11.748,79.7714,Tamil Nadu,12.1,22.1,0,0
2024-11-06,4.4,4.4,6.0,9.4,Kanyakumari (Southern Coast),8.1833,77.4119,Tamil Nadu,16.5,26.4,0,0
2024-11-06,0.0,0.0,0.0,10.5,Nilgiris (Hill Station Zone),11.4102,76.695,Tamil Nadu,16.5,26.3,0,0
2024-11-06,0.0,0.0,0.0,12.8,Salem (Northern Inland),11.6643,78.146,Tamil Nadu,4.4,18.5,0,0
2024-11-06,0.1,0.1,1.0,10.7,Coimbatore (Western Inland),11.0168,76.9558,Tamil Nadu,0.1,16.6,0,0
2024-11-06,9.6,9.6,9.0,16.4,Vellore (Palar Basin),12.9165,79.1325,Tamil Nadu,9.7,26.2,0,0
2024-11-06,14.9,14.9,17.0,18.8,Chennai (Coastal North),13.0827,80.2707,Tamil Nadu,24.6,41.1,0,0
2024-11-07,0.7,0.7,4.0,12.7,Madurai (Southern Plains),9.9252,78.1198,Tamil Nadu,25.2,29.7,0,0
2024-11-07,4.0,4.0,12.0,7.8,Nilgiris (Hill Station Zone),11.4102,76.695,Tamil Nadu,19.6,29.3,0,0
2024-11-07,0.8,0.8,4.0,14.6,Vellore (Palar Basin),12.9165,79.1325,Tamil Nadu,5.5,30.1,0,0
2024-11-07,7.6,7.6,13.0,17.6,Cuddalore (Coastal Central),11.748,79.7714,Tamil Nadu,12.4,37.7,0,0
2024-11-07,2.8,2.8,7.0,10.4,Kanyakumari (Southern Coast),8.1833,77.4119,Tamil Nadu,11.2,40.4,0,0
2024-11-07,22.8,22.8,19.0,19.7,Nagapattinam (Delta Coast),10.7656,79.8424,Tamil Nadu,33.2,53.6,0,0
2024-11-07,2.5,2.5,9.0,12.9,Tiruchirappalli (Kaveri Basin),10.7905,78.7047,Tamil Nadu,28.1,41.2,0,0
2024-11-07,2.4,2.4,9.0,14.8,Coimbatore (Western Inland),11.0168,76.9558,Tamil Nadu,27.7,42.9,0,0
2024-11-07,2.6,2.6,15.0,20.7,Chennai (Coastal North),13.0827,80.2707,Tamil Nadu,7.5,41.5,0,0
2024-11-07,3.5,3.5,8.0,12.1,Salem (Northern Inland),11.6643,78.146,Tamil Nadu,8.5,44.2,0,0
2024-11-08,5.0,5.0,15.0,20.6,Nagapattinam (Delta Coast),10.7656,79.8424,Tamil Nadu,11.1,41.6,0,0
2024-11-08,0.0,0.0,0.0,13.8,Vellore (Palar Basin),12.9165,79.1325,Tamil Nadu,8.5,38.8,0,0
2024-11-08,1.1,1.1,5.0,22.3,Cuddalore (Coastal Central),11.748,79.7714,Tamil Nadu,6.1,17.1,0,0
2024-11-08,0.5,0.5,3.0,15.4,Coimbatore (Western Inland),11.0168,76.9558,Tamil Nadu,1.6,15.1,0,0
2024-11-08,0.2,0.2,2.0,20.1,Chennai (Coastal North),13.0827,80.2707,Tamil Nadu,1.8,12.9,0,0
2024-11-08,1.5,1.5,8.0,17.2,Tiruchirappalli (Kaveri Basin),10.7905,78.7047,Tamil Nadu,2.2,11.8,0,0
2024-11-08,3.5,3.5,6.0,15.2,Madurai (Southern Plains),9.9252,78.1198,Tamil Nadu,5.2,11.8,0,0
2024-11-08,6.3,6.3,9.0,11.5,Nilgiris (Hill Station Zone),11.4102,76.695,Tamil Nadu,11.3,13.1,0,0
2024-11-08,17.0,17.0,12.0,11.2,Kanyakumari (Southern Coast),8.1833,77.4119,Tamil Nadu,26.8,30.1,0,0
2024-11-08,0.3,0.3,3.0,12.7,Salem (Northern Inland),11.6643,78.146,Tamil Nadu,23.6,29.3,0,0
2024-11-09,1.2,1.2,7.0,14.5,Vellore (Palar Basin),12.9165,79.1325,Tamil Nadu,18.5,30.0,0,0
2024-11-09,1.0,1.0,7.0,21.8,Chennai (Coastal North),13.0827,80.2707,Tamil Nadu,2.5,30.8,0,0
2024-11-09,1.7,1.7,11.0,24.2,Nagapattinam (Delta Coast),10.7656,79.8424,Tamil Nadu,3.9,31.0,0,0
2024-11-09,0.1,0.1,1.0,13.2,Salem (Northern Inland),11.6643,78.146,Tamil Nadu,2.8,27.6,0,0
2024-11-09,0.0,0.0,0.0,11.5,Nilgiris (Hill Station Zone),11.4102,76.695,Tamil Nadu,1.8,21.3,0,0
2024-11-09,4.6,4.6,8.0,9.2,Kanyakumari (Southern Coast),8.1833,77.4119,Tamil Nadu,4.7,8.9,0,0
2024-11-09,1.3,1.3,5.0,20.9,Cuddalore (Coastal Central),11.748,79.7714,Tamil Nadu,5.9,9.9,0,0
2024-11-09,0.0,0.0,0.0,15.8,Madurai (Southern Plains),9.9252,78.1198,Tamil Nadu,5.9,8.7,0,0
2024-11-09,0.2,0.2,2.0,17.2,Tiruchirappalli (Kaveri Basin),10.7905,78.7047,Tamil Nadu,1.5,7.9,0,0
2024-11-09,0.6,0.6,4.0,12.9,Coimbatore (Western Inland),11.0168,76.9558,Tamil Nadu,0.8,6.8,0,0
2024-11-10,1.5,1.5,4.0,6.7,Kanyakumari (Southern Coast),8.1833,77.4119,Tamil Nadu,2.3,8.2,0,0
2024-11-10,1.5,1.5,4.0,23.2,Chennai (Coastal North),13.0827,80.2707,Tamil Nadu,3.6,9.7,0,0
2024-11-10,0.1,0.1,1.0,13.1,Salem (Northern Inland),11.6643,78.146,Tamil Nadu,3.1,5.2,0,0
2024-11-10,0.0,0.0,0.0,14.7,Coimbatore (Western Inland),11.0168,76.9558,Tamil Nadu,1.6,3.9,0,0
2024-11-10,2.4,2.4,8.0,23.3,Nagapattinam (Delta Coast),10.7656,79.8424,Tamil Nadu,2.5,6.3,0,0
2024-11-10,0.0,0.0,0.0,18.1,Madurai (Southern Plains),9.9252,78.1198,Tamil Nadu,2.4,6.1,0,0
2024-11-10,0.0,0.0,0.0,14.0,Nilgiris (Hill Station Zone),11.4102,76.695,Tamil Nadu,2.4,5.5,0,0
2024-11-10,0.0,0.0,0.0,17.4,Tiruchirappalli (Kaveri Basin),10.7905,78.7047,Tamil Nadu,0.0,4.0,0,0
2024-11-10,0.6,0.6,5.0,15.7,Vellore (Palar Basin),12.9165,79.1325,Tamil Nadu,0.6,3.1,0,0
2024-11-10,0.2,0.2,2.0,21.6,Cuddalore (Coastal Central),11.748,79.7714,Tamil Nadu,0.8,3.2,0,0
2024-11-11,0.3,0.3,2.0,15.8,Vellore (Palar Basin),12.9165,79.1325,Tamil Nadu,1.1,3.5,0,0
2024-11-11,0.8,0.8,6.0,13.4,Kanyakumari (Southern Coast),8.1833,77.4119,Tamil Nadu,1.3,1.9,0,0
2024-11-11,0.0,0.0,0.0,9.8,Salem (Northern Inland),11.6643,78.146,Tamil Nadu,1.1,1.9,0,0
2024-11-11,0.0,0.0,0.0,13.3,Madurai (Southern Plains),9.9252,78.1198,Tamil Nadu,0.8,1.9,0,0
2024-11-11,1.0,1.0,5.0,17.7,Cuddalore (Coastal Central),11.748,79.7714,Tamil Nadu,1.0,2.9,0,0
2024-11-11,0.0,0.0,0.0,13.6,Coimbatore (Western Inland),11.0168,76.9558,Tamil Nadu,1.0,2.3,0,0
2024-11-11,0.1,0.1,1.0,15.7,Tiruchirappalli (Kaveri Basin),10.7905,78.7047,Tamil Nadu,1.1,2.2,0,0
2024-11-11,0.5,0.5,4.0,23.4,Nagapattinam (Delta Coast),10.7656,79.8424,Tamil Nadu,0.6,2.4,0,0
2024-11-11,4.4,4.4,10.0,27.2,Chennai (Coastal North),13.0827,80.2707,Tamil Nadu,5.0,6.0,0,0
2024-11-11,3.2,3.2,8.0,10.4,Nilgiris (Hill Station Zone),11.4102,76.695,Tamil Nadu,8.1,9.2,0,0
2024-11-12,18.0,18.0,17.0,19.1,Cuddalore (Coastal Central),11.748,79.7714,Tamil Nadu,25.6,27.2,0,0
2024-11-12,2.1,2.1,5.0,16.3,Madurai (Southern Plains),9.9252,78.1198,Tamil Nadu,23.3,28.3,0,0
2024-11-12,2.8,2.8,10.0,21.1,Nagapattinam (Delta Coast),10.7656,79.8424,Tamil Nadu,22.9,31.1,0,0
2024-11-12,0.6,0.6,5.0,12.9,Coimbatore (Western Inland),11.0168,76.9558,Tamil Nadu,5.5,31.6,0,0
2024-11-12,11.3,11.3,20.0,14.4,Vellore (Palar Basin),12.9165,79.1325,Tamil Nadu,14.7,42.4,0,0
2024-11-12,4.3,4.3,7.0,10.3,Kanyakumari (Southern Coast),8.1833,77.4119,Tamil Nadu,16.2,42.3,0,0
2024-11-12,0.0,0.0,0.0,17.0,Tiruchirappalli (Kaveri Basin),10.7905,78.7047,Tamil Nadu,15.6,39.1,0,0
2024-11-12,0.1,0.1,1.0,11.7,Salem (Northern Inland),11.6643,78.146,Tamil Nadu,4.4,21.2,0,0
2024-11-12,42.4,42.4,24.0,13.1,Chennai (Coastal North),13.0827,80.2707,Tamil Nadu,42.5,61.5,0,0
2024-11-12,3.4,3.4,10.0,10.2,Nilgiris (Hill Station Zone),11.4102,76.695,Tamil Nadu,45.9,62.1,0,0
2024-11-13,2.1,2.1,9.0,19.7,Tiruchirappalli (Kaveri Basin),10.7905,78.7047,Tamil Nadu,47.9,63.6,0,0
2024-11-13,3.4,3.4,6.0,10.1,Nilgiris (Hill Station Zone),11.4102,76.695,Tamil Nadu,8.9,55.7,0,0
2024-11-13,1.8,1.8,12.0,13.5,Salem (Northern Inland),11.6643,78.146,Tamil Nadu,7.3,53.2,0,0
2024-11-13,25.2,25.2,22.0,16.0,Vellore (Palar Basin),12.9165,79.1325,Tamil Nadu,30.4,78.4,0,0
2024-11-13,19.0,19.0,24.0,16.0,Cuddalore (Coastal Central),11.748,79.7714,Tamil Nadu,46.0,97.3,0,0
2024-11-13,27.4,27.4,20.0,14.4,Nagapattinam (Delta Coast),10.7656,79.8424,Tamil Nadu,71.6,82.3,0,0
2024-11-13,3.4,3.4,11.0,8.0,Kanyakumari (Southern Coast),8.1833,77.4119,Tamil Nadu,49.8,82.3,0,0
2024-11-13,33.1,33.1,24.0,13.5,Chennai (Coastal North),13.0827,80.2707,Tamil Nadu,63.9,113.3,0,0
2024-11-13,12.1,12.1,13.0,17.8,Madurai (Southern Plains),9.9252,78.1198,Tamil Nadu,48.6,122.0,0,0
2024-11-13,1.1,1.1,7.0,14.4,Coimbatore (Western Inland),11.0168,76.9558,Tamil Nadu,46.3,121.3,0,0
2024-11-14,20.5,20.5,13.0,14.6,Madurai (Southern Plains),9.9252,78.1198,Tamil Nadu,33.7,116.6,0,0
2024-11-14,3.5,3.5,10.0,10.2,Nilgiris (Hill Station Zone),11.4102,76.695,Tamil Nadu,25.1,101.1,0,0
2024-11-14,17.8,17.8,22.0,14.5,Nagapattinam (Delta Coast),10.7656,79.8424,Tamil Nadu,41.8,91.5,0,0
2024-11-14,24.9,24.9,24.0,15.6,Cuddalore (Coastal Central),11.748,79.7714,Tamil Nadu,46.2,113.0,0,0
2024-11-14,3.6,3.6,13.0,11.9,Salem (Northern Inland),11.6643,78.146,Tamil Nadu,46.3,83.5,0,0
2024-11-14,12.6,12.6,22.0,15.4,Chennai (Coastal North),13.0827,80.2707,Tamil Nadu,41.1,84.0,0,0
2024-11-14,18.9,18.9,16.0,16.9,Vellore (Palar Basin),12.9165,79.1325,Tamil Nadu,35.1,101.8,0,0
2024-11-14,12.3,12.3,16.0,12.9,Coimbatore (Western Inland),11.0168,76.9558,Tamil Nadu,43.8,93.6,0,0
2024-11-14,9.0,9.0,9.0,8.5,Kanyakumari (Southern Coast),8.1833,77.4119,Tamil Nadu,40.2,99.1,0,0
2024-11-14,12.7,12.7,18.0,14.8,Tiruchirappalli (Kaveri Basin),10.7905,78.7047,Tamil Nadu,34.0,94.0,0,0
2024-11-15,16.9,16.9,21.0,13.5,Chennai (Coastal North),13.0827,80.2707,Tamil Nadu,38.6,86.0,0,0
2024-11-15,13.1,13.1,16.0,17.1,Madurai (Southern Plains),9.9252,78.1198,Tamil Nadu,42.7,95.5,0,0
2024-11-15,10.5,10.5,15.0,6.3,Kanyakumari (Southern Coast),8.1833,77.4119,Tamil Nadu,40.5,93.4,0,0
2024-11-15,5.0,5.0,16.0,13.3,Vellore (Palar Basin),12.9165,79.1325,Tamil Nadu,28.6,79.5,0,0
2024-11-15,0.5,0.5,5.0,10.7,Salem (Northern Inland),11.6643,78.146,Tamil Nadu,16.0,67.7,0,0
2024-11-15,1.6,1.6,11.0,9.9,Nilgiris (Hill Station Zone),11.4102,76.695,Tamil Nadu,7.1,60.3,0,0
2024-11-15,7.3,7.3,14.0,13.0,Coimbatore (Western Inland),11.0168,76.9558,Tamil Nadu,9.4,54.9,0,0
2024-11-15,12.1,12.1,20.0,15.8,Cuddalore (Coastal Central),11.748,79.7714,Tamil Nadu,21.0,50.1,0,0
2024-11-15,21.8,21.8,16.0,15.5,Tiruchirappalli (Kaveri Basin),10.7905,78.7047,Tamil Nadu,41.2,58.8,0,0
2024-11-15,40.7,40.7,23.0,18.5,Nagapattinam (Delta Coast),10.7656,79.8424,Tamil Nadu,74.6,89.0,0,0
2024-11-16,13.5,13.5,13.0,16.5,Coimbatore (Western Inland),11.0168,76.9558,Tamil Nadu,76.0,97.5,0,0
2024-11-16,13.9,13.9,10.0,13.6,Nilgiris (Hill Station Zone),11.4102,76.695,Tamil Nadu,68.1,110.9,0,0
2024-11-16,38.3,38.3,15.0,15.9,Tiruchirappalli (Kaveri Basin),10.7905,78.7047,Tamil Nadu,65.7,147.6,0,0
2024-11-16,13.2,13.2,15.0,17.5,Madurai (Southern Plains),9.9252,78.1198,Tamil Nadu,65.4,153.5,0,0
2024-11-16,1.7,1.7,7.0,17.1,Salem (Northern Inland),11.6643,78.146,Tamil Nadu,53.2,143.1,0,0
2024-11-16,11.2,11.2,16.0,13.9,Chennai (Coastal North),13.0827,80.2707,Tamil Nadu,26.1,132.5,0,0
2024-11-16,10.2,10.2,16.0,12.9,Vellore (Palar Basin),12.9165,79.1325,Tamil Nadu,23.1,102.0,0,0
2024-11-16,24.1,24.1,19.0,16.0,Nagapattinam (Delta Coast),10.7656,79.8424,Tamil Nadu,45.5,112.6,0,0
2024-11-16,2.0,2.0,10.0,17.8,Kanyakumari (Southern Coast),8.1833,77.4119,Tamil Nadu,36.3,100.7,0,0
2024-11-16,16.1,16.1,20.0,18.6,Cuddalore (Coastal Central),11.748,79.7714,Tamil Nadu,42.2,78.5,0,0
2024-11-17,18.0,18.0,14.0,14.8,Coimbatore (Western Inland),11.0168,76.9558,Tamil Nadu,36.1,83.3,0,0
2024-11-17,2.5,2.5,6.0,19.3,Chennai (Coastal North),13.0827,80.2707,Tamil Nadu,36.6,84.1,0,0
2024-11-17,10.3,10.3,7.0,17.6,Madurai (Southern Plains),9.9252,78.1198,Tamil Nadu,30.8,83.2,0,0
2024-11-17,4.7,4.7,6.0,10.9,Nilgiris (Hill Station Zone),11.4102,76.695,Tamil Nadu,17.5,77.7,0,0
2024-11-17,4.2,4.2,8.0,16.7,Vellore (Palar Basin),12.9165,79.1325,Tamil Nadu,19.2,57.8,0,0
2024-11-17,2.5,2.5,9.0,22.8,Cuddalore (Coastal Central),11.748,79.7714,Tamil Nadu,11.4,58.3,0,0
2024-11-17,5.4,5.4,9.0,17.5,Tiruchirappalli (Kaveri Basin),10.7905,78.7047,Tamil Nadu,12.1,47.6,0,0
2024-11-17,0.1,0.1,1.0,19.6,Kanyakumari (Southern Coast),8.1833,77.4119,Tamil Nadu,8.0,29.7,0,0
2024-11-17,14.6,14.6,18.0,19.5,Nagapattinam (Delta Coast),10.7656,79.8424,Tamil Nadu,20.1,41.8,0,0
2024-11-17,3.7,3.7,4.0,18.0,Salem (Northern Inland),11.6643,78.146,Tamil Nadu,18.4,35.2,0,0
2024-11-18,1.3,1.3,6.0,23.2,Kanyakumari (Southern Coast),8.1833,77.4119,Tamil Nadu,19.6,31.8,0,0
2024-11-18,1.8,1.8,9.0,24.6,Cuddalore (Coastal Central),11.748,79.7714,Tamil Nadu,6.8,29.4,0,0
2024-11-18,25.8,25.8,21.0,20.9,Nagapattinam (Delta Coast),10.7656,79.8424,Tamil Nadu,28.9,52.7,0,0
2024-11-18,0.0,0.0,0.0,18.6,Chennai (Coastal North),13.0827,80.2707,Tamil Nadu,27.6,47.3,0,0
2024-11-18,3.9,3.9,5.0,18.3,Madurai (Southern Plains),9.9252,78.1198,Tamil Nadu,29.7,51.1,0,0
2024-11-18,7.4,7.4,12.0,15.0,Tiruchirappalli (Kaveri Basin),10.7905,78.7047,Tamil Nadu,11.3,43.9,0,0
2024-11-18,0.2,0.2,2.0,9.4,Nilgiris (Hill Station Zone),11.4102,76.695,Tamil Nadu,11.5,40.4,0,0
2024-11-18,1.6,1.6,9.0,16.3,Vellore (Palar Basin),12.9165,79.1325,Tamil Nadu,9.2,40.7,0,0
2024-11-18,0.5,0.5,2.0,18.3,Coimbatore (Western Inland),11.0168,76.9558,Tamil Nadu,2.3,39.4,0,0
2024-11-18,0.1,0.1,1.0,14.3,Salem (Northern Inland),11.6643,78.146,Tamil Nadu,2.2,13.7,0,0
2024-11-19,0.0,0.0,0.0,14.3,Vellore (Palar Basin),12.9165,79.1325,Tamil Nadu,0.6,13.7,0,0
2024-11-19,0.7,0.7,5.0,18.8,Tiruchirappalli (Kaveri Basin),10.7905,78.7047,Tamil Nadu,0.8,10.5,0,0
2024-11-19,1.1,1.1,2.0,17.4,Kanyakumari (Southern Coast),8.1833,77.4119,Tamil Nadu,1.8,4.2,0,0
2024-11-19,4.0,4.0,9.0,18.1,Madurai (Southern Plains),9.9252,78.1198,Tamil Nadu,5.8,8.0,0,0
2024-11-19,0.5,0.5,4.0,19.4,Chennai (Coastal North),13.0827,80.2707,Tamil Nadu,5.6,6.9,0,0
2024-11-19,1.4,1.4,5.0,14.5,Coimbatore (Western Inland),11.0168,76.9558,Tamil Nadu,5.9,7.8,0,0
2024-11-19,0.1,0.1,1.0,26.0,Cuddalore (Coastal Central),11.748,79.7714,Tamil Nadu,2.0,7.8,0,0
2024-11-19,0.0,0.0,0.0,13.0,Salem (Northern Inland),11.6643,78.146,Tamil Nadu,1.5,7.8,0,0
2024-11-19,32.1,32.1,19.0,25.2,Nagapattinam (Delta Coast),10.7656,79.8424,Tamil Nadu,32.2,39.2,0,0
2024-11-19,10.9,10.9,15.0,12.3,Nilgiris (Hill Station Zone),11.4102,76.695,Tamil Nadu,43.0,49.0,0,0
2024-11-20,23.6,23.6,22.0,15.2,Madurai (Southern Plains),9.9252,78.1198,Tamil Nadu,66.6,68.6,0,0
2024-11-20,0.5,0.5,4.0,13.4,Coimbatore (Western Inland),11.0168,76.9558,Tamil Nadu,35.0,68.6,0,0
2024-11-20,33.7,33.7,18.0,19.2,Nagapattinam (Delta Coast),10.7656,79.8424,Tamil Nadu,57.8,100.9,0,0
2024-11-20,0.9,0.9,5.0,8.6,Nilgiris (Hill Station Zone),11.4102,76.695,Tamil Nadu,35.1,101.7,0,0
2024-11-20,0.0,0.0,0.0,13.1,Salem (Northern Inland),11.6643,78.146,Tamil Nadu,34.6,101.7,0,0
2024-11-20,0.1,0.1,1.0,13.9,Vellore (Palar Basin),12.9165,79.1325,Tamil Nadu,1.0,69.7,0,0
2024-11-20,24.2,24.2,14.0,9.1,Kanyakumari (Southern Coast),8.1833,77.4119,Tamil Nadu,24.3,83.0,0,0
2024-11-20,0.5,0.5,3.0,22.4,Cuddalore (Coastal Central),11.748,79.7714,Tamil Nadu,24.8,59.9,0,0
2024-11-20,26.7,26.7,12.0,14.2,Tiruchirappalli (Kaveri Basin),10.7905,78.7047,Tamil Nadu,51.4,86.1,0,0
2024-11-20,0.0,0.0,0.0,16.8,Chennai (Coastal North),13.0827,80.2707,Tamil Nadu,27.2,52.4,0,0
2024-11-21,0.6,0.6,5.0,23.9,Cuddalore (Coastal Central),11.748,79.7714,Tamil Nadu,27.3,52.1,0,0
2024-11-21,5.4,5.4,7.0,5.9,Nilgiris (Hill Station Zone),11.4102,76.695,Tamil Nadu,6.0,57.5,0,0
2024-11-21,0.0,0.0,0.0,14.7,Salem (Northern Inland),11.6643,78.146,Tamil Nadu,6.0,57.4,0,0
2024-11-21,8.4,8.4,10.0,24.0,Nagapattinam (Delta Coast),10.7656,79.8424,Tamil Nadu,13.8,41.6,0,0
2024-11-21,6.4,6.4,6.0,19.0,Kanyakumari (Southern Coast),8.1833,77.4119,Tamil Nadu,14.8,47.5,0,0
2024-11-21,1.3,1.3,9.0,18.1,Madurai (Southern Plains),9.9252,78.1198,Tamil Nadu,16.1,22.1,0,0
2024-11-21,0.8,0.8,7.0,12.5,Coimbatore (Western Inland),11.0168,76.9558,Tamil Nadu,8.5,22.9,0,0
2024-11-21,0.6,0.6,3.0,19.2,Tiruchirappalli (Kaveri Basin),10.7905,78.7047,Tamil Nadu,2.7,22.9,0,0
2024-11-21,0.0,0.0,0.0,17.3,Chennai (Coastal North),13.0827,80.2707,Tamil Nadu,1.4,17.5,0,0
2024-11-21,0.0,0.0,0.0,13.1,Vellore (Palar Basin),12.9165,79.1325,Tamil Nadu,0.6,17.5,0,0
2024-11-22,1.8,1.8,7.0,13.9,Nilgiris (Hill Station Zone),11.4102,76.695,Tamil Nadu,1.8,10.9,0,0
2024-11-22,0.0,0.0,0.0,21.5,Cuddalore (Coastal Central),11.748,79.7714,Tamil Nadu,1.8,4.5,0,0
2024-11-22,0.0,0.0,0.0,18.2,Chennai (Coastal North),13.0827,80.2707,Tamil Nadu,1.8,3.2,0,0
2024-11-22,0.0,0.0,0.0,15.8,Salem (Northern Inland),11.6643,78.146,Tamil Nadu,0.0,2.4,0,0
2024-11-22,0.0,0.0,0.0,12.5,Vellore (Palar Basin),12.9165,79.1325,Tamil Nadu,0.0,1.8,0,0
2024-11-22,0.0,0.0,0.0,18.3,Tiruchirappalli (Kaveri Basin),10.7905,78.7047,Tamil Nadu,0.0,1.8,0,0
2024-11-22,4.7,4.7,3.0,12.9,Kanyakumari (Southern Coast),8.1833,77.4119,Tamil Nadu,4.7,6.5,0,0
2024-11-22,0.0,0.0,0.0,13.3,Coimbatore (Western Inland),11.0168,76.9558,Tamil Nadu,4.7,4.7,0,0
2024-11-22,1.0,1.0,4.0,24.4,Nagapattinam (Delta Coast),10.7656,79.8424,Tamil Nadu,5.7,5.7,0,0
2024-11-22,0.0,0.0,0.0,15.3,Madurai (Southern Plains),9.9252,78.1198,Tamil Nadu,1.0,5.7,0,0
2024-11-23,0.0,0.0,0.0,10.9,Coimbatore (Western Inland),11.0168,76.9558,Tamil Nadu,1.0,5.7,0,0
2024-11-23,1.1,1.1,7.0,18.0,Chennai (Coastal North),13.0827,80.2707,Tamil Nadu,1.1,6.8,0,0
2024-11-23,2.1,2.1,4.0,19.2,Tiruchirappalli (Kaveri Basin),10.7905,78.7047,Tamil Nadu,3.2,8.9,0,0
2024-11-23,0.7,0.7,3.0,11.4,Nilgiris (Hill Station Zone),11.4102,76.695,Tamil Nadu,3.9,4.9,0,0
2024-11-23,3.3,3.3,16.0,21.1,Cuddalore (Coastal Central),11.748,79.7714,Tamil Nadu,6.1,8.2,0,0
2024-11-23,0.0,0.0,0.0,11.2,Vellore (Palar Basin),12.9165,79.1325,Tamil Nadu,4.0,7.2,0,0
2024-11-23,1.4,1.4,7.0,19.5,Madurai (Southern Plains),9.9252,78.1198,Tamil Nadu,4.7,8.6,0,0
2024-11-23,4.8,4.8,6.0,11.4,Kanyakumari (Southern Coast),8.1833,77.4119,Tamil Nadu,6.2,13.4,0,0
2024-11-23,14.5,14.5,21.0,18.9,Nagapattinam (Delta Coast),10.7656,79.8424,Tamil Nadu,20.7,26.8,0,0
2024-11-23,0.2,0.2,2.0,16.4,Salem (Northern Inland),11.6643,78.146,Tamil Nadu,19.5,24.9,0,0
2024-11-24,0.1,0.1,1.0,17.0,Madurai (Southern Plains),9.9252,78.1198,Tamil Nadu,14.8,24.3,0,0
2024-11-24,0.1,0.1,1.0,17.6,Tiruchirappalli (Kaveri Basin),10.7905,78.7047,Tamil Nadu,0.4,21.1,0,0
2024-11-24,0.1,0.1,1.0,18.1,Chennai (Coastal North),13.0827,80.2707,Tamil Nadu,0.3,21.2,0,0
2024-11-24,0.3,0.3,2.0,7.6,Kanyakumari (Southern Coast),8.1833,77.4119,Tamil Nadu,0.5,20.1,0,0
2024-11-24,0.0,0.0,0.0,12.6,Coimbatore (Western Inland),11.0168,76.9558,Tamil Nadu,0.4,15.3,0,0
2024-11-24,1.3,1.3,7.0,22.9,Cuddalore (Coastal Central),11.748,79.7714,Tamil Nadu,1.6,2.1,0,0
2024-11-24,3.5,3.5,16.0,24.7,Nagapattinam (Delta Coast),10.7656,79.8424,Tamil Nadu,4.8,5.4,0,0
2024-11-24,0.2,0.2,2.0,15.2,Salem (Northern Inland),11.6643,78.146,Tamil Nadu,5.0,5.5,0,0
2024-11-24,0.1,0.1,1.0,13.5,Vellore (Palar Basin),12.9165,79.1325,Tamil Nadu,3.8,5.5,0,0
2024-11-24,0.1,0.1,1.0,12.8,Nilgiris (Hill Station Zone),11.4102,76.695,Tamil Nadu,0.4,5.5,0,0
2024-11-25,2.8,2.8,7.0,11.0,Kanyakumari (Southern Coast),8.1833,77.4119,Tamil Nadu,3.0,8.0,0,0
2024-11-25,0.0,0.0,0.0,17.4,Tiruchirappalli (Kaveri Basin),10.7905,78.7047,Tamil Nadu,2.9,8.0,0,0
2024-11-25,1.3,1.3,3.0,23.0,Chennai (Coastal North),13.0827,80.2707,Tamil Nadu,4.1,8.0,0,0
2024-11-25,0.0,0.0,0.0,16.4,Madurai (Southern Plains),9.9252,78.1198,Tamil Nadu,1.3,4.5,0,0
2024-11-25,0.4,0.4,4.0,12.1,Coimbatore (Western Inland),11.0168,76.9558,Tamil Nadu,1.7,4.7,0,0
2024-11-25,9.9,9.9,11.0,26.1,Nagapattinam (Delta Coast),10.7656,79.8424,Tamil Nadu,10.3,14.5,0,0
2024-11-25,0.2,0.2,2.0,24.1,Cuddalore (Coastal Central),11.748,79.7714,Tamil Nadu,10.5,14.6,0,0
2024-11-25,0.0,0.0,0.0,17.8,Vellore (Palar Basin),12.9165,79.1325,Tamil Nadu,10.1,11.8,0,0
2024-11-25,0.0,0.0,0.0,10.9,Nilgiris (Hill Station Zone),11.4102,76.695,Tamil Nadu,0.2,11.8,0,0
2024-11-25,0.0,0.0,0.0,6.8,Salem (Northern Inland),11.6643,78.146,Tamil Nadu,0.0,10.5,0,0
2024-11-26,22.5,22.5,24.0,19.6,Chennai (Coastal North),13.0827,80.2707,Tamil Nadu,22.5,33.0,0,0
2024-11-26,10.1,10.1,14.0,12.0,Nilgiris (Hill Station Zone),11.4102,76.695,Tamil Nadu,32.6,42.7,0,0
2024-11-26,34.0,34.0,18.0,23.0,Cuddalore (Coastal Central),11.748,79.7714,Tamil Nadu,66.6,66.8,0,0
2024-11-26,79.9,79.9,24.0,27.0,Nagapattinam (Delta Coast),10.7656,79.8424,Tamil Nadu,124.0,146.5,1,0
2024-11-26,33.7,33.7,16.0,8.0,Madurai (Southern Plains),9.9252,78.1198,Tamil Nadu,147.6,180.2,0,0
2024-11-26,12.7,12.7,14.0,19.2,Vellore (Palar Basin),12.9165,79.1325,Tamil Nadu,126.3,192.9,0,0
2024-11-26,20.1,20.1,8.0,15.1,Coimbatore (Western Inland),11.0168,76.9558,Tamil Nadu,66.5,213.0,0,0
2024-11-26,6.4,6.4,19.0,9.2,Kanyakumari (Southern Coast),8.1833,77.4119,Tamil Nadu,39.2,196.9,0,0
2024-11-26,28.8,28.8,19.0,16.9,Tiruchirappalli (Kaveri Basin),10.7905,78.7047,Tamil Nadu,55.3,215.6,0,0
2024-11-26,15.5,15.5,10.0,11.5,Salem (Northern Inland),11.6643,78.146,Tamil Nadu,50.7,197.1,0,0
2024-11-27,5.4,5.4,7.0,26.8,Chennai (Coastal North),13.0827,80.2707,Tamil Nadu,49.7,122.6,0,0
2024-11-27,22.3,22.3,19.0,10.8,Madurai (Southern Plains),9.9252,78.1198,Tamil Nadu,43.2,111.2,0,0
2024-11-27,1.7,1.7,3.0,12.4,Nilgiris (Hill Station Zone),11.4102,76.695,Tamil Nadu,29.4,100.2,0,0
2024-11-27,19.3,19.3,19.0,18.1,Tiruchirappalli (Kaveri Basin),10.7905,78.7047,Tamil Nadu,43.3,99.4,0,0
2024-11-27,0.0,0.0,0.0,20.5,Vellore (Palar Basin),12.9165,79.1325,Tamil Nadu,21.0,93.0,0,0
2024-11-27,0.8,0.8,2.0,12.8,Salem (Northern Inland),11.6643,78.146,Tamil Nadu,20.1,65.0,0,0
2024-11-27,0.3,0.3,2.0,14.5,Coimbatore (Western Inland),11.0168,76.9558,Tamil Nadu,1.1,49.8,0,0
2024-11-27,80.2,80.2,24.0,32.2,Nagapattinam (Delta Coast),10.7656,79.8424,Tamil Nadu,81.3,124.6,1,0
2024-11-27,31.2,31.2,16.0,31.3,Cuddalore (Coastal Central),11.748,79.7714,Tamil Nadu,111.7,133.5,0,0
2024-11-27,6.0,6.0,12.0,11.7,Kanyakumari (Southern Coast),8.1833,77.4119,Tamil Nadu,117.4,137.8,0,0
2024-11-28,0.0,0.0,0.0,18.6,Salem (Northern Inland),11.6643,78.146,Tamil Nadu,37.2,118.5,0,0
2024-11-28,21.0,21.0,18.0,27.5,Chennai (Coastal North),13.0827,80.2707,Tamil Nadu,27.0,139.5,0,0
2024-11-28,0.0,0.0,0.0,12.8,Nilgiris (Hill Station Zone),11.4102,76.695,Tamil Nadu,21.0,138.7,0,0
2024-11-28,2.2,2.2,7.0,7.4,Kanyakumari (Southern Coast),8.1833,77.4119,Tamil Nadu,23.2,140.6,0,0
2024-11-28,0.0,0.0,0.0,19.4,Vellore (Palar Basin),12.9165,79.1325,Tamil Nadu,2.2,60.4,0,0
2024-11-28,6.6,6.6,4.0,25.9,Cuddalore (Coastal Central),11.748,79.7714,Tamil Nadu,8.8,35.8,0,0
2024-11-28,5.7,5.7,9.0,30.3,Nagapattinam (Delta Coast),10.7656,79.8424,Tamil Nadu,12.3,35.5,0,0
2024-11-28,0.0,0.0,0.0,12.2,Coimbatore (Western Inland),11.0168,76.9558,Tamil Nadu,12.3,35.5,0,0
2024-11-28,0.3,0.3,2.0,7.6,Madurai (Southern Plains),9.9252,78.1198,Tamil Nadu,6.0,14.8,0,0
2024-11-28,13.5,13.5,5.0,12.8,Tiruchirappalli (Kaveri Basin),10.7905,78.7047,Tamil Nadu,13.8,28.3,0,0
2024-11-29,0.1,0.1,1.0,27.5,Cuddalore (Coastal Central),11.748,79.7714,Tamil Nadu,13.9,26.2,0,0
2024-11-29,0.4,0.4,3.0,16.0,Kanyakumari (Southern Coast),8.1833,77.4119,Tamil Nadu,14.0,26.6,0,0
2024-11-29,1.5,1.5,4.0,17.2,Salem (Northern Inland),11.6643,78.146,Tamil Nadu,2.0,21.5,0,0
2024-11-29,25.6,25.6,23.0,23.3,Chennai (Coastal North),13.0827,80.2707,Tamil Nadu,27.5,41.4,0,0
2024-11-29,3.2,3.2,4.0,21.0,Vellore (Palar Basin),12.9165,79.1325,Tamil Nadu,30.3,44.6,0,0
2024-11-29,1.0,1.0,2.0,9.6,Madurai (Southern Plains),9.9252,78.1198,Tamil Nadu,29.8,45.3,0,0
2024-11-29,1.3,1.3,5.0,23.6,Nagapattinam (Delta Coast),10.7656,79.8424,Tamil Nadu,5.5,33.1,0,0
2024-11-29,1.5,1.5,9.0,13.2,Nilgiris (Hill Station Zone),11.4102,76.695,Tamil Nadu,3.8,34.5,0,0
2024-11-29,2.0,2.0,4.0,13.8,Tiruchirappalli (Kaveri Basin),10.7905,78.7047,Tamil Nadu,4.8,36.1,0,0
2024-11-29,0.0,0.0,0.0,12.8,Coimbatore (Western Inland),11.0168,76.9558,Tamil Nadu,3.5,34.6,0,0
2024-11-30,151.0,151.0,23.0,41.4,Cuddalore (Coastal Central),11.748,79.7714,Tamil Nadu,153.0,160.0,1,1
2024-11-30,13.2,13.2,12.0,17.9,Salem (Northern Inland),11.6643,78.146,Tamil Nadu,164.2,170.0,0,0
2024-11-30,0.0,0.0,0.0,22.4,Kanyakumari (Southern Coast),8.1833,77.4119,Tamil Nadu,164.2,169.0,0,0
2024-11-30,0.3,0.3,2.0,13.8,Nilgiris (Hill Station Zone),11.4102,76.695,Tamil Nadu,13.5,168.0,0,0
2024-11-30,36.6,36.6,15.0,30.6,Nagapattinam (Delta Coast),10.7656,79.8424,Tamil Nadu,36.9,203.1,0,0
2024-11-30,0.2,0.2,2.0,11.7,Coimbatore (Western Inland),11.0168,76.9558,Tamil Nadu,37.1,201.3,0,0
2024-11-30,18.3,18.3,14.0,25.6,Tiruchirappalli (Kaveri Basin),10.7905,78.7047,Tamil Nadu,55.1,219.6,0,0
2024-11-30,158.4,158.4,23.0,48.7,Chennai (Coastal North),13.0827,80.2707,Tamil Nadu,176.9,227.0,1,1
2024-11-30,61.7,61.7,20.0,29.7,Vellore (Palar Basin),12.9165,79.1325,Tamil Nadu,238.4,275.5,0,0
2024-11-30,0.0,0.0,0.0,14.6,Madurai (Southern Plains),9.9252,78.1198,Tamil Nadu,220.1,275.5,0,0
2024-12-01,63.2,63.2,24.0,25.9,Vellore (Palar Basin),12.9165,79.1325,Tamil Nadu,124.9,338.4,0,0
2024-12-01,72.3,72.3,18.0,30.7,Tiruchirappalli (Kaveri Basin),10.7905,78.7047,Tamil Nadu,135.5,374.1,1,0
2024-12-01,2.6,2.6,11.0,27.8,Kanyakumari (Southern Coast),8.1833,77.4119,Tamil Nadu,138.1,376.5,0,0
2024-12-01,72.6,72.6,24.0,17.8,Salem (Northern Inland),11.6643,78.146,Tamil Nadu,147.5,430.8,1,0
2024-12-01,8.6,8.6,7.0,12.2,Madurai (Southern Plains),9.9252,78.1198,Tamil Nadu,83.8,281.0,0,0
2024-12-01,7.7,7.7,21.0,18.2,Nilgiris (Hill Station Zone),11.4102,76.695,Tamil Nadu,88.9,227.0,0,0
2024-12-01,114.7,114.7,23.0,51.8,Cuddalore (Coastal Central),11.748,79.7714,Tamil Nadu,131.0,341.7,1,0
2024-12-01,26.2,26.2,15.0,12.8,Coimbatore (Western Inland),11.0168,76.9558,Tamil Nadu,148.6,304.7,0,0
2024-12-01,59.5,59.5,22.0,37.9,Nagapattinam (Delta Coast),10.7656,79.8424,Tamil Nadu,200.4,291.9,0,0
2024-12-01,25.3,25.3,24.0,28.6,Chennai (Coastal North),13.0827,80.2707,Tamil Nadu,111.0,314.6,0,0
2024-12-02,18.7,18.7,24.0,19.2,Vellore (Palar Basin),12.9165,79.1325,Tamil Nadu,103.5,260.7,0,0
2024-12-02,1.7,1.7,5.0,21.5,Nagapattinam (Delta Coast),10.7656,79.8424,Tamil Nadu,45.7,253.8,0,0
2024-12-02,16.8,16.8,23.0,15.5,Nilgiris (Hill Station Zone),11.4102,76.695,Tamil Nadu,37.2,262.9,0,0
2024-12-02,12.1,12.1,11.0,20.0,Tiruchirappalli (Kaveri Basin),10.7905,78.7047,Tamil Nadu,30.6,160.3,0,0
2024-12-02,1.1,1.1,7.0,18.2,Coimbatore (Western Inland),11.0168,76.9558,Tamil Nadu,30.0,135.2,0,0
2024-12-02,17.2,17.2,11.0,10.7,Madurai (Southern Plains),9.9252,78.1198,Tamil Nadu,30.4,92.9,0,0
2024-12-02,2.2,2.2,9.0,23.3,Kanyakumari (Southern Coast),8.1833,77.4119,Tamil Nadu,20.5,69.8,0,0
2024-12-02,94.2,94.2,21.0,18.3,Salem (Northern Inland),11.6643,78.146,Tamil Nadu,113.6,145.3,1,0
2024-12-02,10.2,10.2,20.0,20.4,Chennai (Coastal North),13.0827,80.2707,Tamil Nadu,106.6,153.8,0,0
2024-12-02,10.2,10.2,15.0,21.3,Cuddalore (Coastal Central),11.748,79.7714,Tamil Nadu,114.6,147.2,0,0
2024-12-03,4.0,4.0,15.0,13.9,Chennai (Coastal North),13.0827,80.2707,Tamil Nadu,24.4,139.1,0,0
2024-12-03,2.0,2.0,2.0,12.8,Coimbatore (Western Inland),11.0168,76.9558,Tamil Nadu,16.2,140.0,0,0
2024-12-03,5.3,5.3,13.0,8.3,Nilgiris (Hill Station Zone),11.4102,76.695,Tamil Nadu,11.3,128.1,0,0
2024-12-03,1.5,1.5,6.0,10.8,Madurai (Southern Plains),9.9252,78.1198,Tamil Nadu,8.8,127.4,0,0
2024-12-03,1.9,1.9,9.0,14.6,Salem (Northern Inland),11.6643,78.146,Tamil Nadu,8.7,35.1,0,0
2024-12-03,3.7,3.7,13.0,12.7,Vellore (Palar Basin),12.9165,79.1325,Tamil Nadu,7.1,28.6,0,0
2024-12-03,5.4,5.4,12.0,11.7,Tiruchirappalli (Kaveri Basin),10.7905,78.7047,Tamil Nadu,11.0,23.8,0,0
2024-12-03,1.8,1.8,10.0,17.8,Nagapattinam (Delta Coast),10.7656,79.8424,Tamil Nadu,10.9,21.6,0,0
2024-12-03,0.9,0.9,4.0,14.7,Cuddalore (Coastal Central),11.748,79.7714,Tamil Nadu,8.1,20.5,0,0
2024-12-03,0.0,0.0,0.0,18.3,Kanyakumari (Southern Coast),8.1833,77.4119,Tamil Nadu,2.7,15.2,0,0
2024-12-04,0.9,0.9,6.0,14.9,Coimbatore (Western Inland),11.0168,76.9558,Tamil Nadu,1.8,14.6,0,0
2024-12-04,1.1,1.1,6.0,14.4,Nagapattinam (Delta Coast),10.7656,79.8424,Tamil Nadu,2.0,13.8,0,0
2024-12-04,1.2,1.2,5.0,12.9,Cuddalore (Coastal Central),11.748,79.7714,Tamil Nadu,3.2,11.3,0,0
2024-12-04,1.3,1.3,3.0,9.1,Madurai (Southern Plains),9.9252,78.1198,Tamil Nadu,3.6,7.2,0,0
2024-12-04,3.5,3.5,6.0,10.7,Chennai (Coastal North),13.0827,80.2707,Tamil Nadu,6.0,8.9,0,0
2024-12-04,7.5,7.5,16.0,10.6,Vellore (Palar Basin),12.9165,79.1325,Tamil Nadu,12.3,15.5,0,0
2024-12-04,2.2,2.2,9.0,13.3,Kanyakumari (Southern Coast),8.1833,77.4119,Tamil Nadu,13.2,17.7,0,0
2024-12-04,4.4,4.4,11.0,13.0,Tiruchirappalli (Kaveri Basin),10.7905,78.7047,Tamil Nadu,14.1,21.2,0,0
2024-12-04,4.3,4.3,9.0,12.3,Nilgiris (Hill Station Zone),11.4102,76.695,Tamil Nadu,10.9,24.4,0,0
2024-12-04,0.0,0.0,0.0,11.4,Salem (Northern Inland),11.6643,78.146,Tamil Nadu,8.7,23.2,0,0
2024-12-05,2.1,2.1,6.0,14.7,Cuddalore (Coastal Central),11.748,79.7714,Tamil Nadu,6.4,24.0,0,0
2024-12-05,3.0,3.0,9.0,10.4,Madurai (Southern Plains),9.9252,78.1198,Tamil Nadu,5.1,23.5,0,0
2024-12-05,0.7,0.7,4.0,11.7,Salem (Northern Inland),11.6643,78.146,Tamil Nadu,5.8,16.7,0,0
2024-12-05,1.5,1.5,7.0,15.3,Nagapattinam (Delta Coast),10.7656,79.8424,Tamil Nadu,5.2,16.0,0,0
2024-12-05,2.9,2.9,8.0,14.4,Kanyakumari (Southern Coast),8.1833,77.4119,Tamil Nadu,5.1,14.5,0,0
2024-12-05,3.1,3.1,12.0,10.9,Vellore (Palar Basin),12.9165,79.1325,Tamil Nadu,7.5,13.3,0,0
2024-12-05,5.2,5.2,10.0,10.5,Tiruchirappalli (Kaveri Basin),10.7905,78.7047,Tamil Nadu,11.2,18.5,0,0
2024-12-05,0.8,0.8,7.0,11.5,Chennai (Coastal North),13.0827,80.2707,Tamil Nadu,9.1,17.2,0,0
2024-12-05,1.0,1.0,8.0,12.1,Coimbatore (Western Inland),11.0168,76.9558,Tamil Nadu,7.0,15.2,0,0
2024-12-05,3.0,3.0,8.0,9.4,Nilgiris (Hill Station Zone),11.4102,76.695,Tamil Nadu,4.8,17.5,0,0
2024-12-06,1.4,1.4,5.0,6.6,Nilgiris (Hill Station Zone),11.4102,76.695,Tamil Nadu,5.4,17.4,0,0
2024-12-06,1.3,1.3,6.0,15.2,Nagapattinam (Delta Coast),10.7656,79.8424,Tamil Nadu,5.7,15.8,0,0
2024-12-06,0.9,0.9,3.0,12.8,Vellore (Palar Basin),12.9165,79.1325,Tamil Nadu,3.6,13.6,0,0
2024-12-06,0.2,0.2,1.0,17.9,Kanyakumari (Southern Coast),8.1833,77.4119,Tamil Nadu,2.4,8.6,0,0
2024-12-06,0.2,0.2,2.0,10.5,Coimbatore (Western Inland),11.0168,76.9558,Tamil Nadu,1.3,8.0,0,0
2024-12-06,0.1,0.1,1.0,13.2,Madurai (Southern Plains),9.9252,78.1198,Tamil Nadu,0.5,7.1,0,0
2024-12-06,0.3,0.3,2.0,12.0,Tiruchirappalli (Kaveri Basin),10.7905,78.7047,Tamil Nadu,0.6,4.4,0,0
2024-12-06,0.0,0.0,0.0,14.4,Salem (Northern Inland),11.6643,78.146,Tamil Nadu,0.4,3.0,0,0
2024-12-06,1.8,1.8,10.0,11.4,Chennai (Coastal North),13.0827,80.2707,Tamil Nadu,2.1,3.5,0,0
2024-12-06,0.7,0.7,6.0,14.1,Cuddalore (Coastal Central),11.748,79.7714,Tamil Nadu,2.5,3.3,0,0
2024-12-07,1.9,1.9,5.0,15.2,Nagapattinam (Delta Coast),10.7656,79.8424,Tamil Nadu,4.4,5.0,0,0
2024-12-07,8.7,8.7,11.0,17.3,Coimbatore (Western Inland),11.0168,76.9558,Tamil Nadu,11.3,13.5,0,0
2024-12-07,1.0,1.0,6.0,11.7,Kanyakumari (Southern Coast),8.1833,77.4119,Tamil Nadu,11.6,14.4,0,0
2024-12-07,1.4,1.4,3.0,12.6,Tiruchirappalli (Kaveri Basin),10.7905,78.7047,Tamil Nadu,11.1,15.5,0,0
2024-12-07,0.3,0.3,2.0,11.4,Nilgiris (Hill Station Zone),11.4102,76.695,Tamil Nadu,2.7,15.8,0,0
2024-12-07,0.4,0.4,4.0,10.8,Chennai (Coastal North),13.0827,80.2707,Tamil Nadu,2.1,14.4,0,0
2024-12-07,0.2,0.2,2.0,11.9,Vellore (Palar Basin),12.9165,79.1325,Tamil Nadu,0.9,13.9,0,0
2024-12-07,0.1,0.1,1.0,17.0,Madurai (Southern Plains),9.9252,78.1198,Tamil Nadu,0.7,12.1,0,0
2024-12-07,1.0,1.0,3.0,12.4,Salem (Northern Inland),11.6643,78.146,Tamil Nadu,1.3,4.4,0,0
2024-12-07,1.0,1.0,6.0,15.2,Cuddalore (Coastal Central),11.748,79.7714,Tamil Nadu,2.1,4.4,0,0
2024-12-08,0.3,0.3,3.0,10.8,Tiruchirappalli (Kaveri Basin),10.7905,78.7047,Tamil Nadu,2.3,3.3,0,0
2024-12-08,0.0,0.0,0.0,11.8,Salem (Northern Inland),11.6643,78.146,Tamil Nadu,1.3,3.0,0,0
2024-12-08,0.0,0.0,0.0,9.8,Chennai (Coastal North),13.0827,80.2707,Tamil Nadu,0.3,2.6,0,0
2024-12-08,0.1,0.1,1.0,13.8,Coimbatore (Western Inland),11.0168,76.9558,Tamil Nadu,0.1,2.5,0,0
2024-12-08,0.0,0.0,0.0,15.6,Nagapattinam (Delta Coast),10.7656,79.8424,Tamil Nadu,0.1,2.4,0,0
2024-12-08,0.2,0.2,2.0,7.9,Vellore (Palar Basin),12.9165,79.1325,Tamil Nadu,0.3,1.6,0,0
2024-12-08,2.0,2.0,7.0,10.7,Nilgiris (Hill Station Zone),11.4102,76.695,Tamil Nadu,2.2,2.6,0,0
2024-12-08,0.8,0.8,4.0,17.4,Kanyakumari (Southern Coast),8.1833,77.4119,Tamil Nadu,3.0,3.1,0,0
2024-12-08,0.9,0.9,6.0,12.8,Madurai (Southern Plains),9.9252,78.1198,Tamil Nadu,3.7,4.0,0,0
2024-12-08,0.3,0.3,3.0,12.8,Cuddalore (Coastal Central),11.748,79.7714,Tamil Nadu,2.0,4.3,0,0
2024-12-09,0.3,0.3,3.0,11.8,Vellore (Palar Basin),12.9165,79.1325,Tamil Nadu,1.5,4.5,0,0
2024-12-09,2.9,2.9,10.0,10.7,Kanyakumari (Southern Coast),8.1833,77.4119,Tamil Nadu,3.5,7.4,0,0
2024-12-09,0.2,0.2,2.0,14.0,Madurai (Southern Plains),9.9252,78.1198,Tamil Nadu,3.4,7.4,0,0
2024-12-09,0.1,0.1,1.0,10.8,Coimbatore (Western Inland),11.0168,76.9558,Tamil Nadu,3.2,5.5,0,0
2024-12-09,0.3,0.3,3.0,12.1,Tiruchirappalli (Kaveri Basin),10.7905,78.7047,Tamil Nadu,0.6,5.0,0,0
2024-12-09,2.0,2.0,8.0,17.4,Nagapattinam (Delta Coast),10.7656,79.8424,Tamil Nadu,2.4,6.1,0,0
2024-12-09,0.2,0.2,2.0,13.1,Nilgiris (Hill Station Zone),11.4102,76.695,Tamil Nadu,2.5,6.0,0,0
2024-12-09,0.7,0.7,5.0,13.9,Cuddalore (Coastal Central),11.748,79.7714,Tamil Nadu,2.9,6.4,0,0
2024-12-09,1.0,1.0,7.0,12.2,Chennai (Coastal North),13.0827,80.2707,Tamil Nadu,1.9,4.5,0,0
2024-12-09,0.7,0.7,1.0,10.5,Salem (Northern Inland),11.6643,78.146,Tamil Nadu,2.4,5.0,0,0
2024-12-10,0.3,0.3,2.0,14.9,Vellore (Palar Basin),12.9165,79.1325,Tamil Nadu,2.0,5.2,0,0
2024-12-10,0.0,0.0,0.0,16.3,Madurai (Southern Plains),9.9252,78.1198,Tamil Nadu,1.0,4.9,0,0
2024-12-10,0.1,0.1,1.0,24.3,Nagapattinam (Delta Coast),10.7656,79.8424,Tamil Nadu,0.4,3.0,0,0
2024-12-10,1.9,1.9,8.0,15.1,Coimbatore (Western Inland),11.0168,76.9558,Tamil Nadu,2.0,4.7,0,0
2024-12-10,4.2,4.2,8.0,11.6,Nilgiris (Hill Station Zone),11.4102,76.695,Tamil Nadu,6.2,8.2,0,0
2024-12-10,1.7,1.7,7.0,21.5,Cuddalore (Coastal Central),11.748,79.7714,Tamil Nadu,7.8,8.9,0,0
2024-12-10,0.0,0.0,0.0,17.1,Tiruchirappalli (Kaveri Basin),10.7905,78.7047,Tamil Nadu,5.9,8.2,0,0
2024-12-10,0.5,0.5,3.0,7.7,Salem (Northern Inland),11.6643,78.146,Tamil Nadu,2.2,8.4,0,0
2024-12-10,3.3,3.3,7.0,11.3,Kanyakumari (Southern Coast),8.1833,77.4119,Tamil Nadu,3.8,11.7,0,0
2024-12-10,0.2,0.2,2.0,17.9,Chennai (Coastal North),13.0827,80.2707,Tamil Nadu,4.0,11.8,0,0
2024-12-11,37.4,37.4,23.0,27.1,Cuddalore (Coastal Central),11.748,79.7714,Tamil Nadu,40.9,47.3,0,0
2024-12-11,0.5,0.5,3.0,17.9,Madurai (Southern Plains),9.9252,78.1198,Tamil Nadu,38.1,43.6,0,0
2024-12-11,0.0,0.0,0.0,11.0,Nilgiris (Hill Station Zone),11.4102,76.695,Tamil Nadu,37.9,41.9,0,0
2024-12-11,8.1,8.1,13.0,24.6,Tiruchirappalli (Kaveri Basin),10.7905,78.7047,Tamil Nadu,8.6,50.0,0,0
2024-12-11,0.0,0.0,0.0,18.1,Coimbatore (Western Inland),11.0168,76.9558,Tamil Nadu,8.1,49.5,0,0
2024-12-11,3.3,3.3,10.0,18.5,Vellore (Palar Basin),12.9165,79.1325,Tamil Nadu,11.4,49.5,0,0
2024-12-11,71.3,71.3,23.0,29.5,Nagapattinam (Delta Coast),10.7656,79.8424,Tamil Nadu,74.6,120.6,1,0
2024-12-11,3.1,3.1,7.0,11.2,Kanyakumari (Southern Coast),8.1833,77.4119,Tamil Nadu,77.7,86.3,0,0
2024-12-11,5.0,5.0,4.0,9.4,Salem (Northern Inland),11.6643,78.146,Tamil Nadu,79.4,90.8,0,0
2024-12-11,16.1,16.1,20.0,24.9,Chennai (Coastal North),13.0827,80.2707,Tamil Nadu,24.2,106.9,0,0
2024-12-12,15.4,15.4,21.0,12.4,Nilgiris (Hill Station Zone),11.4102,76.695,Tamil Nadu,36.5,114.2,0,0
2024-12-12,33.8,33.8,24.0,20.0,Cuddalore (Coastal Central),11.748,79.7714,Tamil Nadu,65.3,148.0,0,0
2024-12-12,81.4,81.4,22.0,20.6,Madurai (Southern Plains),9.9252,78.1198,Tamil Nadu,130.6,226.1,1,0
2024-12-12,58.0,58.0,24.0,26.6,Nagapattinam (Delta Coast),10.7656,79.8424,Tamil Nadu,173.2,212.8,0,0
2024-12-12,4.3,4.3,6.0,13.0,Kanyakumari (Southern Coast),8.1833,77.4119,Tamil Nadu,143.7,214.0,0,0
2024-12-12,42.2,42.2,24.0,19.3,Tiruchirappalli (Kaveri Basin),10.7905,78.7047,Tamil Nadu,104.5,251.2,0,0
2024-12-12,47.9,47.9,24.0,18.8,Chennai (Coastal North),13.0827,80.2707,Tamil Nadu,94.4,283.0,0,0
2024-12-12,26.3,26.3,21.0,5.3,Salem (Northern Inland),11.6643,78.146,Tamil Nadu,116.4,293.9,0,0
2024-12-12,14.0,14.0,19.0,18.5,Coimbatore (Western Inland),11.0168,76.9558,Tamil Nadu,88.2,274.1,0,0
2024-12-12,41.2,41.2,24.0,17.9,Vellore (Palar Basin),12.9165,79.1325,Tamil Nadu,81.5,233.9,0,0
2024-12-13,16.9,16.9,24.0,15.3,Nilgiris (Hill Station Zone),11.4102,76.695,Tamil Nadu,72.1,192.8,0,0
2024-12-13,8.0,8.0,18.0,11.5,Salem (Northern Inland),11.6643,78.146,Tamil Nadu,66.1,196.5,0,0
2024-12-13,2.1,2.1,8.0,20.1,Chennai (Coastal North),13.0827,80.2707,Tamil Nadu,27.0,156.4,0,0
2024-12-13,3.8,3.8,11.0,11.9,Kanyakumari (Southern Coast),8.1833,77.4119,Tamil Nadu,13.9,112.3,0,0
2024-12-13,25.1,25.1,24.0,18.8,Tiruchirappalli (Kaveri Basin),10.7905,78.7047,Tamil Nadu,31.0,111.1,0,0
2024-12-13,2.1,2.1,12.0,18.9,Vellore (Palar Basin),12.9165,79.1325,Tamil Nadu,31.0,99.2,0,0
2024-12-13,6.4,6.4,21.0,19.7,Coimbatore (Western Inland),11.0168,76.9558,Tamil Nadu,33.6,64.4,0,0
2024-12-13,10.5,10.5,18.0,20.6,Cuddalore (Coastal Central),11.748,79.7714,Tamil Nadu,19.0,58.0,0,0
2024-12-13,40.1,40.1,24.0,22.3,Nagapattinam (Delta Coast),10.7656,79.8424,Tamil Nadu,57.0,90.1,0,0
2024-12-13,37.2,37.2,19.0,21.2,Madurai (Southern Plains),9.9252,78.1198,Tamil Nadu,87.8,125.2,0,0
2024-12-14,5.5,5.5,16.0,20.3,Madurai (Southern Plains),9.9252,78.1198,Tamil Nadu,82.8,126.9,0,0
2024-12-14,43.4,43.4,13.0,10.9,Kanyakumari (Southern Coast),8.1833,77.4119,Tamil Nadu,86.1,145.2,0,0
2024-12-14,2.5,2.5,7.0,23.1,Tiruchirappalli (Kaveri Basin),10.7905,78.7047,Tamil Nadu,51.4,145.6,0,0
2024-12-14,6.4,6.4,14.0,9.8,Nilgiris (Hill Station Zone),11.4102,76.695,Tamil Nadu,52.3,145.6,0,0
2024-12-14,0.0,0.0,0.0,23.2,Cuddalore (Coastal Central),11.748,79.7714,Tamil Nadu,8.9,135.1,0,0
2024-12-14,0.0,0.0,0.0,19.5,Chennai (Coastal North),13.0827,80.2707,Tamil Nadu,6.4,95.0,0,0
2024-12-14,10.2,10.2,21.0,24.4,Nagapattinam (Delta Coast),10.7656,79.8424,Tamil Nadu,10.2,68.0,0,0
2024-12-14,2.8,2.8,10.0,14.5,Coimbatore (Western Inland),11.0168,76.9558,Tamil Nadu,13.0,65.3,0,0
2024-12-14,0.0,0.0,0.0,15.7,Vellore (Palar Basin),12.9165,79.1325,Tamil Nadu,13.0,21.9,0,0
2024-12-14,0.6,0.6,4.0,8.3,Salem (Northern Inland),11.6643,78.146,Tamil Nadu,3.4,20.0,0,0
2024-12-15,0.2,0.2,2.0,26.8,Cuddalore (Coastal Central),11.748,79.7714,Tamil Nadu,0.8,13.8,0,0
2024-12-15,0.0,0.0,0.0,22.4,Chennai (Coastal North),13.0827,80.2707,Tamil Nadu,0.8,13.8,0,0
2024-12-15,0.0,0.0,0.0,15.1,Coimbatore (Western Inland),11.0168,76.9558,Tamil Nadu,0.2,13.8,0,0
2024-12-15,0.0,0.0,0.0,9.2,Nilgiris (Hill Station Zone),11.4102,76.695,Tamil Nadu,0.0,3.6,0,0
2024-12-15,0.1,0.1,1.0,17.0,Vellore (Palar Basin),12.9165,79.1325,Tamil Nadu,0.1,0.9,0,0
2024-12-15,0.0,0.0,0.0,21.3,Tiruchirappalli (Kaveri Basin),10.7905,78.7047,Tamil Nadu,0.1,0.9,0,0
2024-12-15,0.0,0.0,0.0,19.6,Kanyakumari (Southern Coast),8.1833,77.4119,Tamil Nadu,0.1,0.3,0,0
2024-12-15,0.0,0.0,0.0,18.9,Madurai (Southern Plains),9.9252,78.1198,Tamil Nadu,0.0,0.1,0,0
2024-12-15,0.0,0.0,0.0,9.3,Salem (Northern Inland),11.6643,78.146,Tamil Nadu,0.0,0.1,0,0
2024-12-15,0.2,0.2,1.0,27.1,Nagapattinam (Delta Coast),10.7656,79.8424,Tamil Nadu,0.2,0.3,0,0
2024-12-16,2.8,2.8,4.0,26.4,Nagapattinam (Delta Coast),10.7656,79.8424,Tamil Nadu,3.0,3.1,0,0
2024-12-16,0.0,0.0,0.0,23.0,Cuddalore (Coastal Central),11.748,79.7714,Tamil Nadu,3.0,3.0,0,0
2024-12-16,0.0,0.0,0.0,16.4,Madurai (Southern Plains),9.9252,78.1198,Tamil Nadu,2.8,3.0,0,0
2024-12-16,0.2,0.2,2.0,14.0,Vellore (Palar Basin),12.9165,79.1325,Tamil Nadu,0.2,3.2,0,0
2024-12-16,0.0,0.0,0.0,4.8,Salem (Northern Inland),11.6643,78.146,Tamil Nadu,0.2,3.2,0,0
2024-12-16,0.0,0.0,0.0,20.4,Chennai (Coastal North),13.0827,80.2707,Tamil Nadu,0.2,3.2,0,0
2024-12-16,0.0,0.0,0.0,14.5,Coimbatore (Western Inland),11.0168,76.9558,Tamil Nadu,0.0,3.0,0,0
2024-12-16,0.0,0.0,0.0,7.4,Nilgiris (Hill Station Zone),11.4102,76.695,Tamil Nadu,0.0,0.2,0,0
2024-12-16,0.0,0.0,0.0,17.5,Kanyakumari (Southern Coast),8.1833,77.4119,Tamil Nadu,0.0,0.2,0,0
2024-12-16,0.0,0.0,0.0,20.0,Tiruchirappalli (Kaveri Basin),10.7905,78.7047,Tamil Nadu,0.0,0.2,0,0
2024-12-17,5.3,5.3,3.0,13.8,Vellore (Palar Basin),12.9165,79.1325,Tamil Nadu,5.3,5.3,0,0
2024-12-17,0.0,0.0,0.0,12.0,Salem (Northern Inland),11.6643,78.146,Tamil Nadu,5.3,5.3,0,0
2024-12-17,7.7,7.7,10.0,26.5,Nagapattinam (Delta Coast),10.7656,79.8424,Tamil Nadu,13.0,13.0,0,0
2024-12-17,2.2,2.2,3.0,21.8,Cuddalore (Coastal Central),11.748,79.7714,Tamil Nadu,9.9,15.2,0,0
2024-12-17,0.0,0.0,0.0,9.2,Madurai (Southern Plains),9.9252,78.1198,Tamil Nadu,9.9,15.2,0,0
2024-12-17,0.0,0.0,0.0,11.2,Nilgiris (Hill Station Zone),11.4102,76.695,Tamil Nadu,2.2,15.2,0,0
2024-12-17,3.5,3.5,6.0,13.5,Kanyakumari (Southern Coast),8.1833,77.4119,Tamil Nadu,3.5,18.7,0,0
2024-12-17,0.0,0.0,0.0,8.9,Coimbatore (Western Inland),11.0168,76.9558,Tamil Nadu,3.5,13.4,0,0
2024-12-17,8.2,8.2,4.0,22.9,Chennai (Coastal North),13.0827,80.2707,Tamil Nadu,11.7,21.6,0,0
2024-12-17,0.3,0.3,3.0,11.9,Tiruchirappalli (Kaveri Basin),10.7905,78.7047,Tamil Nadu,8.5,14.2,0,0
2024-12-18,24.1,24.1,22.0,20.5,Chennai (Coastal North),13.0827,80.2707,Tamil Nadu,32.6,36.1,0,0
2024-12-18,0.3,0.3,3.0,15.6,Kanyakumari (Southern Coast),8.1833,77.4119,Tamil Nadu,24.7,36.4,0,0
2024-12-18,0.4,0.4,4.0,9.8,Tiruchirappalli (Kaveri Basin),10.7905,78.7047,Tamil Nadu,24.8,36.8,0,0
2024-12-18,3.8,3.8,11.0,20.4,Nagapattinam (Delta Coast),10.7656,79.8424,Tamil Nadu,4.5,37.1,0,0
2024-12-18,0.0,0.0,0.0,12.6,Nilgiris (Hill Station Zone),11.4102,76.695,Tamil Nadu,4.2,37.1,0,0
2024-12-18,39.4,39.4,19.0,21.5,Cuddalore (Coastal Central),11.748,79.7714,Tamil Nadu,43.2,68.3,0,0
2024-12-18,16.4,16.4,10.0,15.7,Vellore (Palar Basin),12.9165,79.1325,Tamil Nadu,55.8,84.4,0,0
2024-12-18,0.0,0.0,0.0,5.7,Madurai (Southern Plains),9.9252,78.1198,Tamil Nadu,55.8,60.3,0,0
2024-12-18,0.0,0.0,0.0,10.0,Coimbatore (Western Inland),11.0168,76.9558,Tamil Nadu,16.4,60.0,0,0
2024-12-18,0.0,0.0,0.0,10.4,Salem (Northern Inland),11.6643,78.146,Tamil Nadu,0.0,59.6,0,0
2024-12-19,0.3,0.3,3.0,8.6,Salem (Northern Inland),11.6643,78.146,Tamil Nadu,0.3,56.1,0,0
2024-12-19,20.8,20.8,15.0,17.2,Nagapattinam (Delta Coast),10.7656,79.8424,Tamil Nadu,21.1,76.9,0,0
2024-12-19,0.1,0.1,1.0,12.7,Coimbatore (Western Inland),11.0168,76.9558,Tamil Nadu,21.2,37.6,0,0
2024-12-19,7.0,7.0,15.0,17.4,Chennai (Coastal North),13.0827,80.2707,Tamil Nadu,27.9,28.2,0,0
2024-12-19,1.2,1.2,5.0,18.9,Cuddalore (Coastal Central),11.748,79.7714,Tamil Nadu,8.3,29.4,0,0
2024-12-19,0.0,0.0,0.0,10.8,Nilgiris (Hill Station Zone),11.4102,76.695,Tamil Nadu,8.2,29.4,0,0
2024-12-19,0.5,0.5,5.0,17.0,Vellore (Palar Basin),12.9165,79.1325,Tamil Nadu,1.7,29.9,0,0
2024-12-19,0.4,0.4,2.0,14.7,Tiruchirappalli (Kaveri Basin),10.7905,78.7047,Tamil Nadu,0.9,30.0,0,0
2024-12-19,3.4,3.4,6.0,10.4,Kanyakumari (Southern Coast),8.1833,77.4119,Tamil Nadu,4.3,12.6,0,0
2024-12-19,0.6,0.6,4.0,11.9,Madurai (Southern Plains),9.9252,78.1198,Tamil Nadu,4.4,13.1,0,0
2024-12-20,15.9,15.9,7.0,19.1,Chennai (Coastal North),13.0827,80.2707,Tamil Nadu,19.9,22.0,0,0
2024-12-20,0.4,0.4,4.0,13.5,Vellore (Palar Basin),12.9165,79.1325,Tamil Nadu,16.9,21.2,0,0
2024-12-20,22.1,22.1,11.0,12.3,Tiruchirappalli (Kaveri Basin),10.7905,78.7047,Tamil Nadu,38.4,43.3,0,0
2024-12-20,1.9,1.9,9.0,10.9,Cuddalore (Coastal Central),11.748,79.7714,Tamil Nadu,24.4,44.7,0,0
2024-12-20,0.6,0.6,5.0,12.2,Nilgiris (Hill Station Zone),11.4102,76.695,Tamil Nadu,24.6,44.9,0,0
2024-12-20,8.9,8.9,15.0,15.2,Nagapattinam (Delta Coast),10.7656,79.8424,Tamil Nadu,11.4,50.4,0,0
2024-12-20,0.0,0.0,0.0,13.5,Coimbatore (Western Inland),11.0168,76.9558,Tamil Nadu,9.5,49.8,0,0
2024-12-20,0.4,0.4,4.0,14.9,Salem (Northern Inland),11.6643,78.146,Tamil Nadu,9.3,34.3,0,0
2024-12-20,1.7,1.7,6.0,12.4,Kanyakumari (Southern Coast),8.1833,77.4119,Tamil Nadu,2.1,35.6,0,0
2024-12-20,0.0,0.0,0.0,12.7,Madurai (Southern Plains),9.9252,78.1198,Tamil Nadu,2.1,13.5,0,0
2024-12-21,0.2,0.2,1.0,17.2,Kanyakumari (Southern Coast),8.1833,77.4119,Tamil Nadu,1.9,11.8,0,0
2024-12-21,3.9,3.9,4.0,11.3,Nagapattinam (Delta Coast),10.7656,79.8424,Tamil Nadu,4.1,15.1,0,0
2024-12-21,1.5,1.5,6.0,16.0,Chennai (Coastal North),13.0827,80.2707,Tamil Nadu,5.6,7.7,0,0
2024-12-21,0.6,0.6,4.0,11.4,Tiruchirappalli (Kaveri Basin),10.7905,78.7047,Tamil Nadu,6.0,8.3,0,0
2024-12-21,3.7,3.7,5.0,12.2,Nilgiris (Hill Station Zone),11.4102,76.695,Tamil Nadu,5.8,11.6,0,0
2024-12-21,0.0,0.0,0.0,10.8,Salem (Northern Inland),11.6643,78.146,Tamil Nadu,4.3,9.9,0,0
2024-12-21,0.1,0.1,1.0,10.0,Vellore (Palar Basin),12.9165,79.1325,Tamil Nadu,3.8,10.0,0,0
2024-12-21,0.8,0.8,5.0,14.9,Cuddalore (Coastal Central),11.748,79.7714,Tamil Nadu,0.9,10.6,0,0
2024-12-21,1.4,1.4,7.0,9.2,Madurai (Southern Plains),9.9252,78.1198,Tamil Nadu,2.3,8.1,0,0
2024-12-21,0.1,0.1,1.0,14.3,Coimbatore (Western Inland),11.0168,76.9558,Tamil Nadu,2.3,6.7,0,0
2024-12-22,2.5,2.5,7.0,13.1,Tiruchirappalli (Kaveri Basin),10.7905,78.7047,Tamil Nadu,4.0,8.6,0,0
2024-12-22,5.3,5.3,7.0,17.2,Nagapattinam (Delta Coast),10.7656,79.8424,Tamil Nadu,7.9,10.2,0,0
2024-12-22,0.5,0.5,4.0,17.9,Cuddalore (Coastal Central),11.748,79.7714,Tamil Nadu,8.3,10.7,0,0
2024-12-22,2.6,2.6,4.0,11.9,Kanyakumari (Southern Coast),8.1833,77.4119,Tamil Nadu,8.4,13.2,0,0
2024-12-22,0.5,0.5,5.0,10.9,Coimbatore (Western Inland),11.0168,76.9558,Tamil Nadu,3.6,12.9,0,0
2024-12-22,1.0,1.0,2.0,7.5,Nilgiris (Hill Station Zone),11.4102,76.695,Tamil Nadu,4.1,12.5,0,0
2024-12-22,0.2,0.2,2.0,16.2,Chennai (Coastal North),13.0827,80.2707,Tamil Nadu,1.7,12.6,0,0
2024-12-22,0.3,0.3,2.0,12.4,Salem (Northern Inland),11.6643,78.146,Tamil Nadu,1.5,10.4,0,0
2024-12-22,0.1,0.1,1.0,10.5,Vellore (Palar Basin),12.9165,79.1325,Tamil Nadu,0.6,5.2,0,0
2024-12-22,1.2,1.2,7.0,9.5,Madurai (Southern Plains),9.9252,78.1198,Tamil Nadu,1.6,5.9,0,0
2024-12-23,0.0,0.0,0.0,14.0,Cuddalore (Coastal Central),11.748,79.7714,Tamil Nadu,1.3,3.3,0,0
2024-12-23,4.4,4.4,8.0,8.3,Salem (Northern Inland),11.6643,78.146,Tamil Nadu,5.6,7.2,0,0
2024-12-23,0.0,0.0,0.0,9.3,Coimbatore (Western Inland),11.0168,76.9558,Tamil Nadu,4.4,6.2,0,0
2024-12-23,0.0,0.0,0.0,10.1,Tiruchirappalli (Kaveri Basin),10.7905,78.7047,Tamil Nadu,4.4,6.0,0,0
2024-12-23,0.0,0.0,0.0,20.0,Chennai (Coastal North),13.0827,80.2707,Tamil Nadu,0.0,5.7,0,0
2024-12-23,0.5,0.5,3.0,6.1,Nilgiris (Hill Station Zone),11.4102,76.695,Tamil Nadu,0.5,6.1,0,0
2024-12-23,0.0,0.0,0.0,9.5,Kanyakumari (Southern Coast),8.1833,77.4119,Tamil Nadu,0.5,4.9,0,0
2024-12-23,0.0,0.0,0.0,14.0,Nagapattinam (Delta Coast),10.7656,79.8424,Tamil Nadu,0.5,4.9,0,0
2024-12-23,1.9,1.9,14.0,8.1,Madurai (Southern Plains),9.9252,78.1198,Tamil Nadu,1.9,2.4,0,0
2024-12-23,0.0,0.0,0.0,11.4,Vellore (Palar Basin),12.9165,79.1325,Tamil Nadu,1.9,2.4,0,0
2024-12-24,0.6,0.6,3.0,9.0,Tiruchirappalli (Kaveri Basin),10.7905,78.7047,Tamil Nadu,2.5,3.0,0,0
2024-12-24,0.1,0.1,1.0,9.9,Salem (Northern Inland),11.6643,78.146,Tamil Nadu,0.7,3.1,0,0
2024-12-24,0.0,0.0,0.0,12.6,Nagapattinam (Delta Coast),10.7656,79.8424,Tamil Nadu,0.7,2.6,0,0
2024-12-24,0.3,0.3,2.0,10.2,Madurai (Southern Plains),9.9252,78.1198,Tamil Nadu,0.4,2.9,0,0
2024-12-24,0.0,0.0,0.0,18.4,Cuddalore (Coastal Central),11.748,79.7714,Tamil Nadu,0.3,2.9,0,0
2024-12-24,0.0,0.0,0.0,10.3,Vellore (Palar Basin),12.9165,79.1325,Tamil Nadu,0.3,1.0,0,0
2024-12-24,0.1,0.1,1.0,10.5,Nilgiris (Hill Station Zone),11.4102,76.695,Tamil Nadu,0.1,1.1,0,0
2024-12-24,0.0,0.0,0.0,17.4,Kanyakumari (Southern Coast),8.1833,77.4119,Tamil Nadu,0.1,0.5,0,0
2024-12-24,7.6,7.6,7.0,18.4,Chennai (Coastal North),13.0827,80.2707,Tamil Nadu,7.7,8.0,0,0
2024-12-24,0.0,0.0,0.0,13.3,Coimbatore (Western Inland),11.0168,76.9558,Tamil Nadu,7.6,8.0,0,0
2024-12-25,0.9,0.9,4.0,11.6,Madurai (Southern Plains),9.9252,78.1198,Tamil Nadu,8.5,8.6,0,0
2024-12-25,0.0,0.0,0.0,8.1,Coimbatore (Western Inland),11.0168,76.9558,Tamil Nadu,0.9,8.6,0,0
2024-12-25,2.8,2.8,11.0,19.2,Chennai (Coastal North),13.0827,80.2707,Tamil Nadu,3.7,11.4,0,0
2024-12-25,0.1,0.1,1.0,11.7,Tiruchirappalli (Kaveri Basin),10.7905,78.7047,Tamil Nadu,2.9,11.4,0,0
2024-12-25,1.2,1.2,5.0,8.6,Nagapattinam (Delta Coast),10.7656,79.8424,Tamil Nadu,4.1,12.6,0,0
2024-12-25,0.2,0.2,1.0,13.5,Nilgiris (Hill Station Zone),11.4102,76.695,Tamil Nadu,1.5,5.2,0,0
2024-12-25,0.0,0.0,0.0,15.7,Kanyakumari (Southern Coast),8.1833,77.4119,Tamil Nadu,1.4,5.2,0,0
2024-12-25,0.9,0.9,3.0,14.4,Cuddalore (Coastal Central),11.748,79.7714,Tamil Nadu,1.1,5.2,0,0
2024-12-25,1.1,1.1,7.0,11.2,Vellore (Palar Basin),12.9165,79.1325,Tamil Nadu,2.0,6.3,0,0
2024-12-25,0.0,0.0,0.0,6.9,Salem (Northern Inland),11.6643,78.146,Tamil Nadu,2.0,3.5,0,0
2024-12-26,10.1,10.1,24.0,19.7,Chennai (Coastal North),13.0827,80.2707,Tamil Nadu,11.2,13.5,0,0
2024-12-26,9.0,9.0,11.0,14.1,Tiruchirappalli (Kaveri Basin),10.7905,78.7047,Tamil Nadu,19.1,21.3,0,0
2024-12-26,5.1,5.1,11.0,17.9,Cuddalore (Coastal Central),11.748,79.7714,Tamil Nadu,24.2,26.2,0,0
2024-12-26,0.7,0.7,5.0,14.0,Nagapattinam (Delta Coast),10.7656,79.8424,Tamil Nadu,14.8,26.9,0,0
2024-12-26,14.9,14.9,17.0,18.8,Vellore (Palar Basin),12.9165,79.1325,Tamil Nadu,20.7,40.9,0,0
2024-12-26,2.2,2.2,11.0,10.9,Nilgiris (Hill Station Zone),11.4102,76.695,Tamil Nadu,17.8,42.0,0,0
2024-12-26,1.4,1.4,8.0,11.4,Salem (Northern Inland),11.6643,78.146,Tamil Nadu,18.5,43.4,0,0
2024-12-26,0.6,0.6,3.0,16.0,Kanyakumari (Southern Coast),8.1833,77.4119,Tamil Nadu,4.2,33.9,0,0
2024-12-26,3.2,3.2,4.0,16.7,Coimbatore (Western Inland),11.0168,76.9558,Tamil Nadu,5.2,28.1,0,0
2024-12-26,6.6,6.6,6.0,12.1,Madurai (Southern Plains),9.9252,78.1198,Tamil Nadu,10.4,29.6,0,0
2024-12-27,12.6,12.6,14.0,16.9,Madurai (Southern Plains),9.9252,78.1198,Tamil Nadu,22.4,41.5,0,0
2024-12-27,0.1,0.1,1.0,18.3,Kanyakumari (Southern Coast),8.1833,77.4119,Tamil Nadu,19.3,26.7,0,0
2024-12-27,17.1,17.1,18.0,17.9,Vellore (Palar Basin),12.9165,79.1325,Tamil Nadu,29.8,41.6,0,0
2024-12-27,4.0,4.0,6.0,19.4,Salem (Northern Inland),11.6643,78.146,Tamil Nadu,21.2,44.2,0,0
2024-12-27,3.9,3.9,8.0,22.7,Nagapattinam (Delta Coast),10.7656,79.8424,Tamil Nadu,25.0,47.5,0,0
2024-12-27,18.1,18.1,17.0,15.3,Coimbatore (Western Inland),11.0168,76.9558,Tamil Nadu,26.0,62.4,0,0
2024-12-27,14.3,14.3,11.0,22.7,Tiruchirappalli (Kaveri Basin),10.7905,78.7047,Tamil Nadu,36.3,70.1,0,0
2024-12-27,18.6,18.6,15.0,24.9,Cuddalore (Coastal Central),11.748,79.7714,Tamil Nadu,51.0,76.1,0,0
2024-12-27,4.1,4.1,11.0,22.2,Chennai (Coastal North),13.0827,80.2707,Tamil Nadu,37.0,80.1,0,0
2024-12-27,9.1,9.1,15.0,11.5,Nilgiris (Hill Station Zone),11.4102,76.695,Tamil Nadu,31.8,72.1,0,0
2024-12-28,0.3,0.3,3.0,13.4,Salem (Northern Inland),11.6643,78.146,Tamil Nadu,13.5,68.4,0,0
2024-12-28,0.2,0.2,2.0,9.1,Nilgiris (Hill Station Zone),11.4102,76.695,Tamil Nadu,9.6,64.7,0,0
2024-12-28,1.3,1.3,9.0,18.1,Nagapattinam (Delta Coast),10.7656,79.8424,Tamil Nadu,1.8,47.9,0,0
2024-12-28,3.4,3.4,13.0,18.8,Cuddalore (Coastal Central),11.748,79.7714,Tamil Nadu,4.9,37.0,0,0
2024-12-28,0.4,0.4,4.0,12.9,Vellore (Palar Basin),12.9165,79.1325,Tamil Nadu,5.1,18.8,0,0
2024-12-28,0.0,0.0,0.0,16.6,Madurai (Southern Plains),9.9252,78.1198,Tamil Nadu,3.8,14.7,0,0
2024-12-28,0.2,0.2,2.0,15.0,Chennai (Coastal North),13.0827,80.2707,Tamil Nadu,0.6,5.8,0,0
2024-12-28,0.0,0.0,0.0,22.2,Kanyakumari (Southern Coast),8.1833,77.4119,Tamil Nadu,0.2,5.5,0,0
2024-12-28,1.5,1.5,8.0,16.4,Tiruchirappalli (Kaveri Basin),10.7905,78.7047,Tamil Nadu,1.7,6.8,0,0
2024-12-28,1.3,1.3,2.0,13.9,Coimbatore (Western Inland),11.0168,76.9558,Tamil Nadu,2.8,6.8,0,0
2024-12-29,0.2,0.2,2.0,13.9,Vellore (Palar Basin),12.9165,79.1325,Tamil Nadu,3.0,3.6,0,0
2024-12-29,2.5,2.5,8.0,13.4,Coimbatore (Western Inland),11.0168,76.9558,Tamil Nadu,4.0,5.7,0,0
2024-12-29,7.1,7.1,9.0,25.0,Cuddalore (Coastal Central),11.748,79.7714,Tamil Nadu,9.8,12.8,0,0
2024-12-29,0.5,0.5,2.0,17.6,Tiruchirappalli (Kaveri Basin),10.7905,78.7047,Tamil Nadu,10.1,13.1,0,0
2024-12-29,0.0,0.0,0.0,15.7,Kanyakumari (Southern Coast),8.1833,77.4119,Tamil Nadu,7.6,13.1,0,0
2024-12-29,1.0,1.0,7.0,19.6,Chennai (Coastal North),13.0827,80.2707,Tamil Nadu,1.5,12.6,0,0
2024-12-29,0.0,0.0,0.0,17.3,Madurai (Southern Plains),9.9252,78.1198,Tamil Nadu,1.0,11.3,0,0
2024-12-29,0.0,0.0,0.0,6.8,Salem (Northern Inland),11.6643,78.146,Tamil Nadu,1.0,11.1,0,0
2024-12-29,4.9,4.9,13.0,25.3,Nagapattinam (Delta Coast),10.7656,79.8424,Tamil Nadu,4.9,13.5,0,0
2024-12-29,0.0,0.0,0.0,11.4,Nilgiris (Hill Station Zone),11.4102,76.695,Tamil Nadu,4.9,6.4,0,0
2024-12-30,1.9,1.9,11.0,12.5,Nilgiris (Hill Station Zone),11.4102,76.695,Tamil Nadu,6.8,7.8,0,0
2024-12-30,2.3,2.3,10.0,22.7,Madurai (Southern Plains),9.9252,78.1198,Tamil Nadu,4.2,10.1,0,0
2024-12-30,0.2,0.2,2.0,13.0,Salem (Northern Inland),11.6643,78.146,Tamil Nadu,4.4,9.3,0,0
2024-12-30,7.4,7.4,14.0,18.1,Tiruchirappalli (Kaveri Basin),10.7905,78.7047,Tamil Nadu,9.9,16.7,0,0
2024-12-30,3.5,3.5,13.0,18.1,Coimbatore (Western Inland),11.0168,76.9558,Tamil Nadu,11.1,20.2,0,0
2024-12-30,3.5,3.5,16.0,19.9,Chennai (Coastal North),13.0827,80.2707,Tamil Nadu,14.4,18.8,0,0
2024-12-30,6.0,6.0,15.0,27.3,Cuddalore (Coastal Central),11.748,79.7714,Tamil Nadu,13.0,24.8,0,0
2024-12-30,2.9,2.9,11.0,18.9,Vellore (Palar Basin),12.9165,79.1325,Tamil Nadu,12.4,25.8,0,0
2024-12-30,10.0,10.0,22.0,27.2,Nagapattinam (Delta Coast),10.7656,79.8424,Tamil Nadu,18.9,33.5,0,0
2024-12-30,8.5,8.5,7.0,18.9,Kanyakumari (Southern Coast),8.1833,77.4119,Tamil Nadu,21.4,41.8,0,0
2024-12-31,0.1,0.1,1.0,18.7,Chennai (Coastal North),13.0827,80.2707,Tamil Nadu,18.6,34.5,0,0
2024-12-31,0.0,0.0,0.0,14.8,Vellore (Palar Basin),12.9165,79.1325,Tamil Nadu,8.6,31.0,0,0
2024-12-31,0.8,0.8,6.0,18.6,Coimbatore (Western Inland),11.0168,76.9558,Tamil Nadu,0.9,28.3,0,0
2024-12-31,0.3,0.3,2.0,12.8,Nilgiris (Hill Station Zone),11.4102,76.695,Tamil Nadu,1.1,22.6,0,0
2024-12-31,0.5,0.5,3.0,23.7,Tiruchirappalli (Kaveri Basin),10.7905,78.7047,Tamil Nadu,1.6,20.2,0,0
2024-12-31,0.9,0.9,7.0,24.0,Kanyakumari (Southern Coast),8.1833,77.4119,Tamil Nadu,1.7,11.1,0,0
2024-12-31,1.3,1.3,5.0,24.3,Madurai (Southern Plains),9.9252,78.1198,Tamil Nadu,2.7,3.9,0,0
2024-12-31,0.0,0.0,0.0,13.9,Salem (Northern Inland),11.6643,78.146,Tamil Nadu,2.2,3.8,0,0
2024-12-31,1.7,1.7,9.0,26.1,Cuddalore (Coastal Central),11.748,79.7714,Tamil Nadu,3.0,5.5,0,0
2024-12-31,5.8,5.8,15.0,28.4,Nagapattinam (Delta Coast),10.7656,79.8424,Tamil Nadu,7.5,10.5,0,0
2025-01-01,0.0,0.0,0.0,9.7,Salem (Northern Inland),11.6643,78.146,Tamil Nadu,7.5,10.2,0,0
2025-01-01,0.0,0.0,0.0,15.4,Vellore (Palar Basin),12.9165,79.1325,Tamil Nadu,5.8,9.7,0,0
2025-01-01,0.0,0.0,0.0,29.6,Kanyakumari (Southern Coast),8.1833,77.4119,Tamil Nadu,0.0,8.8,0,0
2025-01-01,0.0,0.0,0.0,26.2,Nagapattinam (Delta Coast),10.7656,79.8424,Tamil Nadu,0.0,7.5,0,0
2025-01-01,0.0,0.0,0.0,16.1,Coimbatore (Western Inland),11.0168,76.9558,Tamil Nadu,0.0,7.5,0,0
2025-01-01,0.0,0.0,0.0,9.7,Nilgiris (Hill Station Zone),11.4102,76.695,Tamil Nadu,0.0,5.8,0,0
2025-01-01,0.0,0.0,0.0,16.7,Chennai (Coastal North),13.0827,80.2707,Tamil Nadu,0.0,0.0,0,0
2025-01-01,0.0,0.0,0.0,21.9,Madurai (Southern Plains),9.9252,78.1198,Tamil Nadu,0.0,0.0,0,0
2025-01-01,0.0,0.0,0.0,21.4,Tiruchirappalli (Kaveri Basin),10.7905,78.7047,Tamil Nadu,0.0,0.0,0,0
2025-01-01,0.4,0.4,3.0,21.3,Cuddalore (Coastal Central),11.748,79.7714,Tamil Nadu,0.4,0.4,0,0
2025-01-02,0.0,0.0,0.0,12.8,Salem (Northern Inland),11.6643,78.146,Tamil Nadu,0.4,0.4,0,0
2025-01-02,0.0,0.0,0.0,18.5,Tiruchirappalli (Kaveri Basin),10.7905,78.7047,Tamil Nadu,0.4,0.4,0,0
2025-01-02,0.2,0.2,2.0,14.0,Vellore (Palar Basin),12.9165,79.1325,Tamil Nadu,0.2,0.6,0,0
2025-01-02,0.3,0.3,2.0,15.9,Coimbatore (Western Inland),11.0168,76.9558,Tamil Nadu,0.5,0.9,0,0
2025-01-02,0.1,0.1,1.0,20.3,Cuddalore (Coastal Central),11.748,79.7714,Tamil Nadu,0.6,1.0,0,0
2025-01-02,0.0,0.0,0.0,27.4,Kanyakumari (Southern Coast),8.1833,77.4119,Tamil Nadu,0.4,1.0,0,0
2025-01-02,0.8,0.8,4.0,24.5,Nagapattinam (Delta Coast),10.7656,79.8424,Tamil Nadu,0.9,1.4,0,0
2025-01-02,0.0,0.0,0.0,8.3,Nilgiris (Hill Station Zone),11.4102,76.695,Tamil Nadu,0.8,1.4,0,0
2025-01-02,0.0,0.0,0.0,15.9,Chennai (Coastal North),13.0827,80.2707,Tamil Nadu,0.8,1.4,0,0
2025-01-02,0.0,0.0,0.0,21.0,Madurai (Southern Plains),9.9252,78.1198,Tamil Nadu,0.0,1.2,0,0
2025-01-03,0.0,0.0,0.0,12.7,Salem (Northern Inland),11.6643,78.146,Tamil Nadu,0.0,0.9,0,0
2025-01-03,0.0,0.0,0.0,20.4,Tiruchirappalli (Kaveri Basin),10.7905,78.7047,Tamil Nadu,0.0,0.8,0,0
2025-01-03,0.0,0.0,0.0,7.6,Nilgiris (Hill Station Zone),11.4102,76.695,Tamil Nadu,0.0,0.8,0,0
2025-01-03,0.0,0.0,0.0,14.9,Vellore (Palar Basin),12.9165,79.1325,Tamil Nadu,0.0,0.0,0,0
2025-01-03,0.1,0.1,1.0,18.4,Chennai (Coastal North),13.0827,80.2707,Tamil Nadu,0.1,0.1,0,0
2025-01-03,0.0,0.0,0.0,21.5,Madurai (Southern Plains),9.9252,78.1198,Tamil Nadu,0.1,0.1,0,0
2025-01-03,0.0,0.0,0.0,17.0,Coimbatore (Western Inland),11.0168,76.9558,Tamil Nadu,0.1,0.1,0,0
2025-01-03,0.3,0.3,2.0,24.5,Nagapattinam (Delta Coast),10.7656,79.8424,Tamil Nadu,0.3,0.4,0,0
2025-01-03,0.1,0.1,1.0,28.3,Kanyakumari (Southern Coast),8.1833,77.4119,Tamil Nadu,0.4,0.5,0,0
2025-01-03,0.0,0.0,0.0,25.0,Cuddalore (Coastal Central),11.748,79.7714,Tamil Nadu,0.4,0.5,0,0
2025-01-04,0.1,0.1,1.0,12.9,Chennai (Coastal North),13.0827,80.2707,Tamil Nadu,0.2,0.6,0,0
2025-01-04,0.0,0.0,0.0,23.9,Kanyakumari (Southern Coast),8.1833,77.4119,Tamil Nadu,0.1,0.5,0,0
2025-01-04,0.0,0.0,0.0,15.2,Tiruchirappalli (Kaveri Basin),10.7905,78.7047,Tamil Nadu,0.1,0.5,0,0
2025-01-04,0.1,0.1,1.0,12.8,Vellore (Palar Basin),12.9165,79.1325,Tamil Nadu,0.1,0.6,0,0
2025-01-04,0.0,0.0,0.0,5.6,Nilgiris (Hill Station Zone),11.4102,76.695,Tamil Nadu,0.1,0.3,0,0
2025-01-04,0.0,0.0,0.0,15.5,Coimbatore (Western Inland),11.0168,76.9558,Tamil Nadu,0.1,0.2,0,0
2025-01-04,0.0,0.0,0.0,16.2,Salem (Northern Inland),11.6643,78.146,Tamil Nadu,0.0,0.2,0,0
2025-01-04,0.0,0.0,0.0,17.0,Cuddalore (Coastal Central),11.748,79.7714,Tamil Nadu,0.0,0.1,0,0
2025-01-04,0.0,0.0,0.0,16.3,Madurai (Southern Plains),9.9252,78.1198,Tamil Nadu,0.0,0.1,0,0
2025-01-04,0.2,0.2,1.0,17.6,Nagapattinam (Delta Coast),10.7656,79.8424,Tamil Nadu,0.2,0.3,0,0
2025-01-05,0.0,0.0,0.0,16.8,Madurai (Southern Plains),9.9252,78.1198,Tamil Nadu,0.2,0.2,0,0
2025-01-05,0.0,0.0,0.0,12.6,Nilgiris (Hill Station Zone),11.4102,76.695,Tamil Nadu,0.2,0.2,0,0
2025-01-05,0.2,0.2,2.0,17.9,Nagapattinam (Delta Coast),10.7656,79.8424,Tamil Nadu,0.2,0.4,0,0
2025-01-05,0.0,0.0,0.0,9.9,Vellore (Palar Basin),12.9165,79.1325,Tamil Nadu,0.2,0.4,0,0
2025-01-05,0.0,0.0,0.0,19.0,Kanyakumari (Southern Coast),8.1833,77.4119,Tamil Nadu,0.2,0.4,0,0
2025-01-05,0.0,0.0,0.0,15.4,Cuddalore (Coastal Central),11.748,79.7714,Tamil Nadu,0.0,0.4,0,0
2025-01-05,0.0,0.0,0.0,15.5,Salem (Northern Inland),11.6643,78.146,Tamil Nadu,0.0,0.2,0,0
2025-01-05,0.0,0.0,0.0,12.2,Chennai (Coastal North),13.0827,80.2707,Tamil Nadu,0.0,0.2,0,0
2025-01-05,0.0,0.0,0.0,13.5,Tiruchirappalli (Kaveri Basin),10.7905,78.7047,Tamil Nadu,0.0,0.2,0,0
2025-01-05,0.0,0.0,0.0,13.1,Coimbatore (Western Inland),11.0168,76.9558,Tamil Nadu,0.0,0.0,0,0
2025-01-06,0.0,0.0,0.0,15.5,Madurai (Southern Plains),9.9252,78.1198,Tamil Nadu,0.0,0.0,0,0
2025-01-06,0.0,0.0,0.0,14.3,Tiruchirappalli (Kaveri Basin),10.7905,78.7047,Tamil Nadu,0.0,0.0,0,0
2025-01-06,0.0,0.0,0.0,6.4,Vellore (Palar Basin),12.9165,79.1325,Tamil Nadu,0.0,0.0,0,0
2025-01-06,0.0,0.0,0.0,14.6,Salem (Northern Inland),11.6643,78.146,Tamil Nadu,0.0,0.0,0,0
2025-01-06,0.0,0.0,0.0,13.4,Nagapattinam (Delta Coast),10.7656,79.8424,Tamil Nadu,0.0,0.0,0,0
2025-01-06,0.0,0.0,0.0,13.5,Cuddalore (Coastal Central),11.748,79.7714,Tamil Nadu,0.0,0.0,0,0
2025-01-06,0.5,0.5,2.0,11.1,Chennai (Coastal North),13.0827,80.2707,Tamil Nadu,0.5,0.5,0,0
2025-01-06,0.0,0.0,0.0,11.3,Nilgiris (Hill Station Zone),11.4102,76.695,Tamil Nadu,0.5,0.5,0,0
2025-01-06,0.0,0.0,0.0,16.0,Kanyakumari (Southern Coast),8.1833,77.4119,Tamil Nadu,0.5,0.5,0,0
2025-01-06,0.1,0.1,1.0,12.4,Coimbatore (Western Inland),11.0168,76.9558,Tamil Nadu,0.1,0.6,0,0
2025-01-07,3.9,3.9,8.0,19.7,Nagapattinam (Delta Coast),10.7656,79.8424,Tamil Nadu,4.0,4.5,0,0
2025-01-07,1.7,1.7,10.0,20.3,Cuddalore (Coastal Central),11.748,79.7714,Tamil Nadu,5.7,6.2,0,0
2025-01-07,0.0,0.0,0.0,11.8,Nilgiris (Hill Station Zone),11.4102,76.695,Tamil Nadu,5.6,6.2,0,0
2025-01-07,1.4,1.4,5.0,15.4,Madurai (Southern Plains),9.9252,78.1198,Tamil Nadu,3.1,7.1,0,0
2025-01-07,0.0,0.0,0.0,11.2,Vellore (Palar Basin),12.9165,79.1325,Tamil Nadu,1.4,7.1,0,0
2025-01-07,0.0,0.0,0.0,11.2,Kanyakumari (Southern Coast),8.1833,77.4119,Tamil Nadu,1.4,7.1,0,0
2025-01-07,1.4,1.4,7.0,15.2,Tiruchirappalli (Kaveri Basin),10.7905,78.7047,Tamil Nadu,1.4,8.4,0,0
2025-01-07,0.0,0.0,0.0,12.6,Coimbatore (Western Inland),11.0168,76.9558,Tamil Nadu,1.4,4.5,0,0
2025-01-07,0.0,0.0,0.0,17.5,Salem (Northern Inland),11.6643,78.146,Tamil Nadu,1.4,2.8,0,0
2025-01-07,2.3,2.3,8.0,14.7,Chennai (Coastal North),13.0827,80.2707,Tamil Nadu,2.3,5.1,0,0
2025-01-08,0.3,0.3,3.0,11.5,Coimbatore (Western Inland),11.0168,76.9558,Tamil Nadu,2.6,4.0,0,0
2025-01-08,0.0,0.0,0.0,13.0,Vellore (Palar Basin),12.9165,79.1325,Tamil Nadu,2.6,4.0,0,0
2025-01-08,0.0,0.0,0.0,17.6,Tiruchirappalli (Kaveri Basin),10.7905,78.7047,Tamil Nadu,0.3,4.0,0,0
2025-01-08,0.0,0.0,0.0,16.2,Madurai (Southern Plains),9.9252,78.1198,Tamil Nadu,0.0,2.6,0,0
2025-01-08,0.0,0.0,0.0,14.9,Salem (Northern Inland),11.6643,78.146,Tamil Nadu,0.0,2.6,0,0
2025-01-08,0.3,0.3,2.0,17.8,Kanyakumari (Southern Coast),8.1833,77.4119,Tamil Nadu,0.3,2.9,0,0
2025-01-08,1.1,1.1,7.0,21.5,Nagapattinam (Delta Coast),10.7656,79.8424,Tamil Nadu,1.4,1.7,0,0
2025-01-08,0.0,0.0,0.0,10.0,Nilgiris (Hill Station Zone),11.4102,76.695,Tamil Nadu,1.4,1.4,0,0
2025-01-08,0.0,0.0,0.0,19.7,Cuddalore (Coastal Central),11.748,79.7714,Tamil Nadu,1.1,1.4,0,0
2025-01-08,0.0,0.0,0.0,17.9,Chennai (Coastal North),13.0827,80.2707,Tamil Nadu,0.0,1.4,0,0
2025-01-09,0.1,0.1,1.0,19.3,Chennai (Coastal North),13.0827,80.2707,Tamil Nadu,0.1,1.5,0,0
2025-01-09,0.0,0.0,0.0,16.8,Madurai (Southern Plains),9.9252,78.1198,Tamil Nadu,0.1,1.5,0,0
2025-01-09,0.0,0.0,0.0,18.0,Salem (Northern Inland),11.6643,78.146,Tamil Nadu,0.1,1.2,0,0
2025-01-09,0.1,0.1,1.0,22.4,Nagapattinam (Delta Coast),10.7656,79.8424,Tamil Nadu,0.1,0.2,0,0
2025-01-09,0.0,0.0,0.0,22.3,Cuddalore (Coastal Central),11.748,79.7714,Tamil Nadu,0.1,0.2,0,0
2025-01-09,0.0,0.0,0.0,15.3,Coimbatore (Western Inland),11.0168,76.9558,Tamil Nadu,0.1,0.2,0,0
2025-01-09,1.3,1.3,6.0,5.5,Nilgiris (Hill Station Zone),11.4102,76.695,Tamil Nadu,1.3,1.5,0,0
2025-01-09,0.0,0.0,0.0,24.2,Kanyakumari (Southern Coast),8.1833,77.4119,Tamil Nadu,1.3,1.4,0,0
2025-01-09,0.0,0.0,0.0,17.1,Tiruchirappalli (Kaveri Basin),10.7905,78.7047,Tamil Nadu,1.3,1.4,0,0
2025-01-09,0.1,0.1,1.0,16.3,Vellore (Palar Basin),12.9165,79.1325,Tamil Nadu,0.1,1.5,0,0
2025-01-10,0.2,0.2,2.0,15.4,Coimbatore (Western Inland),11.0168,76.9558,Tamil Nadu,0.3,1.6,0,0
2025-01-10,0.0,0.0,0.0,12.1,Salem (Northern Inland),11.6643,78.146,Tamil Nadu,0.3,1.6,0,0
2025-01-10,1.8,1.8,4.0,4.9,Nilgiris (Hill Station Zone),11.4102,76.695,Tamil Nadu,2.0,3.4,0,0
2025-01-10,0.0,0.0,0.0,25.9,Kanyakumari (Southern Coast),8.1833,77.4119,Tamil Nadu,1.8,2.1,0,0
2025-01-10,1.0,1.0,4.0,18.8,Tiruchirappalli (Kaveri Basin),10.7905,78.7047,Tamil Nadu,2.8,3.1,0,0
2025-01-10,1.2,1.2,5.0,13.9,Vellore (Palar Basin),12.9165,79.1325,Tamil Nadu,2.2,4.3,0,0
2025-01-10,0.7,0.7,3.0,18.4,Madurai (Southern Plains),9.9252,78.1198,Tamil Nadu,2.9,4.9,0,0
2025-01-10,1.3,1.3,7.0,24.8,Cuddalore (Coastal Central),11.748,79.7714,Tamil Nadu,3.2,6.0,0,0
2025-01-10,1.0,1.0,9.0,23.4,Nagapattinam (Delta Coast),10.7656,79.8424,Tamil Nadu,3.0,7.0,0,0
2025-01-10,1.0,1.0,8.0,20.2,Chennai (Coastal North),13.0827,80.2707,Tamil Nadu,3.3,6.2,0,0
2025-01-11,0.0,0.0,0.0,19.5,Chennai (Coastal North),13.0827,80.2707,Tamil Nadu,2.0,6.2,0,0
2025-01-11,3.3,3.3,2.0,17.6,Kanyakumari (Southern Coast),8.1833,77.4119,Tamil Nadu,4.3,8.5,0,0
2025-01-11,0.8,0.8,5.0,14.6,Vellore (Palar Basin),12.9165,79.1325,Tamil Nadu,4.1,8.1,0,0
2025-01-11,0.0,0.0,0.0,13.7,Coimbatore (Western Inland),11.0168,76.9558,Tamil Nadu,4.1,7.4,0,0
2025-01-11,2.2,2.2,10.0,27.5,Nagapattinam (Delta Coast),10.7656,79.8424,Tamil Nadu,3.0,8.3,0,0
2025-01-11,0.0,0.0,0.0,19.7,Tiruchirappalli (Kaveri Basin),10.7905,78.7047,Tamil Nadu,2.2,7.3,0,0
2025-01-11,0.0,0.0,0.0,19.1,Madurai (Southern Plains),9.9252,78.1198,Tamil Nadu,2.2,6.3,0,0
2025-01-11,0.0,0.0,0.0,11.6,Salem (Northern Inland),11.6643,78.146,Tamil Nadu,0.0,6.3,0,0
2025-01-11,1.4,1.4,5.0,12.2,Nilgiris (Hill Station Zone),11.4102,76.695,Tamil Nadu,1.4,4.4,0,0
2025-01-11,0.7,0.7,3.0,25.6,Cuddalore (Coastal Central),11.748,79.7714,Tamil Nadu,2.1,4.3,0,0
2025-01-12,0.0,0.0,0.0,11.2,Nilgiris (Hill Station Zone),11.4102,76.695,Tamil Nadu,2.1,4.3,0,0
2025-01-12,1.4,1.4,7.0,16.7,Chennai (Coastal North),13.0827,80.2707,Tamil Nadu,2.1,3.5,0,0
2025-01-12,1.9,1.9,1.0,18.1,Madurai (Southern Plains),9.9252,78.1198,Tamil Nadu,3.3,5.4,0,0
2025-01-12,20.5,20.5,19.0,21.5,Nagapattinam (Delta Coast),10.7656,79.8424,Tamil Nadu,23.8,25.9,0,0
2025-01-12,0.2,0.2,2.0,10.7,Salem (Northern Inland),11.6643,78.146,Tamil Nadu,22.6,26.1,0,0
2025-01-12,0.3,0.3,1.0,13.8,Kanyakumari (Southern Coast),8.1833,77.4119,Tamil Nadu,21.0,25.0,0,0
2025-01-12,10.5,10.5,9.0,18.2,Tiruchirappalli (Kaveri Basin),10.7905,78.7047,Tamil Nadu,11.0,34.8,0,0
2025-01-12,0.2,0.2,2.0,15.5,Coimbatore (Western Inland),11.0168,76.9558,Tamil Nadu,11.0,35.0,0,0
2025-01-12,3.0,3.0,11.0,22.7,Cuddalore (Coastal Central),11.748,79.7714,Tamil Nadu,13.7,36.6,0,0
2025-01-12,0.1,0.1,1.0,13.7,Vellore (Palar Basin),12.9165,79.1325,Tamil Nadu,3.3,34.8,0,0
2025-01-13,3.4,3.4,4.0,20.8,Kanyakumari (Southern Coast),8.1833,77.4119,Tamil Nadu,6.5,17.7,0,0
2025-01-13,1.7,1.7,5.0,18.7,Tiruchirappalli (Kaveri Basin),10.7905,78.7047,Tamil Nadu,5.2,19.2,0,0
2025-01-13,17.7,17.7,10.0,16.1,Coimbatore (Western Inland),11.0168,76.9558,Tamil Nadu,22.8,36.6,0,0
2025-01-13,6.0,6.0,11.0,9.8,Nilgiris (Hill Station Zone),11.4102,76.695,Tamil Nadu,25.4,32.1,0,0
2025-01-13,4.6,4.6,17.0,19.2,Chennai (Coastal North),13.0827,80.2707,Tamil Nadu,28.3,36.5,0,0
2025-01-13,12.1,12.1,17.0,19.6,Vellore (Palar Basin),12.9165,79.1325,Tamil Nadu,22.7,45.6,0,0
2025-01-13,1.5,1.5,9.0,22.1,Nagapattinam (Delta Coast),10.7656,79.8424,Tamil Nadu,18.2,47.0,0,0
2025-01-13,3.1,3.1,14.0,22.0,Cuddalore (Coastal Central),11.748,79.7714,Tamil Nadu,16.7,46.7,0,0
2025-01-13,4.9,4.9,10.0,14.5,Salem (Northern Inland),11.6643,78.146,Tamil Nadu,9.5,49.9,0,0
2025-01-13,1.2,1.2,1.0,17.5,Madurai (Southern Plains),9.9252,78.1198,Tamil Nadu,9.2,33.4,0,0
2025-01-14,0.6,0.6,5.0,26.6,Nagapattinam (Delta Coast),10.7656,79.8424,Tamil Nadu,6.7,28.0,0,0
2025-01-14,1.4,1.4,6.0,20.0,Tiruchirappalli (Kaveri Basin),10.7905,78.7047,Tamil Nadu,3.2,24.8,0,0
2025-01-14,0.3,0.3,2.0,19.8,Chennai (Coastal North),13.0827,80.2707,Tamil Nadu,2.3,13.0,0,0
2025-01-14,0.5,0.5,4.0,15.6,Salem (Northern Inland),11.6643,78.146,Tamil Nadu,2.2,12.0,0,0
2025-01-14,0.7,0.7,7.0,26.4,Cuddalore (Coastal Central),11.748,79.7714,Tamil Nadu,1.5,9.6,0,0
2025-01-14,13.3,13.3,19.0,14.8,Coimbatore (Western Inland),11.0168,76.9558,Tamil Nadu,14.5,18.0,0,0
2025-01-14,0.6,0.6,5.0,17.9,Vellore (Palar Basin),12.9165,79.1325,Tamil Nadu,14.6,17.4,0,0
2025-01-14,5.5,5.5,13.0,22.8,Madurai (Southern Plains),9.9252,78.1198,Tamil Nadu,19.4,22.3,0,0
2025-01-14,5.3,5.3,9.0,22.4,Kanyakumari (Southern Coast),8.1833,77.4119,Tamil Nadu,11.4,26.2,0,0
2025-01-14,4.4,4.4,19.0,9.8,Nilgiris (Hill Station Zone),11.4102,76.695,Tamil Nadu,15.2,30.3,0,0
2025-01-15,1.5,1.5,5.0,16.7,Coimbatore (Western Inland),11.0168,76.9558,Tamil Nadu,11.2,31.3,0,0
2025-01-15,2.5,2.5,11.0,10.7,Nilgiris (Hill Station Zone),11.4102,76.695,Tamil Nadu,8.4,33.1,0,0
2025-01-15,6.9,6.9,16.0,22.4,Madurai (Southern Plains),9.9252,78.1198,Tamil Nadu,10.9,26.7,0,0
2025-01-15,2.7,2.7,9.0,26.0,Kanyakumari (Southern Coast),8.1833,77.4119,Tamil Nadu,12.1,28.8,0,0
2025-01-15,3.8,3.8,10.0,28.5,Nagapattinam (Delta Coast),10.7656,79.8424,Tamil Nadu,13.4,27.1,0,0
2025-01-15,0.0,0.0,0.0,20.8,Chennai (Coastal North),13.0827,80.2707,Tamil Nadu,6.5,21.8,0,0
2025-01-15,0.1,0.1,1.0,18.7,Vellore (Palar Basin),12.9165,79.1325,Tamil Nadu,3.9,17.5,0,0
2025-01-15,2.1,2.1,12.0,28.8,Cuddalore (Coastal Central),11.748,79.7714,Tamil Nadu,2.2,18.1,0,0
2025-01-15,1.4,1.4,7.0,22.7,Tiruchirappalli (Kaveri Basin),10.7905,78.7047,Tamil Nadu,3.6,17.0,0,0
2025-01-15,0.0,0.0,0.0,12.9,Salem (Northern Inland),11.6643,78.146,Tamil Nadu,3.5,10.1,0,0
2025-01-16,0.1,0.1,1.0,24.5,Cuddalore (Coastal Central),11.748,79.7714,Tamil Nadu,1.5,7.5,0,0
2025-01-16,0.1,0.1,1.0,19.3,Chennai (Coastal North),13.0827,80.2707,Tamil Nadu,0.2,3.8,0,0
2025-01-16,0.0,0.0,0.0,16.1,Salem (Northern Inland),11.6643,78.146,Tamil Nadu,0.2,3.8,0,0
2025-01-16,0.0,0.0,0.0,27.1,Kanyakumari (Southern Coast),8.1833,77.4119,Tamil Nadu,0.1,3.7,0,0
2025-01-16,0.6,0.6,3.0,21.7,Tiruchirappalli (Kaveri Basin),10.7905,78.7047,Tamil Nadu,0.6,2.2,0,0
2025-01-16,0.1,0.1,1.0,15.9,Vellore (Palar Basin),12.9165,79.1325,Tamil Nadu,0.7,0.9,0,0
2025-01-16,0.0,0.0,0.0,16.8,Coimbatore (Western Inland),11.0168,76.9558,Tamil Nadu,0.7,0.9,0,0
2025-01-16,0.1,0.1,1.0,22.8,Madurai (Southern Plains),9.9252,78.1198,Tamil Nadu,0.2,0.9,0,0
2025-01-16,0.5,0.5,4.0,26.1,Nagapattinam (Delta Coast),10.7656,79.8424,Tamil Nadu,0.6,1.3,0,0
2025-01-16,1.1,1.1,4.0,8.4,Nilgiris (Hill Station Zone),11.4102,76.695,Tamil Nadu,1.7,2.4,0,0
2025-01-17,0.0,0.0,0.0,16.7,Salem (Northern Inland),11.6643,78.146,Tamil Nadu,1.6,2.4,0,0
2025-01-17,0.1,0.1,1.0,21.7,Tiruchirappalli (Kaveri Basin),10.7905,78.7047,Tamil Nadu,1.2,1.9,0,0
2025-01-17,0.4,0.4,3.0,20.1,Chennai (Coastal North),13.0827,80.2707,Tamil Nadu,0.5,2.2,0,0
2025-01-17,0.0,0.0,0.0,25.7,Nagapattinam (Delta Coast),10.7656,79.8424,Tamil Nadu,0.5,2.2,0,0
2025-01-17,0.0,0.0,0.0,9.0,Nilgiris (Hill Station Zone),11.4102,76.695,Tamil Nadu,0.4,2.1,0,0
2025-01-17,0.0,0.0,0.0,16.7,Coimbatore (Western Inland),11.0168,76.9558,Tamil Nadu,0.0,1.6,0,0
2025-01-17,0.0,0.0,0.0,28.3,Kanyakumari (Southern Coast),8.1833,77.4119,Tamil Nadu,0.0,0.5,0,0
2025-01-17,0.2,0.2,2.0,16.5,Vellore (Palar Basin),12.9165,79.1325,Tamil Nadu,0.2,0.7,0,0
2025-01-17,0.0,0.0,0.0,21.3,Madurai (Southern Plains),9.9252,78.1198,Tamil Nadu,0.2,0.6,0,0
2025-01-17,0.3,0.3,3.0,25.9,Cuddalore (Coastal Central),11.748,79.7714,Tamil Nadu,0.5,0.5,0,0
2025-01-18,9.5,9.5,6.0,20.0,Madurai (Southern Plains),9.9252,78.1198,Tamil Nadu,9.8,10.0,0,0
2025-01-18,0.1,0.1,1.0,9.2,Nilgiris (Hill Station Zone),11.4102,76.695,Tamil Nadu,9.9,10.1,0,0
2025-01-18,8.8,8.8,9.0,26.3,Cuddalore (Coastal Central),11.748,79.7714,Tamil Nadu,18.4,18.9,0,0
2025-01-18,0.0,0.0,0.0,17.2,Vellore (Palar Basin),12.9165,79.1325,Tamil Nadu,8.9,18.9,0,0
2025-01-18,1.0,1.0,4.0,23.7,Kanyakumari (Southern Coast),8.1833,77.4119,Tamil Nadu,9.8,19.7,0,0
2025-01-18,14.1,14.1,7.0,21.3,Tiruchirappalli (Kaveri Basin),10.7905,78.7047,Tamil Nadu,15.1,33.8,0,0
2025-01-18,1.1,1.1,2.0,14.9,Coimbatore (Western Inland),11.0168,76.9558,Tamil Nadu,16.2,34.6,0,0
2025-01-18,0.0,0.0,0.0,11.5,Salem (Northern Inland),11.6643,78.146,Tamil Nadu,15.2,25.1,0,0
2025-01-18,15.1,15.1,14.0,25.4,Nagapattinam (Delta Coast),10.7656,79.8424,Tamil Nadu,16.2,40.1,0,0
2025-01-18,2.1,2.1,4.0,20.5,Chennai (Coastal North),13.0827,80.2707,Tamil Nadu,17.2,33.4,0,0
2025-01-19,15.3,15.3,24.0,23.1,Nagapattinam (Delta Coast),10.7656,79.8424,Tamil Nadu,32.5,48.7,0,0
2025-01-19,14.6,14.6,21.0,12.2,Nilgiris (Hill Station Zone),11.4102,76.695,Tamil Nadu,32.0,62.3,0,0
2025-01-19,26.7,26.7,20.0,12.4,Kanyakumari (Southern Coast),8.1833,77.4119,Tamil Nadu,56.6,74.9,0,0
2025-01-19,13.7,13.7,18.0,14.3,Vellore (Palar Basin),12.9165,79.1325,Tamil Nadu,55.0,87.5,0,0
2025-01-19,15.7,15.7,13.0,13.2,Salem (Northern Inland),11.6643,78.146,Tamil Nadu,56.1,103.2,0,0
2025-01-19,7.4,7.4,15.0,20.9,Tiruchirappalli (Kaveri Basin),10.7905,78.7047,Tamil Nadu,36.8,95.5,0,0
2025-01-19,16.1,16.1,17.0,21.8,Madurai (Southern Plains),9.9252,78.1198,Tamil Nadu,39.2,109.5,0,0
2025-01-19,12.1,12.1,13.0,20.0,Chennai (Coastal North),13.0827,80.2707,Tamil Nadu,35.6,106.3,0,0
2025-01-19,13.9,13.9,13.0,14.8,Coimbatore (Western Inland),11.0168,76.9558,Tamil Nadu,42.1,105.6,0,0
2025-01-19,7.2,7.2,17.0,26.6,Cuddalore (Coastal Central),11.748,79.7714,Tamil Nadu,33.2,86.1,0,0
2025-01-20,0.0,0.0,0.0,11.5,Salem (Northern Inland),11.6643,78.146,Tamil Nadu,21.1,72.4,0,0
2025-01-20,2.6,2.6,10.0,23.8,Nagapattinam (Delta Coast),10.7656,79.8424,Tamil Nadu,9.8,59.3,0,0
2025-01-20,0.0,0.0,0.0,18.0,Chennai (Coastal North),13.0827,80.2707,Tamil Nadu,2.6,51.9,0,0
2025-01-20,0.0,0.0,0.0,14.7,Coimbatore (Western Inland),11.0168,76.9558,Tamil Nadu,2.6,35.8,0,0
2025-01-20,0.2,0.2,2.0,17.5,Tiruchirappalli (Kaveri Basin),10.7905,78.7047,Tamil Nadu,0.2,23.9,0,0
2025-01-20,0.0,0.0,0.0,13.0,Vellore (Palar Basin),12.9165,79.1325,Tamil Nadu,0.2,10.0,0,0
2025-01-20,0.5,0.5,4.0,25.1,Cuddalore (Coastal Central),11.748,79.7714,Tamil Nadu,0.7,3.3,0,0
2025-01-20,0.0,0.0,0.0,12.4,Nilgiris (Hill Station Zone),11.4102,76.695,Tamil Nadu,0.5,3.3,0,0
2025-01-20,0.0,0.0,0.0,18.9,Kanyakumari (Southern Coast),8.1833,77.4119,Tamil Nadu,0.5,0.7,0,0
2025-01-20,0.4,0.4,3.0,18.4,Madurai (Southern Plains),9.9252,78.1198,Tamil Nadu,0.4,1.1,0,0
2025-01-21,0.0,0.0,0.0,15.7,Tiruchirappalli (Kaveri Basin),10.7905,78.7047,Tamil Nadu,0.4,1.1,0,0
2025-01-21,0.0,0.0,0.0,14.7,Coimbatore (Western Inland),11.0168,76.9558,Tamil Nadu,0.4,0.9,0,0
2025-01-21,0.1,0.1,1.0,20.3,Nagapattinam (Delta Coast),10.7656,79.8424,Tamil Nadu,0.1,1.0,0,0
2025-01-21,0.0,0.0,0.0,17.2,Madurai (Southern Plains),9.9252,78.1198,Tamil Nadu,0.1,0.5,0,0
2025-01-21,0.0,0.0,0.0,12.1,Chennai (Coastal North),13.0827,80.2707,Tamil Nadu,0.1,0.5,0,0
2025-01-21,0.0,0.0,0.0,18.3,Kanyakumari (Southern Coast),8.1833,77.4119,Tamil Nadu,0.0,0.5,0,0
2025-01-21,0.0,0.0,0.0,7.7,Salem (Northern Inland),11.6643,78.146,Tamil Nadu,0.0,0.1,0,0
2025-01-21,0.0,0.0,0.0,17.6,Cuddalore (Coastal Central),11.748,79.7714,Tamil Nadu,0.0,0.1,0,0
2025-01-21,0.0,0.0,0.0,12.0,Nilgiris (Hill Station Zone),11.4102,76.695,Tamil Nadu,0.0,0.1,0,0
2025-01-21,0.0,0.0,0.0,11.6,Vellore (Palar Basin),12.9165,79.1325,Tamil Nadu,0.0,0.0,0,0
2025-01-22,0.0,0.0,0.0,13.0,Coimbatore (Western Inland),11.0168,76.9558,Tamil Nadu,0.0,0.0,0,0
2025-01-22,0.1,0.1,1.0,20.5,Cuddalore (Coastal Central),11.748,79.7714,Tamil Nadu,0.1,0.1,0,0
2025-01-22,0.0,0.0,0.0,14.8,Chennai (Coastal North),13.0827,80.2707,Tamil Nadu,0.1,0.1,0,0
2025-01-22,0.8,0.8,4.0,16.2,Tiruchirappalli (Kaveri Basin),10.7905,78.7047,Tamil Nadu,0.9,0.9,0,0
2025-01-22,0.2,0.2,2.0,21.1,Nagapattinam (Delta Coast),10.7656,79.8424,Tamil Nadu,1.0,1.1,0,0
2025-01-22,0.0,0.0,0.0,16.8,Salem (Northern Inland),11.6643,78.146,Tamil Nadu,1.0,1.1,0,0
2025-01-22,3.4,3.4,4.0,18.8,Madurai (Southern Plains),9.9252,78.1198,Tamil Nadu,3.6,4.5,0,0
2025-01-22,2.3,2.3,5.0,9.6,Nilgiris (Hill Station Zone),11.4102,76.695,Tamil Nadu,5.7,6.8,0,0
2025-01-22,0.0,0.0,0.0,12.4,Vellore (Palar Basin),12.9165,79.1325,Tamil Nadu,5.7,6.7,0,0
2025-01-22,0.2,0.2,1.0,16.9,Kanyakumari (Southern Coast),8.1833,77.4119,Tamil Nadu,2.5,6.9,0,0
2025-01-23,0.0,0.0,0.0,11.8,Chennai (Coastal North),13.0827,80.2707,Tamil Nadu,0.2,6.1,0,0
2025-01-23,0.1,0.1,1.0,16.3,Madurai (Southern Plains),9.9252,78.1198,Tamil Nadu,0.3,6.0,0,0
2025-01-23,0.6,0.6,6.0,22.1,Kanyakumari (Southern Coast),8.1833,77.4119,Tamil Nadu,0.7,6.6,0,0
2025-01-23,0.1,0.1,1.0,16.1,Tiruchirappalli (Kaveri Basin),10.7905,78.7047,Tamil Nadu,0.8,3.3,0,0
2025-01-23,0.0,0.0,0.0,7.9,Nilgiris (Hill Station Zone),11.4102,76.695,Tamil Nadu,0.7,1.0,0,0
2025-01-23,0.3,0.3,3.0,13.2,Coimbatore (Western Inland),11.0168,76.9558,Tamil Nadu,0.4,1.3,0,0
2025-01-23,0.0,0.0,0.0,10.5,Vellore (Palar Basin),12.9165,79.1325,Tamil Nadu,0.3,1.1,0,0
2025-01-23,0.0,0.0,0.0,18.3,Nagapattinam (Delta Coast),10.7656,79.8424,Tamil Nadu,0.3,1.1,0,0
2025-01-23,0.0,0.0,0.0,17.0,Cuddalore (Coastal Central),11.748,79.7714,Tamil Nadu,0.0,1.0,0,0
2025-01-23,0.0,0.0,0.0,17.1,Salem (Northern Inland),11.6643,78.146,Tamil Nadu,0.0,0.4,0,0
2025-01-24,0.1,0.1,1.0,18.9,Nagapattinam (Delta Coast),10.7656,79.8424,Tamil Nadu,0.1,0.4,0,0
2025-01-24,0.0,0.0,0.0,12.1,Vellore (Palar Basin),12.9165,79.1325,Tamil Nadu,0.1,0.4,0,0
2025-01-24,0.1,0.1,1.0,15.9,Coimbatore (Western Inland),11.0168,76.9558,Tamil Nadu,0.2,0.2,0,0
2025-01-24,0.2,0.2,1.0,22.7,Kanyakumari (Southern Coast),8.1833,77.4119,Tamil Nadu,0.3,0.4,0,0
2025-01-24,0.0,0.0,0.0,14.1,Chennai (Coastal North),13.0827,80.2707,Tamil Nadu,0.3,0.4,0,0
2025-01-24,0.0,0.0,0.0,15.4,Tiruchirappalli (Kaveri Basin),10.7905,78.7047,Tamil Nadu,0.2,0.4,0,0
2025-01-24,0.0,0.0,0.0,17.3,Salem (Northern Inland),11.6643,78.146,Tamil Nadu,0.0,0.4,0,0
2025-01-24,0.0,0.0,0.0,14.8,Madurai (Southern Plains),9.9252,78.1198,Tamil Nadu,0.0,0.3,0,0
2025-01-24,0.3,0.3,2.0,17.6,Cuddalore (Coastal Central),11.748,79.7714,Tamil Nadu,0.3,0.6,0,0
2025-01-24,0.0,0.0,0.0,10.9,Nilgiris (Hill Station Zone),11.4102,76.695,Tamil Nadu,0.3,0.5,0,0
2025-01-25,0.0,0.0,0.0,11.4,Nilgiris (Hill Station Zone),11.4102,76.695,Tamil Nadu,0.3,0.3,0,0
2025-01-25,0.1,0.1,1.0,14.5,Chennai (Coastal North),13.0827,80.2707,Tamil Nadu,0.1,0.4,0,0
2025-01-25,0.0,0.0,0.0,14.2,Coimbatore (Western Inland),11.0168,76.9558,Tamil Nadu,0.1,0.4,0,0
2025-01-25,0.0,0.0,0.0,11.7,Vellore (Palar Basin),12.9165,79.1325,Tamil Nadu,0.1,0.4,0,0
2025-01-25,0.0,0.0,0.0,17.3,Tiruchirappalli (Kaveri Basin),10.7905,78.7047,Tamil Nadu,0.0,0.4,0,0
2025-01-25,0.0,0.0,0.0,15.9,Salem (Northern Inland),11.6643,78.146,Tamil Nadu,0.0,0.1,0,0
2025-01-25,0.0,0.0,0.0,19.0,Madurai (Southern Plains),9.9252,78.1198,Tamil Nadu,0.0,0.1,0,0
2025-01-25,0.0,0.0,0.0,24.6,Nagapattinam (Delta Coast),10.7656,79.8424,Tamil Nadu,0.0,0.1,0,0
2025-01-25,0.8,0.8,2.0,22.8,Kanyakumari (Southern Coast),8.1833,77.4119,Tamil Nadu,0.8,0.8,0,0
2025-01-25,0.0,0.0,0.0,20.5,Cuddalore (Coastal Central),11.748,79.7714,Tamil Nadu,0.8,0.8,0,0
2025-01-26,0.0,0.0,0.0,17.1,Coimbatore (Western Inland),11.0168,76.9558,Tamil Nadu,0.8,0.8,0,0
2025-01-26,0.0,0.0,0.0,12.0,Chennai (Coastal North),13.0827,80.2707,Tamil Nadu,0.0,0.8,0,0
2025-01-26,0.0,0.0,0.0,12.3,Vellore (Palar Basin),12.9165,79.1325,Tamil Nadu,0.0,0.8,0,0
2025-01-26,0.0,0.0,0.0,12.4,Nilgiris (Hill Station Zone),11.4102,76.695,Tamil Nadu,0.0,0.8,0,0
2025-01-26,0.0,0.0,0.0,17.7,Madurai (Southern Plains),9.9252,78.1198,Tamil Nadu,0.0,0.8,0,0
2025-01-26,0.1,0.1,1.0,16.7,Cuddalore (Coastal Central),11.748,79.7714,Tamil Nadu,0.1,0.1,0,0
2025-01-26,0.0,0.0,0.0,21.3,Nagapattinam (Delta Coast),10.7656,79.8424,Tamil Nadu,0.1,0.1,0,0
2025-01-26,0.0,0.0,0.0,23.3,Kanyakumari (Southern Coast),8.1833,77.4119,Tamil Nadu,0.1,0.1,0,0
2025-01-26,0.0,0.0,0.0,14.3,Salem (Northern Inland),11.6643,78.146,Tamil Nadu,0.0,0.1,0,0
2025-01-26,0.0,0.0,0.0,16.9,Tiruchirappalli (Kaveri Basin),10.7905,78.7047,Tamil Nadu,0.0,0.1,0,0
2025-01-27,0.0,0.0,0.0,16.2,Tiruchirappalli (Kaveri Basin),10.7905,78.7047,Tamil Nadu,0.0,0.1,0,0
2025-01-27,0.2,0.2,1.0,14.8,Cuddalore (Coastal Central),11.748,79.7714,Tamil Nadu,0.2,0.3,0,0
2025-01-27,0.0,0.0,0.0,9.8,Nilgiris (Hill Station Zone),11.4102,76.695,Tamil Nadu,0.2,0.2,0,0
2025-01-27,0.0,0.0,0.0,10.8,Chennai (Coastal North),13.0827,80.2707,Tamil Nadu,0.2,0.2,0,0
2025-01-27,0.0,0.0,0.0,16.0,Madurai (Southern Plains),9.9252,78.1198,Tamil Nadu,0.0,0.2,0,0
2025-01-27,0.0,0.0,0.0,12.3,Vellore (Palar Basin),12.9165,79.1325,Tamil Nadu,0.0,0.2,0,0
2025-01-27,0.0,0.0,0.0,14.2,Coimbatore (Western Inland),11.0168,76.9558,Tamil Nadu,0.0,0.2,0,0
2025-01-27,1.4,1.4,3.0,20.1,Nagapattinam (Delta Coast),10.7656,79.8424,Tamil Nadu,1.4,1.6,0,0
2025-01-27,0.0,0.0,0.0,25.1,Kanyakumari (Southern Coast),8.1833,77.4119,Tamil Nadu,1.4,1.4,0,0
2025-01-27,0.0,0.0,0.0,21.8,Salem (Northern Inland),11.6643,78.146,Tamil Nadu,1.4,1.4,0,0
2025-01-28,0.0,0.0,0.0,13.8,Nagapattinam (Delta Coast),10.7656,79.8424,Tamil Nadu,0.0,1.4,0,0
2025-01-28,0.0,0.0,0.0,17.8,Salem (Northern Inland),11.6643,78.146,Tamil Nadu,0.0,1.4,0,0
2025-01-28,0.0,0.0,0.0,11.4,Chennai (Coastal North),13.0827,80.2707,Tamil Nadu,0.0,1.4,0,0
2025-01-28,0.2,0.2,1.0,13.9,Cuddalore (Coastal Central),11.748,79.7714,Tamil Nadu,0.2,1.6,0,0
2025-01-28,0.3,0.3,3.0,13.1,Vellore (Palar Basin),12.9165,79.1325,Tamil Nadu,0.5,0.5,0,0
2025-01-28,0.0,0.0,0.0,12.4,Coimbatore (Western Inland),11.0168,76.9558,Tamil Nadu,0.5,0.5,0,0
2025-01-28,0.0,0.0,0.0,14.1,Madurai (Southern Plains),9.9252,78.1198,Tamil Nadu,0.3,0.5,0,0
2025-01-28,0.0,0.0,0.0,11.2,Nilgiris (Hill Station Zone),11.4102,76.695,Tamil Nadu,0.0,0.5,0,0
2025-01-28,0.0,0.0,0.0,17.4,Kanyakumari (Southern Coast),8.1833,77.4119,Tamil Nadu,0.0,0.5,0,0
2025-01-28,0.0,0.0,0.0,14.6,Tiruchirappalli (Kaveri Basin),10.7905,78.7047,Tamil Nadu,0.0,0.5,0,0
2025-01-29,0.0,0.0,0.0,15.8,Chennai (Coastal North),13.0827,80.2707,Tamil Nadu,0.0,0.3,0,0
2025-01-29,0.0,0.0,0.0,14.1,Vellore (Palar Basin),12.9165,79.1325,Tamil Nadu,0.0,0.0,0,0
2025-01-29,0.0,0.0,0.0,9.3,Nilgiris (Hill Station Zone),11.4102,76.695,Tamil Nadu,0.0,0.0,0,0
2025-01-29,0.0,0.0,0.0,23.4,Kanyakumari (Southern Coast),8.1833,77.4119,Tamil Nadu,0.0,0.0,0,0
2025-01-29,0.0,0.0,0.0,21.4,Cuddalore (Coastal Central),11.748,79.7714,Tamil Nadu,0.0,0.0,0,0
2025-01-29,0.0,0.0,0.0,13.1,Coimbatore (Western Inland),11.0168,76.9558,Tamil Nadu,0.0,0.0,0,0
2025-01-29,0.0,0.0,0.0,16.2,Madurai (Southern Plains),9.9252,78.1198,Tamil Nadu,0.0,0.0,0,0
2025-01-29,0.0,0.0,0.0,19.9,Salem (Northern Inland),11.6643,78.146,Tamil Nadu,0.0,0.0,0,0
2025-01-29,0.0,0.0,0.0,18.2,Tiruchirappalli (Kaveri Basin),10.7905,78.7047,Tamil Nadu,0.0,0.0,0,0
2025-01-29,0.0,0.0,0.0,21.5,Nagapattinam (Delta Coast),10.7656,79.8424,Tamil Nadu,0.0,0.0,0,0
2025-01-30,3.9,3.9,14.0,19.2,Nagapattinam (Delta Coast),10.7656,79.8424,Tamil Nadu,3.9,3.9,0,0
2025-01-30,0.0,0.0,0.0,16.8,Cuddalore (Coastal Central),11.748,79.7714,Tamil Nadu,3.9,3.9,0,0
2025-01-30,0.0,0.0,0.0,12.4,Coimbatore (Western Inland),11.0168,76.9558,Tamil Nadu,3.9,3.9,0,0
2025-01-30,0.8,0.8,4.0,15.7,Madurai (Southern Plains),9.9252,78.1198,Tamil Nadu,0.8,4.7,0,0
2025-01-30,0.9,0.9,5.0,13.8,Tiruchirappalli (Kaveri Basin),10.7905,78.7047,Tamil Nadu,1.7,5.6,0,0
2025-01-30,1.3,1.3,5.0,11.0,Nilgiris (Hill Station Zone),11.4102,76.695,Tamil Nadu,3.0,6.9,0,0
2025-01-30,0.0,0.0,0.0,15.2,Chennai (Coastal North),13.0827,80.2707,Tamil Nadu,2.2,6.9,0,0
2025-01-30,0.0,0.0,0.0,17.1,Salem (Northern Inland),11.6643,78.146,Tamil Nadu,1.3,3.0,0,0
2025-01-30,1.9,1.9,4.0,16.7,Kanyakumari (Southern Coast),8.1833,77.4119,Tamil Nadu,1.9,4.9,0,0
2025-01-30,0.0,0.0,0.0,10.2,Vellore (Palar Basin),12.9165,79.1325,Tamil Nadu,1.9,4.9,0,0
2025-01-31,0.1,0.1,1.0,20.5,Salem (Northern Inland),11.6643,78.146,Tamil Nadu,2.0,4.2,0,0
2025-01-31,2.3,2.3,10.0,18.3,Madurai (Southern Plains),9.9252,78.1198,Tamil Nadu,2.4,5.6,0,0
2025-01-31,0.6,0.6,6.0,14.9,Coimbatore (Western Inland),11.0168,76.9558,Tamil Nadu,3.0,4.9,0,0
2025-01-31,1.5,1.5,5.0,19.0,Kanyakumari (Southern Coast),8.1833,77.4119,Tamil Nadu,4.4,6.4,0,0
2025-01-31,1.2,1.2,10.0,20.3,Nagapattinam (Delta Coast),10.7656,79.8424,Tamil Nadu,3.3,7.6,0,0
2025-01-31,0.8,0.8,5.0,9.1,Nilgiris (Hill Station Zone),11.4102,76.695,Tamil Nadu,3.5,6.5,0,0
2025-01-31,0.0,0.0,0.0,13.6,Vellore (Palar Basin),12.9165,79.1325,Tamil Nadu,2.0,6.5,0,0
2025-01-31,0.4,0.4,4.0,14.1,Chennai (Coastal North),13.0827,80.2707,Tamil Nadu,1.2,6.8,0,0
2025-01-31,1.6,1.6,8.0,19.7,Cuddalore (Coastal Central),11.748,79.7714,Tamil Nadu,2.0,6.1,0,0
2025-01-31,0.9,0.9,6.0,15.8,Tiruchirappalli (Kaveri Basin),10.7905,78.7047,Tamil Nadu,2.9,6.4,0,0
2025-02-01,0.7,0.7,2.0,14.8,Cuddalore (Coastal Central),11.748,79.7714,Tamil Nadu,3.2,5.6,0,0
2025-02-01,1.2,1.2,3.0,13.0,Coimbatore (Western Inland),11.0168,76.9558,Tamil Nadu,2.8,5.6,0,0
2025-02-01,10.0,10.0,7.0,21.0,Kanyakumari (Southern Coast),8.1833,77.4119,Tamil Nadu,11.9,14.8,0,0
2025-02-01,0.9,0.9,4.0,13.7,Nagapattinam (Delta Coast),10.7656,79.8424,Tamil Nadu,12.1,15.7,0,0
2025-02-01,5.3,5.3,4.0,11.8,Nilgiris (Hill Station Zone),11.4102,76.695,Tamil Nadu,16.2,20.6,0,0
2025-02-01,1.1,1.1,8.0,11.4,Chennai (Coastal North),13.0827,80.2707,Tamil Nadu,7.3,20.1,0,0
2025-02-01,1.4,1.4,7.0,14.0,Madurai (Southern Plains),9.9252,78.1198,Tamil Nadu,7.8,20.6,0,0
2025-02-01,0.0,0.0,0.0,19.8,Salem (Northern Inland),11.6643,78.146,Tamil Nadu,2.5,19.9,0,0
2025-02-01,0.1,0.1,1.0,14.4,Vellore (Palar Basin),12.9165,79.1325,Tamil Nadu,1.5,18.8,0,0
2025-02-01,1.7,1.7,8.0,14.8,Tiruchirappalli (Kaveri Basin),10.7905,78.7047,Tamil Nadu,1.8,10.5,0,0
2025-02-02,0.0,0.0,0.0,19.6,Salem (Northern Inland),11.6643,78.146,Tamil Nadu,1.8,9.6,0,0
2025-02-02,0.0,0.0,0.0,12.7,Nilgiris (Hill Station Zone),11.4102,76.695,Tamil Nadu,1.7,4.3,0,0
2025-02-02,0.4,0.4,3.0,13.5,Chennai (Coastal North),13.0827,80.2707,Tamil Nadu,0.4,3.6,0,0
2025-02-02,0.4,0.4,3.0,17.3,Cuddalore (Coastal Central),11.748,79.7714,Tamil Nadu,0.8,2.6,0,0
2025-02-02,3.3,3.3,3.0,14.1,Kanyakumari (Southern Coast),8.1833,77.4119,Tamil Nadu,4.1,5.9,0,0
2025-02-02,0.6,0.6,3.0,16.5,Nagapattinam (Delta Coast),10.7656,79.8424,Tamil Nadu,4.3,6.4,0,0
2025-02-02,0.0,0.0,0.0,13.4,Coimbatore (Western Inland),11.0168,76.9558,Tamil Nadu,3.9,4.7,0,0
2025-02-02,0.2,0.2,2.0,13.4,Tiruchirappalli (Kaveri Basin),10.7905,78.7047,Tamil Nadu,0.8,4.9,0,0
2025-02-02,0.3,0.3,3.0,13.6,Vellore (Palar Basin),12.9165,79.1325,Tamil Nadu,0.5,5.2,0,0
2025-02-02,0.0,0.0,0.0,14.1,Madurai (Southern Plains),9.9252,78.1198,Tamil Nadu,0.5,4.8,0,0
2025-02-03,0.0,0.0,0.0,13.1,Cuddalore (Coastal Central),11.748,79.7714,Tamil Nadu,0.3,4.4,0,0
2025-02-03,0.0,0.0,0.0,12.4,Chennai (Coastal North),13.0827,80.2707,Tamil Nadu,0.0,1.1,0,0
2025-02-03,0.0,0.0,0.0,9.6,Vellore (Palar Basin),12.9165,79.1325,Tamil Nadu,0.0,0.5,0,0
2025-02-03,0.1,0.1,1.0,14.0,Coimbatore (Western Inland),11.0168,76.9558,Tamil Nadu,0.1,0.6,0,0
2025-02-03,0.0,0.0,0.0,9.9,Nilgiris (Hill Station Zone),11.4102,76.695,Tamil Nadu,0.1,0.4,0,0
2025-02-03,0.3,0.3,3.0,12.3,Nagapattinam (Delta Coast),10.7656,79.8424,Tamil Nadu,0.4,0.4,0,0
2025-02-03,0.0,0.0,0.0,16.9,Salem (Northern Inland),11.6643,78.146,Tamil Nadu,0.3,0.4,0,0
2025-02-03,2.1,2.1,4.0,16.3,Kanyakumari (Southern Coast),8.1833,77.4119,Tamil Nadu,2.4,2.5,0,0
2025-02-03,0.0,0.0,0.0,13.8,Madurai (Southern Plains),9.9252,78.1198,Tamil Nadu,2.1,2.5,0,0
2025-02-03,0.2,0.2,2.0,8.7,Tiruchirappalli (Kaveri Basin),10.7905,78.7047,Tamil Nadu,2.3,2.7,0,0
2025-02-04,0.0,0.0,0.0,13.8,Coimbatore (Western Inland),11.0168,76.9558,Tamil Nadu,0.2,2.6,0,0
2025-02-04,0.0,0.0,0.0,10.9,Tiruchirappalli (Kaveri Basin),10.7905,78.7047,Tamil Nadu,0.2,2.6,0,0
2025-02-04,0.0,0.0,0.0,17.3,Salem (Northern Inland),11.6643,78.146,Tamil Nadu,0.0,2.3,0,0
2025-02-04,0.0,0.0,0.0,20.6,Kanyakumari (Southern Coast),8.1833,77.4119,Tamil Nadu,0.0,2.3,0,0
2025-02-04,0.0,0.0,0.0,13.3,Madurai (Southern Plains),9.9252,78.1198,Tamil Nadu,0.0,0.2,0,0
2025-02-04,0.0,0.0,0.0,11.9,Cuddalore (Coastal Central),11.748,79.7714,Tamil Nadu,0.0,0.2,0,0
2025-02-04,0.0,0.0,0.0,10.1,Nilgiris (Hill Station Zone),11.4102,76.695,Tamil Nadu,0.0,0.0,0,0
2025-02-04,0.0,0.0,0.0,13.7,Vellore (Palar Basin),12.9165,79.1325,Tamil Nadu,0.0,0.0,0,0
2025-02-04,0.0,0.0,0.0,11.0,Nagapattinam (Delta Coast),10.7656,79.8424,Tamil Nadu,0.0,0.0,0,0
2025-02-04,0.0,0.0,0.0,10.9,Chennai (Coastal North),13.0827,80.2707,Tamil Nadu,0.0,0.0,0,0
2025-02-05,0.0,0.0,0.0,18.0,Salem (Northern Inland),11.6643,78.146,Tamil Nadu,0.0,0.0,0,0
2025-02-05,0.0,0.0,0.0,12.2,Chennai (Coastal North),13.0827,80.2707,Tamil Nadu,0.0,0.0,0,0
2025-02-05,0.0,0.0,0.0,13.7,Tiruchirappalli (Kaveri Basin),10.7905,78.7047,Tamil Nadu,0.0,0.0,0,0
2025-02-05,0.0,0.0,0.0,13.4,Cuddalore (Coastal Central),11.748,79.7714,Tamil Nadu,0.0,0.0,0,0
2025-02-05,0.0,0.0,0.0,22.0,Kanyakumari (Southern Coast),8.1833,77.4119,Tamil Nadu,0.0,0.0,0,0
2025-02-05,0.0,0.0,0.0,15.2,Coimbatore (Western Inland),11.0168,76.9558,Tamil Nadu,0.0,0.0,0,0
2025-02-05,0.0,0.0,0.0,10.1,Nilgiris (Hill Station Zone),11.4102,76.695,Tamil Nadu,0.0,0.0,0,0
2025-02-05,0.0,0.0,0.0,17.1,Madurai (Southern Plains),9.9252,78.1198,Tamil Nadu,0.0,0.0,0,0
2025-02-05,1.1,1.1,5.0,15.2,Nagapattinam (Delta Coast),10.7656,79.8424,Tamil Nadu,1.1,1.1,0,0
2025-02-05,0.0,0.0,0.0,16.8,Vellore (Palar Basin),12.9165,79.1325,Tamil Nadu,1.1,1.1,0,0
2025-02-06,0.1,0.1,1.0,10.9,Cuddalore (Coastal Central),11.748,79.7714,Tamil Nadu,1.2,1.2,0,0
2025-02-06,0.0,0.0,0.0,18.6,Salem (Northern Inland),11.6643,78.146,Tamil Nadu,0.1,1.2,0,0
2025-02-06,0.2,0.2,2.0,16.1,Nagapattinam (Delta Coast),10.7656,79.8424,Tamil Nadu,0.3,1.4,0,0
2025-02-06,0.1,0.1,1.0,13.6,Tiruchirappalli (Kaveri Basin),10.7905,78.7047,Tamil Nadu,0.3,1.5,0,0
2025-02-06,0.0,0.0,0.0,16.9,Madurai (Southern Plains),9.9252,78.1198,Tamil Nadu,0.3,1.5,0,0
2025-02-06,0.0,0.0,0.0,23.8,Kanyakumari (Southern Coast),8.1833,77.4119,Tamil Nadu,0.1,0.4,0,0
2025-02-06,0.0,0.0,0.0,12.8,Vellore (Palar Basin),12.9165,79.1325,Tamil Nadu,0.0,0.4,0,0
2025-02-06,0.0,0.0,0.0,10.8,Nilgiris (Hill Station Zone),11.4102,76.695,Tamil Nadu,0.0,0.3,0,0
2025-02-06,0.0,0.0,0.0,18.3,Coimbatore (Western Inland),11.0168,76.9558,Tamil Nadu,0.0,0.3,0,0
2025-02-06,0.0,0.0,0.0,10.6,Chennai (Coastal North),13.0827,80.2707,Tamil Nadu,0.0,0.1,0,0
2025-02-07,0.0,0.0,0.0,9.1,Nilgiris (Hill Station Zone),11.4102,76.695,Tamil Nadu,0.0,0.0,0,0
2025-02-07,0.0,0.0,0.0,22.8,Kanyakumari (Southern Coast),8.1833,77.4119,Tamil Nadu,0.0,0.0,0,0
2025-02-07,0.0,0.0,0.0,14.0,Cuddalore (Coastal Central),11.748,79.7714,Tamil Nadu,0.0,0.0,0,0
2025-02-07,0.0,0.0,0.0,15.4,Madurai (Southern Plains),9.9252,78.1198,Tamil Nadu,0.0,0.0,0,0
2025-02-07,0.0,0.0,0.0,17.4,Salem (Northern Inland),11.6643,78.146,Tamil Nadu,0.0,0.0,0,0
2025-02-07,0.0,0.0,0.0,11.6,Chennai (Coastal North),13.0827,80.2707,Tamil Nadu,0.0,0.0,0,0
2025-02-07,0.0,0.0,0.0,15.3,Nagapattinam (Delta Coast),10.7656,79.8424,Tamil Nadu,0.0,0.0,0,0
2025-02-07,0.0,0.0,0.0,13.2,Tiruchirappalli (Kaveri Basin),10.7905,78.7047,Tamil Nadu,0.0,0.0,0,0
2025-02-07,0.0,0.0,0.0,14.4,Vellore (Palar Basin),12.9165,79.1325,Tamil Nadu,0.0,0.0,0,0
2025-02-07,0.0,0.0,0.0,16.8,Coimbatore (Western Inland),11.0168,76.9558,Tamil Nadu,0.0,0.0,0,0
2025-02-08,0.0,0.0,0.0,16.5,Vellore (Palar Basin),12.9165,79.1325,Tamil Nadu,0.0,0.0,0,0
2025-02-08,0.0,0.0,0.0,17.5,Madurai (Southern Plains),9.9252,78.1198,Tamil Nadu,0.0,0.0,0,0
2025-02-08,0.0,0.0,0.0,19.6,Coimbatore (Western Inland),11.0168,76.9558,Tamil Nadu,0.0,0.0,0,0
2025-02-08,0.0,0.0,0.0,13.8,Cuddalore (Coastal Central),11.748,79.7714,Tamil Nadu,0.0,0.0,0,0
2025-02-08,0.0,0.0,0.0,26.5,Kanyakumari (Southern Coast),8.1833,77.4119,Tamil Nadu,0.0,0.0,0,0
2025-02-08,0.0,0.0,0.0,15.0,Tiruchirappalli (Kaveri Basin),10.7905,78.7047,Tamil Nadu,0.0,0.0,0,0
2025-02-08,0.0,0.0,0.0,11.3,Nilgiris (Hill Station Zone),11.4102,76.695,Tamil Nadu,0.0,0.0,0,0
2025-02-08,0.0,0.0,0.0,18.2,Salem (Northern Inland),11.6643,78.146,Tamil Nadu,0.0,0.0,0,0
2025-02-08,0.0,0.0,0.0,12.2,Chennai (Coastal North),13.0827,80.2707,Tamil Nadu,0.0,0.0,0,0
2025-02-08,0.4,0.4,2.0,16.2,Nagapattinam (Delta Coast),10.7656,79.8424,Tamil Nadu,0.4,0.4,0,0
2025-02-09,0.0,0.0,0.0,18.2,Coimbatore (Western Inland),11.0168,76.9558,Tamil Nadu,0.4,0.4,0,0
2025-02-09,0.0,0.0,0.0,21.2,Madurai (Southern Plains),9.9252,78.1198,Tamil Nadu,0.4,0.4,0,0
2025-02-09,0.0,0.0,0.0,17.8,Tiruchirappalli (Kaveri Basin),10.7905,78.7047,Tamil Nadu,0.0,0.4,0,0
2025-02-09,0.2,0.2,2.0,12.3,Chennai (Coastal North),13.0827,80.2707,Tamil Nadu,0.2,0.6,0,0
2025-02-09,0.0,0.0,0.0,18.6,Vellore (Palar Basin),12.9165,79.1325,Tamil Nadu,0.2,0.6,0,0
2025-02-09,0.0,0.0,0.0,12.1,Nilgiris (Hill Station Zone),11.4102,76.695,Tamil Nadu,0.2,0.6,0,0
2025-02-09,0.0,0.0,0.0,19.0,Salem (Northern Inland),11.6643,78.146,Tamil Nadu,0.0,0.2,0,0
2025-02-09,0.1,0.1,1.0,15.6,Cuddalore (Coastal Central),11.748,79.7714,Tamil Nadu,0.1,0.3,0,0
2025-02-09,0.0,0.0,0.0,28.4,Kanyakumari (Southern Coast),8.1833,77.4119,Tamil Nadu,0.1,0.3,0,0
2025-02-09,0.1,0.1,1.0,16.1,Nagapattinam (Delta Coast),10.7656,79.8424,Tamil Nadu,0.2,0.4,0,0
2025-02-10,0.1,0.1,1.0,18.1,Madurai (Southern Plains),9.9252,78.1198,Tamil Nadu,0.2,0.3,0,0
2025-02-10,0.1,0.1,1.0,13.0,Chennai (Coastal North),13.0827,80.2707,Tamil Nadu,0.3,0.4,0,0
2025-02-10,0.0,0.0,0.0,12.7,Coimbatore (Western Inland),11.0168,76.9558,Tamil Nadu,0.2,0.4,0,0
2025-02-10,0.0,0.0,0.0,16.8,Cuddalore (Coastal Central),11.748,79.7714,Tamil Nadu,0.1,0.4,0,0
2025-02-10,0.9,0.9,4.0,14.4,Tiruchirappalli (Kaveri Basin),10.7905,78.7047,Tamil Nadu,0.9,1.2,0,0
2025-02-10,0.1,0.1,1.0,14.6,Vellore (Palar Basin),12.9165,79.1325,Tamil Nadu,1.0,1.3,0,0
2025-02-10,0.0,0.0,0.0,23.2,Kanyakumari (Southern Coast),8.1833,77.4119,Tamil Nadu,1.0,1.2,0,0
2025-02-10,0.0,0.0,0.0,17.0,Nagapattinam (Delta Coast),10.7656,79.8424,Tamil Nadu,0.1,1.1,0,0
2025-02-10,0.0,0.0,0.0,8.5,Nilgiris (Hill Station Zone),11.4102,76.695,Tamil Nadu,0.0,1.0,0,0
2025-02-10,0.0,0.0,0.0,14.6,Salem (Northern Inland),11.6643,78.146,Tamil Nadu,0.0,1.0,0,0
2025-02-11,0.0,0.0,0.0,12.0,Coimbatore (Western Inland),11.0168,76.9558,Tamil Nadu,0.0,1.0,0,0
2025-02-11,0.0,0.0,0.0,14.0,Nagapattinam (Delta Coast),10.7656,79.8424,Tamil Nadu,0.0,0.1,0,0
2025-02-11,0.0,0.0,0.0,13.2,Tiruchirappalli (Kaveri Basin),10.7905,78.7047,Tamil Nadu,0.0,0.0,0,0
2025-02-11,0.0,0.0,0.0,12.6,Nilgiris (Hill Station Zone),11.4102,76.695,Tamil Nadu,0.0,0.0,0,0
2025-02-11,0.0,0.0,0.0,15.8,Salem (Northern Inland),11.6643,78.146,Tamil Nadu,0.0,0.0,0,0
2025-02-11,0.0,0.0,0.0,14.6,Madurai (Southern Plains),9.9252,78.1198,Tamil Nadu,0.0,0.0,0,0
2025-02-11,0.0,0.0,0.0,11.3,Kanyakumari (Southern Coast),8.1833,77.4119,Tamil Nadu,0.0,0.0,0,0
2025-02-11,0.0,0.0,0.0,10.0,Vellore (Palar Basin),12.9165,79.1325,Tamil Nadu,0.0,0.0,0,0
2025-02-11,0.0,0.0,0.0,15.7,Cuddalore (Coastal Central),11.748,79.7714,Tamil Nadu,0.0,0.0,0,0
2025-02-11,0.0,0.0,0.0,13.3,Chennai (Coastal North),13.0827,80.2707,Tamil Nadu,0.0,0.0,0,0
2025-02-12,0.0,0.0,0.0,13.8,Salem (Northern Inland),11.6643,78.146,Tamil Nadu,0.0,0.0,0,0
2025-02-12,0.0,0.0,0.0,23.0,Kanyakumari (Southern Coast),8.1833,77.4119,Tamil Nadu,0.0,0.0,0,0
2025-02-12,0.4,0.4,2.0,15.3,Nagapattinam (Delta Coast),10.7656,79.8424,Tamil Nadu,0.4,0.4,0,0
2025-02-12,0.0,0.0,0.0,16.1,Cuddalore (Coastal Central),11.748,79.7714,Tamil Nadu,0.4,0.4,0,0
2025-02-12,0.0,0.0,0.0,14.3,Coimbatore (Western Inland),11.0168,76.9558,Tamil Nadu,0.4,0.4,0,0
2025-02-12,0.0,0.0,0.0,15.0,Tiruchirappalli (Kaveri Basin),10.7905,78.7047,Tamil Nadu,0.0,0.4,0,0
2025-02-12,0.0,0.0,0.0,14.7,Madurai (Southern Plains),9.9252,78.1198,Tamil Nadu,0.0,0.4,0,0
2025-02-12,0.0,0.0,0.0,12.2,Chennai (Coastal North),13.0827,80.2707,Tamil Nadu,0.0,0.4,0,0
2025-02-12,0.0,0.0,0.0,12.6,Vellore (Palar Basin),12.9165,79.1325,Tamil Nadu,0.0,0.4,0,0
2025-02-12,0.0,0.0,0.0,11.4,Nilgiris (Hill Station Zone),11.4102,76.695,Tamil Nadu,0.0,0.0,0,0
2025-02-13,0.0,0.0,0.0,14.9,Cuddalore (Coastal Central),11.748,79.7714,Tamil Nadu,0.0,0.0,0,0
2025-02-13,0.0,0.0,0.0,12.2,Chennai (Coastal North),13.0827,80.2707,Tamil Nadu,0.0,0.0,0,0
2025-02-13,0.0,0.0,0.0,11.7,Vellore (Palar Basin),12.9165,79.1325,Tamil Nadu,0.0,0.0,0,0
2025-02-13,0.0,0.0,0.0,13.0,Nilgiris (Hill Station Zone),11.4102,76.695,Tamil Nadu,0.0,0.0,0,0
2025-02-13,0.0,0.0,0.0,12.7,Tiruchirappalli (Kaveri Basin),10.7905,78.7047,Tamil Nadu,0.0,0.0,0,0
2025-02-13,0.1,0.1,1.0,11.5,Nagapattinam (Delta Coast),10.7656,79.8424,Tamil Nadu,0.1,0.1,0,0
2025-02-13,0.0,0.0,0.0,15.5,Salem (Northern Inland),11.6643,78.146,Tamil Nadu,0.1,0.1,0,0
2025-02-13,0.0,0.0,0.0,15.8,Kanyakumari (Southern Coast),8.1833,77.4119,Tamil Nadu,0.1,0.1,0,0
2025-02-13,0.0,0.0,0.0,14.7,Madurai (Southern Plains),9.9252,78.1198,Tamil Nadu,0.0,0.1,0,0
2025-02-13,0.0,0.0,0.0,15.9,Coimbatore (Western Inland),11.0168,76.9558,Tamil Nadu,0.0,0.1,0,0
2025-02-14,0.0,0.0,0.0,11.0,Vellore (Palar Basin),12.9165,79.1325,Tamil Nadu,0.0,0.1,0,0
2025-02-14,0.0,0.0,0.0,11.3,Tiruchirappalli (Kaveri Basin),10.7905,78.7047,Tamil Nadu,0.0,0.1,0,0
2025-02-14,0.0,0.0,0.0,16.3,Kanyakumari (Southern Coast),8.1833,77.4119,Tamil Nadu,0.0,0.0,0,0
2025-02-14,0.0,0.0,0.0,15.0,Coimbatore (Western Inland),11.0168,76.9558,Tamil Nadu,0.0,0.0,0,0
2025-02-14,0.0,0.0,0.0,12.5,Madurai (Southern Plains),9.9252,78.1198,Tamil Nadu,0.0,0.0,0,0
2025-02-14,0.0,0.0,0.0,13.2,Cuddalore (Coastal Central),11.748,79.7714,Tamil Nadu,0.0,0.0,0,0
2025-02-14,0.0,0.0,0.0,13.4,Salem (Northern Inland),11.6643,78.146,Tamil Nadu,0.0,0.0,0,0
2025-02-14,0.0,0.0,0.0,12.4,Chennai (Coastal North),13.0827,80.2707,Tamil Nadu,0.0,0.0,0,0
2025-02-14,0.0,0.0,0.0,11.5,Nagapattinam (Delta Coast),10.7656,79.8424,Tamil Nadu,0.0,0.0,0,0
2025-02-14,0.0,0.0,0.0,13.1,Nilgiris (Hill Station Zone),11.4102,76.695,Tamil Nadu,0.0,0.0,0,0
2025-02-15,0.0,0.0,0.0,16.4,Madurai (Southern Plains),9.9252,78.1198,Tamil Nadu,0.0,0.0,0,0
2025-02-15,0.0,0.0,0.0,13.0,Cuddalore (Coastal Central),11.748,79.7714,Tamil Nadu,0.0,0.0,0,0
2025-02-15,0.0,0.0,0.0,18.0,Salem (Northern Inland),11.6643,78.146,Tamil Nadu,0.0,0.0,0,0
2025-02-15,0.0,0.0,0.0,12.3,Nagapattinam (Delta Coast),10.7656,79.8424,Tamil Nadu,0.0,0.0,0,0
2025-02-15,0.0,0.0,0.0,12.9,Vellore (Palar Basin),12.9165,79.1325,Tamil Nadu,0.0,0.0,0,0
2025-02-15,0.0,0.0,0.0,15.8,Kanyakumari (Southern Coast),8.1833,77.4119,Tamil Nadu,0.0,0.0,0,0
2025-02-15,0.0,0.0,0.0,15.9,Coimbatore (Western Inland),11.0168,76.9558,Tamil Nadu,0.0,0.0,0,0
2025-02-15,0.0,0.0,0.0,14.9,Nilgiris (Hill Station Zone),11.4102,76.695,Tamil Nadu,0.0,0.0,0,0
2025-02-15,0.0,0.0,0.0,13.5,Tiruchirappalli (Kaveri Basin),10.7905,78.7047,Tamil Nadu,0.0,0.0,0,0
2025-02-15,0.0,0.0,0.0,14.4,Chennai (Coastal North),13.0827,80.2707,Tamil Nadu,0.0,0.0,0,0
2025-02-16,0.0,0.0,0.0,20.7,Salem (Northern Inland),11.6643,78.146,Tamil Nadu,0.0,0.0,0,0
2025-02-16,0.0,0.0,0.0,14.9,Nagapattinam (Delta Coast),10.7656,79.8424,Tamil Nadu,0.0,0.0,0,0
2025-02-16,0.0,0.0,0.0,16.6,Vellore (Palar Basin),12.9165,79.1325,Tamil Nadu,0.0,0.0,0,0
2025-02-16,0.0,0.0,0.0,15.0,Cuddalore (Coastal Central),11.748,79.7714,Tamil Nadu,0.0,0.0,0,0
2025-02-16,0.0,0.0,0.0,18.0,Tiruchirappalli (Kaveri Basin),10.7905,78.7047,Tamil Nadu,0.0,0.0,0,0
2025-02-16,0.0,0.0,0.0,13.9,Coimbatore (Western Inland),11.0168,76.9558,Tamil Nadu,0.0,0.0,0,0
2025-02-16,0.0,0.0,0.0,13.4,Chennai (Coastal North),13.0827,80.2707,Tamil Nadu,0.0,0.0,0,0
2025-02-16,0.0,0.0,0.0,14.7,Nilgiris (Hill Station Zone),11.4102,76.695,Tamil Nadu,0.0,0.0,0,0
2025-02-16,0.0,0.0,0.0,16.1,Madurai (Southern Plains),9.9252,78.1198,Tamil Nadu,0.0,0.0,0,0
2025-02-16,0.0,0.0,0.0,15.9,Kanyakumari (Southern Coast),8.1833,77.4119,Tamil Nadu,0.0,0.0,0,0
2025-02-17,0.0,0.0,0.0,15.0,Madurai (Southern Plains),9.9252,78.1198,Tamil Nadu,0.0,0.0,0,0
2025-02-17,0.0,0.0,0.0,14.5,Nagapattinam (Delta Coast),10.7656,79.8424,Tamil Nadu,0.0,0.0,0,0
2025-02-17,0.0,0.0,0.0,15.0,Coimbatore (Western Inland),11.0168,76.9558,Tamil Nadu,0.0,0.0,0,0
2025-02-17,0.0,0.0,0.0,19.3,Salem (Northern Inland),11.6643,78.146,Tamil Nadu,0.0,0.0,0,0
2025-02-17,0.0,0.0,0.0,15.5,Vellore (Palar Basin),12.9165,79.1325,Tamil Nadu,0.0,0.0,0,0
2025-02-17,0.0,0.0,0.0,20.0,Kanyakumari (Southern Coast),8.1833,77.4119,Tamil Nadu,0.0,0.0,0,0
2025-02-17,0.0,0.0,0.0,13.9,Cuddalore (Coastal Central),11.748,79.7714,Tamil Nadu,0.0,0.0,0,0
2025-02-17,0.0,0.0,0.0,13.4,Nilgiris (Hill Station Zone),11.4102,76.695,Tamil Nadu,0.0,0.0,0,0
2025-02-17,0.0,0.0,0.0,14.2,Tiruchirappalli (Kaveri Basin),10.7905,78.7047,Tamil Nadu,0.0,0.0,0,0
2025-02-17,0.0,0.0,0.0,13.0,Chennai (Coastal North),13.0827,80.2707,Tamil Nadu,0.0,0.0,0,0
2025-02-18,0.0,0.0,0.0,13.9,Nilgiris (Hill Station Zone),11.4102,76.695,Tamil Nadu,0.0,0.0,0,0
2025-02-18,0.0,0.0,0.0,13.1,Cuddalore (Coastal Central),11.748,79.7714,Tamil Nadu,0.0,0.0,0,0
2025-02-18,0.0,0.0,0.0,15.1,Kanyakumari (Southern Coast),8.1833,77.4119,Tamil Nadu,0.0,0.0,0,0
2025-02-18,0.0,0.0,0.0,15.5,Salem (Northern Inland),11.6643,78.146,Tamil Nadu,0.0,0.0,0,0
2025-02-18,0.0,0.0,0.0,14.9,Coimbatore (Western Inland),11.0168,76.9558,Tamil Nadu,0.0,0.0,0,0
2025-02-18,0.0,0.0,0.0,11.7,Tiruchirappalli (Kaveri Basin),10.7905,78.7047,Tamil Nadu,0.0,0.0,0,0
2025-02-18,0.0,0.0,0.0,10.8,Nagapattinam (Delta Coast),10.7656,79.8424,Tamil Nadu,0.0,0.0,0,0
2025-02-18,0.0,0.0,0.0,13.1,Madurai (Southern Plains),9.9252,78.1198,Tamil Nadu,0.0,0.0,0,0
2025-02-18,0.0,0.0,0.0,13.6,Vellore (Palar Basin),12.9165,79.1325,Tamil Nadu,0.0,0.0,0,0
2025-02-18,0.0,0.0,0.0,14.1,Chennai (Coastal North),13.0827,80.2707,Tamil Nadu,0.0,0.0,0,0
2025-02-19,0.0,0.0,0.0,12.7,Nagapattinam (Delta Coast),10.7656,79.8424,Tamil Nadu,0.0,0.0,0,0
2025-02-19,0.0,0.0,0.0,13.7,Coimbatore (Western Inland),11.0168,76.9558,Tamil Nadu,0.0,0.0,0,0
2025-02-19,0.0,0.0,0.0,12.4,Tiruchirappalli (Kaveri Basin),10.7905,78.7047,Tamil Nadu,0.0,0.0,0,0
2025-02-19,0.0,0.0,0.0,16.8,Salem (Northern Inland),11.6643,78.146,Tamil Nadu,0.0,0.0,0,0
2025-02-19,0.0,0.0,0.0,15.9,Vellore (Palar Basin),12.9165,79.1325,Tamil Nadu,0.0,0.0,0,0
2025-02-19,0.0,0.0,0.0,10.1,Kanyakumari (Southern Coast),8.1833,77.4119,Tamil Nadu,0.0,0.0,0,0
2025-02-19,0.0,0.0,0.0,15.0,Cuddalore (Coastal Central),11.748,79.7714,Tamil Nadu,0.0,0.0,0,0
2025-02-19,0.0,0.0,0.0,14.3,Madurai (Southern Plains),9.9252,78.1198,Tamil Nadu,0.0,0.0,0,0
2025-02-19,0.0,0.0,0.0,15.3,Nilgiris (Hill Station Zone),11.4102,76.695,Tamil Nadu,0.0,0.0,0,0
2025-02-19,0.0,0.0,0.0,13.5,Chennai (Coastal North),13.0827,80.2707,Tamil Nadu,0.0,0.0,0,0
2025-02-20,0.0,0.0,0.0,11.6,Nagapattinam (Delta Coast),10.7656,79.8424,Tamil Nadu,0.0,0.0,0,0
2025-02-20,0.0,0.0,0.0,13.1,Cuddalore (Coastal Central),11.748,79.7714,Tamil Nadu,0.0,0.0,0,0
2025-02-20,0.0,0.0,0.0,18.1,Salem (Northern Inland),11.6643,78.146,Tamil Nadu,0.0,0.0,0,0
2025-02-20,0.0,0.0,0.0,14.6,Vellore (Palar Basin),12.9165,79.1325,Tamil Nadu,0.0,0.0,0,0
2025-02-20,0.0,0.0,0.0,15.5,Tiruchirappalli (Kaveri Basin),10.7905,78.7047,Tamil Nadu,0.0,0.0,0,0
2025-02-20,0.0,0.0,0.0,13.5,Madurai (Southern Plains),9.9252,78.1198,Tamil Nadu,0.0,0.0,0,0
2025-02-20,0.0,0.0,0.0,14.5,Nilgiris (Hill Station Zone),11.4102,76.695,Tamil Nadu,0.0,0.0,0,0
2025-02-20,0.0,0.0,0.0,14.5,Coimbatore (Western Inland),11.0168,76.9558,Tamil Nadu,0.0,0.0,0,0
2025-02-20,0.0,0.0,0.0,12.6,Chennai (Coastal North),13.0827,80.2707,Tamil Nadu,0.0,0.0,0,0
2025-02-20,0.0,0.0,0.0,17.3,Kanyakumari (Southern Coast),8.1833,77.4119,Tamil Nadu,0.0,0.0,0,0
2025-02-21,0.3,0.3,3.0,11.9,Chennai (Coastal North),13.0827,80.2707,Tamil Nadu,0.3,0.3,0,0
2025-02-21,0.0,0.0,0.0,15.1,Madurai (Southern Plains),9.9252,78.1198,Tamil Nadu,0.3,0.3,0,0
2025-02-21,0.0,0.0,0.0,16.2,Cuddalore (Coastal Central),11.748,79.7714,Tamil Nadu,0.3,0.3,0,0
2025-02-21,0.0,0.0,0.0,15.2,Coimbatore (Western Inland),11.0168,76.9558,Tamil Nadu,0.0,0.3,0,0
2025-02-21,0.0,0.0,0.0,18.2,Salem (Northern Inland),11.6643,78.146,Tamil Nadu,0.0,0.3,0,0
2025-02-21,0.0,0.0,0.0,16.8,Kanyakumari (Southern Coast),8.1833,77.4119,Tamil Nadu,0.0,0.3,0,0
2025-02-21,0.0,0.0,0.0,16.8,Tiruchirappalli (Kaveri Basin),10.7905,78.7047,Tamil Nadu,0.0,0.3,0,0
2025-02-21,0.0,0.0,0.0,14.4,Nilgiris (Hill Station Zone),11.4102,76.695,Tamil Nadu,0.0,0.0,0,0
2025-02-21,0.0,0.0,0.0,14.8,Nagapattinam (Delta Coast),10.7656,79.8424,Tamil Nadu,0.0,0.0,0,0
2025-02-21,0.0,0.0,0.0,15.4,Vellore (Palar Basin),12.9165,79.1325,Tamil Nadu,0.0,0.0,0,0
2025-02-22,0.1,0.1,1.0,19.1,Salem (Northern Inland),11.6643,78.146,Tamil Nadu,0.1,0.1,0,0
2025-02-22,0.0,0.0,0.0,14.8,Vellore (Palar Basin),12.9165,79.1325,Tamil Nadu,0.1,0.1,0,0
2025-02-22,0.0,0.0,0.0,16.6,Coimbatore (Western Inland),11.0168,76.9558,Tamil Nadu,0.1,0.1,0,0
2025-02-22,0.0,0.0,0.0,17.1,Nilgiris (Hill Station Zone),11.4102,76.695,Tamil Nadu,0.0,0.1,0,0
2025-02-22,0.0,0.0,0.0,15.6,Cuddalore (Coastal Central),11.748,79.7714,Tamil Nadu,0.0,0.1,0,0
2025-02-22,0.0,0.0,0.0,12.7,Nagapattinam (Delta Coast),10.7656,79.8424,Tamil Nadu,0.0,0.1,0,0
2025-02-22,0.2,0.2,2.0,16.5,Kanyakumari (Southern Coast),8.1833,77.4119,Tamil Nadu,0.2,0.3,0,0
2025-02-22,0.0,0.0,0.0,13.1,Tiruchirappalli (Kaveri Basin),10.7905,78.7047,Tamil Nadu,0.2,0.2,0,0
2025-02-22,0.0,0.0,0.0,14.5,Chennai (Coastal North),13.0827,80.2707,Tamil Nadu,0.2,0.2,0,0
2025-02-22,0.0,0.0,0.0,14.5,Madurai (Southern Plains),9.9252,78.1198,Tamil Nadu,0.0,0.2,0,0
2025-02-23,0.0,0.0,0.0,18.6,Vellore (Palar Basin),12.9165,79.1325,Tamil Nadu,0.0,0.2,0,0
2025-02-23,0.0,0.0,0.0,17.8,Kanyakumari (Southern Coast),8.1833,77.4119,Tamil Nadu,0.0,0.2,0,0
2025-02-23,0.0,0.0,0.0,16.0,Tiruchirappalli (Kaveri Basin),10.7905,78.7047,Tamil Nadu,0.0,0.2,0,0
2025-02-23,0.0,0.0,0.0,12.7,Chennai (Coastal North),13.0827,80.2707,Tamil Nadu,0.0,0.0,0,0
2025-02-23,0.0,0.0,0.0,20.0,Nilgiris (Hill Station Zone),11.4102,76.695,Tamil Nadu,0.0,0.0,0,0
2025-02-23,0.0,0.0,0.0,20.2,Coimbatore (Western Inland),11.0168,76.9558,Tamil Nadu,0.0,0.0,0,0
2025-02-23,0.0,0.0,0.0,17.0,Madurai (Southern Plains),9.9252,78.1198,Tamil Nadu,0.0,0.0,0,0
2025-02-23,0.0,0.0,0.0,18.6,Salem (Northern Inland),11.6643,78.146,Tamil Nadu,0.0,0.0,0,0
2025-02-23,0.0,0.0,0.0,13.9,Nagapattinam (Delta Coast),10.7656,79.8424,Tamil Nadu,0.0,0.0,0,0
2025-02-23,0.0,0.0,0.0,15.1,Cuddalore (Coastal Central),11.748,79.7714,Tamil Nadu,0.0,0.0,0,0
2025-02-24,0.0,0.0,0.0,20.8,Tiruchirappalli (Kaveri Basin),10.7905,78.7047,Tamil Nadu,0.0,0.0,0,0
2025-02-24,0.0,0.0,0.0,17.0,Nilgiris (Hill Station Zone),11.4102,76.695,Tamil Nadu,0.0,0.0,0,0
2025-02-24,0.0,0.0,0.0,15.7,Chennai (Coastal North),13.0827,80.2707,Tamil Nadu,0.0,0.0,0,0
2025-02-24,0.0,0.0,0.0,18.7,Salem (Northern Inland),11.6643,78.146,Tamil Nadu,0.0,0.0,0,0
2025-02-24,0.0,0.0,0.0,20.2,Nagapattinam (Delta Coast),10.7656,79.8424,Tamil Nadu,0.0,0.0,0,0
2025-02-24,0.0,0.0,0.0,19.2,Madurai (Southern Plains),9.9252,78.1198,Tamil Nadu,0.0,0.0,0,0
2025-02-24,0.0,0.0,0.0,20.1,Cuddalore (Coastal Central),11.748,79.7714,Tamil Nadu,0.0,0.0,0,0
2025-02-24,0.0,0.0,0.0,27.0,Kanyakumari (Southern Coast),8.1833,77.4119,Tamil Nadu,0.0,0.0,0,0
2025-02-24,0.0,0.0,0.0,19.3,Vellore (Palar Basin),12.9165,79.1325,Tamil Nadu,0.0,0.0,0,0
2025-02-24,0.0,0.0,0.0,19.2,Coimbatore (Western Inland),11.0168,76.9558,Tamil Nadu,0.0,0.0,0,0
2025-02-25,0.0,0.0,0.0,17.1,Chennai (Coastal North),13.0827,80.2707,Tamil Nadu,0.0,0.0,0,0
2025-02-25,0.6,0.6,3.0,21.7,Kanyakumari (Southern Coast),8.1833,77.4119,Tamil Nadu,0.6,0.6,0,0
2025-02-25,0.0,0.0,0.0,18.7,Salem (Northern Inland),11.6643,78.146,Tamil Nadu,0.6,0.6,0,0
2025-02-25,1.9,1.9,6.0,22.1,Madurai (Southern Plains),9.9252,78.1198,Tamil Nadu,2.5,2.5,0,0
2025-02-25,0.0,0.0,0.0,16.4,Coimbatore (Western Inland),11.0168,76.9558,Tamil Nadu,1.9,2.5,0,0
2025-02-25,2.5,2.5,2.0,20.8,Tiruchirappalli (Kaveri Basin),10.7905,78.7047,Tamil Nadu,4.4,5.0,0,0
2025-02-25,0.1,0.1,1.0,18.7,Vellore (Palar Basin),12.9165,79.1325,Tamil Nadu,2.6,5.1,0,0
2025-02-25,0.2,0.2,2.0,22.6,Cuddalore (Coastal Central),11.748,79.7714,Tamil Nadu,2.8,5.3,0,0
2025-02-25,2.4,2.4,10.0,23.3,Nagapattinam (Delta Coast),10.7656,79.8424,Tamil Nadu,2.7,7.1,0,0
2025-02-25,0.0,0.0,0.0,13.1,Nilgiris (Hill Station Zone),11.4102,76.695,Tamil Nadu,2.6,7.1,0,0
2025-02-26,0.0,0.0,0.0,20.8,Vellore (Palar Basin),12.9165,79.1325,Tamil Nadu,2.4,5.2,0,0
2025-02-26,0.0,0.0,0.0,18.6,Salem (Northern Inland),11.6643,78.146,Tamil Nadu,0.0,5.2,0,0
2025-02-26,0.0,0.0,0.0,20.0,Coimbatore (Western Inland),11.0168,76.9558,Tamil Nadu,0.0,2.7,0,0
2025-02-26,0.3,0.3,3.0,25.4,Tiruchirappalli (Kaveri Basin),10.7905,78.7047,Tamil Nadu,0.3,2.9,0,0
2025-02-26,0.0,0.0,0.0,15.3,Nilgiris (Hill Station Zone),11.4102,76.695,Tamil Nadu,0.3,2.7,0,0
2025-02-26,0.0,0.0,0.0,19.1,Chennai (Coastal North),13.0827,80.2707,Tamil Nadu,0.3,0.3,0,0
2025-02-26,0.9,0.9,6.0,24.0,Madurai (Southern Plains),9.9252,78.1198,Tamil Nadu,0.9,1.2,0,0
2025-02-26,2.9,2.9,11.0,26.3,Nagapattinam (Delta Coast),10.7656,79.8424,Tamil Nadu,3.8,4.1,0,0
2025-02-26,0.0,0.0,0.0,24.4,Cuddalore (Coastal Central),11.748,79.7714,Tamil Nadu,3.8,4.1,0,0
2025-02-26,3.3,3.3,7.0,28.3,Kanyakumari (Southern Coast),8.1833,77.4119,Tamil Nadu,6.2,7.4,0,0
2025-02-27,0.0,0.0,0.0,16.7,Coimbatore (Western Inland),11.0168,76.9558,Tamil Nadu,3.3,7.1,0,0
2025-02-27,0.0,0.0,0.0,17.5,Salem (Northern Inland),11.6643,78.146,Tamil Nadu,3.3,7.1,0,0
2025-02-27,0.0,0.0,0.0,10.4,Nilgiris (Hill Station Zone),11.4102,76.695,Tamil Nadu,0.0,7.1,0,0
2025-02-27,0.3,0.3,2.0,21.9,Madurai (Southern Plains),9.9252,78.1198,Tamil Nadu,0.3,6.5,0,0
2025-02-27,0.0,0.0,0.0,18.2,Vellore (Palar Basin),12.9165,79.1325,Tamil Nadu,0.3,3.6,0,0
2025-02-27,3.5,3.5,8.0,26.7,Kanyakumari (Southern Coast),8.1833,77.4119,Tamil Nadu,3.8,7.1,0,0
2025-02-27,6.3,6.3,15.0,24.9,Nagapattinam (Delta Coast),10.7656,79.8424,Tamil Nadu,9.8,10.1,0,0
2025-02-27,0.2,0.2,2.0,21.4,Tiruchirappalli (Kaveri Basin),10.7905,78.7047,Tamil Nadu,10.0,10.3,0,0
2025-02-27,0.0,0.0,0.0,16.7,Chennai (Coastal North),13.0827,80.2707,Tamil Nadu,6.5,10.3,0,0
2025-02-27,0.5,0.5,4.0,22.7,Cuddalore (Coastal Central),11.748,79.7714,Tamil Nadu,0.7,10.8,0,0
2025-02-28,3.2,3.2,5.0,12.7,Nilgiris (Hill Station Zone),11.4102,76.695,Tamil Nadu,3.7,13.7,0,0
2025-02-28,0.0,0.0,0.0,14.7,Vellore (Palar Basin),12.9165,79.1325,Tamil Nadu,3.7,13.7,0,0
2025-02-28,9.1,9.1,16.0,23.2,Nagapattinam (Delta Coast),10.7656,79.8424,Tamil Nadu,12.3,19.3,0,0
2025-02-28,0.8,0.8,2.0,18.4,Coimbatore (Western Inland),11.0168,76.9558,Tamil Nadu,9.9,13.8,0,0
2025-02-28,6.1,6.1,15.0,22.2,Cuddalore (Coastal Central),11.748,79.7714,Tamil Nadu,16.0,19.7,0,0
2025-02-28,0.0,0.0,0.0,19.2,Salem (Northern Inland),11.6643,78.146,Tamil Nadu,6.9,19.7,0,0
2025-02-28,9.9,9.9,12.0,25.8,Kanyakumari (Southern Coast),8.1833,77.4119,Tamil Nadu,16.0,29.1,0,0
2025-02-28,14.7,14.7,7.0,27.6,Madurai (Southern Plains),9.9252,78.1198,Tamil Nadu,24.6,40.6,0,0
2025-02-28,0.1,0.1,1.0,17.8,Chennai (Coastal North),13.0827,80.2707,Tamil Nadu,24.7,40.7,0,0
2025-02-28,2.7,2.7,9.0,23.2,Tiruchirappalli (Kaveri Basin),10.7905,78.7047,Tamil Nadu,17.5,34.3,0,0
2025-03-01,6.6,6.6,13.0,19.1,Cuddalore (Coastal Central),11.748,79.7714,Tamil Nadu,9.4,40.1,0,0
2025-03-01,21.4,21.4,21.0,18.3,Nagapattinam (Delta Coast),10.7656,79.8424,Tamil Nadu,30.7,55.4,0,0
2025-03-01,3.5,3.5,15.0,17.9,Coimbatore (Western Inland),11.0168,76.9558,Tamil Nadu,31.5,58.9,0,0
2025-03-01,0.4,0.4,4.0,16.3,Chennai (Coastal North),13.0827,80.2707,Tamil Nadu,25.3,49.4,0,0
2025-03-01,0.5,0.5,2.0,18.6,Salem (Northern Inland),11.6643,78.146,Tamil Nadu,4.4,35.2,0,0
2025-03-01,1.8,1.8,9.0,27.3,Kanyakumari (Southern Coast),8.1833,77.4119,Tamil Nadu,2.7,36.9,0,0
2025-03-01,6.3,6.3,14.0,21.6,Madurai (Southern Plains),9.9252,78.1198,Tamil Nadu,8.6,40.5,0,0
2025-03-01,0.5,0.5,5.0,14.9,Vellore (Palar Basin),12.9165,79.1325,Tamil Nadu,8.6,34.4,0,0
2025-03-01,2.0,2.0,9.0,12.9,Nilgiris (Hill Station Zone),11.4102,76.695,Tamil Nadu,8.8,15.0,0,0
2025-03-01,4.2,4.2,11.0,20.1,Tiruchirappalli (Kaveri Basin),10.7905,78.7047,Tamil Nadu,6.7,15.7,0,0
2025-03-02,1.1,1.1,5.0,10.0,Nilgiris (Hill Station Zone),11.4102,76.695,Tamil Nadu,7.3,16.4,0,0
2025-03-02,0.0,0.0,0.0,13.0,Chennai (Coastal North),13.0827,80.2707,Tamil Nadu,5.3,15.9,0,0
2025-03-02,0.0,0.0,0.0,15.5,Vellore (Palar Basin),12.9165,79.1325,Tamil Nadu,1.1,14.1,0,0
2025-03-02,0.0,0.0,0.0,22.0,Salem (Northern Inland),11.6643,78.146,Tamil Nadu,0.0,7.8,0,0
2025-03-02,3.3,3.3,5.0,17.4,Kanyakumari (Southern Coast),8.1833,77.4119,Tamil Nadu,3.3,10.6,0,0
2025-03-02,2.4,2.4,11.0,18.1,Coimbatore (Western Inland),11.0168,76.9558,Tamil Nadu,5.7,11.0,0,0
2025-03-02,1.5,1.5,9.0,14.3,Tiruchirappalli (Kaveri Basin),10.7905,78.7047,Tamil Nadu,7.2,8.3,0,0
2025-03-02,6.7,6.7,14.0,13.1,Madurai (Southern Plains),9.9252,78.1198,Tamil Nadu,10.6,13.9,0,0
2025-03-02,1.7,1.7,8.0,14.7,Nagapattinam (Delta Coast),10.7656,79.8424,Tamil Nadu,9.9,15.6,0,0
2025-03-02,0.5,0.5,2.0,14.7,Cuddalore (Coastal Central),11.748,79.7714,Tamil Nadu,8.9,16.1,0,0
2025-03-03,0.3,0.3,2.0,13.1,Nagapattinam (Delta Coast),10.7656,79.8424,Tamil Nadu,2.5,16.4,0,0
2025-03-03,0.0,0.0,0.0,16.9,Nilgiris (Hill Station Zone),11.4102,76.695,Tamil Nadu,0.8,13.1,0,0
2025-03-03,0.0,0.0,0.0,17.6,Vellore (Palar Basin),12.9165,79.1325,Tamil Nadu,0.3,10.7,0,0
2025-03-03,0.1,0.1,1.0,18.0,Salem (Northern Inland),11.6643,78.146,Tamil Nadu,0.1,9.3,0,0
2025-03-03,0.0,0.0,0.0,14.9,Chennai (Coastal North),13.0827,80.2707,Tamil Nadu,0.1,2.6,0,0
2025-03-03,0.1,0.1,1.0,14.4,Cuddalore (Coastal Central),11.748,79.7714,Tamil Nadu,0.2,1.0,0,0
2025-03-03,0.1,0.1,1.0,14.4,Tiruchirappalli (Kaveri Basin),10.7905,78.7047,Tamil Nadu,0.2,0.6,0,0
2025-03-03,0.5,0.5,4.0,18.5,Kanyakumari (Southern Coast),8.1833,77.4119,Tamil Nadu,0.7,0.8,0,0
2025-03-03,0.6,0.6,2.0,14.8,Madurai (Southern Plains),9.9252,78.1198,Tamil Nadu,1.2,1.4,0,0
2025-03-03,2.4,2.4,6.0,12.5,Coimbatore (Western Inland),11.0168,76.9558,Tamil Nadu,3.5,3.8,0,0
2025-03-04,0.1,0.1,1.0,11.4,Tiruchirappalli (Kaveri Basin),10.7905,78.7047,Tamil Nadu,3.1,3.8,0,0
2025-03-04,0.0,0.0,0.0,14.7,Cuddalore (Coastal Central),11.748,79.7714,Tamil Nadu,2.5,3.8,0,0
2025-03-04,0.0,0.0,0.0,23.1,Kanyakumari (Southern Coast),8.1833,77.4119,Tamil Nadu,0.1,3.7,0,0
2025-03-04,0.0,0.0,0.0,19.8,Nilgiris (Hill Station Zone),11.4102,76.695,Tamil Nadu,0.0,3.6,0,0
2025-03-04,0.0,0.0,0.0,15.0,Coimbatore (Western Inland),11.0168,76.9558,Tamil Nadu,0.0,3.1,0,0
2025-03-04,0.1,0.1,1.0,12.4,Nagapattinam (Delta Coast),10.7656,79.8424,Tamil Nadu,0.1,2.6,0,0
2025-03-04,0.0,0.0,0.0,11.5,Madurai (Southern Plains),9.9252,78.1198,Tamil Nadu,0.1,0.2,0,0
2025-03-04,0.0,0.0,0.0,18.5,Vellore (Palar Basin),12.9165,79.1325,Tamil Nadu,0.1,0.1,0,0
2025-03-04,0.0,0.0,0.0,14.0,Chennai (Coastal North),13.0827,80.2707,Tamil Nadu,0.0,0.1,0,0
2025-03-04,0.0,0.0,0.0,18.5,Salem (Northern Inland),11.6643,78.146,Tamil Nadu,0.0,0.1,0,0
2025-03-05,0.0,0.0,0.0,9.7,Madurai (Southern Plains),9.9252,78.1198,Tamil Nadu,0.0,0.1,0,0
2025-03-05,0.0,0.0,0.0,14.1,Nagapattinam (Delta Coast),10.7656,79.8424,Tamil Nadu,0.0,0.1,0,0
2025-03-05,0.0,0.0,0.0,11.8,Tiruchirappalli (Kaveri Basin),10.7905,78.7047,Tamil Nadu,0.0,0.0,0,0
2025-03-05,0.0,0.0,0.0,15.0,Vellore (Palar Basin),12.9165,79.1325,Tamil Nadu,0.0,0.0,0,0
2025-03-05,0.0,0.0,0.0,13.5,Chennai (Coastal North),13.0827,80.2707,Tamil Nadu,0.0,0.0,0,0
2025-03-05,0.0,0.0,0.0,16.0,Cuddalore (Coastal Central),11.748,79.7714,Tamil Nadu,0.0,0.0,0,0
2025-03-05,0.0,0.0,0.0,14.8,Coimbatore (Western Inland),11.0168,76.9558,Tamil Nadu,0.0,0.0,0,0
2025-03-05,0.0,0.0,0.0,15.1,Kanyakumari (Southern Coast),8.1833,77.4119,Tamil Nadu,0.0,0.0,0,0
2025-03-05,0.0,0.0,0.0,20.6,Salem (Northern Inland),11.6643,78.146,Tamil Nadu,0.0,0.0,0,0
2025-03-05,0.0,0.0,0.0,18.4,Nilgiris (Hill Station Zone),11.4102,76.695,Tamil Nadu,0.0,0.0,0,0
2025-03-06,0.0,0.0,0.0,22.2,Salem (Northern Inland),11.6643,78.146,Tamil Nadu,0.0,0.0,0,0
2025-03-06,0.0,0.0,0.0,13.6,Tiruchirappalli (Kaveri Basin),10.7905,78.7047,Tamil Nadu,0.0,0.0,0,0
2025-03-06,0.0,0.0,0.0,16.6,Chennai (Coastal North),13.0827,80.2707,Tamil Nadu,0.0,0.0,0,0
2025-03-06,0.0,0.0,0.0,17.7,Vellore (Palar Basin),12.9165,79.1325,Tamil Nadu,0.0,0.0,0,0
2025-03-06,0.0,0.0,0.0,14.4,Madurai (Southern Plains),9.9252,78.1198,Tamil Nadu,0.0,0.0,0,0
2025-03-06,0.5,0.5,3.0,12.8,Kanyakumari (Southern Coast),8.1833,77.4119,Tamil Nadu,0.5,0.5,0,0
2025-03-06,0.0,0.0,0.0,14.6,Coimbatore (Western Inland),11.0168,76.9558,Tamil Nadu,0.5,0.5,0,0
2025-03-06,0.0,0.0,0.0,16.3,Cuddalore (Coastal Central),11.748,79.7714,Tamil Nadu,0.5,0.5,0,0
2025-03-06,0.0,0.0,0.0,12.3,Nagapattinam (Delta Coast),10.7656,79.8424,Tamil Nadu,0.0,0.5,0,0
2025-03-06,0.0,0.0,0.0,18.0,Nilgiris (Hill Station Zone),11.4102,76.695,Tamil Nadu,0.0,0.5,0,0
2025-03-07,0.0,0.0,0.0,15.5,Nilgiris (Hill Station Zone),11.4102,76.695,Tamil Nadu,0.0,0.5,0,0
2025-03-07,0.0,0.0,0.0,16.1,Tiruchirappalli (Kaveri Basin),10.7905,78.7047,Tamil Nadu,0.0,0.5,0,0
2025-03-07,0.0,0.0,0.0,16.6,Madurai (Southern Plains),9.9252,78.1198,Tamil Nadu,0.0,0.0,0,0
2025-03-07,0.0,0.0,0.0,14.4,Vellore (Palar Basin),12.9165,79.1325,Tamil Nadu,0.0,0.0,0,0
2025-03-07,0.0,0.0,0.0,14.1,Chennai (Coastal North),13.0827,80.2707,Tamil Nadu,0.0,0.0,0,0
2025-03-07,0.0,0.0,0.0,22.9,Salem (Northern Inland),11.6643,78.146,Tamil Nadu,0.0,0.0,0,0
2025-03-07,0.0,0.0,0.0,12.0,Coimbatore (Western Inland),11.0168,76.9558,Tamil Nadu,0.0,0.0,0,0
2025-03-07,0.0,0.0,0.0,15.6,Cuddalore (Coastal Central),11.748,79.7714,Tamil Nadu,0.0,0.0,0,0
2025-03-07,0.0,0.0,0.0,12.7,Nagapattinam (Delta Coast),10.7656,79.8424,Tamil Nadu,0.0,0.0,0,0
2025-03-07,2.7,2.7,5.0,15.0,Kanyakumari (Southern Coast),8.1833,77.4119,Tamil Nadu,2.7,2.7,0,0
2025-03-08,0.0,0.0,0.0,17.3,Cuddalore (Coastal Central),11.748,79.7714,Tamil Nadu,2.7,2.7,0,0
2025-03-08,0.1,0.1,1.0,14.4,Tiruchirappalli (Kaveri Basin),10.7905,78.7047,Tamil Nadu,2.8,2.8,0,0
2025-03-08,0.0,0.0,0.0,12.2,Coimbatore (Western Inland),11.0168,76.9558,Tamil Nadu,0.1,2.8,0,0
2025-03-08,0.0,0.0,0.0,16.9,Madurai (Southern Plains),9.9252,78.1198,Tamil Nadu,0.1,2.8,0,0
2025-03-08,0.0,0.0,0.0,17.0,Nilgiris (Hill Station Zone),11.4102,76.695,Tamil Nadu,0.0,2.8,0,0
2025-03-08,0.1,0.1,1.0,12.6,Nagapattinam (Delta Coast),10.7656,79.8424,Tamil Nadu,0.1,2.9,0,0
2025-03-08,0.0,0.0,0.0,24.1,Salem (Northern Inland),11.6643,78.146,Tamil Nadu,0.1,0.2,0,0
2025-03-08,0.0,0.0,0.0,16.1,Chennai (Coastal North),13.0827,80.2707,Tamil Nadu,0.1,0.2,0,0
2025-03-08,8.1,8.1,9.0,14.9,Kanyakumari (Southern Coast),8.1833,77.4119,Tamil Nadu,8.1,8.2,0,0
2025-03-08,0.0,0.0,0.0,15.8,Vellore (Palar Basin),12.9165,79.1325,Tamil Nadu,8.1,8.2,0,0
2025-03-09,0.0,0.0,0.0,20.6,Vellore (Palar Basin),12.9165,79.1325,Tamil Nadu,8.1,8.2,0,0
2025-03-09,0.0,0.0,0.0,17.1,Tiruchirappalli (Kaveri Basin),10.7905,78.7047,Tamil Nadu,0.0,8.2,0,0
2025-03-09,0.0,0.0,0.0,14.9,Chennai (Coastal North),13.0827,80.2707,Tamil Nadu,0.0,8.1,0,0
2025-03-09,0.0,0.0,0.0,15.2,Coimbatore (Western Inland),11.0168,76.9558,Tamil Nadu,0.0,8.1,0,0
2025-03-09,0.0,0.0,0.0,22.7,Salem (Northern Inland),11.6643,78.146,Tamil Nadu,0.0,8.1,0,0
2025-03-09,0.0,0.0,0.0,15.3,Nilgiris (Hill Station Zone),11.4102,76.695,Tamil Nadu,0.0,0.0,0,0
2025-03-09,0.0,0.0,0.0,14.9,Nagapattinam (Delta Coast),10.7656,79.8424,Tamil Nadu,0.0,0.0,0,0
2025-03-09,0.0,0.0,0.0,15.2,Madurai (Southern Plains),9.9252,78.1198,Tamil Nadu,0.0,0.0,0,0
2025-03-09,0.0,0.0,0.0,23.0,Kanyakumari (Southern Coast),8.1833,77.4119,Tamil Nadu,0.0,0.0,0,0
2025-03-09,0.0,0.0,0.0,16.5,Cuddalore (Coastal Central),11.748,79.7714,Tamil Nadu,0.0,0.0,0,0
2025-03-10,0.0,0.0,0.0,20.2,Madurai (Southern Plains),9.9252,78.1198,Tamil Nadu,0.0,0.0,0,0
2025-03-10,0.0,0.0,0.0,26.2,Kanyakumari (Southern Coast),8.1833,77.4119,Tamil Nadu,0.0,0.0,0,0
2025-03-10,0.0,0.0,0.0,16.9,Nilgiris (Hill Station Zone),11.4102,76.695,Tamil Nadu,0.0,0.0,0,0
2025-03-10,0.0,0.0,0.0,15.8,Coimbatore (Western Inland),11.0168,76.9558,Tamil Nadu,0.0,0.0,0,0
2025-03-10,0.0,0.0,0.0,21.7,Tiruchirappalli (Kaveri Basin),10.7905,78.7047,Tamil Nadu,0.0,0.0,0,0
2025-03-10,0.0,0.0,0.0,20.9,Salem (Northern Inland),11.6643,78.146,Tamil Nadu,0.0,0.0,0,0
2025-03-10,0.1,0.1,1.0,17.4,Chennai (Coastal North),13.0827,80.2707,Tamil Nadu,0.1,0.1,0,0
2025-03-10,0.1,0.1,1.0,18.6,Vellore (Palar Basin),12.9165,79.1325,Tamil Nadu,0.2,0.2,0,0
2025-03-10,0.3,0.3,2.0,23.9,Nagapattinam (Delta Coast),10.7656,79.8424,Tamil Nadu,0.5,0.5,0,0
2025-03-10,0.0,0.0,0.0,22.2,Cuddalore (Coastal Central),11.748,79.7714,Tamil Nadu,0.4,0.5,0,0
2025-03-11,4.2,4.2,9.0,19.2,Salem (Northern Inland),11.6643,78.146,Tamil Nadu,4.5,4.7,0,0
2025-03-11,14.8,14.8,15.0,18.6,Chennai (Coastal North),13.0827,80.2707,Tamil Nadu,19.0,19.5,0,0
2025-03-11,17.2,17.2,12.0,25.2,Tiruchirappalli (Kaveri Basin),10.7905,78.7047,Tamil Nadu,36.2,36.7,0,0
2025-03-11,6.4,6.4,12.0,19.0,Nilgiris (Hill Station Zone),11.4102,76.695,Tamil Nadu,38.4,43.0,0,0
2025-03-11,36.5,36.5,19.0,24.2,Nagapattinam (Delta Coast),10.7656,79.8424,Tamil Nadu,60.1,79.4,0,0
2025-03-11,24.6,24.6,21.0,21.4,Cuddalore (Coastal Central),11.748,79.7714,Tamil Nadu,67.5,103.7,0,0
2025-03-11,14.3,14.3,12.0,25.1,Madurai (Southern Plains),9.9252,78.1198,Tamil Nadu,75.4,118.0,0,0
2025-03-11,17.2,17.2,8.0,19.8,Coimbatore (Western Inland),11.0168,76.9558,Tamil Nadu,56.1,131.0,0,0
2025-03-11,9.0,9.0,18.0,16.7,Kanyakumari (Southern Coast),8.1833,77.4119,Tamil Nadu,40.5,125.2,0,0
2025-03-11,10.9,10.9,9.0,19.5,Vellore (Palar Basin),12.9165,79.1325,Tamil Nadu,37.1,118.9,0,0
2025-03-12,10.6,10.6,13.0,16.2,Nagapattinam (Delta Coast),10.7656,79.8424,Tamil Nadu,30.5,123.1,0,0
2025-03-12,2.9,2.9,4.0,18.0,Salem (Northern Inland),11.6643,78.146,Tamil Nadu,24.4,89.5,0,0
2025-03-12,1.8,1.8,6.0,12.1,Chennai (Coastal North),13.0827,80.2707,Tamil Nadu,15.3,66.7,0,0
2025-03-12,16.1,16.1,9.0,16.3,Coimbatore (Western Inland),11.0168,76.9558,Tamil Nadu,20.8,68.5,0,0
2025-03-12,14.9,14.9,10.0,17.0,Tiruchirappalli (Kaveri Basin),10.7905,78.7047,Tamil Nadu,32.8,66.2,0,0
2025-03-12,3.8,3.8,10.0,18.0,Kanyakumari (Southern Coast),8.1833,77.4119,Tamil Nadu,34.8,61.0,0,0
2025-03-12,2.2,2.2,5.0,17.1,Vellore (Palar Basin),12.9165,79.1325,Tamil Nadu,20.9,52.3,0,0
2025-03-12,37.6,37.6,16.0,12.2,Madurai (Southern Plains),9.9252,78.1198,Tamil Nadu,43.6,79.3,0,0
2025-03-12,12.7,12.7,10.0,13.6,Nilgiris (Hill Station Zone),11.4102,76.695,Tamil Nadu,52.5,89.1,0,0
2025-03-12,9.6,9.6,14.0,15.6,Cuddalore (Coastal Central),11.748,79.7714,Tamil Nadu,59.9,96.9,0,0
2025-03-13,0.0,0.0,0.0,14.8,Chennai (Coastal North),13.0827,80.2707,Tamil Nadu,22.3,80.8,0,0
2025-03-13,0.0,0.0,0.0,9.9,Madurai (Southern Plains),9.9252,78.1198,Tamil Nadu,9.6,65.9,0,0
2025-03-13,0.0,0.0,0.0,13.4,Nagapattinam (Delta Coast),10.7656,79.8424,Tamil Nadu,0.0,62.1,0,0
2025-03-13,0.3,0.3,1.0,13.2,Salem (Northern Inland),11.6643,78.146,Tamil Nadu,0.3,60.2,0,0
2025-03-13,0.0,0.0,0.0,20.7,Kanyakumari (Southern Coast),8.1833,77.4119,Tamil Nadu,0.3,22.6,0,0
2025-03-13,0.0,0.0,0.0,14.9,Cuddalore (Coastal Central),11.748,79.7714,Tamil Nadu,0.3,9.9,0,0
2025-03-13,0.0,0.0,0.0,13.2,Vellore (Palar Basin),12.9165,79.1325,Tamil Nadu,0.0,0.3,0,0
2025-03-13,0.0,0.0,0.0,11.4,Tiruchirappalli (Kaveri Basin),10.7905,78.7047,Tamil Nadu,0.0,0.3,0,0
2025-03-13,0.0,0.0,0.0,9.9,Coimbatore (Western Inland),11.0168,76.9558,Tamil Nadu,0.0,0.3,0,0
2025-03-13,0.4,0.4,4.0,12.7,Nilgiris (Hill Station Zone),11.4102,76.695,Tamil Nadu,0.4,0.7,0,0
2025-03-14,0.0,0.0,0.0,14.2,Madurai (Southern Plains),9.9252,78.1198,Tamil Nadu,0.4,0.4,0,0
2025-03-14,4.4,4.4,4.0,13.0,Kanyakumari (Southern Coast),8.1833,77.4119,Tamil Nadu,4.8,4.8,0,0
2025-03-14,0.0,0.0,0.0,16.2,Chennai (Coastal North),13.0827,80.2707,Tamil Nadu,4.4,4.8,0,0
2025-03-14,0.2,0.2,2.0,12.7,Nagapattinam (Delta Coast),10.7656,79.8424,Tamil Nadu,4.6,5.0,0,0
2025-03-14,0.0,0.0,0.0,16.2,Nilgiris (Hill Station Zone),11.4102,76.695,Tamil Nadu,0.2,5.0,0,0
2025-03-14,0.0,0.0,0.0,12.5,Coimbatore (Western Inland),11.0168,76.9558,Tamil Nadu,0.2,5.0,0,0
2025-03-14,0.0,0.0,0.0,12.6,Vellore (Palar Basin),12.9165,79.1325,Tamil Nadu,0.0,4.6,0,0
2025-03-14,0.1,0.1,1.0,11.2,Tiruchirappalli (Kaveri Basin),10.7905,78.7047,Tamil Nadu,0.1,4.7,0,0
2025-03-14,0.0,0.0,0.0,18.1,Salem (Northern Inland),11.6643,78.146,Tamil Nadu,0.1,0.3,0,0
2025-03-14,0.0,0.0,0.0,15.4,Cuddalore (Coastal Central),11.748,79.7714,Tamil Nadu,0.1,0.3,0,0
2025-03-15,0.0,0.0,0.0,13.0,Coimbatore (Western Inland),11.0168,76.9558,Tamil Nadu,0.0,0.1,0,0
2025-03-15,0.0,0.0,0.0,12.1,Vellore (Palar Basin),12.9165,79.1325,Tamil Nadu,0.0,0.1,0,0
2025-03-15,0.0,0.0,0.0,14.7,Cuddalore (Coastal Central),11.748,79.7714,Tamil Nadu,0.0,0.1,0,0
2025-03-15,0.0,0.0,0.0,16.7,Chennai (Coastal North),13.0827,80.2707,Tamil Nadu,0.0,0.1,0,0
2025-03-15,0.0,0.0,0.0,15.5,Nilgiris (Hill Station Zone),11.4102,76.695,Tamil Nadu,0.0,0.0,0,0
2025-03-15,0.0,0.0,0.0,20.2,Salem (Northern Inland),11.6643,78.146,Tamil Nadu,0.0,0.0,0,0
2025-03-15,5.0,5.0,5.0,16.2,Kanyakumari (Southern Coast),8.1833,77.4119,Tamil Nadu,5.0,5.0,0,0
2025-03-15,0.1,0.1,1.0,12.2,Nagapattinam (Delta Coast),10.7656,79.8424,Tamil Nadu,5.1,5.1,0,0
2025-03-15,0.1,0.1,1.0,11.5,Tiruchirappalli (Kaveri Basin),10.7905,78.7047,Tamil Nadu,5.2,5.2,0,0
2025-03-15,0.2,0.2,2.0,12.0,Madurai (Southern Plains),9.9252,78.1198,Tamil Nadu,0.4,5.4,0,0
2025-03-16,0.4,0.4,3.0,15.3,Cuddalore (Coastal Central),11.748,79.7714,Tamil Nadu,0.7,5.8,0,0
2025-03-16,0.4,0.4,4.0,14.4,Chennai (Coastal North),13.0827,80.2707,Tamil Nadu,1.0,6.2,0,0
2025-03-16,3.3,3.3,8.0,9.2,Nilgiris (Hill Station Zone),11.4102,76.695,Tamil Nadu,4.1,9.5,0,0
2025-03-16,1.1,1.1,4.0,14.8,Nagapattinam (Delta Coast),10.7656,79.8424,Tamil Nadu,4.8,5.6,0,0
2025-03-16,3.3,3.3,6.0,20.0,Madurai (Southern Plains),9.9252,78.1198,Tamil Nadu,7.7,8.8,0,0
2025-03-16,0.0,0.0,0.0,15.1,Vellore (Palar Basin),12.9165,79.1325,Tamil Nadu,4.4,8.7,0,0
2025-03-16,3.4,3.4,2.0,13.6,Tiruchirappalli (Kaveri Basin),10.7905,78.7047,Tamil Nadu,6.7,11.9,0,0
2025-03-16,4.8,4.8,4.0,15.7,Coimbatore (Western Inland),11.0168,76.9558,Tamil Nadu,8.2,16.3,0,0
2025-03-16,14.0,14.0,7.0,12.9,Kanyakumari (Southern Coast),8.1833,77.4119,Tamil Nadu,22.2,29.9,0,0
2025-03-16,0.0,0.0,0.0,14.5,Salem (Northern Inland),11.6643,78.146,Tamil Nadu,18.8,26.6,0,0
2025-03-17,0.1,0.1,1.0,8.5,Madurai (Southern Plains),9.9252,78.1198,Tamil Nadu,14.1,25.6,0,0
2025-03-17,12.7,12.7,8.0,12.2,Nilgiris (Hill Station Zone),11.4102,76.695,Tamil Nadu,12.8,35.0,0,0
2025-03-17,0.0,0.0,0.0,14.3,Vellore (Palar Basin),12.9165,79.1325,Tamil Nadu,12.8,35.0,0,0
2025-03-17,0.0,0.0,0.0,9.6,Salem (Northern Inland),11.6643,78.146,Tamil Nadu,12.7,31.6,0,0
2025-03-17,6.1,6.1,4.0,7.7,Kanyakumari (Southern Coast),8.1833,77.4119,Tamil Nadu,6.1,32.9,0,0
2025-03-17,0.0,0.0,0.0,15.0,Cuddalore (Coastal Central),11.748,79.7714,Tamil Nadu,6.1,18.9,0,0
2025-03-17,5.8,5.8,3.0,15.4,Tiruchirappalli (Kaveri Basin),10.7905,78.7047,Tamil Nadu,11.9,24.7,0,0
2025-03-17,0.1,0.1,1.0,14.6,Nagapattinam (Delta Coast),10.7656,79.8424,Tamil Nadu,5.9,24.7,0,0
2025-03-17,0.1,0.1,1.0,18.2,Chennai (Coastal North),13.0827,80.2707,Tamil Nadu,6.0,12.1,0,0
2025-03-17,0.6,0.6,2.0,9.2,Coimbatore (Western Inland),11.0168,76.9558,Tamil Nadu,0.8,12.7,0,0
2025-03-18,0.0,0.0,0.0,21.9,Salem (Northern Inland),11.6643,78.146,Tamil Nadu,0.7,12.7,0,0
2025-03-18,0.2,0.2,2.0,17.2,Chennai (Coastal North),13.0827,80.2707,Tamil Nadu,0.8,6.8,0,0
2025-03-18,0.0,0.0,0.0,15.4,Vellore (Palar Basin),12.9165,79.1325,Tamil Nadu,0.2,6.8,0,0
2025-03-18,0.0,0.0,0.0,15.1,Nagapattinam (Delta Coast),10.7656,79.8424,Tamil Nadu,0.2,1.0,0,0
2025-03-18,0.2,0.2,1.0,11.4,Coimbatore (Western Inland),11.0168,76.9558,Tamil Nadu,0.2,1.1,0,0
2025-03-18,0.9,0.9,7.0,18.0,Cuddalore (Coastal Central),11.748,79.7714,Tamil Nadu,1.1,1.9,0,0
2025-03-18,0.0,0.0,0.0,13.8,Madurai (Southern Plains),9.9252,78.1198,Tamil Nadu,1.1,1.3,0,0
2025-03-18,0.0,0.0,0.0,14.1,Nilgiris (Hill Station Zone),11.4102,76.695,Tamil Nadu,0.9,1.3,0,0
2025-03-18,0.1,0.1,1.0,15.6,Tiruchirappalli (Kaveri Basin),10.7905,78.7047,Tamil Nadu,0.1,1.2,0,0
2025-03-18,5.0,5.0,10.0,12.0,Kanyakumari (Southern Coast),8.1833,77.4119,Tamil Nadu,5.1,6.2,0,0
2025-03-19,0.0,0.0,0.0,12.9,Coimbatore (Western Inland),11.0168,76.9558,Tamil Nadu,5.1,6.2,0,0
2025-03-19,0.6,0.6,4.0,19.9,Cuddalore (Coastal Central),11.748,79.7714,Tamil Nadu,5.6,6.6,0,0
2025-03-19,0.0,0.0,0.0,15.1,Madurai (Southern Plains),9.9252,78.1198,Tamil Nadu,0.6,5.7,0,0
2025-03-19,0.2,0.2,1.0,16.7,Nagapattinam (Delta Coast),10.7656,79.8424,Tamil Nadu,0.8,5.9,0,0
2025-03-19,0.2,0.2,2.0,16.3,Vellore (Palar Basin),12.9165,79.1325,Tamil Nadu,0.4,6.1,0,0
2025-03-19,5.1,5.1,6.0,14.3,Kanyakumari (Southern Coast),8.1833,77.4119,Tamil Nadu,5.5,11.1,0,0
2025-03-19,0.8,0.8,6.0,16.9,Tiruchirappalli (Kaveri Basin),10.7905,78.7047,Tamil Nadu,6.1,6.9,0,0
2025-03-19,0.0,0.0,0.0,23.4,Salem (Northern Inland),11.6643,78.146,Tamil Nadu,5.9,6.9,0,0
2025-03-19,0.0,0.0,0.0,10.3,Nilgiris (Hill Station Zone),11.4102,76.695,Tamil Nadu,0.8,6.3,0,0
2025-03-19,0.4,0.4,3.0,17.0,Chennai (Coastal North),13.0827,80.2707,Tamil Nadu,0.4,6.7,0,0
2025-03-20,0.0,0.0,0.0,14.0,Nagapattinam (Delta Coast),10.7656,79.8424,Tamil Nadu,0.4,6.5,0,0
2025-03-20,0.0,0.0,0.0,14.4,Coimbatore (Western Inland),11.0168,76.9558,Tamil Nadu,0.4,6.3,0,0
2025-03-20,2.3,2.3,6.0,12.3,Madurai (Southern Plains),9.9252,78.1198,Tamil Nadu,2.3,3.5,0,0
2025-03-20,0.0,0.0,0.0,15.6,Cuddalore (Coastal Central),11.748,79.7714,Tamil Nadu,2.3,2.7,0,0
2025-03-20,0.0,0.0,0.0,16.6,Vellore (Palar Basin),12.9165,79.1325,Tamil Nadu,2.3,2.7,0,0
2025-03-20,0.0,0.0,0.0,16.3,Chennai (Coastal North),13.0827,80.2707,Tamil Nadu,0.0,2.7,0,0
2025-03-20,0.3,0.3,2.0,10.0,Nilgiris (Hill Station Zone),11.4102,76.695,Tamil Nadu,0.3,2.6,0,0
2025-03-20,0.0,0.0,0.0,15.4,Tiruchirappalli (Kaveri Basin),10.7905,78.7047,Tamil Nadu,0.3,2.6,0,0
2025-03-20,0.0,0.0,0.0,21.3,Salem (Northern Inland),11.6643,78.146,Tamil Nadu,0.3,2.6,0,0
2025-03-20,0.0,0.0,0.0,20.0,Kanyakumari (Southern Coast),8.1833,77.4119,Tamil Nadu,0.0,0.3,0,0
2025-03-21,0.3,0.3,3.0,15.9,Vellore (Palar Basin),12.9165,79.1325,Tamil Nadu,0.3,0.6,0,0
2025-03-21,2.4,2.4,9.0,17.4,Tiruchirappalli (Kaveri Basin),10.7905,78.7047,Tamil Nadu,2.7,3.0,0,0
2025-03-21,0.0,0.0,0.0,15.6,Chennai (Coastal North),13.0827,80.2707,Tamil Nadu,2.7,3.0,0,0
2025-03-21,3.5,3.5,7.0,11.1,Nilgiris (Hill Station Zone),11.4102,76.695,Tamil Nadu,5.9,6.2,0,0
2025-03-21,2.1,2.1,5.0,17.0,Cuddalore (Coastal Central),11.748,79.7714,Tamil Nadu,5.6,8.3,0,0
2025-03-21,4.4,4.4,5.0,19.0,Kanyakumari (Southern Coast),8.1833,77.4119,Tamil Nadu,10.0,12.7,0,0
2025-03-21,3.2,3.2,6.0,17.6,Coimbatore (Western Inland),11.0168,76.9558,Tamil Nadu,9.7,15.9,0,0
2025-03-21,3.4,3.4,10.0,11.1,Madurai (Southern Plains),9.9252,78.1198,Tamil Nadu,11.0,19.0,0,0
2025-03-21,0.3,0.3,2.0,17.3,Salem (Northern Inland),11.6643,78.146,Tamil Nadu,6.9,16.9,0,0
2025-03-21,1.8,1.8,7.0,17.3,Nagapattinam (Delta Coast),10.7656,79.8424,Tamil Nadu,5.5,18.7,0,0
2025-03-22,10.5,10.5,5.0,12.5,Vellore (Palar Basin),12.9165,79.1325,Tamil Nadu,12.6,25.7,0,0
2025-03-22,12.6,12.6,5.0,11.9,Coimbatore (Western Inland),11.0168,76.9558,Tamil Nadu,24.9,36.2,0,0
2025-03-22,7.4,7.4,9.0,15.5,Madurai (Southern Plains),9.9252,78.1198,Tamil Nadu,30.5,39.2,0,0
2025-03-22,2.6,2.6,4.0,14.4,Kanyakumari (Southern Coast),8.1833,77.4119,Tamil Nadu,22.6,38.6,0,0
2025-03-22,0.4,0.4,3.0,16.8,Chennai (Coastal North),13.0827,80.2707,Tamil Nadu,10.4,35.6,0,0
2025-03-22,7.3,7.3,11.0,19.3,Salem (Northern Inland),11.6643,78.146,Tamil Nadu,10.3,42.6,0,0
2025-03-22,4.7,4.7,8.0,19.4,Tiruchirappalli (Kaveri Basin),10.7905,78.7047,Tamil Nadu,12.4,45.5,0,0
2025-03-22,0.5,0.5,3.0,20.9,Cuddalore (Coastal Central),11.748,79.7714,Tamil Nadu,12.5,35.5,0,0
2025-03-22,0.3,0.3,2.0,18.4,Nagapattinam (Delta Coast),10.7656,79.8424,Tamil Nadu,5.5,23.2,0,0
2025-03-22,1.2,1.2,8.0,12.4,Nilgiris (Hill Station Zone),11.4102,76.695,Tamil Nadu,2.0,17.0,0,0
2025-03-23,0.0,0.0,0.0,15.9,Nagapattinam (Delta Coast),10.7656,79.8424,Tamil Nadu,1.5,14.4,0,0
2025-03-23,0.7,0.7,7.0,15.9,Cuddalore (Coastal Central),11.748,79.7714,Tamil Nadu,1.9,14.7,0,0
2025-03-23,18.7,18.7,3.0,13.9,Coimbatore (Western Inland),11.0168,76.9558,Tamil Nadu,19.4,26.1,0,0
2025-03-23,9.6,9.6,16.0,14.4,Madurai (Southern Plains),9.9252,78.1198,Tamil Nadu,29.0,31.0,0,0
2025-03-23,1.4,1.4,5.0,15.5,Kanyakumari (Southern Coast),8.1833,77.4119,Tamil Nadu,29.7,31.9,0,0
2025-03-23,2.6,2.6,7.0,14.8,Tiruchirappalli (Kaveri Basin),10.7905,78.7047,Tamil Nadu,13.6,34.2,0,0
2025-03-23,7.1,7.1,6.0,19.4,Salem (Northern Inland),11.6643,78.146,Tamil Nadu,11.1,40.1,0,0
2025-03-23,0.2,0.2,2.0,12.1,Vellore (Palar Basin),12.9165,79.1325,Tamil Nadu,9.9,40.3,0,0
2025-03-23,5.6,5.6,11.0,11.8,Nilgiris (Hill Station Zone),11.4102,76.695,Tamil Nadu,12.9,45.2,0,0
2025-03-23,0.2,0.2,2.0,14.4,Chennai (Coastal North),13.0827,80.2707,Tamil Nadu,6.0,26.7,0,0
2025-03-24,0.6,0.6,4.0,15.4,Chennai (Coastal North),13.0827,80.2707,Tamil Nadu,6.4,17.7,0,0
2025-03-24,0.4,0.4,3.0,16.0,Tiruchirappalli (Kaveri Basin),10.7905,78.7047,Tamil Nadu,1.2,16.7,0,0
2025-03-24,1.5,1.5,2.0,18.6,Salem (Northern Inland),11.6643,78.146,Tamil Nadu,2.5,15.6,0,0
2025-03-24,0.4,0.4,3.0,12.4,Coimbatore (Western Inland),11.0168,76.9558,Tamil Nadu,2.3,8.9,0,0
2025-03-24,0.0,0.0,0.0,18.6,Nagapattinam (Delta Coast),10.7656,79.8424,Tamil Nadu,1.9,8.7,0,0
2025-03-24,0.4,0.4,4.0,14.0,Vellore (Palar Basin),12.9165,79.1325,Tamil Nadu,0.8,3.5,0,0
2025-03-24,0.1,0.1,1.0,18.3,Cuddalore (Coastal Central),11.748,79.7714,Tamil Nadu,0.5,3.4,0,0
2025-03-24,1.1,1.1,3.0,17.4,Kanyakumari (Southern Coast),8.1833,77.4119,Tamil Nadu,1.6,3.9,0,0
2025-03-24,0.5,0.5,4.0,14.6,Madurai (Southern Plains),9.9252,78.1198,Tamil Nadu,1.7,4.0,0,0
2025-03-24,3.1,3.1,7.0,13.8,Nilgiris (Hill Station Zone),11.4102,76.695,Tamil Nadu,4.7,5.6,0,0
2025-03-25,0.0,0.0,0.0,13.5,Madurai (Southern Plains),9.9252,78.1198,Tamil Nadu,3.6,5.2,0,0
2025-03-25,0.0,0.0,0.0,15.0,Vellore (Palar Basin),12.9165,79.1325,Tamil Nadu,3.1,5.2,0,0
2025-03-25,0.0,0.0,0.0,15.5,Nagapattinam (Delta Coast),10.7656,79.8424,Tamil Nadu,0.0,4.8,0,0
2025-03-25,0.0,0.0,0.0,14.8,Chennai (Coastal North),13.0827,80.2707,Tamil Nadu,0.0,4.7,0,0
2025-03-25,0.0,0.0,0.0,15.4,Tiruchirappalli (Kaveri Basin),10.7905,78.7047,Tamil Nadu,0.0,3.6,0,0
2025-03-25,0.3,0.3,3.0,14.7,Cuddalore (Coastal Central),11.748,79.7714,Tamil Nadu,0.3,3.4,0,0
2025-03-25,0.5,0.5,2.0,15.6,Nilgiris (Hill Station Zone),11.4102,76.695,Tamil Nadu,0.8,0.8,0,0
2025-03-25,0.0,0.0,0.0,8.8,Coimbatore (Western Inland),11.0168,76.9558,Tamil Nadu,0.8,0.8,0,0
2025-03-25,2.6,2.6,5.0,12.7,Kanyakumari (Southern Coast),8.1833,77.4119,Tamil Nadu,3.1,3.4,0,0
2025-03-25,0.0,0.0,0.0,17.6,Salem (Northern Inland),11.6643,78.146,Tamil Nadu,2.6,3.4,0,0
2025-03-26,0.0,0.0,0.0,14.5,Vellore (Palar Basin),12.9165,79.1325,Tamil Nadu,2.6,3.4,0,0
2025-03-26,0.0,0.0,0.0,11.5,Coimbatore (Western Inland),11.0168,76.9558,Tamil Nadu,0.0,3.4,0,0
2025-03-26,0.0,0.0,0.0,15.1,Madurai (Southern Plains),9.9252,78.1198,Tamil Nadu,0.0,3.1,0,0
2025-03-26,4.3,4.3,8.0,12.1,Nilgiris (Hill Station Zone),11.4102,76.695,Tamil Nadu,4.3,6.9,0,0
2025-03-26,5.3,5.3,6.0,10.6,Kanyakumari (Southern Coast),8.1833,77.4119,Tamil Nadu,9.6,12.2,0,0
2025-03-26,0.0,0.0,0.0,12.5,Tiruchirappalli (Kaveri Basin),10.7905,78.7047,Tamil Nadu,9.6,9.6,0,0
2025-03-26,0.0,0.0,0.0,16.0,Cuddalore (Coastal Central),11.748,79.7714,Tamil Nadu,5.3,9.6,0,0
2025-03-26,0.5,0.5,5.0,13.9,Nagapattinam (Delta Coast),10.7656,79.8424,Tamil Nadu,0.5,10.1,0,0
2025-03-26,0.0,0.0,0.0,16.2,Chennai (Coastal North),13.0827,80.2707,Tamil Nadu,0.5,10.1,0,0
2025-03-26,0.0,0.0,0.0,17.4,Salem (Northern Inland),11.6643,78.146,Tamil Nadu,0.5,10.1,0,0
2025-03-27,0.0,0.0,0.0,15.2,Nagapattinam (Delta Coast),10.7656,79.8424,Tamil Nadu,0.0,5.8,0,0
2025-03-27,0.0,0.0,0.0,17.1,Salem (Northern Inland),11.6643,78.146,Tamil Nadu,0.0,0.5,0,0
2025-03-27,3.9,3.9,7.0,16.6,Nilgiris (Hill Station Zone),11.4102,76.695,Tamil Nadu,3.9,4.4,0,0
2025-03-27,0.0,0.0,0.0,19.2,Cuddalore (Coastal Central),11.748,79.7714,Tamil Nadu,3.9,4.4,0,0
2025-03-27,0.0,0.0,0.0,18.2,Chennai (Coastal North),13.0827,80.2707,Tamil Nadu,3.9,3.9,0,0
2025-03-27,0.0,0.0,0.0,13.4,Vellore (Palar Basin),12.9165,79.1325,Tamil Nadu,0.0,3.9,0,0
2025-03-27,0.1,0.1,1.0,16.0,Coimbatore (Western Inland),11.0168,76.9558,Tamil Nadu,0.1,4.0,0,0
2025-03-27,0.0,0.0,0.0,17.5,Tiruchirappalli (Kaveri Basin),10.7905,78.7047,Tamil Nadu,0.1,4.0,0,0
2025-03-27,0.0,0.0,0.0,15.1,Madurai (Southern Plains),9.9252,78.1198,Tamil Nadu,0.1,4.0,0,0
2025-03-27,3.1,3.1,4.0,16.7,Kanyakumari (Southern Coast),8.1833,77.4119,Tamil Nadu,3.1,3.2,0,0
2025-03-28,0.0,0.0,0.0,16.9,Salem (Northern Inland),11.6643,78.146,Tamil Nadu,3.1,3.2,0,0
2025-03-28,0.0,0.0,0.0,17.4,Nagapattinam (Delta Coast),10.7656,79.8424,Tamil Nadu,3.1,3.2,0,0
2025-03-28,0.0,0.0,0.0,16.3,Madurai (Southern Plains),9.9252,78.1198,Tamil Nadu,0.0,3.2,0,0
2025-03-28,0.0,0.0,0.0,15.4,Tiruchirappalli (Kaveri Basin),10.7905,78.7047,Tamil Nadu,0.0,3.1,0,0
2025-03-28,0.0,0.0,0.0,14.9,Coimbatore (Western Inland),11.0168,76.9558,Tamil Nadu,0.0,3.1,0,0
2025-03-28,0.0,0.0,0.0,19.1,Cuddalore (Coastal Central),11.748,79.7714,Tamil Nadu,0.0,3.1,0,0
2025-03-28,4.4,4.4,7.0,11.3,Kanyakumari (Southern Coast),8.1833,77.4119,Tamil Nadu,4.4,4.4,0,0
2025-03-28,1.8,1.8,5.0,16.3,Nilgiris (Hill Station Zone),11.4102,76.695,Tamil Nadu,6.2,6.2,0,0
2025-03-28,0.0,0.0,0.0,15.2,Vellore (Palar Basin),12.9165,79.1325,Tamil Nadu,6.2,6.2,0,0
2025-03-28,0.0,0.0,0.0,19.2,Chennai (Coastal North),13.0827,80.2707,Tamil Nadu,1.8,6.2,0,0
2025-03-29,0.0,0.0,0.0,17.6,Cuddalore (Coastal Central),11.748,79.7714,Tamil Nadu,0.0,6.2,0,0
2025-03-29,0.0,0.0,0.0,20.1,Salem (Northern Inland),11.6643,78.146,Tamil Nadu,0.0,6.2,0,0
2025-03-29,0.0,0.0,0.0,13.6,Kanyakumari (Southern Coast),8.1833,77.4119,Tamil Nadu,0.0,6.2,0,0
2025-03-29,0.0,0.0,0.0,15.8,Chennai (Coastal North),13.0827,80.2707,Tamil Nadu,0.0,1.8,0,0
2025-03-29,0.0,0.0,0.0,15.1,Madurai (Southern Plains),9.9252,78.1198,Tamil Nadu,0.0,0.0,0,0
2025-03-29,0.0,0.0,0.0,14.7,Nagapattinam (Delta Coast),10.7656,79.8424,Tamil Nadu,0.0,0.0,0,0
2025-03-29,0.0,0.0,0.0,19.7,Coimbatore (Western Inland),11.0168,76.9558,Tamil Nadu,0.0,0.0,0,0
2025-03-29,0.0,0.0,0.0,16.0,Tiruchirappalli (Kaveri Basin),10.7905,78.7047,Tamil Nadu,0.0,0.0,0,0
2025-03-29,0.0,0.0,0.0,15.2,Vellore (Palar Basin),12.9165,79.1325,Tamil Nadu,0.0,0.0,0,0
2025-03-29,0.0,0.0,0.0,15.6,Nilgiris (Hill Station Zone),11.4102,76.695,Tamil Nadu,0.0,0.0,0,0
2025-03-30,0.5,0.5,3.0,13.3,Kanyakumari (Southern Coast),8.1833,77.4119,Tamil Nadu,0.5,0.5,0,0
2025-03-30,0.0,0.0,0.0,17.2,Chennai (Coastal North),13.0827,80.2707,Tamil Nadu,0.5,0.5,0,0
2025-03-30,0.0,0.0,0.0,18.9,Nilgiris (Hill Station Zone),11.4102,76.695,Tamil Nadu,0.5,0.5,0,0
2025-03-30,0.0,0.0,0.0,15.2,Cuddalore (Coastal Central),11.748,79.7714,Tamil Nadu,0.0,0.5,0,0
2025-03-30,0.0,0.0,0.0,14.1,Tiruchirappalli (Kaveri Basin),10.7905,78.7047,Tamil Nadu,0.0,0.5,0,0
2025-03-30,0.0,0.0,0.0,20.0,Salem (Northern Inland),11.6643,78.146,Tamil Nadu,0.0,0.5,0,0
2025-03-30,0.0,0.0,0.0,15.6,Nagapattinam (Delta Coast),10.7656,79.8424,Tamil Nadu,0.0,0.5,0,0
2025-03-30,0.0,0.0,0.0,14.6,Coimbatore (Western Inland),11.0168,76.9558,Tamil Nadu,0.0,0.0,0,0
2025-03-30,0.0,0.0,0.0,15.5,Vellore (Palar Basin),12.9165,79.1325,Tamil Nadu,0.0,0.0,0,0
2025-03-30,0.0,0.0,0.0,13.2,Madurai (Southern Plains),9.9252,78.1198,Tamil Nadu,0.0,0.0,0,0
2025-03-31,0.0,0.0,0.0,13.5,Coimbatore (Western Inland),11.0168,76.9558,Tamil Nadu,0.0,0.0,0,0
2025-03-31,0.0,0.0,0.0,13.8,Madurai (Southern Plains),9.9252,78.1198,Tamil Nadu,0.0,0.0,0,0
2025-03-31,0.4,0.4,2.0,15.9,Kanyakumari (Southern Coast),8.1833,77.4119,Tamil Nadu,0.4,0.4,0,0
2025-03-31,0.0,0.0,0.0,15.2,Chennai (Coastal North),13.0827,80.2707,Tamil Nadu,0.4,0.4,0,0
2025-03-31,0.0,0.0,0.0,16.9,Tiruchirappalli (Kaveri Basin),10.7905,78.7047,Tamil Nadu,0.4,0.4,0,0
2025-03-31,0.0,0.0,0.0,15.4,Nagapattinam (Delta Coast),10.7656,79.8424,Tamil Nadu,0.0,0.4,0,0
2025-03-31,0.0,0.0,0.0,16.6,Cuddalore (Coastal Central),11.748,79.7714,Tamil Nadu,0.0,0.4,0,0
2025-03-31,0.0,0.0,0.0,21.2,Nilgiris (Hill Station Zone),11.4102,76.695,Tamil Nadu,0.0,0.4,0,0
2025-03-31,0.0,0.0,0.0,15.1,Vellore (Palar Basin),12.9165,79.1325,Tamil Nadu,0.0,0.4,0,0
2025-03-31,0.0,0.0,0.0,20.9,Salem (Northern Inland),11.6643,78.146,Tamil Nadu,0.0,0.0,0,0
2025-04-01,0.9,0.9,5.0,14.4,Nagapattinam (Delta Coast),10.7656,79.8424,Tamil Nadu,0.9,0.9,0,0
2025-04-01,0.2,0.2,1.0,15.5,Chennai (Coastal North),13.0827,80.2707,Tamil Nadu,1.1,1.1,0,0
2025-04-01,1.7,1.7,3.0,15.5,Madurai (Southern Plains),9.9252,78.1198,Tamil Nadu,2.8,2.8,0,0
2025-04-01,2.8,2.8,7.0,14.1,Tiruchirappalli (Kaveri Basin),10.7905,78.7047,Tamil Nadu,4.7,5.6,0,0
2025-04-01,0.0,0.0,0.0,18.5,Vellore (Palar Basin),12.9165,79.1325,Tamil Nadu,4.5,5.6,0,0
2025-04-01,0.6,0.6,4.0,13.1,Coimbatore (Western Inland),11.0168,76.9558,Tamil Nadu,3.4,6.2,0,0
2025-04-01,0.0,0.0,0.0,20.3,Nilgiris (Hill Station Zone),11.4102,76.695,Tamil Nadu,0.6,6.2,0,0
2025-04-01,2.6,2.6,7.0,13.9,Kanyakumari (Southern Coast),8.1833,77.4119,Tamil Nadu,3.2,7.9,0,0
2025-04-01,0.0,0.0,0.0,23.5,Salem (Northern Inland),11.6643,78.146,Tamil Nadu,2.6,7.7,0,0
2025-04-01,0.1,0.1,1.0,17.0,Cuddalore (Coastal Central),11.748,79.7714,Tamil Nadu,2.7,6.1,0,0
2025-04-02,4.0,4.0,13.0,8.6,Nilgiris (Hill Station Zone),11.4102,76.695,Tamil Nadu,4.1,7.3,0,0
2025-04-02,15.9,15.9,9.0,15.7,Madurai (Southern Plains),9.9252,78.1198,Tamil Nadu,20.0,23.2,0,0
2025-04-02,4.2,4.2,8.0,16.4,Nagapattinam (Delta Coast),10.7656,79.8424,Tamil Nadu,24.1,26.8,0,0
2025-04-02,0.7,0.7,3.0,15.0,Vellore (Palar Basin),12.9165,79.1325,Tamil Nadu,20.8,27.5,0,0
2025-04-02,6.3,6.3,8.0,19.8,Salem (Northern Inland),11.6643,78.146,Tamil Nadu,11.2,31.2,0,0
2025-04-02,0.8,0.8,5.0,15.5,Chennai (Coastal North),13.0827,80.2707,Tamil Nadu,7.8,32.0,0,0
2025-04-02,9.7,9.7,11.0,17.4,Tiruchirappalli (Kaveri Basin),10.7905,78.7047,Tamil Nadu,16.8,41.6,0,0
2025-04-02,0.4,0.4,3.0,17.4,Cuddalore (Coastal Central),11.748,79.7714,Tamil Nadu,10.9,38.0,0,0
2025-04-02,1.4,1.4,5.0,15.2,Coimbatore (Western Inland),11.0168,76.9558,Tamil Nadu,11.5,23.5,0,0
2025-04-02,4.3,4.3,7.0,16.3,Kanyakumari (Southern Coast),8.1833,77.4119,Tamil Nadu,6.1,23.6,0,0
2025-04-03,5.0,5.0,7.0,15.9,Salem (Northern Inland),11.6643,78.146,Tamil Nadu,10.7,27.9,0,0
2025-04-03,4.1,4.1,10.0,16.8,Tiruchirappalli (Kaveri Basin),10.7905,78.7047,Tamil Nadu,13.4,25.7,0,0
2025-04-03,25.4,25.4,15.0,14.5,Kanyakumari (Southern Coast),8.1833,77.4119,Tamil Nadu,34.5,50.3,0,0
2025-04-03,0.0,0.0,0.0,14.9,Chennai (Coastal North),13.0827,80.2707,Tamil Nadu,29.5,40.6,0,0
2025-04-03,14.8,14.8,12.0,12.7,Cuddalore (Coastal Central),11.748,79.7714,Tamil Nadu,40.2,55.0,0,0
2025-04-03,18.8,18.8,15.0,12.9,Nagapattinam (Delta Coast),10.7656,79.8424,Tamil Nadu,33.6,72.4,0,0
2025-04-03,11.1,11.1,16.0,9.0,Nilgiris (Hill Station Zone),11.4102,76.695,Tamil Nadu,44.7,79.2,0,0
2025-04-03,0.8,0.8,5.0,17.6,Vellore (Palar Basin),12.9165,79.1325,Tamil Nadu,30.7,75.0,0,0
2025-04-03,2.9,2.9,11.0,12.0,Madurai (Southern Plains),9.9252,78.1198,Tamil Nadu,14.8,73.8,0,0
2025-04-03,6.3,6.3,12.0,12.8,Coimbatore (Western Inland),11.0168,76.9558,Tamil Nadu,10.0,54.7,0,0
2025-04-04,12.5,12.5,7.0,11.4,Madurai (Southern Plains),9.9252,78.1198,Tamil Nadu,21.7,67.2,0,0
2025-04-04,11.4,11.4,9.0,14.3,Vellore (Palar Basin),12.9165,79.1325,Tamil Nadu,30.2,63.8,0,0
2025-04-04,29.1,29.1,8.0,25.7,Salem (Northern Inland),11.6643,78.146,Tamil Nadu,53.0,74.1,0,0
2025-04-04,2.7,2.7,8.0,15.7,Nagapattinam (Delta Coast),10.7656,79.8424,Tamil Nadu,43.2,65.7,0,0
2025-04-04,20.6,20.6,12.0,10.7,Kanyakumari (Southern Coast),8.1833,77.4119,Tamil Nadu,52.4,85.5,0,0
2025-04-04,0.8,0.8,2.0,19.8,Tiruchirappalli (Kaveri Basin),10.7905,78.7047,Tamil Nadu,24.1,83.4,0,0
2025-04-04,12.9,12.9,15.0,7.5,Nilgiris (Hill Station Zone),11.4102,76.695,Tamil Nadu,34.3,90.0,0,0
2025-04-04,3.6,3.6,8.0,15.8,Cuddalore (Coastal Central),11.748,79.7714,Tamil Nadu,17.3,81.1,0,0
2025-04-04,4.1,4.1,5.0,15.1,Coimbatore (Western Inland),11.0168,76.9558,Tamil Nadu,20.6,73.8,0,0
2025-04-04,7.3,7.3,6.0,13.2,Chennai (Coastal North),13.0827,80.2707,Tamil Nadu,15.0,52.0,0,0
2025-04-05,0.8,0.8,4.0,16.5,Coimbatore (Western Inland),11.0168,76.9558,Tamil Nadu,12.2,50.1,0,0
2025-04-05,12.1,12.1,9.0,11.4,Kanyakumari (Southern Coast),8.1833,77.4119,Tamil Nadu,20.2,41.6,0,0
2025-04-05,9.7,9.7,14.0,9.9,Nilgiris (Hill Station Zone),11.4102,76.695,Tamil Nadu,22.6,50.5,0,0
2025-04-05,3.6,3.6,9.0,11.5,Nagapattinam (Delta Coast),10.7656,79.8424,Tamil Nadu,25.4,41.2,0,0
2025-04-05,2.5,2.5,5.0,7.4,Salem (Northern Inland),11.6643,78.146,Tamil Nadu,15.8,40.1,0,0
2025-04-05,2.9,2.9,11.0,12.7,Cuddalore (Coastal Central),11.748,79.7714,Tamil Nadu,9.0,38.9,0,0
2025-04-05,2.1,2.1,2.0,20.3,Vellore (Palar Basin),12.9165,79.1325,Tamil Nadu,7.5,33.7,0,0
2025-04-05,1.3,1.3,4.0,12.6,Madurai (Southern Plains),9.9252,78.1198,Tamil Nadu,6.3,34.2,0,0
2025-04-05,2.9,2.9,7.0,13.5,Chennai (Coastal North),13.0827,80.2707,Tamil Nadu,6.3,25.0,0,0
2025-04-05,5.0,5.0,4.0,15.1,Tiruchirappalli (Kaveri Basin),10.7905,78.7047,Tamil Nadu,9.2,20.3,0,0
2025-04-06,7.0,7.0,2.0,13.2,Tiruchirappalli (Kaveri Basin),10.7905,78.7047,Tamil Nadu,14.9,23.7,0,0
2025-04-06,0.0,0.0,0.0,18.0,Vellore (Palar Basin),12.9165,79.1325,Tamil Nadu,12.0,21.2,0,0
2025-04-06,0.3,0.3,1.0,21.6,Salem (Northern Inland),11.6643,78.146,Tamil Nadu,7.3,18.6,0,0
2025-04-06,1.1,1.1,2.0,13.0,Nagapattinam (Delta Coast),10.7656,79.8424,Tamil Nadu,1.4,17.6,0,0
2025-04-06,4.3,4.3,10.0,16.3,Nilgiris (Hill Station Zone),11.4102,76.695,Tamil Nadu,5.7,20.6,0,0
2025-04-06,9.3,9.3,8.0,14.5,Coimbatore (Western Inland),11.0168,76.9558,Tamil Nadu,14.7,27.0,0,0
2025-04-06,0.1,0.1,1.0,13.8,Chennai (Coastal North),13.0827,80.2707,Tamil Nadu,13.7,22.1,0,0
2025-04-06,13.6,13.6,7.0,13.6,Madurai (Southern Plains),9.9252,78.1198,Tamil Nadu,23.0,28.7,0,0
2025-04-06,11.2,11.2,7.0,16.8,Kanyakumari (Southern Coast),8.1833,77.4119,Tamil Nadu,24.9,39.9,0,0
2025-04-06,0.3,0.3,2.0,13.1,Cuddalore (Coastal Central),11.748,79.7714,Tamil Nadu,25.1,39.9,0,0
2025-04-07,0.2,0.2,2.0,13.0,Nagapattinam (Delta Coast),10.7656,79.8424,Tamil Nadu,11.7,39.0,0,0
2025-04-07,0.3,0.3,1.0,15.5,Tiruchirappalli (Kaveri Basin),10.7905,78.7047,Tamil Nadu,0.8,35.0,0,0
2025-04-07,0.2,0.2,2.0,15.7,Chennai (Coastal North),13.0827,80.2707,Tamil Nadu,0.7,25.9,0,0
2025-04-07,3.5,3.5,6.0,12.6,Kanyakumari (Southern Coast),8.1833,77.4119,Tamil Nadu,4.0,29.3,0,0
2025-04-07,0.3,0.3,1.0,19.8,Salem (Northern Inland),11.6643,78.146,Tamil Nadu,4.0,16.0,0,0
2025-04-07,0.3,0.3,2.0,15.9,Cuddalore (Coastal Central),11.748,79.7714,Tamil Nadu,4.1,5.1,0,0
2025-04-07,0.7,0.7,3.0,17.7,Nilgiris (Hill Station Zone),11.4102,76.695,Tamil Nadu,1.3,5.5,0,0
2025-04-07,0.0,0.0,0.0,12.9,Madurai (Southern Plains),9.9252,78.1198,Tamil Nadu,1.0,5.3,0,0
2025-04-07,0.2,0.2,1.0,15.1,Coimbatore (Western Inland),11.0168,76.9558,Tamil Nadu,0.9,5.2,0,0
2025-04-07,0.0,0.0,0.0,17.5,Vellore (Palar Basin),12.9165,79.1325,Tamil Nadu,0.2,5.0,0,0
2025-04-08,0.5,0.5,5.0,15.7,Cuddalore (Coastal Central),11.748,79.7714,Tamil Nadu,0.7,2.0,0,0
2025-04-08,6.3,6.3,5.0,8.7,Kanyakumari (Southern Coast),8.1833,77.4119,Tamil Nadu,6.8,8.0,0,0
2025-04-08,0.0,0.0,0.0,17.0,Salem (Northern Inland),11.6643,78.146,Tamil Nadu,6.8,7.7,0,0
2025-04-08,0.0,0.0,0.0,16.3,Chennai (Coastal North),13.0827,80.2707,Tamil Nadu,6.3,7.0,0,0
2025-04-08,0.0,0.0,0.0,13.9,Madurai (Southern Plains),9.9252,78.1198,Tamil Nadu,0.0,7.0,0,0
2025-04-08,0.0,0.0,0.0,11.7,Tiruchirappalli (Kaveri Basin),10.7905,78.7047,Tamil Nadu,0.0,6.8,0,0
2025-04-08,0.0,0.0,0.0,17.4,Vellore (Palar Basin),12.9165,79.1325,Tamil Nadu,0.0,6.8,0,0
2025-04-08,0.0,0.0,0.0,13.3,Coimbatore (Western Inland),11.0168,76.9558,Tamil Nadu,0.0,6.3,0,0
2025-04-08,0.0,0.0,0.0,15.9,Nilgiris (Hill Station Zone),11.4102,76.695,Tamil Nadu,0.0,0.0,0,0
2025-04-08,0.7,0.7,4.0,14.2,Nagapattinam (Delta Coast),10.7656,79.8424,Tamil Nadu,0.7,0.7,0,0
2025-04-09,0.3,0.3,3.0,15.0,Cuddalore (Coastal Central),11.748,79.7714,Tamil Nadu,1.0,1.0,0,0
2025-04-09,0.0,0.0,0.0,19.1,Tiruchirappalli (Kaveri Basin),10.7905,78.7047,Tamil Nadu,1.0,1.0,0,0
2025-04-09,0.0,0.0,0.0,15.5,Coimbatore (Western Inland),11.0168,76.9558,Tamil Nadu,0.3,1.0,0,0
2025-04-09,0.1,0.1,1.0,14.6,Vellore (Palar Basin),12.9165,79.1325,Tamil Nadu,0.1,1.1,0,0
2025-04-09,0.0,0.0,0.0,16.1,Nilgiris (Hill Station Zone),11.4102,76.695,Tamil Nadu,0.1,1.1,0,0
2025-04-09,0.0,0.0,0.0,16.6,Chennai (Coastal North),13.0827,80.2707,Tamil Nadu,0.1,1.1,0,0
2025-04-09,0.0,0.0,0.0,14.8,Salem (Northern Inland),11.6643,78.146,Tamil Nadu,0.0,0.4,0,0
2025-04-09,0.8,0.8,2.0,12.4,Nagapattinam (Delta Coast),10.7656,79.8424,Tamil Nadu,0.8,0.9,0,0
2025-04-09,7.1,7.1,9.0,10.1,Kanyakumari (Southern Coast),8.1833,77.4119,Tamil Nadu,7.9,8.0,0,0
2025-04-09,0.1,0.1,1.0,13.2,Madurai (Southern Plains),9.9252,78.1198,Tamil Nadu,8.0,8.1,0,0
2025-04-10,0.0,0.0,0.0,16.2,Nagapattinam (Delta Coast),10.7656,79.8424,Tamil Nadu,7.2,8.0,0,0
2025-04-10,0.5,0.5,2.0,22.4,Coimbatore (Western Inland),11.0168,76.9558,Tamil Nadu,0.6,8.5,0,0
2025-04-10,0.4,0.4,2.0,20.2,Kanyakumari (Southern Coast),8.1833,77.4119,Tamil Nadu,0.9,8.9,0,0
2025-04-10,0.5,0.5,1.0,15.3,Chennai (Coastal North),13.0827,80.2707,Tamil Nadu,1.4,9.4,0,0
2025-04-10,0.0,0.0,0.0,16.8,Nilgiris (Hill Station Zone),11.4102,76.695,Tamil Nadu,0.9,8.6,0,0
2025-04-10,0.0,0.0,0.0,17.1,Cuddalore (Coastal Central),11.748,79.7714,Tamil Nadu,0.5,1.5,0,0
2025-04-10,0.0,0.0,0.0,15.5,Madurai (Southern Plains),9.9252,78.1198,Tamil Nadu,0.0,1.4,0,0
2025-04-10,0.0,0.0,0.0,12.2,Salem (Northern Inland),11.6643,78.146,Tamil Nadu,0.0,1.4,0,0
2025-04-10,0.0,0.0,0.0,13.9,Tiruchirappalli (Kaveri Basin),10.7905,78.7047,Tamil Nadu,0.0,0.9,0,0
2025-04-10,0.0,0.0,0.0,12.0,Vellore (Palar Basin),12.9165,79.1325,Tamil Nadu,0.0,0.5,0,0
2025-04-11,6.3,6.3,3.0,23.1,Nagapattinam (Delta Coast),10.7656,79.8424,Tamil Nadu,6.3,6.3,0,0
2025-04-11,4.1,4.1,4.0,18.9,Coimbatore (Western Inland),11.0168,76.9558,Tamil Nadu,10.4,10.4,0,0
2025-04-11,0.0,0.0,0.0,21.5,Cuddalore (Coastal Central),11.748,79.7714,Tamil Nadu,10.4,10.4,0,0
2025-04-11,2.5,2.5,1.0,16.1,Vellore (Palar Basin),12.9165,79.1325,Tamil Nadu,6.6,12.9,0,0
2025-04-11,10.3,10.3,5.0,16.6,Tiruchirappalli (Kaveri Basin),10.7905,78.7047,Tamil Nadu,12.8,23.2,0,0
2025-04-11,0.0,0.0,0.0,14.6,Chennai (Coastal North),13.0827,80.2707,Tamil Nadu,12.8,23.2,0,0
2025-04-11,3.9,3.9,4.0,15.5,Madurai (Southern Plains),9.9252,78.1198,Tamil Nadu,14.2,27.1,0,0
2025-04-11,0.4,0.4,2.0,13.8,Salem (Northern Inland),11.6643,78.146,Tamil Nadu,4.3,21.2,0,0
2025-04-11,2.3,2.3,8.0,8.9,Nilgiris (Hill Station Zone),11.4102,76.695,Tamil Nadu,6.6,19.4,0,0
2025-04-11,4.5,4.5,7.0,19.7,Kanyakumari (Southern Coast),8.1833,77.4119,Tamil Nadu,7.2,23.9,0,0
2025-04-12,0.0,0.0,0.0,14.0,Vellore (Palar Basin),12.9165,79.1325,Tamil Nadu,6.8,21.4,0,0
2025-04-12,2.3,2.3,3.0,15.7,Coimbatore (Western Inland),11.0168,76.9558,Tamil Nadu,6.8,13.4,0,0
2025-04-12,0.0,0.0,0.0,17.6,Salem (Northern Inland),11.6643,78.146,Tamil Nadu,2.3,13.4,0,0
2025-04-12,0.8,0.8,3.0,16.1,Madurai (Southern Plains),9.9252,78.1198,Tamil Nadu,3.1,10.3,0,0
2025-04-12,0.0,0.0,0.0,14.8,Chennai (Coastal North),13.0827,80.2707,Tamil Nadu,0.8,9.9,0,0
2025-04-12,1.4,1.4,8.0,20.7,Kanyakumari (Southern Coast),8.1833,77.4119,Tamil Nadu,2.2,9.0,0,0
2025-04-12,0.4,0.4,1.0,18.0,Tiruchirappalli (Kaveri Basin),10.7905,78.7047,Tamil Nadu,1.8,4.9,0,0
2025-04-12,0.1,0.1,1.0,20.6,Nagapattinam (Delta Coast),10.7656,79.8424,Tamil Nadu,1.9,5.0,0,0
2025-04-12,4.0,4.0,7.0,9.7,Nilgiris (Hill Station Zone),11.4102,76.695,Tamil Nadu,4.5,6.7,0,0
2025-04-12,0.0,0.0,0.0,19.3,Cuddalore (Coastal Central),11.748,79.7714,Tamil Nadu,4.1,6.7,0,0
2025-04-13,2.3,2.3,1.0,12.5,Chennai (Coastal North),13.0827,80.2707,Tamil Nadu,6.3,8.2,0,0
2025-04-13,0.0,0.0,0.0,10.7,Madurai (Southern Plains),9.9252,78.1198,Tamil Nadu,2.3,8.2,0,0
2025-04-13,0.0,0.0,0.0,14.8,Cuddalore (Coastal Central),11.748,79.7714,Tamil Nadu,2.3,6.8,0,0
2025-04-13,0.0,0.0,0.0,15.8,Nagapattinam (Delta Coast),10.7656,79.8424,Tamil Nadu,0.0,6.4,0,0
2025-04-13,0.0,0.0,0.0,13.4,Vellore (Palar Basin),12.9165,79.1325,Tamil Nadu,0.0,6.3,0,0
2025-04-13,1.0,1.0,1.0,8.7,Salem (Northern Inland),11.6643,78.146,Tamil Nadu,1.0,3.3,0,0
2025-04-13,1.3,1.3,6.0,15.0,Nilgiris (Hill Station Zone),11.4102,76.695,Tamil Nadu,2.3,4.6,0,0
2025-04-13,2.1,2.1,3.0,21.3,Kanyakumari (Southern Coast),8.1833,77.4119,Tamil Nadu,4.4,4.4,0,0
2025-04-13,0.0,0.0,0.0,10.1,Coimbatore (Western Inland),11.0168,76.9558,Tamil Nadu,3.4,4.4,0,0
2025-04-13,0.0,0.0,0.0,13.9,Tiruchirappalli (Kaveri Basin),10.7905,78.7047,Tamil Nadu,2.1,4.4,0,0
2025-04-14,2.9,2.9,6.0,17.2,Kanyakumari (Southern Coast),8.1833,77.4119,Tamil Nadu,2.9,7.3,0,0
2025-04-14,10.0,10.0,2.0,16.1,Tiruchirappalli (Kaveri Basin),10.7905,78.7047,Tamil Nadu,12.9,17.3,0,0
2025-04-14,0.1,0.1,1.0,14.3,Chennai (Coastal North),13.0827,80.2707,Tamil Nadu,13.0,16.4,0,0
2025-04-14,0.0,0.0,0.0,17.1,Madurai (Southern Plains),9.9252,78.1198,Tamil Nadu,10.1,15.1,0,0
2025-04-14,0.0,0.0,0.0,16.4,Cuddalore (Coastal Central),11.748,79.7714,Tamil Nadu,0.1,13.0,0,0
2025-04-14,0.0,0.0,0.0,15.7,Nagapattinam (Delta Coast),10.7656,79.8424,Tamil Nadu,0.0,13.0,0,0
2025-04-14,1.3,1.3,1.0,11.8,Salem (Northern Inland),11.6643,78.146,Tamil Nadu,1.3,14.3,0,0
2025-04-14,1.8,1.8,9.0,13.6,Nilgiris (Hill Station Zone),11.4102,76.695,Tamil Nadu,3.1,13.2,0,0
2025-04-14,0.3,0.3,2.0,15.1,Vellore (Palar Basin),12.9165,79.1325,Tamil Nadu,3.4,3.5,0,0
2025-04-14,1.3,1.3,2.0,20.0,Coimbatore (Western Inland),11.0168,76.9558,Tamil Nadu,3.4,4.7,0,0
2025-04-15,0.4,0.4,3.0,16.8,Nagapattinam (Delta Coast),10.7656,79.8424,Tamil Nadu,2.0,5.1,0,0
2025-04-15,3.8,3.8,3.0,16.7,Madurai (Southern Plains),9.9252,78.1198,Tamil Nadu,5.5,8.9,0,0
2025-04-15,2.9,2.9,2.0,16.9,Chennai (Coastal North),13.0827,80.2707,Tamil Nadu,7.1,11.8,0,0
2025-04-15,0.0,0.0,0.0,16.5,Vellore (Palar Basin),12.9165,79.1325,Tamil Nadu,6.7,10.5,0,0
2025-04-15,10.8,10.8,6.0,14.5,Kanyakumari (Southern Coast),8.1833,77.4119,Tamil Nadu,13.7,19.5,0,0
2025-04-15,0.0,0.0,0.0,19.1,Cuddalore (Coastal Central),11.748,79.7714,Tamil Nadu,10.8,19.2,0,0
2025-04-15,0.1,0.1,1.0,11.1,Coimbatore (Western Inland),11.0168,76.9558,Tamil Nadu,10.9,18.0,0,0
2025-04-15,0.0,0.0,0.0,18.0,Salem (Northern Inland),11.6643,78.146,Tamil Nadu,0.1,17.6,0,0
2025-04-15,0.1,0.1,1.0,16.1,Nilgiris (Hill Station Zone),11.4102,76.695,Tamil Nadu,0.2,13.9,0,0
2025-04-15,0.4,0.4,3.0,14.4,Tiruchirappalli (Kaveri Basin),10.7905,78.7047,Tamil Nadu,0.5,11.4,0,0
2025-04-16,0.2,0.2,1.0,14.9,Salem (Northern Inland),11.6643,78.146,Tamil Nadu,0.7,11.6,0,0
2025-04-16,10.0,10.0,7.0,14.2,Vellore (Palar Basin),12.9165,79.1325,Tamil Nadu,10.6,10.8,0,0
2025-04-16,3.3,3.3,2.0,16.3,Madurai (Southern Plains),9.9252,78.1198,Tamil Nadu,13.5,14.1,0,0
2025-04-16,2.8,2.8,2.0,14.5,Tiruchirappalli (Kaveri Basin),10.7905,78.7047,Tamil Nadu,16.1,16.8,0,0
2025-04-16,2.6,2.6,9.0,14.9,Nilgiris (Hill Station Zone),11.4102,76.695,Tamil Nadu,8.7,19.4,0,0
2025-04-16,0.1,0.1,1.0,15.1,Coimbatore (Western Inland),11.0168,76.9558,Tamil Nadu,5.5,19.4,0,0
2025-04-16,0.7,0.7,5.0,17.1,Nagapattinam (Delta Coast),10.7656,79.8424,Tamil Nadu,3.4,19.7,0,0
2025-04-16,2.3,2.3,4.0,18.9,Kanyakumari (Southern Coast),8.1833,77.4119,Tamil Nadu,3.1,21.8,0,0
2025-04-16,2.0,2.0,7.0,17.8,Chennai (Coastal North),13.0827,80.2707,Tamil Nadu,5.0,13.8,0,0
2025-04-16,0.3,0.3,2.0,18.7,Cuddalore (Coastal Central),11.748,79.7714,Tamil Nadu,4.6,10.8,0,0
2025-04-17,0.9,0.9,2.0,12.8,Madurai (Southern Plains),9.9252,78.1198,Tamil Nadu,3.2,8.9,0,0
2025-04-17,0.7,0.7,4.0,17.9,Nagapattinam (Delta Coast),10.7656,79.8424,Tamil Nadu,1.9,7.0,0,0
2025-04-17,3.4,3.4,3.0,15.0,Kanyakumari (Southern Coast),8.1833,77.4119,Tamil Nadu,5.0,10.3,0,0
2025-04-17,0.0,0.0,0.0,7.9,Salem (Northern Inland),11.6643,78.146,Tamil Nadu,4.1,9.6,0,0
2025-04-17,8.2,8.2,4.0,13.6,Tiruchirappalli (Kaveri Basin),10.7905,78.7047,Tamil Nadu,11.6,15.5,0,0
2025-04-17,0.5,0.5,3.0,15.7,Coimbatore (Western Inland),11.0168,76.9558,Tamil Nadu,8.7,14.0,0,0
2025-04-17,0.0,0.0,0.0,18.7,Vellore (Palar Basin),12.9165,79.1325,Tamil Nadu,8.7,13.7,0,0
2025-04-17,4.2,4.2,3.0,18.2,Chennai (Coastal North),13.0827,80.2707,Tamil Nadu,4.7,17.0,0,0
2025-04-17,0.0,0.0,0.0,17.3,Cuddalore (Coastal Central),11.748,79.7714,Tamil Nadu,4.2,16.3,0,0
2025-04-17,2.4,2.4,10.0,15.7,Nilgiris (Hill Station Zone),11.4102,76.695,Tamil Nadu,6.6,15.3,0,0
2025-04-18,0.0,0.0,0.0,20.2,Chennai (Coastal North),13.0827,80.2707,Tamil Nadu,2.4,15.3,0,0
2025-04-18,0.2,0.2,1.0,21.5,Cuddalore (Coastal Central),11.748,79.7714,Tamil Nadu,2.6,7.3,0,0
2025-04-18,0.0,0.0,0.0,17.1,Nagapattinam (Delta Coast),10.7656,79.8424,Tamil Nadu,0.2,6.8,0,0
2025-04-18,0.0,0.0,0.0,10.7,Vellore (Palar Basin),12.9165,79.1325,Tamil Nadu,0.2,6.8,0,0
2025-04-18,1.6,1.6,7.0,20.7,Kanyakumari (Southern Coast),8.1833,77.4119,Tamil Nadu,1.6,4.2,0,0
2025-04-18,0.0,0.0,0.0,15.5,Madurai (Southern Plains),9.9252,78.1198,Tamil Nadu,1.6,4.2,0,0
2025-04-18,0.9,0.9,1.0,12.3,Salem (Northern Inland),11.6643,78.146,Tamil Nadu,2.5,2.7,0,0
2025-04-18,3.0,3.0,10.0,11.7,Nilgiris (Hill Station Zone),11.4102,76.695,Tamil Nadu,3.9,5.7,0,0
2025-04-18,0.0,0.0,0.0,15.3,Tiruchirappalli (Kaveri Basin),10.7905,78.7047,Tamil Nadu,3.9,5.5,0,0
2025-04-18,0.9,0.9,2.0,21.8,Coimbatore (Western Inland),11.0168,76.9558,Tamil Nadu,3.9,6.4,0,0
2025-04-19,0.0,0.0,0.0,15.0,Salem (Northern Inland),11.6643,78.146,Tamil Nadu,0.9,6.4,0,0
2025-04-19,0.0,0.0,0.0,15.9,Tiruchirappalli (Kaveri Basin),10.7905,78.7047,Tamil Nadu,0.9,4.8,0,0
2025-04-19,3.4,3.4,10.0,14.2,Nilgiris (Hill Station Zone),11.4102,76.695,Tamil Nadu,3.4,8.2,0,0
2025-04-19,0.0,0.0,0.0,18.5,Nagapattinam (Delta Coast),10.7656,79.8424,Tamil Nadu,3.4,7.3,0,0
2025-04-19,0.0,0.0,0.0,16.3,Vellore (Palar Basin),12.9165,79.1325,Tamil Nadu,3.4,4.3,0,0
2025-04-19,0.0,0.0,0.0,17.0,Chennai (Coastal North),13.0827,80.2707,Tamil Nadu,0.0,4.3,0,0
2025-04-19,2.4,2.4,4.0,14.0,Coimbatore (Western Inland),11.0168,76.9558,Tamil Nadu,2.4,5.8,0,0
2025-04-19,0.0,0.0,0.0,18.7,Cuddalore (Coastal Central),11.748,79.7714,Tamil Nadu,2.4,5.8,0,0
2025-04-19,0.3,0.3,2.0,18.8,Madurai (Southern Plains),9.9252,78.1198,Tamil Nadu,2.7,6.1,0,0
2025-04-19,3.4,3.4,6.0,20.9,Kanyakumari (Southern Coast),8.1833,77.4119,Tamil Nadu,3.7,6.1,0,0
2025-04-20,0.0,0.0,0.0,14.5,Madurai (Southern Plains),9.9252,78.1198,Tamil Nadu,3.7,6.1,0,0
2025-04-20,0.0,0.0,0.0,20.6,Chennai (Coastal North),13.0827,80.2707,Tamil Nadu,3.4,6.1,0,0
2025-04-20,3.2,3.2,13.0,15.7,Nilgiris (Hill Station Zone),11.4102,76.695,Tamil Nadu,3.2,9.3,0,0
2025-04-20,0.7,0.7,1.0,18.8,Coimbatore (Western Inland),11.0168,76.9558,Tamil Nadu,3.9,7.6,0,0
2025-04-20,0.0,0.0,0.0,18.5,Cuddalore (Coastal Central),11.748,79.7714,Tamil Nadu,3.9,7.6,0,0
2025-04-20,0.0,0.0,0.0,13.3,Vellore (Palar Basin),12.9165,79.1325,Tamil Nadu,0.7,7.3,0,0
2025-04-20,0.1,0.1,1.0,16.6,Nagapattinam (Delta Coast),10.7656,79.8424,Tamil Nadu,0.1,4.0,0,0
2025-04-20,0.0,0.0,0.0,12.0,Salem (Northern Inland),11.6643,78.146,Tamil Nadu,0.1,4.0,0,0
2025-04-20,0.0,0.0,0.0,15.7,Tiruchirappalli (Kaveri Basin),10.7905,78.7047,Tamil Nadu,0.1,4.0,0,0
2025-04-20,2.5,2.5,6.0,21.3,Kanyakumari (Southern Coast),8.1833,77.4119,Tamil Nadu,2.5,3.3,0,0
2025-04-21,0.3,0.3,2.0,12.3,Coimbatore (Western Inland),11.0168,76.9558,Tamil Nadu,2.8,2.9,0,0
2025-04-21,0.4,0.4,4.0,14.0,Nilgiris (Hill Station Zone),11.4102,76.695,Tamil Nadu,3.2,3.3,0,0
2025-04-21,0.2,0.2,2.0,18.0,Chennai (Coastal North),13.0827,80.2707,Tamil Nadu,0.9,3.5,0,0
2025-04-21,11.7,11.7,7.0,17.5,Kanyakumari (Southern Coast),8.1833,77.4119,Tamil Nadu,12.3,15.1,0,0
2025-04-21,0.0,0.0,0.0,14.7,Tiruchirappalli (Kaveri Basin),10.7905,78.7047,Tamil Nadu,11.9,15.1,0,0
2025-04-21,0.0,0.0,0.0,13.2,Madurai (Southern Plains),9.9252,78.1198,Tamil Nadu,11.7,15.1,0,0
2025-04-21,0.0,0.0,0.0,12.0,Vellore (Palar Basin),12.9165,79.1325,Tamil Nadu,0.0,12.6,0,0
2025-04-21,0.0,0.0,0.0,20.4,Salem (Northern Inland),11.6643,78.146,Tamil Nadu,0.0,12.3,0,0
2025-04-21,0.0,0.0,0.0,16.5,Cuddalore (Coastal Central),11.748,79.7714,Tamil Nadu,0.0,11.9,0,0
2025-04-21,0.0,0.0,0.0,17.5,Nagapattinam (Delta Coast),10.7656,79.8424,Tamil Nadu,0.0,11.7,0,0
2025-04-22,0.0,0.0,0.0,14.3,Coimbatore (Western Inland),11.0168,76.9558,Tamil Nadu,0.0,0.0,0,0
2025-04-22,0.0,0.0,0.0,14.8,Nagapattinam (Delta Coast),10.7656,79.8424,Tamil Nadu,0.0,0.0,0,0
2025-04-22,0.0,0.0,0.0,17.9,Chennai (Coastal North),13.0827,80.2707,Tamil Nadu,0.0,0.0,0,0
2025-04-22,0.0,0.0,0.0,11.4,Vellore (Palar Basin),12.9165,79.1325,Tamil Nadu,0.0,0.0,0,0
2025-04-22,8.5,8.5,7.0,16.9,Kanyakumari (Southern Coast),8.1833,77.4119,Tamil Nadu,8.5,8.5,0,0
2025-04-22,0.0,0.0,0.0,17.9,Salem (Northern Inland),11.6643,78.146,Tamil Nadu,8.5,8.5,0,0
2025-04-22,0.0,0.0,0.0,16.0,Nilgiris (Hill Station Zone),11.4102,76.695,Tamil Nadu,8.5,8.5,0,0
2025-04-22,0.0,0.0,0.0,15.1,Cuddalore (Coastal Central),11.748,79.7714,Tamil Nadu,0.0,8.5,0,0
2025-04-22,0.3,0.3,2.0,15.6,Tiruchirappalli (Kaveri Basin),10.7905,78.7047,Tamil Nadu,0.3,8.8,0,0
2025-04-22,0.1,0.1,1.0,16.3,Madurai (Southern Plains),9.9252,78.1198,Tamil Nadu,0.4,8.9,0,0
2025-04-23,0.0,0.0,0.0,15.8,Nilgiris (Hill Station Zone),11.4102,76.695,Tamil Nadu,0.4,8.9,0,0
2025-04-23,0.0,0.0,0.0,15.2,Tiruchirappalli (Kaveri Basin),10.7905,78.7047,Tamil Nadu,0.1,0.4,0,0
2025-04-23,0.2,0.2,2.0,20.7,Coimbatore (Western Inland),11.0168,76.9558,Tamil Nadu,0.2,0.6,0,0
2025-04-23,0.0,0.0,0.0,16.2,Vellore (Palar Basin),12.9165,79.1325,Tamil Nadu,0.2,0.6,0,0
2025-04-23,0.0,0.0,0.0,18.6,Chennai (Coastal North),13.0827,80.2707,Tamil Nadu,0.2,0.6,0,0
2025-04-23,0.5,0.5,2.0,16.7,Nagapattinam (Delta Coast),10.7656,79.8424,Tamil Nadu,0.5,0.8,0,0
2025-04-23,0.0,0.0,0.0,18.5,Cuddalore (Coastal Central),11.748,79.7714,Tamil Nadu,0.5,0.7,0,0
2025-04-23,0.0,0.0,0.0,14.3,Salem (Northern Inland),11.6643,78.146,Tamil Nadu,0.5,0.7,0,0
2025-04-23,0.0,0.0,0.0,13.6,Madurai (Southern Plains),9.9252,78.1198,Tamil Nadu,0.0,0.7,0,0
2025-04-23,3.8,3.8,7.0,19.6,Kanyakumari (Southern Coast),8.1833,77.4119,Tamil Nadu,3.8,4.3,0,0
2025-04-24,0.1,0.1,1.0,18.3,Coimbatore (Western Inland),11.0168,76.9558,Tamil Nadu,3.9,4.4,0,0
2025-04-24,0.0,0.0,0.0,16.5,Vellore (Palar Basin),12.9165,79.1325,Tamil Nadu,3.9,4.4,0,0
2025-04-24,0.0,0.0,0.0,19.3,Chennai (Coastal North),13.0827,80.2707,Tamil Nadu,0.1,3.9,0,0
2025-04-24,0.0,0.0,0.0,17.0,Madurai (Southern Plains),9.9252,78.1198,Tamil Nadu,0.0,3.9,0,0
2025-04-24,0.0,0.0,0.0,11.7,Salem (Northern Inland),11.6643,78.146,Tamil Nadu,0.0,3.9,0,0
2025-04-24,0.7,0.7,5.0,13.3,Nilgiris (Hill Station Zone),11.4102,76.695,Tamil Nadu,0.7,4.6,0,0
2025-04-24,2.5,2.5,3.0,20.9,Kanyakumari (Southern Coast),8.1833,77.4119,Tamil Nadu,3.2,3.3,0,0
2025-04-24,0.0,0.0,0.0,17.8,Tiruchirappalli (Kaveri Basin),10.7905,78.7047,Tamil Nadu,3.2,3.2,0,0
2025-04-24,0.0,0.0,0.0,19.2,Cuddalore (Coastal Central),11.748,79.7714,Tamil Nadu,2.5,3.2,0,0
2025-04-24,1.9,1.9,3.0,17.5,Nagapattinam (Delta Coast),10.7656,79.8424,Tamil Nadu,1.9,5.1,0,0
2025-04-25,0.6,0.6,3.0,18.2,Tiruchirappalli (Kaveri Basin),10.7905,78.7047,Tamil Nadu,2.5,5.7,0,0
2025-04-25,0.3,0.3,2.0,24.1,Coimbatore (Western Inland),11.0168,76.9558,Tamil Nadu,2.8,6.0,0,0
2025-04-25,0.6,0.6,6.0,20.3,Cuddalore (Coastal Central),11.748,79.7714,Tamil Nadu,1.5,5.9,0,0
2025-04-25,0.0,0.0,0.0,16.1,Vellore (Palar Basin),12.9165,79.1325,Tamil Nadu,0.9,3.4,0,0
2025-04-25,1.5,1.5,6.0,20.4,Kanyakumari (Southern Coast),8.1833,77.4119,Tamil Nadu,2.1,4.9,0,0
2025-04-25,0.0,0.0,0.0,14.1,Nilgiris (Hill Station Zone),11.4102,76.695,Tamil Nadu,1.5,4.9,0,0
2025-04-25,0.2,0.2,1.0,16.8,Madurai (Southern Plains),9.9252,78.1198,Tamil Nadu,1.7,3.2,0,0
2025-04-25,0.0,0.0,0.0,12.0,Salem (Northern Inland),11.6643,78.146,Tamil Nadu,0.2,2.6,0,0
2025-04-25,0.4,0.4,4.0,19.6,Chennai (Coastal North),13.0827,80.2707,Tamil Nadu,0.6,2.7,0,0
2025-04-25,1.3,1.3,6.0,17.1,Nagapattinam (Delta Coast),10.7656,79.8424,Tamil Nadu,1.7,3.4,0,0
2025-04-26,0.4,0.4,3.0,16.6,Nagapattinam (Delta Coast),10.7656,79.8424,Tamil Nadu,2.1,3.8,0,0
2025-04-26,0.0,0.0,0.0,13.0,Coimbatore (Western Inland),11.0168,76.9558,Tamil Nadu,1.7,2.3,0,0
2025-04-26,0.2,0.2,2.0,13.4,Nilgiris (Hill Station Zone),11.4102,76.695,Tamil Nadu,0.6,2.5,0,0
2025-04-26,0.5,0.5,4.0,15.0,Tiruchirappalli (Kaveri Basin),10.7905,78.7047,Tamil Nadu,0.7,2.8,0,0
2025-04-26,1.4,1.4,5.0,17.7,Kanyakumari (Southern Coast),8.1833,77.4119,Tamil Nadu,2.1,4.2,0,0
2025-04-26,1.4,1.4,4.0,14.3,Madurai (Southern Plains),9.9252,78.1198,Tamil Nadu,3.3,5.2,0,0
2025-04-26,0.4,0.4,3.0,19.8,Chennai (Coastal North),13.0827,80.2707,Tamil Nadu,3.2,4.3,0,0
2025-04-26,0.0,0.0,0.0,17.5,Vellore (Palar Basin),12.9165,79.1325,Tamil Nadu,1.8,3.9,0,0
2025-04-26,0.8,0.8,4.0,20.5,Cuddalore (Coastal Central),11.748,79.7714,Tamil Nadu,1.2,4.7,0,0
2025-04-26,0.1,0.1,1.0,15.0,Salem (Northern Inland),11.6643,78.146,Tamil Nadu,0.9,4.6,0,0
2025-04-27,0.0,0.0,0.0,20.7,Coimbatore (Western Inland),11.0168,76.9558,Tamil Nadu,0.9,4.1,0,0
2025-04-27,0.0,0.0,0.0,24.6,Salem (Northern Inland),11.6643,78.146,Tamil Nadu,0.1,2.7,0,0
2025-04-27,0.0,0.0,0.0,12.1,Nilgiris (Hill Station Zone),11.4102,76.695,Tamil Nadu,0.0,1.3,0,0
2025-04-27,1.2,1.2,4.0,17.2,Nagapattinam (Delta Coast),10.7656,79.8424,Tamil Nadu,1.2,2.1,0,0
2025-04-27,1.7,1.7,4.0,15.7,Kanyakumari (Southern Coast),8.1833,77.4119,Tamil Nadu,2.9,3.8,0,0
2025-04-27,14.7,14.7,3.0,15.5,Tiruchirappalli (Kaveri Basin),10.7905,78.7047,Tamil Nadu,17.6,17.7,0,0
2025-04-27,0.2,0.2,2.0,17.6,Chennai (Coastal North),13.0827,80.2707,Tamil Nadu,16.6,17.8,0,0
2025-04-27,4.5,4.5,5.0,11.0,Madurai (Southern Plains),9.9252,78.1198,Tamil Nadu,19.4,22.3,0,0
2025-04-27,0.0,0.0,0.0,22.2,Vellore (Palar Basin),12.9165,79.1325,Tamil Nadu,4.7,22.3,0,0
2025-04-27,0.8,0.8,3.0,18.0,Cuddalore (Coastal Central),11.748,79.7714,Tamil Nadu,5.3,23.1,0,0
2025-04-28,10.7,10.7,11.0,17.1,Nagapattinam (Delta Coast),10.7656,79.8424,Tamil Nadu,11.5,32.6,0,0
2025-04-28,1.0,1.0,6.0,14.3,Coimbatore (Western Inland),11.0168,76.9558,Tamil Nadu,12.5,31.9,0,0
2025-04-28,3.6,3.6,9.0,17.7,Cuddalore (Coastal Central),11.748,79.7714,Tamil Nadu,15.3,20.8,0,0
2025-04-28,3.6,3.6,6.0,16.4,Tiruchirappalli (Kaveri Basin),10.7905,78.7047,Tamil Nadu,8.2,24.2,0,0
2025-04-28,4.7,4.7,9.0,13.8,Kanyakumari (Southern Coast),8.1833,77.4119,Tamil Nadu,11.9,24.4,0,0
2025-04-28,0.2,0.2,2.0,18.8,Vellore (Palar Basin),12.9165,79.1325,Tamil Nadu,8.5,24.6,0,0
2025-04-28,0.0,0.0,0.0,18.9,Salem (Northern Inland),11.6643,78.146,Tamil Nadu,4.9,23.8,0,0
2025-04-28,3.6,3.6,10.0,15.1,Madurai (Southern Plains),9.9252,78.1198,Tamil Nadu,3.8,16.7,0,0
2025-04-28,0.3,0.3,3.0,16.5,Chennai (Coastal North),13.0827,80.2707,Tamil Nadu,3.9,16.0,0,0
2025-04-28,0.6,0.6,4.0,14.5,Nilgiris (Hill Station Zone),11.4102,76.695,Tamil Nadu,4.5,13.0,0,0
2025-04-29,5.2,5.2,11.0,11.7,Kanyakumari (Southern Coast),8.1833,77.4119,Tamil Nadu,6.1,14.6,0,0
2025-04-29,0.5,0.5,5.0,16.4,Nilgiris (Hill Station Zone),11.4102,76.695,Tamil Nadu,6.3,10.4,0,0
2025-04-29,0.5,0.5,4.0,18.4,Chennai (Coastal North),13.0827,80.2707,Tamil Nadu,6.2,10.7,0,0
2025-04-29,0.6,0.6,3.0,17.7,Tiruchirappalli (Kaveri Basin),10.7905,78.7047,Tamil Nadu,1.6,11.3,0,0
2025-04-29,0.0,0.0,0.0,18.2,Vellore (Palar Basin),12.9165,79.1325,Tamil Nadu,1.1,7.7,0,0
2025-04-29,0.9,0.9,6.0,18.5,Nagapattinam (Delta Coast),10.7656,79.8424,Tamil Nadu,1.5,8.3,0,0
2025-04-29,0.7,0.7,3.0,17.8,Coimbatore (Western Inland),11.0168,76.9558,Tamil Nadu,1.6,8.4,0,0
2025-04-29,1.2,1.2,2.0,13.8,Madurai (Southern Plains),9.9252,78.1198,Tamil Nadu,2.8,4.4,0,0
2025-04-29,0.0,0.0,0.0,15.1,Salem (Northern Inland),11.6643,78.146,Tamil Nadu,1.9,3.9,0,0
2025-04-29,1.4,1.4,5.0,19.0,Cuddalore (Coastal Central),11.748,79.7714,Tamil Nadu,2.6,4.8,0,0
2025-04-30,0.2,0.2,2.0,21.3,Nagapattinam (Delta Coast),10.7656,79.8424,Tamil Nadu,1.6,4.4,0,0
2025-04-30,0.0,0.0,0.0,22.6,Cuddalore (Coastal Central),11.748,79.7714,Tamil Nadu,1.6,4.4,0,0
2025-04-30,0.0,0.0,0.0,20.7,Coimbatore (Western Inland),11.0168,76.9558,Tamil Nadu,0.2,3.5,0,0
2025-04-30,0.0,0.0,0.0,19.1,Madurai (Southern Plains),9.9252,78.1198,Tamil Nadu,0.0,2.8,0,0
2025-04-30,0.0,0.0,0.0,15.9,Nilgiris (Hill Station Zone),11.4102,76.695,Tamil Nadu,0.0,1.6,0,0
2025-04-30,0.0,0.0,0.0,20.2,Tiruchirappalli (Kaveri Basin),10.7905,78.7047,Tamil Nadu,0.0,1.6,0,0
2025-04-30,0.0,0.0,0.0,17.4,Chennai (Coastal North),13.0827,80.2707,Tamil Nadu,0.0,0.2,0,0
2025-04-30,0.0,0.0,0.0,15.5,Vellore (Palar Basin),12.9165,79.1325,Tamil Nadu,0.0,0.0,0,0
2025-04-30,4.5,4.5,8.0,13.9,Kanyakumari (Southern Coast),8.1833,77.4119,Tamil Nadu,4.5,4.5,0,0
2025-04-30,0.0,0.0,0.0,10.2,Salem (Northern Inland),11.6643,78.146,Tamil Nadu,4.5,4.5,0,0
2025-05-01,1.2,1.2,2.0,18.2,Chennai (Coastal North),13.0827,80.2707,Tamil Nadu,5.7,5.7,0,0
2025-05-01,0.0,0.0,0.0,15.3,Madurai (Southern Plains),9.9252,78.1198,Tamil Nadu,1.2,5.7,0,0
2025-05-01,2.7,2.7,7.0,16.5,Kanyakumari (Southern Coast),8.1833,77.4119,Tamil Nadu,3.9,8.4,0,0
2025-05-01,0.0,0.0,0.0,13.7,Salem (Northern Inland),11.6643,78.146,Tamil Nadu,2.7,8.4,0,0
2025-05-01,0.0,0.0,0.0,13.7,Tiruchirappalli (Kaveri Basin),10.7905,78.7047,Tamil Nadu,2.7,8.4,0,0
2025-05-01,0.5,0.5,1.0,16.2,Coimbatore (Western Inland),11.0168,76.9558,Tamil Nadu,0.5,4.4,0,0
2025-05-01,0.0,0.0,0.0,16.4,Nagapattinam (Delta Coast),10.7656,79.8424,Tamil Nadu,0.5,4.4,0,0
2025-05-01,0.0,0.0,0.0,17.9,Cuddalore (Coastal Central),11.748,79.7714,Tamil Nadu,0.5,3.2,0,0
2025-05-01,0.7,0.7,2.0,12.1,Vellore (Palar Basin),12.9165,79.1325,Tamil Nadu,0.7,3.9,0,0
2025-05-01,2.1,2.1,8.0,16.8,Nilgiris (Hill Station Zone),11.4102,76.695,Tamil Nadu,2.8,3.3,0,0
2025-05-02,0.0,0.0,0.0,19.4,Nagapattinam (Delta Coast),10.7656,79.8424,Tamil Nadu,2.8,3.3,0,0
2025-05-02,4.4,4.4,8.0,15.5,Kanyakumari (Southern Coast),8.1833,77.4119,Tamil Nadu,6.5,7.7,0,0
2025-05-02,1.1,1.1,1.0,14.9,Tiruchirappalli (Kaveri Basin),10.7905,78.7047,Tamil Nadu,5.5,8.3,0,0
2025-05-02,0.5,0.5,4.0,16.7,Madurai (Southern Plains),9.9252,78.1198,Tamil Nadu,6.0,8.8,0,0
2025-05-02,0.7,0.7,2.0,13.2,Vellore (Palar Basin),12.9165,79.1325,Tamil Nadu,2.3,9.5,0,0
2025-05-02,3.8,3.8,10.0,14.1,Nilgiris (Hill Station Zone),11.4102,76.695,Tamil Nadu,5.0,12.6,0,0
2025-05-02,0.4,0.4,2.0,18.3,Chennai (Coastal North),13.0827,80.2707,Tamil Nadu,4.9,10.9,0,0
2025-05-02,0.1,0.1,1.0,15.6,Salem (Northern Inland),11.6643,78.146,Tamil Nadu,4.3,11.0,0,0
2025-05-02,1.9,1.9,5.0,15.7,Coimbatore (Western Inland),11.0168,76.9558,Tamil Nadu,2.4,8.5,0,0
2025-05-02,0.0,0.0,0.0,21.4,Cuddalore (Coastal Central),11.748,79.7714,Tamil Nadu,2.0,7.4,0,0
2025-05-03,0.8,0.8,1.0,17.2,Coimbatore (Western Inland),11.0168,76.9558,Tamil Nadu,2.7,7.7,0,0
2025-05-03,1.7,1.7,4.0,21.5,Kanyakumari (Southern Coast),8.1833,77.4119,Tamil Nadu,2.5,8.7,0,0
2025-05-03,0.5,0.5,1.0,19.1,Chennai (Coastal North),13.0827,80.2707,Tamil Nadu,3.0,5.4,0,0
2025-05-03,0.0,0.0,0.0,11.2,Salem (Northern Inland),11.6643,78.146,Tamil Nadu,2.2,5.0,0,0
2025-05-03,0.0,0.0,0.0,15.8,Vellore (Palar Basin),12.9165,79.1325,Tamil Nadu,0.5,4.9,0,0
2025-05-03,0.0,0.0,0.0,16.6,Madurai (Southern Plains),9.9252,78.1198,Tamil Nadu,0.0,3.0,0,0
2025-05-03,0.0,0.0,0.0,18.3,Tiruchirappalli (Kaveri Basin),10.7905,78.7047,Tamil Nadu,0.0,3.0,0,0
2025-05-03,0.0,0.0,0.0,21.8,Cuddalore (Coastal Central),11.748,79.7714,Tamil Nadu,0.0,2.2,0,0
2025-05-03,1.5,1.5,7.0,12.4,Nilgiris (Hill Station Zone),11.4102,76.695,Tamil Nadu,1.5,2.0,0,0
2025-05-03,0.0,0.0,0.0,19.8,Nagapattinam (Delta Coast),10.7656,79.8424,Tamil Nadu,1.5,1.5,0,0
2025-05-04,12.3,12.3,9.0,11.6,Nilgiris (Hill Station Zone),11.4102,76.695,Tamil Nadu,13.8,13.8,0,0
2025-05-04,0.1,0.1,1.0,14.3,Coimbatore (Western Inland),11.0168,76.9558,Tamil Nadu,12.4,13.9,0,0
2025-05-04,1.3,1.3,3.0,19.4,Kanyakumari (Southern Coast),8.1833,77.4119,Tamil Nadu,13.7,15.2,0,0
2025-05-04,0.4,0.4,2.0,15.8,Vellore (Palar Basin),12.9165,79.1325,Tamil Nadu,1.8,15.6,0,0
2025-05-04,18.5,18.5,3.0,19.0,Tiruchirappalli (Kaveri Basin),10.7905,78.7047,Tamil Nadu,20.2,34.1,0,0
2025-05-04,1.0,1.0,2.0,16.0,Chennai (Coastal North),13.0827,80.2707,Tamil Nadu,19.9,33.6,0,0
2025-05-04,0.0,0.0,0.0,22.1,Cuddalore (Coastal Central),11.748,79.7714,Tamil Nadu,19.5,33.6,0,0
2025-05-04,0.1,0.1,1.0,18.1,Salem (Northern Inland),11.6643,78.146,Tamil Nadu,1.1,21.4,0,0
2025-05-04,7.6,7.6,1.0,12.2,Madurai (Southern Plains),9.9252,78.1198,Tamil Nadu,7.7,28.9,0,0
2025-05-04,10.4,10.4,3.0,21.2,Nagapattinam (Delta Coast),10.7656,79.8424,Tamil Nadu,18.1,38.0,0,0
2025-05-05,0.0,0.0,0.0,10.5,Salem (Northern Inland),11.6643,78.146,Tamil Nadu,18.0,37.6,0,0
2025-05-05,0.5,0.5,2.0,17.8,Coimbatore (Western Inland),11.0168,76.9558,Tamil Nadu,10.9,19.6,0,0
2025-05-05,0.0,0.0,0.0,17.4,Vellore (Palar Basin),12.9165,79.1325,Tamil Nadu,0.5,18.6,0,0
2025-05-05,0.0,0.0,0.0,22.5,Cuddalore (Coastal Central),11.748,79.7714,Tamil Nadu,0.5,18.6,0,0
2025-05-05,2.6,2.6,5.0,16.1,Nagapattinam (Delta Coast),10.7656,79.8424,Tamil Nadu,2.6,21.1,0,0
2025-05-05,0.0,0.0,0.0,18.1,Chennai (Coastal North),13.0827,80.2707,Tamil Nadu,2.6,13.5,0,0
2025-05-05,0.4,0.4,2.0,14.9,Nilgiris (Hill Station Zone),11.4102,76.695,Tamil Nadu,3.0,3.5,0,0
2025-05-05,0.0,0.0,0.0,15.4,Tiruchirappalli (Kaveri Basin),10.7905,78.7047,Tamil Nadu,0.4,3.5,0,0
2025-05-05,1.9,1.9,6.0,17.7,Kanyakumari (Southern Coast),8.1833,77.4119,Tamil Nadu,2.3,4.9,0,0
2025-05-05,0.0,0.0,0.0,13.8,Madurai (Southern Plains),9.9252,78.1198,Tamil Nadu,1.9,4.9,0,0
2025-05-06,2.3,2.3,6.0,20.2,Kanyakumari (Southern Coast),8.1833,77.4119,Tamil Nadu,4.2,7.2,0,0
2025-05-06,1.3,1.3,6.0,9.1,Nilgiris (Hill Station Zone),11.4102,76.695,Tamil Nadu,3.6,5.9,0,0
2025-05-06,0.0,0.0,0.0,20.0,Vellore (Palar Basin),12.9165,79.1325,Tamil Nadu,3.6,5.9,0,0
2025-05-06,0.0,0.0,0.0,17.2,Chennai (Coastal North),13.0827,80.2707,Tamil Nadu,1.3,5.5,0,0
2025-05-06,0.0,0.0,0.0,17.0,Nagapattinam (Delta Coast),10.7656,79.8424,Tamil Nadu,0.0,5.5,0,0
2025-05-06,0.2,0.2,2.0,13.9,Madurai (Southern Plains),9.9252,78.1198,Tamil Nadu,0.2,3.8,0,0
2025-05-06,0.1,0.1,1.0,19.2,Cuddalore (Coastal Central),11.748,79.7714,Tamil Nadu,0.3,3.9,0,0
2025-05-06,13.9,13.9,3.0,17.4,Tiruchirappalli (Kaveri Basin),10.7905,78.7047,Tamil Nadu,14.2,15.5,0,0
2025-05-06,0.0,0.0,0.0,17.4,Salem (Northern Inland),11.6643,78.146,Tamil Nadu,14.0,14.2,0,0
2025-05-06,1.1,1.1,3.0,16.2,Coimbatore (Western Inland),11.0168,76.9558,Tamil Nadu,15.0,15.3,0,0
2025-05-07,1.2,1.2,4.0,21.9,Kanyakumari (Southern Coast),8.1833,77.4119,Tamil Nadu,2.3,16.5,0,0
2025-05-07,1.7,1.7,3.0,25.2,Nagapattinam (Delta Coast),10.7656,79.8424,Tamil Nadu,4.0,18.2,0,0
2025-05-07,0.0,0.0,0.0,15.5,Salem (Northern Inland),11.6643,78.146,Tamil Nadu,2.9,18.0,0,0
2025-05-07,0.2,0.2,1.0,17.3,Vellore (Palar Basin),12.9165,79.1325,Tamil Nadu,1.9,18.1,0,0
2025-05-07,0.0,0.0,0.0,17.8,Cuddalore (Coastal Central),11.748,79.7714,Tamil Nadu,0.2,4.2,0,0
2025-05-07,0.6,0.6,1.0,15.9,Chennai (Coastal North),13.0827,80.2707,Tamil Nadu,0.8,4.8,0,0
2025-05-07,0.6,0.6,2.0,16.4,Tiruchirappalli (Kaveri Basin),10.7905,78.7047,Tamil Nadu,1.2,4.3,0,0
2025-05-07,1.9,1.9,3.0,11.7,Madurai (Southern Plains),9.9252,78.1198,Tamil Nadu,3.1,5.0,0,0
2025-05-07,3.2,3.2,5.0,9.6,Nilgiris (Hill Station Zone),11.4102,76.695,Tamil Nadu,5.7,6.5,0,0
2025-05-07,0.0,0.0,0.0,18.8,Coimbatore (Western Inland),11.0168,76.9558,Tamil Nadu,5.1,6.5,0,0
2025-05-08,0.4,0.4,1.0,16.7,Nagapattinam (Delta Coast),10.7656,79.8424,Tamil Nadu,3.6,6.7,0,0
2025-05-08,0.0,0.0,0.0,14.9,Salem (Northern Inland),11.6643,78.146,Tamil Nadu,0.4,6.7,0,0
2025-05-08,0.2,0.2,2.0,12.0,Madurai (Southern Plains),9.9252,78.1198,Tamil Nadu,0.6,6.3,0,0
2025-05-08,0.5,0.5,4.0,6.6,Nilgiris (Hill Station Zone),11.4102,76.695,Tamil Nadu,0.7,6.2,0,0
2025-05-08,9.6,9.6,4.0,14.4,Chennai (Coastal North),13.0827,80.2707,Tamil Nadu,10.3,13.9,0,0
2025-05-08,7.9,7.9,3.0,12.0,Vellore (Palar Basin),12.9165,79.1325,Tamil Nadu,18.0,18.6,0,0
2025-05-08,0.0,0.0,0.0,15.4,Coimbatore (Western Inland),11.0168,76.9558,Tamil Nadu,17.5,18.6,0,0
2025-05-08,0.1,0.1,1.0,22.7,Kanyakumari (Southern Coast),8.1833,77.4119,Tamil Nadu,8.0,18.3,0,0
2025-05-08,0.5,0.5,1.0,14.1,Tiruchirappalli (Kaveri Basin),10.7905,78.7047,Tamil Nadu,0.6,18.8,0,0
2025-05-08,0.1,0.1,1.0,18.3,Cuddalore (Coastal Central),11.748,79.7714,Tamil Nadu,0.7,18.7,0,0
2025-05-09,0.2,0.2,1.0,15.3,Chennai (Coastal North),13.0827,80.2707,Tamil Nadu,0.8,18.4,0,0
2025-05-09,0.0,0.0,0.0,17.9,Cuddalore (Coastal Central),11.748,79.7714,Tamil Nadu,0.3,8.8,0,0
2025-05-09,0.0,0.0,0.0,14.6,Salem (Northern Inland),11.6643,78.146,Tamil Nadu,0.2,0.9,0,0
2025-05-09,0.0,0.0,0.0,12.3,Tiruchirappalli (Kaveri Basin),10.7905,78.7047,Tamil Nadu,0.0,0.9,0,0
2025-05-09,0.0,0.0,0.0,14.1,Madurai (Southern Plains),9.9252,78.1198,Tamil Nadu,0.0,0.8,0,0
2025-05-09,0.2,0.2,1.0,18.6,Vellore (Palar Basin),12.9165,79.1325,Tamil Nadu,0.2,0.5,0,0
2025-05-09,2.4,2.4,7.0,8.1,Nilgiris (Hill Station Zone),11.4102,76.695,Tamil Nadu,2.6,2.8,0,0
2025-05-09,0.0,0.0,0.0,22.0,Kanyakumari (Southern Coast),8.1833,77.4119,Tamil Nadu,2.6,2.6,0,0
2025-05-09,0.0,0.0,0.0,18.5,Coimbatore (Western Inland),11.0168,76.9558,Tamil Nadu,2.4,2.6,0,0
2025-05-09,0.9,0.9,1.0,15.5,Nagapattinam (Delta Coast),10.7656,79.8424,Tamil Nadu,0.9,3.5,0,0
2025-05-10,0.1,0.1,1.0,12.7,Madurai (Southern Plains),9.9252,78.1198,Tamil Nadu,1.0,3.6,0,0
2025-05-10,0.0,0.0,0.0,19.2,Coimbatore (Western Inland),11.0168,76.9558,Tamil Nadu,1.0,3.6,0,0
2025-05-10,1.4,1.4,3.0,15.8,Chennai (Coastal North),13.0827,80.2707,Tamil Nadu,1.5,4.8,0,0
2025-05-10,0.1,0.1,1.0,10.1,Salem (Northern Inland),11.6643,78.146,Tamil Nadu,1.5,2.5,0,0
2025-05-10,4.1,4.1,5.0,13.0,Nagapattinam (Delta Coast),10.7656,79.8424,Tamil Nadu,5.6,6.6,0,0
2025-05-10,1.1,1.1,3.0,7.3,Nilgiris (Hill Station Zone),11.4102,76.695,Tamil Nadu,5.3,7.7,0,0
2025-05-10,0.3,0.3,2.0,14.8,Cuddalore (Coastal Central),11.748,79.7714,Tamil Nadu,5.5,7.1,0,0
2025-05-10,11.8,11.8,3.0,16.7,Tiruchirappalli (Kaveri Basin),10.7905,78.7047,Tamil Nadu,13.2,18.8,0,0
2025-05-10,0.0,0.0,0.0,23.6,Kanyakumari (Southern Coast),8.1833,77.4119,Tamil Nadu,12.1,18.8,0,0
2025-05-10,0.7,0.7,4.0,11.2,Vellore (Palar Basin),12.9165,79.1325,Tamil Nadu,12.5,18.1,0,0
2025-05-11,0.0,0.0,0.0,16.4,Madurai (Southern Plains),9.9252,78.1198,Tamil Nadu,0.7,18.0,0,0
2025-05-11,2.4,2.4,7.0,8.5,Nilgiris (Hill Station Zone),11.4102,76.695,Tamil Nadu,3.1,16.3,0,0
2025-05-11,0.6,0.6,4.0,24.8,Kanyakumari (Southern Coast),8.1833,77.4119,Tamil Nadu,3.0,15.8,0,0
2025-05-11,0.1,0.1,1.0,9.4,Salem (Northern Inland),11.6643,78.146,Tamil Nadu,3.1,15.6,0,0
2025-05-11,0.0,0.0,0.0,15.9,Tiruchirappalli (Kaveri Basin),10.7905,78.7047,Tamil Nadu,0.7,3.8,0,0
2025-05-11,0.0,0.0,0.0,21.2,Coimbatore (Western Inland),11.0168,76.9558,Tamil Nadu,0.1,3.8,0,0
2025-05-11,0.0,0.0,0.0,16.4,Cuddalore (Coastal Central),11.748,79.7714,Tamil Nadu,0.0,3.1,0,0
2025-05-11,0.4,0.4,2.0,12.7,Vellore (Palar Basin),12.9165,79.1325,Tamil Nadu,0.4,3.5,0,0
2025-05-11,0.1,0.1,1.0,14.1,Chennai (Coastal North),13.0827,80.2707,Tamil Nadu,0.5,1.2,0,0
2025-05-11,0.0,0.0,0.0,17.5,Nagapattinam (Delta Coast),10.7656,79.8424,Tamil Nadu,0.5,0.6,0,0
2025-05-12,0.1,0.1,1.0,14.7,Chennai (Coastal North),13.0827,80.2707,Tamil Nadu,0.2,0.6,0,0
2025-05-12,0.4,0.4,1.0,15.1,Vellore (Palar Basin),12.9165,79.1325,Tamil Nadu,0.5,1.0,0,0
2025-05-12,0.2,0.2,1.0,18.7,Coimbatore (Western Inland),11.0168,76.9558,Tamil Nadu,0.7,1.2,0,0
2025-05-12,6.0,6.0,5.0,12.6,Salem (Northern Inland),11.6643,78.146,Tamil Nadu,6.6,7.2,0,0
2025-05-12,0.0,0.0,0.0,17.6,Cuddalore (Coastal Central),11.748,79.7714,Tamil Nadu,6.2,6.8,0,0
2025-05-12,0.0,0.0,0.0,14.8,Madurai (Southern Plains),9.9252,78.1198,Tamil Nadu,6.0,6.7,0,0
2025-05-12,3.2,3.2,6.0,23.3,Kanyakumari (Southern Coast),8.1833,77.4119,Tamil Nadu,3.2,9.9,0,0
2025-05-12,0.1,0.1,1.0,17.9,Nagapattinam (Delta Coast),10.7656,79.8424,Tamil Nadu,3.3,9.9,0,0
2025-05-12,13.7,13.7,13.0,10.7,Nilgiris (Hill Station Zone),11.4102,76.695,Tamil Nadu,17.0,23.2,0,0
2025-05-12,0.2,0.2,2.0,19.2,Tiruchirappalli (Kaveri Basin),10.7905,78.7047,Tamil Nadu,14.0,23.2,0,0
2025-05-13,3.2,3.2,4.0,25.6,Kanyakumari (Southern Coast),8.1833,77.4119,Tamil Nadu,17.1,20.4,0,0
2025-05-13,0.0,0.0,0.0,17.4,Cuddalore (Coastal Central),11.748,79.7714,Tamil Nadu,3.4,20.4,0,0
2025-05-13,0.7,0.7,2.0,14.5,Madurai (Southern Plains),9.9252,78.1198,Tamil Nadu,3.9,21.1,0,0
2025-05-13,0.0,0.0,0.0,14.3,Nagapattinam (Delta Coast),10.7656,79.8424,Tamil Nadu,0.7,17.9,0,0
2025-05-13,11.9,11.9,12.0,11.9,Nilgiris (Hill Station Zone),11.4102,76.695,Tamil Nadu,12.6,29.7,0,0
2025-05-13,1.4,1.4,3.0,15.9,Coimbatore (Western Inland),11.0168,76.9558,Tamil Nadu,13.3,17.4,0,0
2025-05-13,0.2,0.2,2.0,14.3,Salem (Northern Inland),11.6643,78.146,Tamil Nadu,13.5,17.4,0,0
2025-05-13,0.1,0.1,1.0,18.4,Vellore (Palar Basin),12.9165,79.1325,Tamil Nadu,1.7,14.3,0,0
2025-05-13,0.0,0.0,0.0,16.2,Chennai (Coastal North),13.0827,80.2707,Tamil Nadu,0.3,14.3,0,0
2025-05-13,0.0,0.0,0.0,16.9,Tiruchirappalli (Kaveri Basin),10.7905,78.7047,Tamil Nadu,0.1,13.6,0,0
2025-05-14,15.3,15.3,11.0,7.6,Nilgiris (Hill Station Zone),11.4102,76.695,Tamil Nadu,15.3,28.9,0,0
2025-05-14,0.1,0.1,1.0,13.8,Cuddalore (Coastal Central),11.748,79.7714,Tamil Nadu,15.4,17.1,0,0
2025-05-14,0.0,0.0,0.0,15.9,Chennai (Coastal North),13.0827,80.2707,Tamil Nadu,15.4,15.7,0,0
2025-05-14,0.0,0.0,0.0,14.4,Nagapattinam (Delta Coast),10.7656,79.8424,Tamil Nadu,0.1,15.5,0,0
2025-05-14,0.2,0.2,1.0,16.3,Coimbatore (Western Inland),11.0168,76.9558,Tamil Nadu,0.2,15.6,0,0
2025-05-14,0.8,0.8,2.0,21.3,Madurai (Southern Plains),9.9252,78.1198,Tamil Nadu,1.0,16.4,0,0
2025-05-14,1.7,1.7,2.0,16.3,Tiruchirappalli (Kaveri Basin),10.7905,78.7047,Tamil Nadu,2.7,18.1,0,0
2025-05-14,0.0,0.0,0.0,14.1,Vellore (Palar Basin),12.9165,79.1325,Tamil Nadu,2.5,2.8,0,0
2025-05-14,0.3,0.3,1.0,14.4,Salem (Northern Inland),11.6643,78.146,Tamil Nadu,2.0,3.0,0,0
2025-05-14,3.0,3.0,5.0,25.5,Kanyakumari (Southern Coast),8.1833,77.4119,Tamil Nadu,3.3,6.0,0,0
2025-05-15,0.5,0.5,1.0,14.2,Chennai (Coastal North),13.0827,80.2707,Tamil Nadu,3.8,6.5,0,0
2025-05-15,6.7,6.7,4.0,15.0,Nagapattinam (Delta Coast),10.7656,79.8424,Tamil Nadu,10.2,13.0,0,0
2025-05-15,0.0,0.0,0.0,12.4,Salem (Northern Inland),11.6643,78.146,Tamil Nadu,7.2,12.2,0,0
2025-05-15,0.2,0.2,1.0,15.0,Coimbatore (Western Inland),11.0168,76.9558,Tamil Nadu,6.9,10.7,0,0
2025-05-15,0.1,0.1,1.0,19.8,Tiruchirappalli (Kaveri Basin),10.7905,78.7047,Tamil Nadu,0.3,10.8,0,0
2025-05-15,5.4,5.4,13.0,7.1,Nilgiris (Hill Station Zone),11.4102,76.695,Tamil Nadu,5.7,15.9,0,0
2025-05-15,0.0,0.0,0.0,14.5,Cuddalore (Coastal Central),11.748,79.7714,Tamil Nadu,5.5,12.9,0,0
2025-05-15,1.6,1.6,3.0,24.5,Kanyakumari (Southern Coast),8.1833,77.4119,Tamil Nadu,7.0,14.0,0,0
2025-05-15,0.5,0.5,4.0,14.2,Madurai (Southern Plains),9.9252,78.1198,Tamil Nadu,2.1,7.8,0,0
2025-05-15,0.0,0.0,0.0,16.3,Vellore (Palar Basin),12.9165,79.1325,Tamil Nadu,2.1,7.8,0,0
2025-05-16,0.1,0.1,1.0,16.5,Tiruchirappalli (Kaveri Basin),10.7905,78.7047,Tamil Nadu,0.6,7.7,0,0
2025-05-16,0.7,0.7,3.0,24.9,Kanyakumari (Southern Coast),8.1833,77.4119,Tamil Nadu,0.8,8.3,0,0
2025-05-16,9.1,9.1,4.0,12.7,Vellore (Palar Basin),12.9165,79.1325,Tamil Nadu,9.9,12.0,0,0
2025-05-16,25.8,25.8,4.0,13.1,Cuddalore (Coastal Central),11.748,79.7714,Tamil Nadu,35.6,37.8,0,0
2025-05-16,0.5,0.5,3.0,11.3,Madurai (Southern Plains),9.9252,78.1198,Tamil Nadu,35.4,36.7,0,0
2025-05-16,7.2,7.2,10.0,9.0,Nilgiris (Hill Station Zone),11.4102,76.695,Tamil Nadu,33.5,43.4,0,0
2025-05-16,2.9,2.9,6.0,16.3,Chennai (Coastal North),13.0827,80.2707,Tamil Nadu,10.6,46.3,0,0
2025-05-16,0.1,0.1,1.0,15.9,Coimbatore (Western Inland),11.0168,76.9558,Tamil Nadu,10.2,46.3,0,0
2025-05-16,15.5,15.5,1.0,16.9,Nagapattinam (Delta Coast),10.7656,79.8424,Tamil Nadu,18.5,61.1,0,0
2025-05-16,0.3,0.3,1.0,8.1,Salem (Northern Inland),11.6643,78.146,Tamil Nadu,15.9,52.3,0,0
2025-05-17,2.0,2.0,6.0,14.8,Tiruchirappalli (Kaveri Basin),10.7905,78.7047,Tamil Nadu,17.8,28.5,0,0
2025-05-17,2.4,2.4,4.0,13.3,Chennai (Coastal North),13.0827,80.2707,Tamil Nadu,4.7,30.4,0,0
2025-05-17,0.1,0.1,1.0,14.7,Madurai (Southern Plains),9.9252,78.1198,Tamil Nadu,4.5,23.3,0,0
2025-05-17,1.0,1.0,5.0,15.5,Coimbatore (Western Inland),11.0168,76.9558,Tamil Nadu,3.5,21.4,0,0
2025-05-17,11.3,11.3,10.0,15.6,Vellore (Palar Basin),12.9165,79.1325,Tamil Nadu,12.4,32.6,0,0
2025-05-17,3.7,3.7,11.0,9.5,Nilgiris (Hill Station Zone),11.4102,76.695,Tamil Nadu,16.0,20.8,0,0
2025-05-17,0.0,0.0,0.0,23.0,Kanyakumari (Southern Coast),8.1833,77.4119,Tamil Nadu,15.0,20.5,0,0
2025-05-17,24.8,24.8,11.0,16.3,Cuddalore (Coastal Central),11.748,79.7714,Tamil Nadu,28.5,43.3,0,0
2025-05-17,48.9,48.9,16.0,12.3,Salem (Northern Inland),11.6643,78.146,Tamil Nadu,73.7,89.8,0,0
2025-05-17,12.8,12.8,10.0,15.2,Nagapattinam (Delta Coast),10.7656,79.8424,Tamil Nadu,86.5,102.5,0,0
2025-05-18,1.5,1.5,7.0,24.3,Kanyakumari (Southern Coast),8.1833,77.4119,Tamil Nadu,63.2,103.0,0,0
2025-05-18,20.1,20.1,11.0,14.2,Tiruchirappalli (Kaveri Basin),10.7905,78.7047,Tamil Nadu,34.4,111.8,0,0
2025-05-18,6.8,6.8,14.0,13.3,Coimbatore (Western Inland),11.0168,76.9558,Tamil Nadu,28.4,114.9,0,0
2025-05-18,9.2,9.2,16.0,11.1,Nilgiris (Hill Station Zone),11.4102,76.695,Tamil Nadu,36.1,124.1,0,0
2025-05-18,24.7,24.7,13.0,12.6,Salem (Northern Inland),11.6643,78.146,Tamil Nadu,40.7,124.0,0,0
2025-05-18,5.9,5.9,12.0,8.8,Madurai (Southern Plains),9.9252,78.1198,Tamil Nadu,39.8,81.0,0,0
2025-05-18,39.6,39.6,10.0,13.4,Cuddalore (Coastal Central),11.748,79.7714,Tamil Nadu,70.2,107.8,0,0
2025-05-18,35.6,35.6,17.0,14.6,Nagapattinam (Delta Coast),10.7656,79.8424,Tamil Nadu,81.1,141.9,0,0
2025-05-18,12.4,12.4,5.0,14.1,Chennai (Coastal North),13.0827,80.2707,Tamil Nadu,87.6,134.2,0,0
2025-05-18,4.3,4.3,5.0,15.5,Vellore (Palar Basin),12.9165,79.1325,Tamil Nadu,52.3,131.7,0,0
2025-05-19,3.9,3.9,10.0,20.3,Madurai (Southern Plains),9.9252,78.1198,Tamil Nadu,20.6,126.4,0,0
2025-05-19,15.0,15.0,12.0,11.2,Cuddalore (Coastal Central),11.748,79.7714,Tamil Nadu,23.2,116.7,0,0
2025-05-19,7.3,7.3,6.0,15.9,Nagapattinam (Delta Coast),10.7656,79.8424,Tamil Nadu,26.2,118.1,0,0
2025-05-19,3.6,3.6,14.0,24.7,Kanyakumari (Southern Coast),8.1833,77.4119,Tamil Nadu,25.9,82.1,0,0
2025-05-19,13.6,13.6,13.0,12.2,Vellore (Palar Basin),12.9165,79.1325,Tamil Nadu,24.5,60.1,0,0
2025-05-19,7.6,7.6,11.0,16.0,Coimbatore (Western Inland),11.0168,76.9558,Tamil Nadu,24.8,55.3,0,0
2025-05-19,21.0,21.0,10.0,11.8,Salem (Northern Inland),11.6643,78.146,Tamil Nadu,42.2,72.0,0,0
2025-05-19,21.1,21.1,21.0,10.0,Chennai (Coastal North),13.0827,80.2707,Tamil Nadu,49.7,89.2,0,0
2025-05-19,5.1,5.1,11.0,18.7,Tiruchirappalli (Kaveri Basin),10.7905,78.7047,Tamil Nadu,47.2,79.3,0,0
2025-05-19,9.8,9.8,19.0,9.7,Nilgiris (Hill Station Zone),11.4102,76.695,Tamil Nadu,36.0,81.8,0,0
2025-05-20,22.8,22.8,12.0,16.7,Vellore (Palar Basin),12.9165,79.1325,Tamil Nadu,37.7,101.0,0,0
2025-05-20,0.0,0.0,0.0,23.4,Coimbatore (Western Inland),11.0168,76.9558,Tamil Nadu,32.6,87.4,0,0
2025-05-20,2.7,2.7,12.0,12.0,Chennai (Coastal North),13.0827,80.2707,Tamil Nadu,25.5,82.5,0,0
2025-05-20,0.0,0.0,0.0,23.0,Tiruchirappalli (Kaveri Basin),10.7905,78.7047,Tamil Nadu,2.7,61.5,0,0
2025-05-20,1.4,1.4,14.0,28.1,Kanyakumari (Southern Coast),8.1833,77.4119,Tamil Nadu,4.1,41.8,0,0
2025-05-20,0.0,0.0,0.0,20.0,Madurai (Southern Plains),9.9252,78.1198,Tamil Nadu,1.4,36.7,0,0
2025-05-20,12.2,12.2,12.0,8.7,Nilgiris (Hill Station Zone),11.4102,76.695,Tamil Nadu,13.6,39.1,0,0
2025-05-20,8.9,8.9,3.0,7.7,Salem (Northern Inland),11.6643,78.146,Tamil Nadu,21.1,25.2,0,0
2025-05-20,10.7,10.7,9.0,10.7,Cuddalore (Coastal Central),11.748,79.7714,Tamil Nadu,31.8,35.9,0,0
2025-05-20,1.1,1.1,5.0,19.6,Nagapattinam (Delta Coast),10.7656,79.8424,Tamil Nadu,20.7,34.3,0,0
2025-05-21,0.8,0.8,1.0,10.9,Chennai (Coastal North),13.0827,80.2707,Tamil Nadu,12.6,35.1,0,0
2025-05-21,0.0,0.0,0.0,21.2,Tiruchirappalli (Kaveri Basin),10.7905,78.7047,Tamil Nadu,1.9,33.7,0,0
2025-05-21,0.0,0.0,0.0,18.0,Nagapattinam (Delta Coast),10.7656,79.8424,Tamil Nadu,0.8,33.7,0,0
2025-05-21,0.0,0.0,0.0,22.4,Coimbatore (Western Inland),11.0168,76.9558,Tamil Nadu,0.0,21.5,0,0
2025-05-21,0.3,0.3,1.0,12.3,Cuddalore (Coastal Central),11.748,79.7714,Tamil Nadu,0.3,12.9,0,0
2025-05-21,0.0,0.0,0.0,11.8,Nilgiris (Hill Station Zone),11.4102,76.695,Tamil Nadu,0.3,2.2,0,0
2025-05-21,0.0,0.0,0.0,8.1,Salem (Northern Inland),11.6643,78.146,Tamil Nadu,0.3,1.1,0,0
2025-05-21,0.1,0.1,1.0,17.3,Vellore (Palar Basin),12.9165,79.1325,Tamil Nadu,0.1,0.4,0,0
2025-05-21,2.4,2.4,12.0,22.8,Kanyakumari (Southern Coast),8.1833,77.4119,Tamil Nadu,2.5,2.8,0,0
2025-05-21,0.0,0.0,0.0,17.9,Madurai (Southern Plains),9.9252,78.1198,Tamil Nadu,2.5,2.8,0,0
2025-05-22,0.0,0.0,0.0,17.1,Vellore (Palar Basin),12.9165,79.1325,Tamil Nadu,2.4,2.8,0,0
2025-05-22,0.0,0.0,0.0,21.6,Coimbatore (Western Inland),11.0168,76.9558,Tamil Nadu,0.0,2.5,0,0
2025-05-22,0.3,0.3,2.0,14.5,Chennai (Coastal North),13.0827,80.2707,Tamil Nadu,0.3,2.8,0,0
2025-05-22,2.3,2.3,14.0,23.4,Kanyakumari (Southern Coast),8.1833,77.4119,Tamil Nadu,2.6,5.1,0,0
2025-05-22,0.0,0.0,0.0,16.5,Tiruchirappalli (Kaveri Basin),10.7905,78.7047,Tamil Nadu,2.6,5.0,0,0
2025-05-22,0.2,0.2,1.0,19.2,Cuddalore (Coastal Central),11.748,79.7714,Tamil Nadu,2.5,2.8,0,0
2025-05-22,0.0,0.0,0.0,7.3,Salem (Northern Inland),11.6643,78.146,Tamil Nadu,0.2,2.8,0,0
2025-05-22,0.1,0.1,1.0,16.8,Nagapattinam (Delta Coast),10.7656,79.8424,Tamil Nadu,0.3,2.9,0,0
2025-05-22,0.0,0.0,0.0,13.1,Nilgiris (Hill Station Zone),11.4102,76.695,Tamil Nadu,0.1,2.9,0,0
2025-05-22,0.0,0.0,0.0,11.5,Madurai (Southern Plains),9.9252,78.1198,Tamil Nadu,0.1,2.6,0,0
2025-05-23,2.4,2.4,3.0,14.8,Vellore (Palar Basin),12.9165,79.1325,Tamil Nadu,2.4,2.7,0,0
2025-05-23,1.7,1.7,5.0,18.3,Salem (Northern Inland),11.6643,78.146,Tamil Nadu,4.1,4.4,0,0
2025-05-23,0.1,0.1,1.0,20.5,Tiruchirappalli (Kaveri Basin),10.7905,78.7047,Tamil Nadu,4.2,4.3,0,0
2025-05-23,6.1,6.1,6.0,17.5,Chennai (Coastal North),13.0827,80.2707,Tamil Nadu,7.9,10.4,0,0
2025-05-23,1.6,1.6,2.0,20.0,Cuddalore (Coastal Central),11.748,79.7714,Tamil Nadu,7.8,11.9,0,0
2025-05-23,8.2,8.2,16.0,12.5,Nilgiris (Hill Station Zone),11.4102,76.695,Tamil Nadu,15.9,20.1,0,0
2025-05-23,9.1,9.1,13.0,24.4,Coimbatore (Western Inland),11.0168,76.9558,Tamil Nadu,18.9,29.2,0,0
2025-05-23,6.8,6.8,19.0,22.7,Kanyakumari (Southern Coast),8.1833,77.4119,Tamil Nadu,24.1,33.6,0,0
2025-05-23,1.6,1.6,8.0,22.1,Nagapattinam (Delta Coast),10.7656,79.8424,Tamil Nadu,17.5,33.5,0,0
2025-05-23,1.0,1.0,3.0,27.5,Madurai (Southern Plains),9.9252,78.1198,Tamil Nadu,9.4,34.4,0,0
2025-05-24,0.4,0.4,3.0,22.2,Nagapattinam (Delta Coast),10.7656,79.8424,Tamil Nadu,3.0,28.7,0,0
2025-05-24,0.2,0.2,2.0,17.1,Vellore (Palar Basin),12.9165,79.1325,Tamil Nadu,1.6,27.3,0,0
2025-05-24,4.0,4.0,13.0,20.9,Salem (Northern Inland),11.6643,78.146,Tamil Nadu,4.6,23.1,0,0
2025-05-24,18.9,18.9,23.0,24.4,Coimbatore (Western Inland),11.0168,76.9558,Tamil Nadu,23.1,32.9,0,0
2025-05-24,12.1,12.1,23.0,22.3,Kanyakumari (Southern Coast),8.1833,77.4119,Tamil Nadu,35.0,38.2,0,0
2025-05-24,1.6,1.6,5.0,16.3,Tiruchirappalli (Kaveri Basin),10.7905,78.7047,Tamil Nadu,32.6,38.2,0,0
2025-05-24,1.4,1.4,6.0,28.2,Madurai (Southern Plains),9.9252,78.1198,Tamil Nadu,15.1,38.6,0,0
2025-05-24,0.2,0.2,1.0,17.1,Chennai (Coastal North),13.0827,80.2707,Tamil Nadu,3.2,38.4,0,0
2025-05-24,32.1,32.1,24.0,21.5,Nilgiris (Hill Station Zone),11.4102,76.695,Tamil Nadu,33.7,70.3,0,0
2025-05-24,0.0,0.0,0.0,24.8,Cuddalore (Coastal Central),11.748,79.7714,Tamil Nadu,32.3,66.3,0,0
2025-05-25,41.3,41.3,24.0,27.0,Nilgiris (Hill Station Zone),11.4102,76.695,Tamil Nadu,73.4,88.7,0,0
2025-05-25,13.6,13.6,13.0,26.5,Salem (Northern Inland),11.6643,78.146,Tamil Nadu,54.9,90.2,0,0
2025-05-25,0.5,0.5,2.0,21.9,Nagapattinam (Delta Coast),10.7656,79.8424,Tamil Nadu,55.4,89.1,0,0
2025-05-25,0.1,0.1,1.0,20.6,Vellore (Palar Basin),12.9165,79.1325,Tamil Nadu,14.2,87.8,0,0
2025-05-25,9.4,9.4,21.0,27.8,Kanyakumari (Southern Coast),8.1833,77.4119,Tamil Nadu,10.0,97.0,0,0
2025-05-25,10.4,10.4,19.0,30.1,Madurai (Southern Plains),9.9252,78.1198,Tamil Nadu,19.9,75.3,0,0
2025-05-25,0.0,0.0,0.0,16.9,Chennai (Coastal North),13.0827,80.2707,Tamil Nadu,19.8,75.3,0,0
2025-05-25,21.5,21.5,24.0,28.5,Coimbatore (Western Inland),11.0168,76.9558,Tamil Nadu,31.9,55.5,0,0
2025-05-25,4.7,4.7,5.0,19.4,Tiruchirappalli (Kaveri Basin),10.7905,78.7047,Tamil Nadu,26.2,46.6,0,0
2025-05-25,0.3,0.3,2.0,26.1,Cuddalore (Coastal Central),11.748,79.7714,Tamil Nadu,26.5,46.4,0,0
2025-05-26,0.5,0.5,3.0,22.2,Chennai (Coastal North),13.0827,80.2707,Tamil Nadu,5.5,46.8,0,0
2025-05-26,4.0,4.0,3.0,22.6,Vellore (Palar Basin),12.9165,79.1325,Tamil Nadu,4.8,41.4,0,0
2025-05-26,1.7,1.7,7.0,27.7,Tiruchirappalli (Kaveri Basin),10.7905,78.7047,Tamil Nadu,6.2,32.7,0,0
2025-05-26,4.9,4.9,8.0,22.3,Nagapattinam (Delta Coast),10.7656,79.8424,Tamil Nadu,10.6,37.6,0,0
2025-05-26,48.8,48.8,24.0,30.5,Nilgiris (Hill Station Zone),11.4102,76.695,Tamil Nadu,55.4,64.9,0,0
2025-05-26,4.7,4.7,16.0,25.4,Madurai (Southern Plains),9.9252,78.1198,Tamil Nadu,58.4,64.9,0,0
2025-05-26,12.0,12.0,18.0,16.9,Salem (Northern Inland),11.6643,78.146,Tamil Nadu,65.5,76.6,0,0
2025-05-26,25.9,25.9,24.0,27.8,Coimbatore (Western Inland),11.0168,76.9558,Tamil Nadu,42.6,102.0,0,0
2025-05-26,1.3,1.3,8.0,24.2,Cuddalore (Coastal Central),11.748,79.7714,Tamil Nadu,39.2,99.3,0,0
2025-05-26,14.7,14.7,24.0,27.2,Kanyakumari (Southern Coast),8.1833,77.4119,Tamil Nadu,41.9,112.3,0,0
2025-05-27,0.7,0.7,4.0,23.2,Madurai (Southern Plains),9.9252,78.1198,Tamil Nadu,16.7,108.1,0,0
2025-05-27,13.6,13.6,24.0,29.6,Kanyakumari (Southern Coast),8.1833,77.4119,Tamil Nadu,29.0,72.9,0,0
2025-05-27,0.2,0.2,2.0,32.0,Tiruchirappalli (Kaveri Basin),10.7905,78.7047,Tamil Nadu,14.5,68.4,0,0
2025-05-27,0.0,0.0,0.0,25.5,Chennai (Coastal North),13.0827,80.2707,Tamil Nadu,13.8,56.4,0,0
2025-05-27,1.6,1.6,7.0,24.8,Nagapattinam (Delta Coast),10.7656,79.8424,Tamil Nadu,1.8,32.1,0,0
2025-05-27,0.3,0.3,2.0,17.4,Cuddalore (Coastal Central),11.748,79.7714,Tamil Nadu,1.9,31.1,0,0
2025-05-27,13.2,13.2,24.0,27.6,Nilgiris (Hill Station Zone),11.4102,76.695,Tamil Nadu,15.1,29.6,0,0
2025-05-27,1.2,1.2,7.0,16.2,Salem (Northern Inland),11.6643,78.146,Tamil Nadu,14.7,30.1,0,0
2025-05-27,6.1,6.1,18.0,27.3,Coimbatore (Western Inland),11.0168,76.9558,Tamil Nadu,20.5,22.6,0,0
2025-05-27,0.8,0.8,4.0,27.9,Vellore (Palar Basin),12.9165,79.1325,Tamil Nadu,8.1,23.2,0,0
2025-05-28,0.0,0.0,0.0,39.1,Tiruchirappalli (Kaveri Basin),10.7905,78.7047,Tamil Nadu,6.9,23.2,0,0
2025-05-28,15.5,15.5,23.0,26.0,Nilgiris (Hill Station Zone),11.4102,76.695,Tamil Nadu,16.3,37.1,0,0
2025-05-28,0.0,0.0,0.0,23.0,Cuddalore (Coastal Central),11.748,79.7714,Tamil Nadu,15.5,36.8,0,0
2025-05-28,0.0,0.0,0.0,31.8,Nagapattinam (Delta Coast),10.7656,79.8424,Tamil Nadu,15.5,23.6,0,0
2025-05-28,3.6,3.6,6.0,24.5,Chennai (Coastal North),13.0827,80.2707,Tamil Nadu,3.6,26.0,0,0
2025-05-28,5.6,5.6,22.0,24.5,Coimbatore (Western Inland),11.0168,76.9558,Tamil Nadu,9.2,25.5,0,0
2025-05-28,1.0,1.0,3.0,30.5,Vellore (Palar Basin),12.9165,79.1325,Tamil Nadu,10.2,25.7,0,0
2025-05-28,12.3,12.3,19.0,29.7,Kanyakumari (Southern Coast),8.1833,77.4119,Tamil Nadu,18.9,38.0,0,0
2025-05-28,0.0,0.0,0.0,34.2,Madurai (Southern Plains),9.9252,78.1198,Tamil Nadu,13.3,22.5,0,0
2025-05-28,2.8,2.8,11.0,24.5,Salem (Northern Inland),11.6643,78.146,Tamil Nadu,15.1,25.3,0,0
2025-05-29,0.7,0.7,3.0,32.7,Tiruchirappalli (Kaveri Basin),10.7905,78.7047,Tamil Nadu,3.5,26.0,0,0
2025-05-29,6.1,6.1,23.0,24.3,Coimbatore (Western Inland),11.0168,76.9558,Tamil Nadu,9.6,28.5,0,0
2025-05-29,41.6,41.6,24.0,28.1,Nilgiris (Hill Station Zone),11.4102,76.695,Tamil Nadu,48.4,64.5,0,0
2025-05-29,0.0,0.0,0.0,21.2,Cuddalore (Coastal Central),11.748,79.7714,Tamil Nadu,47.7,63.5,0,0
2025-05-29,3.8,3.8,7.0,34.8,Madurai (Southern Plains),9.9252,78.1198,Tamil Nadu,45.4,55.0,0,0
2025-05-29,29.9,29.9,24.0,33.1,Kanyakumari (Southern Coast),8.1833,77.4119,Tamil Nadu,33.7,84.9,0,0
2025-05-29,2.1,2.1,4.0,26.6,Chennai (Coastal North),13.0827,80.2707,Tamil Nadu,35.8,84.2,0,0
2025-05-29,5.5,5.5,15.0,14.3,Salem (Northern Inland),11.6643,78.146,Tamil Nadu,37.5,89.0,0,0
2025-05-29,0.1,0.1,1.0,27.6,Vellore (Palar Basin),12.9165,79.1325,Tamil Nadu,7.7,83.0,0,0
2025-05-29,0.5,0.5,1.0,24.9,Nagapattinam (Delta Coast),10.7656,79.8424,Tamil Nadu,6.1,41.9,0,0
2025-05-30,20.6,20.6,17.0,17.9,Madurai (Southern Plains),9.9252,78.1198,Tamil Nadu,21.2,62.5,0,0
2025-05-30,15.9,15.9,14.0,25.2,Nilgiris (Hill Station Zone),11.4102,76.695,Tamil Nadu,37.0,74.6,0,0
2025-05-30,9.6,9.6,6.0,17.2,Chennai (Coastal North),13.0827,80.2707,Tamil Nadu,46.1,54.3,0,0
2025-05-30,0.1,0.1,1.0,23.5,Vellore (Palar Basin),12.9165,79.1325,Tamil Nadu,25.6,52.3,0,0
2025-05-30,1.5,1.5,5.0,26.8,Nagapattinam (Delta Coast),10.7656,79.8424,Tamil Nadu,11.2,48.3,0,0
2025-05-30,38.7,38.7,24.0,26.5,Kanyakumari (Southern Coast),8.1833,77.4119,Tamil Nadu,40.3,86.9,0,0
2025-05-30,29.6,29.6,15.0,20.9,Coimbatore (Western Inland),11.0168,76.9558,Tamil Nadu,69.8,116.0,0,0
2025-05-30,0.5,0.5,2.0,22.6,Cuddalore (Coastal Central),11.748,79.7714,Tamil Nadu,68.8,95.9,0,0
2025-05-30,3.9,3.9,5.0,13.0,Salem (Northern Inland),11.6643,78.146,Tamil Nadu,34.0,83.9,0,0
2025-05-30,1.7,1.7,7.0,26.1,Tiruchirappalli (Kaveri Basin),10.7905,78.7047,Tamil Nadu,6.1,76.0,0,0
2025-05-31,0.0,0.0,0.0,22.8,Nilgiris (Hill Station Zone),11.4102,76.695,Tamil Nadu,5.6,75.9,0,0
2025-05-31,0.4,0.4,2.0,20.4,Nagapattinam (Delta Coast),10.7656,79.8424,Tamil Nadu,2.1,74.8,0,0
2025-05-31,0.0,0.0,0.0,13.9,Chennai (Coastal North),13.0827,80.2707,Tamil Nadu,0.4,36.1,0,0
2025-05-31,0.0,0.0,0.0,24.1,Tiruchirappalli (Kaveri Basin),10.7905,78.7047,Tamil Nadu,0.4,6.5,0,0
2025-05-31,0.0,0.0,0.0,14.3,Cuddalore (Coastal Central),11.748,79.7714,Tamil Nadu,0.0,6.0,0,0
2025-05-31,0.0,0.0,0.0,16.0,Madurai (Southern Plains),9.9252,78.1198,Tamil Nadu,0.0,2.1,0,0
2025-05-31,1.2,1.2,10.0,33.2,Kanyakumari (Southern Coast),8.1833,77.4119,Tamil Nadu,1.2,1.6,0,0
2025-05-31,0.0,0.0,0.0,24.0,Vellore (Palar Basin),12.9165,79.1325,Tamil Nadu,1.2,1.6,0,0
2025-05-31,0.0,0.0,0.0,11.8,Salem (Northern Inland),11.6643,78.146,Tamil Nadu,1.2,1.2,0,0
2025-05-31,0.1,0.1,1.0,21.0,Coimbatore (Western Inland),11.0168,76.9558,Tamil Nadu,0.1,1.3,0,0
2025-06-01,0.5,0.5,1.0,11.6,Salem (Northern Inland),11.6643,78.146,Tamil Nadu,0.6,1.8,0,0
2025-06-01,0.0,0.0,0.0,20.4,Tiruchirappalli (Kaveri Basin),10.7905,78.7047,Tamil Nadu,0.6,1.8,0,0
2025-06-01,0.0,0.0,0.0,17.6,Nagapattinam (Delta Coast),10.7656,79.8424,Tamil Nadu,0.5,1.8,0,0
2025-06-01,0.0,0.0,0.0,20.3,Cuddalore (Coastal Central),11.748,79.7714,Tamil Nadu,0.0,0.6,0,0
2025-06-01,0.3,0.3,3.0,27.4,Kanyakumari (Southern Coast),8.1833,77.4119,Tamil Nadu,0.3,0.9,0,0
2025-06-01,1.3,1.3,5.0,9.2,Nilgiris (Hill Station Zone),11.4102,76.695,Tamil Nadu,1.6,2.2,0,0
2025-06-01,0.0,0.0,0.0,22.9,Vellore (Palar Basin),12.9165,79.1325,Tamil Nadu,1.6,2.1,0,0
2025-06-01,0.2,0.2,1.0,18.2,Coimbatore (Western Inland),11.0168,76.9558,Tamil Nadu,1.5,1.8,0,0
2025-06-01,0.0,0.0,0.0,16.5,Chennai (Coastal North),13.0827,80.2707,Tamil Nadu,0.2,1.8,0,0
2025-06-01,0.4,0.4,2.0,11.2,Madurai (Southern Plains),9.9252,78.1198,Tamil Nadu,0.6,2.2,0,0
2025-06-02,0.9,0.9,4.0,12.0,Nilgiris (Hill Station Zone),11.4102,76.695,Tamil Nadu,1.3,3.1,0,0
2025-06-02,0.5,0.5,2.0,24.3,Vellore (Palar Basin),12.9165,79.1325,Tamil Nadu,1.8,3.3,0,0
2025-06-02,0.0,0.0,0.0,23.4,Coimbatore (Western Inland),11.0168,76.9558,Tamil Nadu,1.4,2.0,0,0
2025-06-02,0.3,0.3,3.0,17.1,Chennai (Coastal North),13.0827,80.2707,Tamil Nadu,0.8,2.3,0,0
2025-06-02,0.1,0.1,1.0,20.0,Tiruchirappalli (Kaveri Basin),10.7905,78.7047,Tamil Nadu,0.4,2.2,0,0
2025-06-02,0.3,0.3,2.0,9.8,Salem (Northern Inland),11.6643,78.146,Tamil Nadu,0.7,2.5,0,0
2025-06-02,0.0,0.0,0.0,18.8,Nagapattinam (Delta Coast),10.7656,79.8424,Tamil Nadu,0.4,2.1,0,0
2025-06-02,0.0,0.0,0.0,22.4,Madurai (Southern Plains),9.9252,78.1198,Tamil Nadu,0.3,1.2,0,0
2025-06-02,0.1,0.1,1.0,22.4,Kanyakumari (Southern Coast),8.1833,77.4119,Tamil Nadu,0.1,0.8,0,0
2025-06-02,0.0,0.0,0.0,19.3,Cuddalore (Coastal Central),11.748,79.7714,Tamil Nadu,0.1,0.8,0,0
2025-06-03,0.2,0.2,1.0,28.1,Tiruchirappalli (Kaveri Basin),10.7905,78.7047,Tamil Nadu,0.3,0.7,0,0
2025-06-03,0.3,0.3,1.0,9.2,Salem (Northern Inland),11.6643,78.146,Tamil Nadu,0.5,0.9,0,0
2025-06-03,0.4,0.4,2.0,19.5,Nagapattinam (Delta Coast),10.7656,79.8424,Tamil Nadu,0.9,1.0,0,0
2025-06-03,0.2,0.2,1.0,13.4,Madurai (Southern Plains),9.9252,78.1198,Tamil Nadu,0.9,1.2,0,0
2025-06-03,1.1,1.1,10.0,15.6,Nilgiris (Hill Station Zone),11.4102,76.695,Tamil Nadu,1.7,2.3,0,0
2025-06-03,3.9,3.9,9.0,22.7,Kanyakumari (Southern Coast),8.1833,77.4119,Tamil Nadu,5.2,6.1,0,0
2025-06-03,1.2,1.2,1.0,17.8,Vellore (Palar Basin),12.9165,79.1325,Tamil Nadu,6.2,7.3,0,0
2025-06-03,0.1,0.1,1.0,20.9,Coimbatore (Western Inland),11.0168,76.9558,Tamil Nadu,5.2,7.2,0,0
2025-06-03,1.4,1.4,4.0,18.5,Chennai (Coastal North),13.0827,80.2707,Tamil Nadu,2.7,8.3,0,0
2025-06-03,1.9,1.9,3.0,21.1,Cuddalore (Coastal Central),11.748,79.7714,Tamil Nadu,3.4,9.8,0,0
2025-06-04,0.0,0.0,0.0,18.2,Vellore (Palar Basin),12.9165,79.1325,Tamil Nadu,3.3,9.6,0,0
2025-06-04,7.6,7.6,6.0,19.3,Coimbatore (Western Inland),11.0168,76.9558,Tamil Nadu,9.5,16.1,0,0
2025-06-04,0.0,0.0,0.0,17.3,Cuddalore (Coastal Central),11.748,79.7714,Tamil Nadu,7.6,12.2,0,0
2025-06-04,0.7,0.7,2.0,22.2,Tiruchirappalli (Kaveri Basin),10.7905,78.7047,Tamil Nadu,8.3,11.7,0,0
2025-06-04,0.4,0.4,1.0,14.6,Salem (Northern Inland),11.6643,78.146,Tamil Nadu,1.1,12.0,0,0
2025-06-04,1.7,1.7,11.0,26.7,Kanyakumari (Southern Coast),8.1833,77.4119,Tamil Nadu,2.8,12.3,0,0
2025-06-04,0.1,0.1,1.0,19.4,Nagapattinam (Delta Coast),10.7656,79.8424,Tamil Nadu,2.2,10.5,0,0
2025-06-04,0.8,0.8,2.0,15.0,Madurai (Southern Plains),9.9252,78.1198,Tamil Nadu,2.6,11.3,0,0
2025-06-04,1.8,1.8,8.0,15.2,Nilgiris (Hill Station Zone),11.4102,76.695,Tamil Nadu,2.7,5.5,0,0
2025-06-04,2.3,2.3,4.0,15.8,Chennai (Coastal North),13.0827,80.2707,Tamil Nadu,4.9,7.8,0,0
2025-06-05,0.1,0.1,1.0,15.7,Madurai (Southern Plains),9.9252,78.1198,Tamil Nadu,4.2,7.2,0,0
2025-06-05,0.0,0.0,0.0,21.1,Kanyakumari (Southern Coast),8.1833,77.4119,Tamil Nadu,2.4,6.8,0,0
2025-06-05,0.0,0.0,0.0,12.8,Salem (Northern Inland),11.6643,78.146,Tamil Nadu,0.1,5.1,0,0
2025-06-05,0.0,0.0,0.0,19.1,Vellore (Palar Basin),12.9165,79.1325,Tamil Nadu,0.0,5.0,0,0
2025-06-05,0.3,0.3,2.0,15.8,Chennai (Coastal North),13.0827,80.2707,Tamil Nadu,0.3,4.5,0,0
2025-06-05,0.3,0.3,2.0,15.5,Coimbatore (Western Inland),11.0168,76.9558,Tamil Nadu,0.6,3.0,0,0
2025-06-05,2.6,2.6,4.0,13.6,Nilgiris (Hill Station Zone),11.4102,76.695,Tamil Nadu,3.2,3.3,0,0
2025-06-05,0.0,0.0,0.0,19.9,Cuddalore (Coastal Central),11.748,79.7714,Tamil Nadu,2.9,3.2,0,0
2025-06-05,0.2,0.2,2.0,13.6,Nagapattinam (Delta Coast),10.7656,79.8424,Tamil Nadu,2.8,3.4,0,0
2025-06-05,0.0,0.0,0.0,18.3,Tiruchirappalli (Kaveri Basin),10.7905,78.7047,Tamil Nadu,0.2,3.4,0,0
2025-06-06,0.1,0.1,1.0,17.2,Coimbatore (Western Inland),11.0168,76.9558,Tamil Nadu,0.3,3.5,0,0
2025-06-06,0.6,0.6,4.0,14.3,Nagapattinam (Delta Coast),10.7656,79.8424,Tamil Nadu,0.7,3.8,0,0
2025-06-06,0.0,0.0,0.0,11.3,Salem (Northern Inland),11.6643,78.146,Tamil Nadu,0.7,3.5,0,0
2025-06-06,5.5,5.5,6.0,11.0,Nilgiris (Hill Station Zone),11.4102,76.695,Tamil Nadu,6.1,6.4,0,0
2025-06-06,0.5,0.5,2.0,16.2,Madurai (Southern Plains),9.9252,78.1198,Tamil Nadu,6.0,6.9,0,0
2025-06-06,1.6,1.6,6.0,13.8,Chennai (Coastal North),13.0827,80.2707,Tamil Nadu,7.6,8.3,0,0
2025-06-06,0.6,0.6,4.0,17.2,Cuddalore (Coastal Central),11.748,79.7714,Tamil Nadu,2.7,8.9,0,0
2025-06-06,0.0,0.0,0.0,15.8,Tiruchirappalli (Kaveri Basin),10.7905,78.7047,Tamil Nadu,2.2,8.8,0,0
2025-06-06,0.0,0.0,0.0,23.6,Kanyakumari (Southern Coast),8.1833,77.4119,Tamil Nadu,0.6,8.2,0,0
2025-06-06,0.3,0.3,2.0,14.6,Vellore (Palar Basin),12.9165,79.1325,Tamil Nadu,0.3,8.5,0,0
2025-06-07,0.1,0.1,1.0,14.9,Madurai (Southern Plains),9.9252,78.1198,Tamil Nadu,0.4,3.1,0,0
2025-06-07,0.0,0.0,0.0,9.2,Salem (Northern Inland),11.6643,78.146,Tamil Nadu,0.4,2.6,0,0
2025-06-07,0.1,0.1,1.0,26.6,Kanyakumari (Southern Coast),8.1833,77.4119,Tamil Nadu,0.2,1.1,0,0
2025-06-07,0.1,0.1,1.0,19.2,Tiruchirappalli (Kaveri Basin),10.7905,78.7047,Tamil Nadu,0.2,0.6,0,0
2025-06-07,0.5,0.5,2.0,14.1,Vellore (Palar Basin),12.9165,79.1325,Tamil Nadu,0.7,1.1,0,0
2025-06-07,0.1,0.1,1.0,19.8,Cuddalore (Coastal Central),11.748,79.7714,Tamil Nadu,0.7,1.2,0,0
2025-06-07,1.0,1.0,1.0,13.9,Chennai (Coastal North),13.0827,80.2707,Tamil Nadu,1.6,1.9,0,0
2025-06-07,2.1,2.1,6.0,6.3,Nilgiris (Hill Station Zone),11.4102,76.695,Tamil Nadu,3.2,3.9,0,0
2025-06-07,0.1,0.1,1.0,16.6,Nagapattinam (Delta Coast),10.7656,79.8424,Tamil Nadu,3.2,4.0,0,0
2025-06-07,0.0,0.0,0.0,19.2,Coimbatore (Western Inland),11.0168,76.9558,Tamil Nadu,2.2,3.9,0,0
2025-06-08,0.0,0.0,0.0,12.8,Salem (Northern Inland),11.6643,78.146,Tamil Nadu,0.1,3.8,0,0
2025-06-08,6.7,6.7,3.0,17.3,Vellore (Palar Basin),12.9165,79.1325,Tamil Nadu,6.7,10.0,0,0
2025-06-08,3.5,3.5,7.0,10.4,Nilgiris (Hill Station Zone),11.4102,76.695,Tamil Nadu,10.2,13.4,0,0
2025-06-08,0.7,0.7,5.0,17.4,Coimbatore (Western Inland),11.0168,76.9558,Tamil Nadu,10.9,13.1,0,0
2025-06-08,1.6,1.6,2.0,16.9,Madurai (Southern Plains),9.9252,78.1198,Tamil Nadu,5.8,12.6,0,0
2025-06-08,0.5,0.5,1.0,18.4,Cuddalore (Coastal Central),11.748,79.7714,Tamil Nadu,2.8,13.0,0,0
2025-06-08,0.0,0.0,0.0,25.5,Kanyakumari (Southern Coast),8.1833,77.4119,Tamil Nadu,2.1,13.0,0,0
2025-06-08,2.3,2.3,2.0,12.2,Chennai (Coastal North),13.0827,80.2707,Tamil Nadu,2.8,15.3,0,0
2025-06-08,0.0,0.0,0.0,19.0,Nagapattinam (Delta Coast),10.7656,79.8424,Tamil Nadu,2.3,8.6,0,0
2025-06-08,0.0,0.0,0.0,20.2,Tiruchirappalli (Kaveri Basin),10.7905,78.7047,Tamil Nadu,2.3,5.1,0,0
2025-06-09,2.7,2.7,8.0,15.1,Salem (Northern Inland),11.6643,78.146,Tamil Nadu,2.7,7.1,0,0
2025-06-09,2.3,2.3,1.0,15.7,Madurai (Southern Plains),9.9252,78.1198,Tamil Nadu,5.0,7.8,0,0
2025-06-09,9.4,9.4,6.0,15.5,Coimbatore (Western Inland),11.0168,76.9558,Tamil Nadu,14.4,16.7,0,0
2025-06-09,0.5,0.5,1.0,24.1,Tiruchirappalli (Kaveri Basin),10.7905,78.7047,Tamil Nadu,12.2,17.2,0,0
2025-06-09,18.2,18.2,8.0,15.4,Nilgiris (Hill Station Zone),11.4102,76.695,Tamil Nadu,28.1,33.1,0,0
2025-06-09,5.6,5.6,4.0,22.1,Vellore (Palar Basin),12.9165,79.1325,Tamil Nadu,24.3,38.7,0,0
2025-06-09,0.0,0.0,0.0,27.9,Kanyakumari (Southern Coast),8.1833,77.4119,Tamil Nadu,23.8,38.7,0,0
2025-06-09,6.2,6.2,3.0,14.1,Chennai (Coastal North),13.0827,80.2707,Tamil Nadu,11.8,42.2,0,0
2025-06-09,4.8,4.8,6.0,16.7,Nagapattinam (Delta Coast),10.7656,79.8424,Tamil Nadu,11.0,44.7,0,0
2025-06-09,1.8,1.8,4.0,18.5,Cuddalore (Coastal Central),11.748,79.7714,Tamil Nadu,12.8,37.1,0,0
2025-06-10,3.4,3.4,13.0,30.0,Kanyakumari (Southern Coast),8.1833,77.4119,Tamil Nadu,10.0,40.0,0,0
2025-06-10,1.6,1.6,3.0,21.6,Nagapattinam (Delta Coast),10.7656,79.8424,Tamil Nadu,6.8,23.4,0,0
2025-06-10,0.5,0.5,4.0,21.3,Tiruchirappalli (Kaveri Basin),10.7905,78.7047,Tamil Nadu,5.5,18.3,0,0
2025-06-10,0.3,0.3,2.0,15.3,Chennai (Coastal North),13.0827,80.2707,Tamil Nadu,2.4,18.6,0,0
2025-06-10,6.8,6.8,5.0,22.8,Vellore (Palar Basin),12.9165,79.1325,Tamil Nadu,7.6,19.2,0,0
2025-06-10,15.7,15.7,6.0,18.6,Coimbatore (Western Inland),11.0168,76.9558,Tamil Nadu,22.8,30.1,0,0
2025-06-10,3.4,3.4,4.0,18.3,Cuddalore (Coastal Central),11.748,79.7714,Tamil Nadu,25.9,31.7,0,0
2025-06-10,3.9,3.9,7.0,14.1,Nilgiris (Hill Station Zone),11.4102,76.695,Tamil Nadu,23.0,32.2,0,0
2025-06-10,0.5,0.5,2.0,15.9,Salem (Northern Inland),11.6643,78.146,Tamil Nadu,7.8,31.1,0,0
2025-06-10,0.5,0.5,3.0,16.7,Madurai (Southern Plains),9.9252,78.1198,Tamil Nadu,4.9,31.1,0,0
2025-06-11,0.9,0.9,3.0,22.2,Tiruchirappalli (Kaveri Basin),10.7905,78.7047,Tamil Nadu,1.9,31.7,0,0
2025-06-11,7.8,7.8,5.0,16.4,Chennai (Coastal North),13.0827,80.2707,Tamil Nadu,9.2,32.7,0,0
2025-06-11,9.3,9.3,21.0,30.6,Kanyakumari (Southern Coast),8.1833,77.4119,Tamil Nadu,18.0,26.3,0,0
2025-06-11,7.0,7.0,14.0,15.1,Nilgiris (Hill Station Zone),11.4102,76.695,Tamil Nadu,24.1,29.9,0,0
2025-06-11,4.6,4.6,8.0,24.1,Cuddalore (Coastal Central),11.748,79.7714,Tamil Nadu,20.9,30.6,0,0
2025-06-11,9.8,9.8,10.0,16.0,Salem (Northern Inland),11.6643,78.146,Tamil Nadu,21.4,39.9,0,0
2025-06-11,3.3,3.3,5.0,20.3,Madurai (Southern Plains),9.9252,78.1198,Tamil Nadu,17.7,42.7,0,0
2025-06-11,7.1,7.1,3.0,23.8,Vellore (Palar Basin),12.9165,79.1325,Tamil Nadu,20.2,48.9,0,0
2025-06-11,10.6,10.6,6.0,20.2,Coimbatore (Western Inland),11.0168,76.9558,Tamil Nadu,21.0,51.7,0,0
2025-06-11,5.8,5.8,10.0,20.2,Nagapattinam (Delta Coast),10.7656,79.8424,Tamil Nadu,23.5,48.2,0,0
2025-06-12,1.4,1.4,3.0,21.6,Madurai (Southern Plains),9.9252,78.1198,Tamil Nadu,17.8,42.6,0,0
2025-06-12,4.1,4.1,18.0,30.3,Kanyakumari (Southern Coast),8.1833,77.4119,Tamil Nadu,11.3,42.1,0,0
2025-06-12,1.7,1.7,4.0,20.8,Cuddalore (Coastal Central),11.748,79.7714,Tamil Nadu,7.2,34.0,0,0
2025-06-12,0.3,0.3,1.0,19.5,Vellore (Palar Basin),12.9165,79.1325,Tamil Nadu,6.1,31.0,0,0
2025-06-12,1.2,1.2,2.0,20.6,Nagapattinam (Delta Coast),10.7656,79.8424,Tamil Nadu,3.2,25.1,0,0
2025-06-12,0.0,0.0,0.0,31.5,Tiruchirappalli (Kaveri Basin),10.7905,78.7047,Tamil Nadu,1.5,14.5,0,0
2025-06-12,0.3,0.3,3.0,24.1,Coimbatore (Western Inland),11.0168,76.9558,Tamil Nadu,1.5,9.0,0,0
2025-06-12,3.0,3.0,6.0,19.7,Chennai (Coastal North),13.0827,80.2707,Tamil Nadu,3.3,10.6,0,0
2025-06-12,1.3,1.3,5.0,15.5,Salem (Northern Inland),11.6643,78.146,Tamil Nadu,4.6,7.8,0,0
2025-06-12,4.3,4.3,13.0,18.7,Nilgiris (Hill Station Zone),11.4102,76.695,Tamil Nadu,8.6,10.4,0,0
2025-06-13,9.4,9.4,5.0,19.1,Vellore (Palar Basin),12.9165,79.1325,Tamil Nadu,15.0,19.5,0,0
2025-06-13,12.3,12.3,23.0,30.7,Kanyakumari (Southern Coast),8.1833,77.4119,Tamil Nadu,26.0,30.6,0,0
2025-06-13,1.3,1.3,1.0,19.1,Cuddalore (Coastal Central),11.748,79.7714,Tamil Nadu,23.0,31.9,0,0
2025-06-13,3.2,3.2,5.0,14.4,Salem (Northern Inland),11.6643,78.146,Tamil Nadu,16.8,34.8,0,0
2025-06-13,14.0,14.0,19.0,13.2,Nilgiris (Hill Station Zone),11.4102,76.695,Tamil Nadu,18.5,45.8,0,0
2025-06-13,0.7,0.7,2.0,32.2,Madurai (Southern Plains),9.9252,78.1198,Tamil Nadu,17.9,45.2,0,0
2025-06-13,3.6,3.6,5.0,16.3,Chennai (Coastal North),13.0827,80.2707,Tamil Nadu,18.3,44.5,0,0
2025-06-13,3.2,3.2,5.0,21.2,Nagapattinam (Delta Coast),10.7656,79.8424,Tamil Nadu,7.5,38.3,0,0
2025-06-13,2.0,2.0,5.0,25.8,Tiruchirappalli (Kaveri Basin),10.7905,78.7047,Tamil Nadu,8.8,28.0,0,0
2025-06-13,4.2,4.2,13.0,24.2,Coimbatore (Western Inland),11.0168,76.9558,Tamil Nadu,9.4,30.9,0,0
2025-06-14,6.6,6.6,16.0,24.5,Coimbatore (Western Inland),11.0168,76.9558,Tamil Nadu,12.8,34.3,0,0
2025-06-14,2.5,2.5,6.0,17.3,Chennai (Coastal North),13.0827,80.2707,Tamil Nadu,13.3,22.8,0,0
2025-06-14,25.0,25.0,24.0,23.4,Kanyakumari (Southern Coast),8.1833,77.4119,Tamil Nadu,34.1,47.1,0,0
2025-06-14,0.1,0.1,1.0,21.4,Cuddalore (Coastal Central),11.748,79.7714,Tamil Nadu,27.6,43.6,0,0
2025-06-14,2.4,2.4,4.0,15.9,Salem (Northern Inland),11.6643,78.146,Tamil Nadu,27.5,42.8,0,0
2025-06-14,0.2,0.2,1.0,20.6,Vellore (Palar Basin),12.9165,79.1325,Tamil Nadu,2.7,41.0,0,0
2025-06-14,12.5,12.5,15.0,22.6,Nilgiris (Hill Station Zone),11.4102,76.695,Tamil Nadu,15.1,49.3,0,0
2025-06-14,3.5,3.5,4.0,23.0,Nagapattinam (Delta Coast),10.7656,79.8424,Tamil Nadu,16.2,46.2,0,0
2025-06-14,3.5,3.5,5.0,27.8,Tiruchirappalli (Kaveri Basin),10.7905,78.7047,Tamil Nadu,19.5,47.2,0,0
2025-06-14,2.7,2.7,8.0,35.6,Madurai (Southern Plains),9.9252,78.1198,Tamil Nadu,9.7,24.9,0,0
2025-06-15,0.1,0.1,1.0,32.6,Tiruchirappalli (Kaveri Basin),10.7905,78.7047,Tamil Nadu,6.3,24.9,0,0
2025-06-15,0.0,0.0,0.0,24.5,Vellore (Palar Basin),12.9165,79.1325,Tamil Nadu,2.8,22.5,0,0
2025-06-15,6.0,6.0,6.0,33.6,Madurai (Southern Plains),9.9252,78.1198,Tamil Nadu,6.1,28.3,0,0
2025-06-15,0.5,0.5,3.0,22.4,Nagapattinam (Delta Coast),10.7656,79.8424,Tamil Nadu,6.5,16.3,0,0
2025-06-15,22.6,22.6,24.0,26.9,Coimbatore (Western Inland),11.0168,76.9558,Tamil Nadu,29.1,35.4,0,0
2025-06-15,0.0,0.0,0.0,28.7,Cuddalore (Coastal Central),11.748,79.7714,Tamil Nadu,23.1,31.9,0,0
2025-06-15,0.6,0.6,5.0,25.0,Salem (Northern Inland),11.6643,78.146,Tamil Nadu,23.2,29.8,0,0
2025-06-15,0.0,0.0,0.0,19.3,Chennai (Coastal North),13.0827,80.2707,Tamil Nadu,0.6,29.7,0,0
2025-06-15,35.8,35.8,24.0,22.0,Nilgiris (Hill Station Zone),11.4102,76.695,Tamil Nadu,36.4,65.5,0,0
2025-06-15,31.5,31.5,24.0,23.6,Kanyakumari (Southern Coast),8.1833,77.4119,Tamil Nadu,67.3,91.0,0,0
2025-06-16,2.4,2.4,10.0,15.9,Salem (Northern Inland),11.6643,78.146,Tamil Nadu,69.7,92.9,0,0
2025-06-16,0.0,0.0,0.0,24.6,Chennai (Coastal North),13.0827,80.2707,Tamil Nadu,33.9,70.3,0,0
2025-06-16,0.0,0.0,0.0,20.9,Cuddalore (Coastal Central),11.748,79.7714,Tamil Nadu,2.4,70.3,0,0
2025-06-16,31.6,31.6,22.0,21.9,Nilgiris (Hill Station Zone),11.4102,76.695,Tamil Nadu,31.6,101.3,0,0
2025-06-16,0.0,0.0,0.0,23.3,Vellore (Palar Basin),12.9165,79.1325,Tamil Nadu,31.6,101.3,0,0
2025-06-16,18.7,18.7,23.0,28.1,Kanyakumari (Southern Coast),8.1833,77.4119,Tamil Nadu,50.3,84.2,0,0
2025-06-16,0.2,0.2,2.0,30.3,Madurai (Southern Plains),9.9252,78.1198,Tamil Nadu,18.9,52.9,0,0
2025-06-16,7.3,7.3,22.0,25.4,Coimbatore (Western Inland),11.0168,76.9558,Tamil Nadu,26.2,57.8,0,0
2025-06-16,0.0,0.0,0.0,35.8,Tiruchirappalli (Kaveri Basin),10.7905,78.7047,Tamil Nadu,7.5,57.8,0,0
2025-06-16,0.7,0.7,7.0,21.3,Nagapattinam (Delta Coast),10.7656,79.8424,Tamil Nadu,8.0,58.5,0,0
2025-06-17,1.0,1.0,3.0,31.7,Tiruchirappalli (Kaveri Basin),10.7905,78.7047,Tamil Nadu,1.7,27.9,0,0
2025-06-17,4.0,4.0,18.0,15.3,Nilgiris (Hill Station Zone),11.4102,76.695,Tamil Nadu,5.7,31.9,0,0
2025-06-17,11.1,11.1,19.0,25.0,Kanyakumari (Southern Coast),8.1833,77.4119,Tamil Nadu,16.1,24.3,0,0
2025-06-17,1.0,1.0,10.0,22.1,Coimbatore (Western Inland),11.0168,76.9558,Tamil Nadu,16.1,25.1,0,0
2025-06-17,0.0,0.0,0.0,14.9,Cuddalore (Coastal Central),11.748,79.7714,Tamil Nadu,12.1,17.8,0,0
2025-06-17,0.4,0.4,1.0,18.6,Nagapattinam (Delta Coast),10.7656,79.8424,Tamil Nadu,1.4,18.2,0,0
2025-06-17,0.0,0.0,0.0,26.7,Madurai (Southern Plains),9.9252,78.1198,Tamil Nadu,0.4,17.5,0,0
2025-06-17,1.0,1.0,3.0,15.0,Salem (Northern Inland),11.6643,78.146,Tamil Nadu,1.4,17.5,0,0
2025-06-17,0.2,0.2,1.0,18.7,Chennai (Coastal North),13.0827,80.2707,Tamil Nadu,1.2,13.7,0,0
2025-06-17,0.1,0.1,1.0,21.8,Vellore (Palar Basin),12.9165,79.1325,Tamil Nadu,1.3,2.7,0,0
2025-06-18,1.4,1.4,2.0,19.4,Salem (Northern Inland),11.6643,78.146,Tamil Nadu,1.7,3.1,0,0
2025-06-18,0.0,0.0,0.0,18.0,Cuddalore (Coastal Central),11.748,79.7714,Tamil Nadu,1.5,3.1,0,0
2025-06-18,0.0,0.0,0.0,22.6,Coimbatore (Western Inland),11.0168,76.9558,Tamil Nadu,1.4,2.7,0,0
2025-06-18,0.8,0.8,3.0,26.8,Tiruchirappalli (Kaveri Basin),10.7905,78.7047,Tamil Nadu,0.8,3.5,0,0
2025-06-18,1.9,1.9,7.0,14.1,Nilgiris (Hill Station Zone),11.4102,76.695,Tamil Nadu,2.7,4.4,0,0
2025-06-18,0.3,0.3,2.0,20.0,Chennai (Coastal North),13.0827,80.2707,Tamil Nadu,3.0,4.5,0,0
2025-06-18,0.8,0.8,2.0,17.3,Madurai (Southern Plains),9.9252,78.1198,Tamil Nadu,3.0,5.2,0,0
2025-06-18,0.6,0.6,5.0,25.5,Kanyakumari (Southern Coast),8.1833,77.4119,Tamil Nadu,1.7,4.4,0,0
2025-06-18,0.5,0.5,2.0,20.3,Vellore (Palar Basin),12.9165,79.1325,Tamil Nadu,1.9,4.9,0,0
2025-06-18,0.0,0.0,0.0,18.7,Nagapattinam (Delta Coast),10.7656,79.8424,Tamil Nadu,1.1,4.9,0,0
2025-06-19,1.7,1.7,3.0,19.6,Nagapattinam (Delta Coast),10.7656,79.8424,Tamil Nadu,2.2,5.8,0,0
2025-06-19,1.9,1.9,4.0,15.2,Madurai (Southern Plains),9.9252,78.1198,Tamil Nadu,3.6,5.8,0,0
2025-06-19,0.5,0.5,3.0,13.9,Nilgiris (Hill Station Zone),11.4102,76.695,Tamil Nadu,4.1,6.0,0,0
2025-06-19,0.1,0.1,1.0,10.6,Salem (Northern Inland),11.6643,78.146,Tamil Nadu,2.5,5.3,0,0
2025-06-19,0.8,0.8,4.0,27.8,Tiruchirappalli (Kaveri Basin),10.7905,78.7047,Tamil Nadu,1.4,5.5,0,0
2025-06-19,0.5,0.5,2.0,19.2,Chennai (Coastal North),13.0827,80.2707,Tamil Nadu,1.4,5.5,0,0
2025-06-19,0.3,0.3,3.0,26.3,Kanyakumari (Southern Coast),8.1833,77.4119,Tamil Nadu,1.6,5.8,0,0
2025-06-19,0.0,0.0,0.0,19.3,Vellore (Palar Basin),12.9165,79.1325,Tamil Nadu,0.8,4.1,0,0
2025-06-19,0.0,0.0,0.0,22.3,Coimbatore (Western Inland),11.0168,76.9558,Tamil Nadu,0.3,2.2,0,0
2025-06-19,1.5,1.5,1.0,30.2,Cuddalore (Coastal Central),11.748,79.7714,Tamil Nadu,1.5,3.2,0,0
2025-06-20,0.0,0.0,0.0,25.4,Tiruchirappalli (Kaveri Basin),10.7905,78.7047,Tamil Nadu,1.5,3.1,0,0
2025-06-20,0.7,0.7,3.0,11.4,Nilgiris (Hill Station Zone),11.4102,76.695,Tamil Nadu,2.2,3.0,0,0
2025-06-20,0.6,0.6,3.0,17.7,Chennai (Coastal North),13.0827,80.2707,Tamil Nadu,1.3,3.1,0,0
2025-06-20,0.0,0.0,0.0,19.3,Coimbatore (Western Inland),11.0168,76.9558,Tamil Nadu,1.3,2.8,0,0
2025-06-20,1.4,1.4,8.0,26.5,Kanyakumari (Southern Coast),8.1833,77.4119,Tamil Nadu,2.0,4.2,0,0
2025-06-20,0.1,0.1,1.0,12.7,Salem (Northern Inland),11.6643,78.146,Tamil Nadu,1.5,4.3,0,0
2025-06-20,0.7,0.7,2.0,23.3,Nagapattinam (Delta Coast),10.7656,79.8424,Tamil Nadu,2.2,3.5,0,0
2025-06-20,1.3,1.3,1.0,13.2,Madurai (Southern Plains),9.9252,78.1198,Tamil Nadu,2.1,4.8,0,0
2025-06-20,0.0,0.0,0.0,19.4,Vellore (Palar Basin),12.9165,79.1325,Tamil Nadu,2.0,4.1,0,0
2025-06-20,0.3,0.3,1.0,22.2,Cuddalore (Coastal Central),11.748,79.7714,Tamil Nadu,1.6,3.8,0,0
2025-06-21,0.4,0.4,2.0,21.3,Coimbatore (Western Inland),11.0168,76.9558,Tamil Nadu,0.7,4.2,0,0
2025-06-21,0.0,0.0,0.0,19.4,Vellore (Palar Basin),12.9165,79.1325,Tamil Nadu,0.7,2.8,0,0
2025-06-21,0.0,0.0,0.0,27.5,Kanyakumari (Southern Coast),8.1833,77.4119,Tamil Nadu,0.4,2.7,0,0
2025-06-21,0.6,0.6,1.0,19.7,Nagapattinam (Delta Coast),10.7656,79.8424,Tamil Nadu,0.6,2.6,0,0
2025-06-21,0.4,0.4,1.0,16.5,Madurai (Southern Plains),9.9252,78.1198,Tamil Nadu,1.0,1.7,0,0
2025-06-21,0.1,0.1,1.0,12.1,Salem (Northern Inland),11.6643,78.146,Tamil Nadu,1.1,1.8,0,0
2025-06-21,0.5,0.5,2.0,14.5,Chennai (Coastal North),13.0827,80.2707,Tamil Nadu,1.0,2.0,0,0
2025-06-21,0.0,0.0,0.0,26.1,Tiruchirappalli (Kaveri Basin),10.7905,78.7047,Tamil Nadu,0.6,1.6,0,0
2025-06-21,0.0,0.0,0.0,18.3,Cuddalore (Coastal Central),11.748,79.7714,Tamil Nadu,0.5,1.6,0,0
2025-06-21,0.7,0.7,4.0,12.5,Nilgiris (Hill Station Zone),11.4102,76.695,Tamil Nadu,0.7,2.3,0,0
2025-06-22,0.2,0.2,1.0,18.9,Madurai (Southern Plains),9.9252,78.1198,Tamil Nadu,0.9,1.9,0,0
2025-06-22,0.0,0.0,0.0,28.6,Tiruchirappalli (Kaveri Basin),10.7905,78.7047,Tamil Nadu,0.9,1.5,0,0
2025-06-22,1.0,1.0,3.0,16.4,Nilgiris (Hill Station Zone),11.4102,76.695,Tamil Nadu,1.2,2.4,0,0
2025-06-22,1.6,1.6,1.0,15.8,Chennai (Coastal North),13.0827,80.2707,Tamil Nadu,2.6,3.5,0,0
2025-06-22,1.3,1.3,1.0,16.6,Cuddalore (Coastal Central),11.748,79.7714,Tamil Nadu,3.9,4.8,0,0
2025-06-22,0.0,0.0,0.0,25.5,Coimbatore (Western Inland),11.0168,76.9558,Tamil Nadu,2.9,4.8,0,0
2025-06-22,0.0,0.0,0.0,22.5,Nagapattinam (Delta Coast),10.7656,79.8424,Tamil Nadu,1.3,4.1,0,0
2025-06-22,1.2,1.2,10.0,28.1,Kanyakumari (Southern Coast),8.1833,77.4119,Tamil Nadu,1.2,5.1,0,0
2025-06-22,0.6,0.6,2.0,19.1,Salem (Northern Inland),11.6643,78.146,Tamil Nadu,1.8,5.7,0,0
2025-06-22,0.3,0.3,2.0,22.0,Vellore (Palar Basin),12.9165,79.1325,Tamil Nadu,2.1,5.0,0,0
2025-06-23,0.0,0.0,0.0,14.6,Salem (Northern Inland),11.6643,78.146,Tamil Nadu,0.9,3.4,0,0
2025-06-23,0.0,0.0,0.0,24.7,Vellore (Palar Basin),12.9165,79.1325,Tamil Nadu,0.3,2.1,0,0
2025-06-23,0.0,0.0,0.0,27.2,Nagapattinam (Delta Coast),10.7656,79.8424,Tamil Nadu,0.0,2.1,0,0
2025-06-23,0.0,0.0,0.0,18.0,Chennai (Coastal North),13.0827,80.2707,Tamil Nadu,0.0,2.1,0,0
2025-06-23,0.0,0.0,0.0,20.1,Madurai (Southern Plains),9.9252,78.1198,Tamil Nadu,0.0,0.9,0,0
2025-06-23,0.1,0.1,1.0,16.6,Cuddalore (Coastal Central),11.748,79.7714,Tamil Nadu,0.1,0.4,0,0
2025-06-23,0.0,0.0,0.0,22.1,Coimbatore (Western Inland),11.0168,76.9558,Tamil Nadu,0.1,0.1,0,0
2025-06-23,0.8,0.8,4.0,28.0,Kanyakumari (Southern Coast),8.1833,77.4119,Tamil Nadu,0.9,0.9,0,0
2025-06-23,0.0,0.0,0.0,30.7,Tiruchirappalli (Kaveri Basin),10.7905,78.7047,Tamil Nadu,0.8,0.9,0,0
2025-06-23,1.1,1.1,5.0,22.2,Nilgiris (Hill Station Zone),11.4102,76.695,Tamil Nadu,1.9,2.0,0,0
2025-06-24,0.1,0.1,1.0,23.8,Chennai (Coastal North),13.0827,80.2707,Tamil Nadu,1.2,2.1,0,0
2025-06-24,0.0,0.0,0.0,28.2,Vellore (Palar Basin),12.9165,79.1325,Tamil Nadu,1.2,2.1,0,0
2025-06-24,13.6,13.6,22.0,27.7,Kanyakumari (Southern Coast),8.1833,77.4119,Tamil Nadu,13.7,15.6,0,0
2025-06-24,0.0,0.0,0.0,34.8,Tiruchirappalli (Kaveri Basin),10.7905,78.7047,Tamil Nadu,13.6,15.6,0,0
2025-06-24,0.4,0.4,4.0,25.3,Salem (Northern Inland),11.6643,78.146,Tamil Nadu,14.0,15.2,0,0
2025-06-24,0.0,0.0,0.0,28.6,Nagapattinam (Delta Coast),10.7656,79.8424,Tamil Nadu,0.4,15.2,0,0
2025-06-24,1.9,1.9,11.0,24.5,Nilgiris (Hill Station Zone),11.4102,76.695,Tamil Nadu,2.3,16.0,0,0
2025-06-24,0.1,0.1,1.0,20.1,Cuddalore (Coastal Central),11.748,79.7714,Tamil Nadu,2.0,16.0,0,0
2025-06-24,0.3,0.3,2.0,26.0,Coimbatore (Western Inland),11.0168,76.9558,Tamil Nadu,2.3,16.3,0,0
2025-06-24,0.1,0.1,1.0,22.9,Madurai (Southern Plains),9.9252,78.1198,Tamil Nadu,0.5,2.8,0,0
2025-06-25,1.6,1.6,5.0,22.6,Madurai (Southern Plains),9.9252,78.1198,Tamil Nadu,2.0,4.4,0,0
2025-06-25,1.6,1.6,11.0,22.2,Nilgiris (Hill Station Zone),11.4102,76.695,Tamil Nadu,3.3,5.6,0,0
2025-06-25,0.3,0.3,3.0,24.8,Coimbatore (Western Inland),11.0168,76.9558,Tamil Nadu,3.5,5.9,0,0
2025-06-25,0.0,0.0,0.0,31.2,Tiruchirappalli (Kaveri Basin),10.7905,78.7047,Tamil Nadu,1.9,4.0,0,0
2025-06-25,0.3,0.3,2.0,16.4,Cuddalore (Coastal Central),11.748,79.7714,Tamil Nadu,0.6,4.2,0,0
2025-06-25,5.7,5.7,6.0,15.2,Salem (Northern Inland),11.6643,78.146,Tamil Nadu,6.0,9.6,0,0
2025-06-25,0.2,0.2,1.0,20.0,Nagapattinam (Delta Coast),10.7656,79.8424,Tamil Nadu,6.2,9.7,0,0
2025-06-25,4.9,4.9,2.0,19.7,Vellore (Palar Basin),12.9165,79.1325,Tamil Nadu,10.8,13.0,0,0
2025-06-25,0.5,0.5,2.0,21.2,Chennai (Coastal North),13.0827,80.2707,Tamil Nadu,5.6,11.9,0,0
2025-06-25,10.7,10.7,20.0,25.5,Kanyakumari (Southern Coast),8.1833,77.4119,Tamil Nadu,16.1,22.3,0,0
2025-06-26,3.0,3.0,4.0,20.9,Vellore (Palar Basin),12.9165,79.1325,Tamil Nadu,14.2,25.3,0,0
2025-06-26,0.2,0.2,1.0,17.2,Cuddalore (Coastal Central),11.748,79.7714,Tamil Nadu,13.9,25.2,0,0
2025-06-26,1.0,1.0,4.0,13.4,Salem (Northern Inland),11.6643,78.146,Tamil Nadu,4.2,20.5,0,0
2025-06-26,0.5,0.5,3.0,18.4,Chennai (Coastal North),13.0827,80.2707,Tamil Nadu,1.7,20.8,0,0
2025-06-26,0.0,0.0,0.0,20.7,Madurai (Southern Plains),9.9252,78.1198,Tamil Nadu,1.5,15.9,0,0
2025-06-26,5.7,5.7,15.0,22.0,Kanyakumari (Southern Coast),8.1833,77.4119,Tamil Nadu,6.2,21.1,0,0
2025-06-26,0.8,0.8,2.0,24.5,Coimbatore (Western Inland),11.0168,76.9558,Tamil Nadu,6.5,11.2,0,0
2025-06-26,1.6,1.6,4.0,28.7,Tiruchirappalli (Kaveri Basin),10.7905,78.7047,Tamil Nadu,8.1,9.8,0,0
2025-06-26,2.9,2.9,15.0,19.6,Nilgiris (Hill Station Zone),11.4102,76.695,Tamil Nadu,5.3,12.5,0,0
2025-06-26,0.1,0.1,1.0,19.7,Nagapattinam (Delta Coast),10.7656,79.8424,Tamil Nadu,4.6,11.6,0,0
2025-06-27,0.0,0.0,0.0,28.9,Tiruchirappalli (Kaveri Basin),10.7905,78.7047,Tamil Nadu,3.0,11.1,0,0
2025-06-27,0.2,0.2,2.0,26.2,Kanyakumari (Southern Coast),8.1833,77.4119,Tamil Nadu,0.3,11.3,0,0
2025-06-27,1.9,1.9,3.0,11.0,Madurai (Southern Plains),9.9252,78.1198,Tamil Nadu,2.1,7.5,0,0
2025-06-27,0.9,0.9,3.0,17.4,Coimbatore (Western Inland),11.0168,76.9558,Tamil Nadu,3.0,7.6,0,0
2025-06-27,0.3,0.3,1.0,16.1,Chennai (Coastal North),13.0827,80.2707,Tamil Nadu,3.1,6.3,0,0
2025-06-27,0.0,0.0,0.0,20.5,Nagapattinam (Delta Coast),10.7656,79.8424,Tamil Nadu,1.2,3.4,0,0
2025-06-27,0.2,0.2,2.0,6.8,Salem (Northern Inland),11.6643,78.146,Tamil Nadu,0.5,3.5,0,0
2025-06-27,3.5,3.5,1.0,18.9,Cuddalore (Coastal Central),11.748,79.7714,Tamil Nadu,3.7,7.0,0,0
2025-06-27,2.0,2.0,8.0,14.9,Nilgiris (Hill Station Zone),11.4102,76.695,Tamil Nadu,5.7,8.8,0,0
2025-06-27,0.0,0.0,0.0,20.0,Vellore (Palar Basin),12.9165,79.1325,Tamil Nadu,5.5,6.9,0,0
2025-06-28,2.1,2.1,4.0,14.4,Salem (Northern Inland),11.6643,78.146,Tamil Nadu,4.1,8.1,0,0
2025-06-28,1.1,1.1,2.0,16.8,Madurai (Southern Plains),9.9252,78.1198,Tamil Nadu,3.2,8.9,0,0
2025-06-28,0.6,0.6,1.0,17.0,Cuddalore (Coastal Central),11.748,79.7714,Tamil Nadu,3.8,9.5,0,0
2025-06-28,0.5,0.5,1.0,15.2,Chennai (Coastal North),13.0827,80.2707,Tamil Nadu,2.2,9.8,0,0
2025-06-28,3.7,3.7,5.0,13.3,Nilgiris (Hill Station Zone),11.4102,76.695,Tamil Nadu,4.8,10.0,0,0
2025-06-28,1.3,1.3,5.0,28.1,Tiruchirappalli (Kaveri Basin),10.7905,78.7047,Tamil Nadu,5.5,9.3,0,0
2025-06-28,2.3,2.3,3.0,25.3,Nagapattinam (Delta Coast),10.7656,79.8424,Tamil Nadu,7.3,11.6,0,0
2025-06-28,0.5,0.5,2.0,21.8,Coimbatore (Western Inland),11.0168,76.9558,Tamil Nadu,4.1,10.0,0,0
2025-06-28,0.4,0.4,4.0,26.9,Kanyakumari (Southern Coast),8.1833,77.4119,Tamil Nadu,3.2,9.3,0,0
2025-06-28,0.1,0.1,1.0,20.7,Vellore (Palar Basin),12.9165,79.1325,Tamil Nadu,1.0,8.8,0,0
2025-06-29,0.0,0.0,0.0,29.3,Tiruchirappalli (Kaveri Basin),10.7905,78.7047,Tamil Nadu,0.5,8.3,0,0
2025-06-29,0.0,0.0,0.0,14.9,Salem (Northern Inland),11.6643,78.146,Tamil Nadu,0.1,4.6,0,0
2025-06-29,0.0,0.0,0.0,17.5,Cuddalore (Coastal Central),11.748,79.7714,Tamil Nadu,0.0,3.3,0,0
2025-06-29,0.0,0.0,0.0,20.9,Madurai (Southern Plains),9.9252,78.1198,Tamil Nadu,0.0,1.0,0,0
2025-06-29,0.0,0.0,0.0,25.9,Kanyakumari (Southern Coast),8.1833,77.4119,Tamil Nadu,0.0,0.5,0,0
2025-06-29,0.0,0.0,0.0,23.8,Coimbatore (Western Inland),11.0168,76.9558,Tamil Nadu,0.0,0.1,0,0
2025-06-29,0.0,0.0,0.0,22.8,Nagapattinam (Delta Coast),10.7656,79.8424,Tamil Nadu,0.0,0.0,0,0
2025-06-29,0.0,0.0,0.0,25.7,Vellore (Palar Basin),12.9165,79.1325,Tamil Nadu,0.0,0.0,0,0
2025-06-29,0.9,0.9,2.0,18.2,Chennai (Coastal North),13.0827,80.2707,Tamil Nadu,0.9,0.9,0,0
2025-06-29,0.0,0.0,0.0,15.3,Nilgiris (Hill Station Zone),11.4102,76.695,Tamil Nadu,0.9,0.9,0,0
2025-06-30,0.0,0.0,0.0,16.7,Salem (Northern Inland),11.6643,78.146,Tamil Nadu,0.9,0.9,0,0
2025-06-30,0.0,0.0,0.0,24.3,Tiruchirappalli (Kaveri Basin),10.7905,78.7047,Tamil Nadu,0.0,0.9,0,0
2025-06-30,0.0,0.0,0.0,16.2,Cuddalore (Coastal Central),11.748,79.7714,Tamil Nadu,0.0,0.9,0,0
2025-06-30,1.0,1.0,4.0,26.4,Kanyakumari (Southern Coast),8.1833,77.4119,Tamil Nadu,1.0,1.9,0,0
2025-06-30,0.4,0.4,4.0,16.6,Nilgiris (Hill Station Zone),11.4102,76.695,Tamil Nadu,1.4,2.3,0,0
2025-06-30,0.0,0.0,0.0,19.0,Madurai (Southern Plains),9.9252,78.1198,Tamil Nadu,1.4,1.4,0,0
2025-06-30,0.0,0.0,0.0,18.6,Nagapattinam (Delta Coast),10.7656,79.8424,Tamil Nadu,0.4,1.4,0,0
2025-06-30,0.0,0.0,0.0,20.9,Vellore (Palar Basin),12.9165,79.1325,Tamil Nadu,0.0,1.4,0,0
2025-06-30,0.3,0.3,3.0,18.0,Chennai (Coastal North),13.0827,80.2707,Tamil Nadu,0.3,1.7,0,0
2025-06-30,0.0,0.0,0.0,22.0,Coimbatore (Western Inland),11.0168,76.9558,Tamil Nadu,0.3,1.7,0,0
2025-07-01,0.3,0.3,3.0,17.9,Nilgiris (Hill Station Zone),11.4102,76.695,Tamil Nadu,0.6,1.0,0,0
2025-07-01,0.5,0.5,5.0,12.8,Salem (Northern Inland),11.6643,78.146,Tamil Nadu,0.8,1.1,0,0
2025-07-01,0.0,0.0,0.0,18.7,Nagapattinam (Delta Coast),10.7656,79.8424,Tamil Nadu,0.8,1.1,0,0
2025-07-01,0.0,0.0,0.0,22.8,Vellore (Palar Basin),12.9165,79.1325,Tamil Nadu,0.5,1.1,0,0
2025-07-01,0.5,0.5,5.0,25.3,Kanyakumari (Southern Coast),8.1833,77.4119,Tamil Nadu,0.5,1.6,0,0
2025-07-01,1.1,1.1,3.0,14.9,Chennai (Coastal North),13.0827,80.2707,Tamil Nadu,1.6,2.4,0,0
2025-07-01,0.0,0.0,0.0,16.0,Cuddalore (Coastal Central),11.748,79.7714,Tamil Nadu,1.6,2.4,0,0
2025-07-01,0.0,0.0,0.0,25.7,Tiruchirappalli (Kaveri Basin),10.7905,78.7047,Tamil Nadu,1.1,2.1,0,0
2025-07-01,0.0,0.0,0.0,19.7,Coimbatore (Western Inland),11.0168,76.9558,Tamil Nadu,0.0,1.6,0,0
2025-07-01,0.0,0.0,0.0,11.8,Madurai (Southern Plains),9.9252,78.1198,Tamil Nadu,0.0,1.6,0,0
2025-07-02,3.0,3.0,3.0,22.4,Coimbatore (Western Inland),11.0168,76.9558,Tamil Nadu,3.0,4.6,0,0
2025-07-02,7.9,7.9,13.0,19.1,Nilgiris (Hill Station Zone),11.4102,76.695,Tamil Nadu,10.9,12.0,0,0
2025-07-02,4.4,4.4,6.0,16.8,Salem (Northern Inland),11.6643,78.146,Tamil Nadu,15.3,15.3,0,0
2025-07-02,0.5,0.5,1.0,29.2,Tiruchirappalli (Kaveri Basin),10.7905,78.7047,Tamil Nadu,12.8,15.8,0,0
2025-07-02,0.4,0.4,1.0,20.5,Nagapattinam (Delta Coast),10.7656,79.8424,Tamil Nadu,5.3,16.2,0,0
2025-07-02,1.3,1.3,3.0,15.4,Chennai (Coastal North),13.0827,80.2707,Tamil Nadu,2.2,17.5,0,0
2025-07-02,6.4,6.4,4.0,21.8,Vellore (Palar Basin),12.9165,79.1325,Tamil Nadu,8.1,23.9,0,0
2025-07-02,4.9,4.9,1.0,17.5,Cuddalore (Coastal Central),11.748,79.7714,Tamil Nadu,12.6,25.8,0,0
2025-07-02,0.7,0.7,1.0,17.4,Madurai (Southern Plains),9.9252,78.1198,Tamil Nadu,12.0,18.6,0,0
2025-07-02,1.7,1.7,9.0,26.7,Kanyakumari (Southern Coast),8.1833,77.4119,Tamil Nadu,7.3,15.9,0,0
2025-07-03,0.0,0.0,0.0,15.0,Chennai (Coastal North),13.0827,80.2707,Tamil Nadu,2.4,15.4,0,0
2025-07-03,0.0,0.0,0.0,25.5,Tiruchirappalli (Kaveri Basin),10.7905,78.7047,Tamil Nadu,1.7,15.0,0,0
2025-07-03,1.1,1.1,8.0,26.5,Kanyakumari (Southern Coast),8.1833,77.4119,Tamil Nadu,1.1,14.8,0,0
2025-07-03,1.7,1.7,4.0,15.5,Cuddalore (Coastal Central),11.748,79.7714,Tamil Nadu,2.8,10.1,0,0
2025-07-03,0.0,0.0,0.0,10.3,Salem (Northern Inland),11.6643,78.146,Tamil Nadu,2.8,5.2,0,0
2025-07-03,1.2,1.2,7.0,18.0,Nilgiris (Hill Station Zone),11.4102,76.695,Tamil Nadu,2.9,5.7,0,0
2025-07-03,1.9,1.9,1.0,23.0,Vellore (Palar Basin),12.9165,79.1325,Tamil Nadu,3.1,5.9,0,0
2025-07-03,0.0,0.0,0.0,21.2,Coimbatore (Western Inland),11.0168,76.9558,Tamil Nadu,3.1,5.9,0,0
2025-07-03,0.0,0.0,0.0,18.9,Madurai (Southern Plains),9.9252,78.1198,Tamil Nadu,1.9,5.9,0,0
2025-07-03,0.0,0.0,0.0,20.4,Nagapattinam (Delta Coast),10.7656,79.8424,Tamil Nadu,0.0,4.8,0,0
2025-07-04,0.4,0.4,4.0,29.4,Kanyakumari (Southern Coast),8.1833,77.4119,Tamil Nadu,0.4,3.5,0,0
2025-07-04,0.1,0.1,1.0,28.4,Tiruchirappalli (Kaveri Basin),10.7905,78.7047,Tamil Nadu,0.5,3.6,0,0
2025-07-04,0.4,0.4,3.0,19.1,Nilgiris (Hill Station Zone),11.4102,76.695,Tamil Nadu,0.9,2.8,0,0
2025-07-04,0.0,0.0,0.0,19.1,Madurai (Southern Plains),9.9252,78.1198,Tamil Nadu,0.5,0.9,0,0
2025-07-04,0.0,0.0,0.0,17.6,Cuddalore (Coastal Central),11.748,79.7714,Tamil Nadu,0.4,0.9,0,0
2025-07-04,0.1,0.1,1.0,21.9,Nagapattinam (Delta Coast),10.7656,79.8424,Tamil Nadu,0.1,1.0,0,0
2025-07-04,0.2,0.2,2.0,15.2,Salem (Northern Inland),11.6643,78.146,Tamil Nadu,0.3,1.2,0,0
2025-07-04,0.1,0.1,1.0,16.5,Chennai (Coastal North),13.0827,80.2707,Tamil Nadu,0.4,0.9,0,0
2025-07-04,0.0,0.0,0.0,23.3,Coimbatore (Western Inland),11.0168,76.9558,Tamil Nadu,0.3,0.8,0,0
2025-07-04,0.1,0.1,1.0,24.3,Vellore (Palar Basin),12.9165,79.1325,Tamil Nadu,0.2,0.5,0,0
2025-07-05,0.1,0.1,1.0,18.6,Cuddalore (Coastal Central),11.748,79.7714,Tamil Nadu,0.2,0.6,0,0
2025-07-05,0.3,0.3,1.0,22.5,Madurai (Southern Plains),9.9252,78.1198,Tamil Nadu,0.5,0.9,0,0
2025-07-05,0.0,0.0,0.0,32.1,Tiruchirappalli (Kaveri Basin),10.7905,78.7047,Tamil Nadu,0.4,0.8,0,0
2025-07-05,1.1,1.1,6.0,23.0,Vellore (Palar Basin),12.9165,79.1325,Tamil Nadu,1.4,1.7,0,0
2025-07-05,0.4,0.4,3.0,25.1,Nagapattinam (Delta Coast),10.7656,79.8424,Tamil Nadu,1.5,2.0,0,0
2025-07-05,2.7,2.7,4.0,17.1,Chennai (Coastal North),13.0827,80.2707,Tamil Nadu,4.2,4.7,0,0
2025-07-05,0.7,0.7,5.0,18.5,Nilgiris (Hill Station Zone),11.4102,76.695,Tamil Nadu,3.8,5.3,0,0
2025-07-05,0.6,0.6,5.0,29.0,Kanyakumari (Southern Coast),8.1833,77.4119,Tamil Nadu,4.0,5.8,0,0
2025-07-05,1.0,1.0,4.0,19.1,Salem (Northern Inland),11.6643,78.146,Tamil Nadu,2.3,6.5,0,0
2025-07-05,0.1,0.1,1.0,25.7,Coimbatore (Western Inland),11.0168,76.9558,Tamil Nadu,1.7,6.6,0,0
2025-07-06,0.1,0.1,1.0,26.6,Cuddalore (Coastal Central),11.748,79.7714,Tamil Nadu,1.2,5.6,0,0
2025-07-06,0.3,0.3,2.0,31.4,Nagapattinam (Delta Coast),10.7656,79.8424,Tamil Nadu,0.5,5.5,0,0
2025-07-06,0.1,0.1,1.0,34.4,Tiruchirappalli (Kaveri Basin),10.7905,78.7047,Tamil Nadu,0.5,2.9,0,0
2025-07-06,4.0,4.0,13.0,30.5,Kanyakumari (Southern Coast),8.1833,77.4119,Tamil Nadu,4.4,6.2,0,0
2025-07-06,1.4,1.4,7.0,28.2,Vellore (Palar Basin),12.9165,79.1325,Tamil Nadu,5.5,7.0,0,0
2025-07-06,0.5,0.5,1.0,23.4,Madurai (Southern Plains),9.9252,78.1198,Tamil Nadu,5.9,6.5,0,0
2025-07-06,0.0,0.0,0.0,25.6,Coimbatore (Western Inland),11.0168,76.9558,Tamil Nadu,1.9,6.4,0,0
2025-07-06,0.2,0.2,2.0,18.8,Salem (Northern Inland),11.6643,78.146,Tamil Nadu,0.7,6.5,0,0
2025-07-06,1.6,1.6,12.0,22.0,Nilgiris (Hill Station Zone),11.4102,76.695,Tamil Nadu,1.8,7.8,0,0
2025-07-06,2.2,2.2,4.0,21.2,Chennai (Coastal North),13.0827,80.2707,Tamil Nadu,4.0,9.9,0,0
2025-07-07,1.0,1.0,7.0,30.9,Kanyakumari (Southern Coast),8.1833,77.4119,Tamil Nadu,4.8,6.9,0,0
2025-07-07,0.0,0.0,0.0,28.9,Nagapattinam (Delta Coast),10.7656,79.8424,Tamil Nadu,3.2,5.5,0,0
2025-07-07,0.0,0.0,0.0,24.4,Coimbatore (Western Inland),11.0168,76.9558,Tamil Nadu,1.0,5.0,0,0
2025-07-07,0.1,0.1,1.0,20.9,Chennai (Coastal North),13.0827,80.2707,Tamil Nadu,0.1,5.1,0,0
2025-07-07,0.0,0.0,0.0,32.3,Tiruchirappalli (Kaveri Basin),10.7905,78.7047,Tamil Nadu,0.1,4.9,0,0
2025-07-07,0.8,0.8,2.0,21.7,Madurai (Southern Plains),9.9252,78.1198,Tamil Nadu,0.9,4.1,0,0
2025-07-07,0.7,0.7,6.0,19.7,Nilgiris (Hill Station Zone),11.4102,76.695,Tamil Nadu,1.5,2.6,0,0
2025-07-07,0.2,0.2,1.0,23.1,Cuddalore (Coastal Central),11.748,79.7714,Tamil Nadu,1.7,1.8,0,0
2025-07-07,0.5,0.5,2.0,26.2,Vellore (Palar Basin),12.9165,79.1325,Tamil Nadu,1.4,2.3,0,0
2025-07-07,0.0,0.0,0.0,16.4,Salem (Northern Inland),11.6643,78.146,Tamil Nadu,0.7,2.3,0,0
2025-07-08,2.6,2.6,3.0,26.7,Tiruchirappalli (Kaveri Basin),10.7905,78.7047,Tamil Nadu,3.1,4.8,0,0
2025-07-08,0.3,0.3,2.0,20.0,Salem (Northern Inland),11.6643,78.146,Tamil Nadu,2.9,5.1,0,0
2025-07-08,0.8,0.8,7.0,32.2,Kanyakumari (Southern Coast),8.1833,77.4119,Tamil Nadu,3.7,5.1,0,0
2025-07-08,0.4,0.4,4.0,21.4,Nilgiris (Hill Station Zone),11.4102,76.695,Tamil Nadu,1.5,4.8,0,0
2025-07-08,0.2,0.2,1.0,26.7,Vellore (Palar Basin),12.9165,79.1325,Tamil Nadu,1.4,4.8,0,0
2025-07-08,0.2,0.2,2.0,21.4,Nagapattinam (Delta Coast),10.7656,79.8424,Tamil Nadu,0.8,4.5,0,0
2025-07-08,0.0,0.0,0.0,19.4,Cuddalore (Coastal Central),11.748,79.7714,Tamil Nadu,0.4,4.5,0,0
2025-07-08,0.3,0.3,1.0,12.0,Madurai (Southern Plains),9.9252,78.1198,Tamil Nadu,0.5,2.2,0,0
2025-07-08,1.3,1.3,7.0,22.1,Chennai (Coastal North),13.0827,80.2707,Tamil Nadu,1.6,3.2,0,0
2025-07-08,0.2,0.2,1.0,24.0,Coimbatore (Western Inland),11.0168,76.9558,Tamil Nadu,1.8,2.6,0,0
2025-07-09,1.7,1.7,5.0,17.3,Nilgiris (Hill Station Zone),11.4102,76.695,Tamil Nadu,3.2,3.9,0,0
2025-07-09,0.1,0.1,1.0,12.6,Madurai (Southern Plains),9.9252,78.1198,Tamil Nadu,2.0,3.8,0,0
2025-07-09,0.0,0.0,0.0,31.5,Kanyakumari (Southern Coast),8.1833,77.4119,Tamil Nadu,1.8,3.6,0,0
2025-07-09,2.5,2.5,5.0,12.7,Chennai (Coastal North),13.0827,80.2707,Tamil Nadu,2.6,6.1,0,0
2025-07-09,0.3,0.3,2.0,22.5,Salem (Northern Inland),11.6643,78.146,Tamil Nadu,2.8,6.1,0,0
2025-07-09,0.1,0.1,1.0,24.6,Tiruchirappalli (Kaveri Basin),10.7905,78.7047,Tamil Nadu,2.9,4.9,0,0
2025-07-09,0.0,0.0,0.0,18.3,Cuddalore (Coastal Central),11.748,79.7714,Tamil Nadu,0.4,4.7,0,0
2025-07-09,3.6,3.6,4.0,19.4,Coimbatore (Western Inland),11.0168,76.9558,Tamil Nadu,3.7,6.6,0,0
2025-07-09,0.3,0.3,1.0,23.9,Vellore (Palar Basin),12.9165,79.1325,Tamil Nadu,3.9,6.8,0,0
2025-07-09,0.0,0.0,0.0,18.8,Nagapattinam (Delta Coast),10.7656,79.8424,Tamil Nadu,3.9,6.8,0,0
2025-07-10,14.9,14.9,9.0,16.6,Coimbatore (Western Inland),11.0168,76.9558,Tamil Nadu,15.2,19.2,0,0
2025-07-10,0.6,0.6,1.0,14.4,Salem (Northern Inland),11.6643,78.146,Tamil Nadu,15.5,19.5,0,0
2025-07-10,0.7,0.7,2.0,21.1,Tiruchirappalli (Kaveri Basin),10.7905,78.7047,Tamil Nadu,16.2,20.1,0,0
2025-07-10,0.0,0.0,0.0,30.1,Kanyakumari (Southern Coast),8.1833,77.4119,Tamil Nadu,1.3,20.1,0,0
2025-07-10,2.1,2.1,2.0,20.7,Vellore (Palar Basin),12.9165,79.1325,Tamil Nadu,2.8,18.6,0,0
2025-07-10,1.2,1.2,8.0,18.4,Chennai (Coastal North),13.0827,80.2707,Tamil Nadu,3.3,19.5,0,0
2025-07-10,1.0,1.0,2.0,14.6,Madurai (Southern Plains),9.9252,78.1198,Tamil Nadu,4.3,20.5,0,0
2025-07-10,3.6,3.6,4.0,14.8,Nagapattinam (Delta Coast),10.7656,79.8424,Tamil Nadu,5.8,9.2,0,0
2025-07-10,0.1,0.1,1.0,18.4,Cuddalore (Coastal Central),11.748,79.7714,Tamil Nadu,4.7,8.7,0,0
2025-07-10,4.7,4.7,12.0,17.2,Nilgiris (Hill Station Zone),11.4102,76.695,Tamil Nadu,8.4,12.7,0,0
2025-07-11,1.8,1.8,4.0,20.8,Madurai (Southern Plains),9.9252,78.1198,Tamil Nadu,6.6,14.5,0,0
2025-07-11,2.7,2.7,3.0,15.1,Nagapattinam (Delta Coast),10.7656,79.8424,Tamil Nadu,9.2,15.1,0,0
2025-07-11,1.0,1.0,3.0,25.9,Tiruchirappalli (Kaveri Basin),10.7905,78.7047,Tamil Nadu,5.5,14.9,0,0
2025-07-11,1.1,1.1,7.0,10.1,Nilgiris (Hill Station Zone),11.4102,76.695,Tamil Nadu,4.8,15.0,0,0
2025-07-11,0.5,0.5,3.0,33.9,Kanyakumari (Southern Coast),8.1833,77.4119,Tamil Nadu,2.6,11.9,0,0
2025-07-11,20.7,20.7,3.0,15.6,Salem (Northern Inland),11.6643,78.146,Tamil Nadu,22.3,32.5,0,0
2025-07-11,5.9,5.9,4.0,15.6,Chennai (Coastal North),13.0827,80.2707,Tamil Nadu,27.1,33.7,0,0
2025-07-11,4.9,4.9,3.0,15.6,Cuddalore (Coastal Central),11.748,79.7714,Tamil Nadu,31.5,36.8,0,0
2025-07-11,0.7,0.7,3.0,34.9,Vellore (Palar Basin),12.9165,79.1325,Tamil Nadu,11.5,34.8,0,0
2025-07-11,3.4,3.4,6.0,21.2,Coimbatore (Western Inland),11.0168,76.9558,Tamil Nadu,9.0,37.2,0,0
2025-07-12,0.2,0.2,2.0,18.7,Salem (Northern Inland),11.6643,78.146,Tamil Nadu,4.3,36.3,0,0
2025-07-12,0.0,0.0,0.0,15.8,Madurai (Southern Plains),9.9252,78.1198,Tamil Nadu,3.6,35.8,0,0
2025-07-12,4.5,4.5,4.0,17.5,Nagapattinam (Delta Coast),10.7656,79.8424,Tamil Nadu,4.7,19.6,0,0
2025-07-12,0.9,0.9,5.0,18.6,Nilgiris (Hill Station Zone),11.4102,76.695,Tamil Nadu,5.4,14.6,0,0
2025-07-12,0.0,0.0,0.0,34.1,Kanyakumari (Southern Coast),8.1833,77.4119,Tamil Nadu,5.4,9.7,0,0
2025-07-12,2.0,2.0,2.0,22.2,Vellore (Palar Basin),12.9165,79.1325,Tamil Nadu,2.9,11.0,0,0
2025-07-12,0.2,0.2,1.0,23.9,Cuddalore (Coastal Central),11.748,79.7714,Tamil Nadu,2.2,7.8,0,0
2025-07-12,0.5,0.5,3.0,23.0,Tiruchirappalli (Kaveri Basin),10.7905,78.7047,Tamil Nadu,2.7,8.1,0,0
2025-07-12,22.1,22.1,2.0,20.9,Chennai (Coastal North),13.0827,80.2707,Tamil Nadu,22.8,30.2,0,0
2025-07-12,0.0,0.0,0.0,19.7,Coimbatore (Western Inland),11.0168,76.9558,Tamil Nadu,22.6,25.7,0,0
2025-07-13,0.1,0.1,1.0,20.0,Coimbatore (Western Inland),11.0168,76.9558,Tamil Nadu,22.2,24.9,0,0
2025-07-13,0.5,0.5,2.0,15.9,Madurai (Southern Plains),9.9252,78.1198,Tamil Nadu,0.6,25.4,0,0
2025-07-13,0.0,0.0,0.0,27.0,Tiruchirappalli (Kaveri Basin),10.7905,78.7047,Tamil Nadu,0.6,23.4,0,0
2025-07-13,2.6,2.6,5.0,19.3,Nagapattinam (Delta Coast),10.7656,79.8424,Tamil Nadu,3.1,25.8,0,0
2025-07-13,1.9,1.9,3.0,17.2,Cuddalore (Coastal Central),11.748,79.7714,Tamil Nadu,4.5,27.2,0,0
2025-07-13,2.3,2.3,7.0,15.9,Nilgiris (Hill Station Zone),11.4102,76.695,Tamil Nadu,6.8,7.4,0,0
2025-07-13,0.8,0.8,3.0,13.2,Chennai (Coastal North),13.0827,80.2707,Tamil Nadu,5.0,8.2,0,0
2025-07-13,1.8,1.8,2.0,14.8,Salem (Northern Inland),11.6643,78.146,Tamil Nadu,4.9,9.9,0,0
2025-07-13,0.3,0.3,3.0,29.3,Kanyakumari (Southern Coast),8.1833,77.4119,Tamil Nadu,2.9,9.7,0,0
2025-07-13,6.0,6.0,2.0,24.3,Vellore (Palar Basin),12.9165,79.1325,Tamil Nadu,8.1,15.7,0,0
2025-07-14,0.8,0.8,3.0,18.2,Cuddalore (Coastal Central),11.748,79.7714,Tamil Nadu,7.1,13.9,0,0
2025-07-14,5.2,5.2,4.0,19.7,Chennai (Coastal North),13.0827,80.2707,Tamil Nadu,12.0,17.2,0,0
2025-07-14,0.2,0.2,2.0,25.8,Nagapattinam (Delta Coast),10.7656,79.8424,Tamil Nadu,6.2,15.1,0,0
2025-07-14,0.5,0.5,5.0,15.5,Nilgiris (Hill Station Zone),11.4102,76.695,Tamil Nadu,5.9,14.8,0,0
2025-07-14,0.5,0.5,5.0,36.7,Kanyakumari (Southern Coast),8.1833,77.4119,Tamil Nadu,1.2,13.5,0,0
2025-07-14,0.5,0.5,2.0,20.3,Madurai (Southern Plains),9.9252,78.1198,Tamil Nadu,1.5,13.7,0,0
2025-07-14,0.0,0.0,0.0,34.4,Tiruchirappalli (Kaveri Basin),10.7905,78.7047,Tamil Nadu,1.0,7.7,0,0
2025-07-14,2.1,2.1,5.0,26.4,Coimbatore (Western Inland),11.0168,76.9558,Tamil Nadu,2.6,9.0,0,0
2025-07-14,1.5,1.5,2.0,15.1,Salem (Northern Inland),11.6643,78.146,Tamil Nadu,3.6,5.3,0,0
2025-07-14,1.3,1.3,4.0,22.4,Vellore (Palar Basin),12.9165,79.1325,Tamil Nadu,4.9,6.4,0,0
2025-07-15,1.8,1.8,9.0,23.0,Nilgiris (Hill Station Zone),11.4102,76.695,Tamil Nadu,4.6,7.7,0,0
2025-07-15,0.2,0.2,2.0,14.7,Madurai (Southern Plains),9.9252,78.1198,Tamil Nadu,3.3,7.4,0,0
2025-07-15,1.0,1.0,2.0,20.3,Nagapattinam (Delta Coast),10.7656,79.8424,Tamil Nadu,3.0,7.9,0,0
2025-07-15,0.0,0.0,0.0,39.3,Kanyakumari (Southern Coast),8.1833,77.4119,Tamil Nadu,1.2,7.9,0,0
2025-07-15,1.0,1.0,3.0,20.6,Salem (Northern Inland),11.6643,78.146,Tamil Nadu,2.0,6.8,0,0
2025-07-15,0.6,0.6,3.0,25.8,Vellore (Palar Basin),12.9165,79.1325,Tamil Nadu,1.6,5.9,0,0
2025-07-15,0.0,0.0,0.0,21.4,Coimbatore (Western Inland),11.0168,76.9558,Tamil Nadu,1.6,4.6,0,0
2025-07-15,1.8,1.8,2.0,14.3,Chennai (Coastal North),13.0827,80.2707,Tamil Nadu,2.4,4.6,0,0
2025-07-15,0.4,0.4,1.0,30.4,Tiruchirappalli (Kaveri Basin),10.7905,78.7047,Tamil Nadu,2.2,4.8,0,0
2025-07-15,2.3,2.3,2.0,23.4,Cuddalore (Coastal Central),11.748,79.7714,Tamil Nadu,4.5,6.1,0,0
2025-07-16,26.1,26.1,10.0,16.8,Salem (Northern Inland),11.6643,78.146,Tamil Nadu,28.8,32.2,0,0
2025-07-16,4.8,4.8,5.0,22.0,Nagapattinam (Delta Coast),10.7656,79.8424,Tamil Nadu,33.2,36.0,0,0
2025-07-16,37.5,37.5,11.0,19.8,Vellore (Palar Basin),12.9165,79.1325,Tamil Nadu,68.4,72.9,0,0
2025-07-16,22.9,22.9,11.0,20.8,Coimbatore (Western Inland),11.0168,76.9558,Tamil Nadu,65.2,95.8,0,0
2025-07-16,16.2,16.2,7.0,16.1,Chennai (Coastal North),13.0827,80.2707,Tamil Nadu,76.6,110.2,0,0
2025-07-16,5.7,5.7,4.0,21.3,Cuddalore (Coastal Central),11.748,79.7714,Tamil Nadu,44.8,115.5,0,0
2025-07-16,0.6,0.6,5.0,34.0,Kanyakumari (Southern Coast),8.1833,77.4119,Tamil Nadu,22.5,113.8,0,0
2025-07-16,9.3,9.3,4.0,34.0,Tiruchirappalli (Kaveri Basin),10.7905,78.7047,Tamil Nadu,15.6,97.0,0,0
2025-07-16,0.9,0.9,4.0,20.8,Madurai (Southern Plains),9.9252,78.1198,Tamil Nadu,10.8,93.1,0,0
2025-07-16,45.2,45.2,16.0,13.2,Nilgiris (Hill Station Zone),11.4102,76.695,Tamil Nadu,55.4,100.8,0,0
2025-07-17,2.3,2.3,5.0,15.7,Cuddalore (Coastal Central),11.748,79.7714,Tamil Nadu,48.4,80.2,0,0
2025-07-17,19.8,19.8,16.0,19.7,Nilgiris (Hill Station Zone),11.4102,76.695,Tamil Nadu,67.3,83.8,0,0
2025-07-17,4.4,4.4,12.0,16.6,Chennai (Coastal North),13.0827,80.2707,Tamil Nadu,26.5,82.5,0,0
2025-07-17,0.0,0.0,0.0,14.0,Madurai (Southern Plains),9.9252,78.1198,Tamil Nadu,24.2,81.9,0,0
2025-07-17,17.9,17.9,13.0,18.5,Coimbatore (Western Inland),11.0168,76.9558,Tamil Nadu,22.3,90.5,0,0
2025-07-17,2.0,2.0,8.0,20.6,Salem (Northern Inland),11.6643,78.146,Tamil Nadu,19.9,91.6,0,0
2025-07-17,4.0,4.0,15.0,31.6,Kanyakumari (Southern Coast),8.1833,77.4119,Tamil Nadu,23.9,50.4,0,0
2025-07-17,7.8,7.8,13.0,21.2,Vellore (Palar Basin),12.9165,79.1325,Tamil Nadu,13.8,55.9,0,0
2025-07-17,0.0,0.0,0.0,30.2,Tiruchirappalli (Kaveri Basin),10.7905,78.7047,Tamil Nadu,11.8,36.1,0,0
2025-07-17,0.7,0.7,3.0,21.0,Nagapattinam (Delta Coast),10.7656,79.8424,Tamil Nadu,8.5,32.4,0,0
2025-07-18,2.8,2.8,9.0,35.4,Kanyakumari (Southern Coast),8.1833,77.4119,Tamil Nadu,3.5,35.2,0,0
2025-07-18,4.0,4.0,8.0,18.1,Coimbatore (Western Inland),11.0168,76.9558,Tamil Nadu,7.5,21.3,0,0
2025-07-18,8.0,8.0,8.0,11.8,Salem (Northern Inland),11.6643,78.146,Tamil Nadu,14.8,27.3,0,0
2025-07-18,0.8,0.8,2.0,23.5,Tiruchirappalli (Kaveri Basin),10.7905,78.7047,Tamil Nadu,12.8,24.1,0,0
2025-07-18,15.0,15.0,4.0,14.7,Cuddalore (Coastal Central),11.748,79.7714,Tamil Nadu,23.8,31.3,0,0
2025-07-18,12.1,12.1,13.0,18.8,Vellore (Palar Basin),12.9165,79.1325,Tamil Nadu,27.9,43.4,0,0
2025-07-18,0.2,0.2,2.0,16.4,Madurai (Southern Plains),9.9252,78.1198,Tamil Nadu,27.3,42.9,0,0
2025-07-18,12.1,12.1,14.0,19.7,Nilgiris (Hill Station Zone),11.4102,76.695,Tamil Nadu,24.4,52.2,0,0
2025-07-18,9.2,9.2,11.0,14.6,Chennai (Coastal North),13.0827,80.2707,Tamil Nadu,21.5,57.4,0,0
2025-07-18,8.8,8.8,7.0,17.9,Nagapattinam (Delta Coast),10.7656,79.8424,Tamil Nadu,30.1,58.2,0,0
2025-07-19,5.1,5.1,10.0,19.7,Coimbatore (Western Inland),11.0168,76.9558,Tamil Nadu,23.1,62.5,0,0
2025-07-19,6.0,6.0,5.0,18.7,Cuddalore (Coastal Central),11.748,79.7714,Tamil Nadu,19.9,53.5,0,0
2025-07-19,13.9,13.9,20.0,29.4,Kanyakumari (Southern Coast),8.1833,77.4119,Tamil Nadu,25.0,55.3,0,0
2025-07-19,15.1,15.1,19.0,23.1,Nilgiris (Hill Station Zone),11.4102,76.695,Tamil Nadu,35.0,70.2,0,0
2025-07-19,7.0,7.0,9.0,16.3,Chennai (Coastal North),13.0827,80.2707,Tamil Nadu,36.0,65.1,0,0
2025-07-19,3.1,3.1,11.0,19.1,Vellore (Palar Basin),12.9165,79.1325,Tamil Nadu,25.2,59.0,0,0
2025-07-19,4.9,4.9,6.0,21.5,Madurai (Southern Plains),9.9252,78.1198,Tamil Nadu,15.0,55.1,0,0
2025-07-19,6.9,6.9,6.0,19.6,Salem (Northern Inland),11.6643,78.146,Tamil Nadu,14.9,56.9,0,0
2025-07-19,2.9,2.9,3.0,27.7,Tiruchirappalli (Kaveri Basin),10.7905,78.7047,Tamil Nadu,14.7,53.8,0,0
2025-07-19,3.8,3.8,4.0,21.3,Nagapattinam (Delta Coast),10.7656,79.8424,Tamil Nadu,13.6,43.7,0,0
2025-07-20,0.0,0.0,0.0,20.9,Vellore (Palar Basin),12.9165,79.1325,Tamil Nadu,6.7,28.6,0,0
2025-07-20,0.4,0.4,2.0,16.2,Madurai (Southern Plains),9.9252,78.1198,Tamil Nadu,4.2,22.0,0,0
2025-07-20,23.2,23.2,22.0,26.4,Kanyakumari (Southern Coast),8.1833,77.4119,Tamil Nadu,23.6,42.1,0,0
2025-07-20,11.8,11.8,11.0,14.1,Salem (Northern Inland),11.6643,78.146,Tamil Nadu,35.4,49.0,0,0
2025-07-20,0.2,0.2,2.0,19.5,Nagapattinam (Delta Coast),10.7656,79.8424,Tamil Nadu,35.2,42.3,0,0
2025-07-20,0.0,0.0,0.0,19.8,Cuddalore (Coastal Central),11.748,79.7714,Tamil Nadu,12.0,39.4,0,0
2025-07-20,0.2,0.2,1.0,14.4,Chennai (Coastal North),13.0827,80.2707,Tamil Nadu,0.4,35.8,0,0
2025-07-20,3.2,3.2,7.0,18.6,Coimbatore (Western Inland),11.0168,76.9558,Tamil Nadu,3.4,39.0,0,0
2025-07-20,1.7,1.7,3.0,26.6,Tiruchirappalli (Kaveri Basin),10.7905,78.7047,Tamil Nadu,5.1,40.3,0,0
2025-07-20,29.7,29.7,16.0,24.8,Nilgiris (Hill Station Zone),11.4102,76.695,Tamil Nadu,34.6,46.8,0,0
2025-07-21,0.0,0.0,0.0,24.1,Madurai (Southern Plains),9.9252,78.1198,Tamil Nadu,31.4,35.0,0,0
2025-07-21,2.5,2.5,11.0,12.1,Chennai (Coastal North),13.0827,80.2707,Tamil Nadu,32.2,37.3,0,0
2025-07-21,5.9,5.9,5.0,16.8,Salem (Northern Inland),11.6643,78.146,Tamil Nadu,8.4,43.2,0,0
2025-07-21,8.2,8.2,6.0,16.2,Cuddalore (Coastal Central),11.748,79.7714,Tamil Nadu,16.6,51.2,0,0
2025-07-21,3.2,3.2,4.0,25.7,Nagapattinam (Delta Coast),10.7656,79.8424,Tamil Nadu,17.3,51.2,0,0
2025-07-21,6.2,6.2,14.0,19.2,Coimbatore (Western Inland),11.0168,76.9558,Tamil Nadu,17.6,55.7,0,0
2025-07-21,18.4,18.4,23.0,26.9,Kanyakumari (Southern Coast),8.1833,77.4119,Tamil Nadu,27.8,44.4,0,0
2025-07-21,0.0,0.0,0.0,32.1,Tiruchirappalli (Kaveri Basin),10.7905,78.7047,Tamil Nadu,24.6,44.4,0,0
2025-07-21,4.5,4.5,6.0,19.8,Vellore (Palar Basin),12.9165,79.1325,Tamil Nadu,22.9,46.4,0,0
2025-07-21,5.1,5.1,16.0,15.9,Nilgiris (Hill Station Zone),11.4102,76.695,Tamil Nadu,9.6,45.6,0,0
2025-07-22,1.1,1.1,3.0,19.5,Chennai (Coastal North),13.0827,80.2707,Tamil Nadu,10.7,38.5,0,0
2025-07-22,0.3,0.3,2.0,21.8,Nagapattinam (Delta Coast),10.7656,79.8424,Tamil Nadu,6.5,35.6,0,0
2025-07-22,0.1,0.1,1.0,16.8,Salem (Northern Inland),11.6643,78.146,Tamil Nadu,1.5,29.5,0,0
2025-07-22,0.2,0.2,1.0,22.2,Madurai (Southern Plains),9.9252,78.1198,Tamil Nadu,0.6,11.3,0,0
2025-07-22,4.8,4.8,20.0,25.0,Kanyakumari (Southern Coast),8.1833,77.4119,Tamil Nadu,5.1,16.1,0,0
2025-07-22,1.4,1.4,3.0,22.8,Vellore (Palar Basin),12.9165,79.1325,Tamil Nadu,6.4,13.0,0,0
2025-07-22,0.4,0.4,2.0,26.3,Tiruchirappalli (Kaveri Basin),10.7905,78.7047,Tamil Nadu,6.6,8.3,0,0
2025-07-22,4.1,4.1,14.0,16.8,Nilgiris (Hill Station Zone),11.4102,76.695,Tamil Nadu,5.9,11.3,0,0
2025-07-22,1.8,1.8,6.0,21.3,Coimbatore (Western Inland),11.0168,76.9558,Tamil Nadu,6.3,12.8,0,0
2025-07-22,0.2,0.2,1.0,20.4,Cuddalore (Coastal Central),11.748,79.7714,Tamil Nadu,6.1,12.9,0,0
2025-07-23,0.0,0.0,0.0,26.7,Madurai (Southern Plains),9.9252,78.1198,Tamil Nadu,2.0,12.7,0,0
2025-07-23,9.7,9.7,24.0,29.1,Kanyakumari (Southern Coast),8.1833,77.4119,Tamil Nadu,9.9,17.6,0,0
2025-07-23,12.3,12.3,19.0,18.5,Nilgiris (Hill Station Zone),11.4102,76.695,Tamil Nadu,22.0,28.5,0,0
2025-07-23,5.1,5.1,11.0,23.9,Coimbatore (Western Inland),11.0168,76.9558,Tamil Nadu,27.1,33.2,0,0
2025-07-23,3.8,3.8,8.0,18.2,Chennai (Coastal North),13.0827,80.2707,Tamil Nadu,21.2,32.9,0,0
2025-07-23,16.6,16.6,12.0,13.2,Salem (Northern Inland),11.6643,78.146,Tamil Nadu,25.5,47.7,0,0
2025-07-23,3.0,3.0,3.0,23.3,Nagapattinam (Delta Coast),10.7656,79.8424,Tamil Nadu,23.4,50.5,0,0
2025-07-23,0.1,0.1,1.0,33.9,Tiruchirappalli (Kaveri Basin),10.7905,78.7047,Tamil Nadu,19.7,50.6,0,0
2025-07-23,0.7,0.7,3.0,18.1,Cuddalore (Coastal Central),11.748,79.7714,Tamil Nadu,3.8,41.6,0,0
2025-07-23,4.5,4.5,9.0,20.5,Vellore (Palar Basin),12.9165,79.1325,Tamil Nadu,5.3,33.8,0,0
2025-07-24,5.3,5.3,23.0,24.2,Nilgiris (Hill Station Zone),11.4102,76.695,Tamil Nadu,10.5,34.0,0,0
2025-07-24,5.0,5.0,6.0,30.1,Nagapattinam (Delta Coast),10.7656,79.8424,Tamil Nadu,14.8,35.2,0,0
2025-07-24,0.3,0.3,2.0,20.9,Salem (Northern Inland),11.6643,78.146,Tamil Nadu,10.6,18.9,0,0
2025-07-24,0.0,0.0,0.0,30.6,Tiruchirappalli (Kaveri Basin),10.7905,78.7047,Tamil Nadu,5.3,15.9,0,0
2025-07-24,2.6,2.6,7.0,18.2,Chennai (Coastal North),13.0827,80.2707,Tamil Nadu,2.9,18.4,0,0
2025-07-24,3.4,3.4,11.0,26.0,Vellore (Palar Basin),12.9165,79.1325,Tamil Nadu,6.0,21.1,0,0
2025-07-24,0.5,0.5,4.0,19.2,Madurai (Southern Plains),9.9252,78.1198,Tamil Nadu,6.5,17.1,0,0
2025-07-24,13.2,13.2,24.0,29.9,Kanyakumari (Southern Coast),8.1833,77.4119,Tamil Nadu,17.1,25.0,0,0
2025-07-24,0.2,0.2,2.0,21.2,Coimbatore (Western Inland),11.0168,76.9558,Tamil Nadu,13.9,20.2,0,0
2025-07-24,5.3,5.3,2.0,22.0,Cuddalore (Coastal Central),11.748,79.7714,Tamil Nadu,18.7,25.2,0,0
2025-07-25,1.3,1.3,5.0,20.4,Chennai (Coastal North),13.0827,80.2707,Tamil Nadu,6.8,26.5,0,0
2025-07-25,8.2,8.2,20.0,34.0,Nilgiris (Hill Station Zone),11.4102,76.695,Tamil Nadu,14.8,32.1,0,0
2025-07-25,0.6,0.6,6.0,22.3,Coimbatore (Western Inland),11.0168,76.9558,Tamil Nadu,10.1,29.3,0,0
2025-07-25,0.0,0.0,0.0,31.1,Tiruchirappalli (Kaveri Basin),10.7905,78.7047,Tamil Nadu,8.8,28.8,0,0
2025-07-25,0.1,0.1,1.0,26.9,Nagapattinam (Delta Coast),10.7656,79.8424,Tamil Nadu,0.7,15.7,0,0
2025-07-25,12.2,12.2,18.0,25.4,Kanyakumari (Southern Coast),8.1833,77.4119,Tamil Nadu,12.3,27.7,0,0
2025-07-25,0.1,0.1,1.0,21.4,Salem (Northern Inland),11.6643,78.146,Tamil Nadu,12.4,22.5,0,0
2025-07-25,0.4,0.4,2.0,22.6,Madurai (Southern Plains),9.9252,78.1198,Tamil Nadu,12.7,21.6,0,0
2025-07-25,0.2,0.2,1.0,25.7,Vellore (Palar Basin),12.9165,79.1325,Tamil Nadu,0.7,13.6,0,0
2025-07-25,0.2,0.2,1.0,20.5,Cuddalore (Coastal Central),11.748,79.7714,Tamil Nadu,0.8,13.2,0,0
2025-07-26,0.2,0.2,1.0,36.5,Tiruchirappalli (Kaveri Basin),10.7905,78.7047,Tamil Nadu,0.6,13.4,0,0
2025-07-26,1.3,1.3,3.0,31.9,Nagapattinam (Delta Coast),10.7656,79.8424,Tamil Nadu,1.7,14.6,0,0
2025-07-26,2.5,2.5,8.0,23.9,Salem (Northern Inland),11.6643,78.146,Tamil Nadu,4.0,4.9,0,0
2025-07-26,20.6,20.6,21.0,35.7,Nilgiris (Hill Station Zone),11.4102,76.695,Tamil Nadu,24.4,25.4,0,0
2025-07-26,1.1,1.1,3.0,19.6,Chennai (Coastal North),13.0827,80.2707,Tamil Nadu,24.2,26.1,0,0
2025-07-26,2.0,2.0,3.0,28.0,Vellore (Palar Basin),12.9165,79.1325,Tamil Nadu,23.7,27.9,0,0
2025-07-26,4.6,4.6,13.0,24.2,Coimbatore (Western Inland),11.0168,76.9558,Tamil Nadu,7.7,32.3,0,0
2025-07-26,5.0,5.0,7.0,26.1,Madurai (Southern Plains),9.9252,78.1198,Tamil Nadu,11.6,37.1,0,0
2025-07-26,1.0,1.0,3.0,24.9,Cuddalore (Coastal Central),11.748,79.7714,Tamil Nadu,10.6,36.8,0,0
2025-07-26,6.0,6.0,13.0,24.3,Kanyakumari (Southern Coast),8.1833,77.4119,Tamil Nadu,12.0,40.3,0,0
2025-07-27,1.5,1.5,7.0,24.1,Nagapattinam (Delta Coast),10.7656,79.8424,Tamil Nadu,8.5,21.2,0,0
2025-07-27,6.5,6.5,4.0,28.4,Kanyakumari (Southern Coast),8.1833,77.4119,Tamil Nadu,14.0,26.6,0,0
2025-07-27,4.3,4.3,8.0,29.5,Tiruchirappalli (Kaveri Basin),10.7905,78.7047,Tamil Nadu,12.3,28.9,0,0
2025-07-27,3.8,3.8,5.0,24.2,Cuddalore (Coastal Central),11.748,79.7714,Tamil Nadu,14.6,28.1,0,0
2025-07-27,0.2,0.2,2.0,30.8,Vellore (Palar Basin),12.9165,79.1325,Tamil Nadu,8.3,23.3,0,0
2025-07-27,0.0,0.0,0.0,20.3,Madurai (Southern Plains),9.9252,78.1198,Tamil Nadu,4.0,22.3,0,0
2025-07-27,0.1,0.1,1.0,24.0,Chennai (Coastal North),13.0827,80.2707,Tamil Nadu,0.3,16.4,0,0
2025-07-27,3.5,3.5,12.0,34.1,Nilgiris (Hill Station Zone),11.4102,76.695,Tamil Nadu,3.6,18.4,0,0
2025-07-27,0.2,0.2,2.0,21.7,Coimbatore (Western Inland),11.0168,76.9558,Tamil Nadu,3.8,12.1,0,0
2025-07-27,0.7,0.7,5.0,27.0,Salem (Northern Inland),11.6643,78.146,Tamil Nadu,4.4,8.5,0,0
2025-07-28,0.0,0.0,0.0,28.3,Kanyakumari (Southern Coast),8.1833,77.4119,Tamil Nadu,0.9,4.7,0,0
2025-07-28,2.0,2.0,3.0,19.9,Madurai (Southern Plains),9.9252,78.1198,Tamil Nadu,2.7,6.5,0,0
2025-07-28,3.8,3.8,6.0,15.8,Coimbatore (Western Inland),11.0168,76.9558,Tamil Nadu,5.8,10.3,0,0
2025-07-28,0.0,0.0,0.0,20.1,Cuddalore (Coastal Central),11.748,79.7714,Tamil Nadu,5.8,10.2,0,0
2025-07-28,0.4,0.4,3.0,22.3,Salem (Northern Inland),11.6643,78.146,Tamil Nadu,4.2,7.1,0,0
2025-07-28,0.6,0.6,3.0,27.4,Nagapattinam (Delta Coast),10.7656,79.8424,Tamil Nadu,1.0,7.5,0,0
2025-07-28,0.0,0.0,0.0,22.0,Tiruchirappalli (Kaveri Basin),10.7905,78.7047,Tamil Nadu,1.0,6.8,0,0
2025-07-28,4.3,4.3,12.0,25.8,Nilgiris (Hill Station Zone),11.4102,76.695,Tamil Nadu,4.9,11.1,0,0
2025-07-28,0.2,0.2,2.0,27.4,Vellore (Palar Basin),12.9165,79.1325,Tamil Nadu,4.5,9.3,0,0
2025-07-28,0.0,0.0,0.0,20.6,Chennai (Coastal North),13.0827,80.2707,Tamil Nadu,4.5,5.5,0,0
2025-07-29,0.0,0.0,0.0,22.1,Chennai (Coastal North),13.0827,80.2707,Tamil Nadu,0.2,5.5,0,0
2025-07-29,5.5,5.5,15.0,25.3,Nilgiris (Hill Station Zone),11.4102,76.695,Tamil Nadu,5.5,10.6,0,0
2025-07-29,0.2,0.2,1.0,32.0,Vellore (Palar Basin),12.9165,79.1325,Tamil Nadu,5.7,10.2,0,0
2025-07-29,0.6,0.6,4.0,24.7,Madurai (Southern Plains),9.9252,78.1198,Tamil Nadu,6.3,10.8,0,0
2025-07-29,0.2,0.2,1.0,24.0,Tiruchirappalli (Kaveri Basin),10.7905,78.7047,Tamil Nadu,1.0,6.7,0,0
2025-07-29,0.5,0.5,3.0,24.2,Salem (Northern Inland),11.6643,78.146,Tamil Nadu,1.3,7.0,0,0
2025-07-29,0.3,0.3,2.0,19.3,Coimbatore (Western Inland),11.0168,76.9558,Tamil Nadu,1.0,7.3,0,0
2025-07-29,1.0,1.0,2.0,23.9,Nagapattinam (Delta Coast),10.7656,79.8424,Tamil Nadu,1.8,8.3,0,0
2025-07-29,0.4,0.4,3.0,19.3,Cuddalore (Coastal Central),11.748,79.7714,Tamil Nadu,1.7,3.2,0,0
2025-07-29,0.0,0.0,0.0,30.8,Kanyakumari (Southern Coast),8.1833,77.4119,Tamil Nadu,1.4,3.0,0,0
2025-07-30,2.1,2.1,5.0,18.2,Coimbatore (Western Inland),11.0168,76.9558,Tamil Nadu,2.5,4.5,0,0
2025-07-30,1.0,1.0,3.0,17.6,Salem (Northern Inland),11.6643,78.146,Tamil Nadu,3.1,5.3,0,0
2025-07-30,0.3,0.3,2.0,19.2,Nagapattinam (Delta Coast),10.7656,79.8424,Tamil Nadu,3.4,5.1,0,0
2025-07-30,0.3,0.3,2.0,25.1,Tiruchirappalli (Kaveri Basin),10.7905,78.7047,Tamil Nadu,1.6,5.1,0,0
2025-07-30,0.5,0.5,2.0,15.4,Chennai (Coastal North),13.0827,80.2707,Tamil Nadu,1.1,4.6,0,0
2025-07-30,0.2,0.2,2.0,29.0,Kanyakumari (Southern Coast),8.1833,77.4119,Tamil Nadu,1.0,4.4,0,0
2025-07-30,0.0,0.0,0.0,24.0,Vellore (Palar Basin),12.9165,79.1325,Tamil Nadu,0.7,4.4,0,0
2025-07-30,6.5,6.5,18.0,22.6,Nilgiris (Hill Station Zone),11.4102,76.695,Tamil Nadu,6.7,8.8,0,0
2025-07-30,1.2,1.2,4.0,20.6,Cuddalore (Coastal Central),11.748,79.7714,Tamil Nadu,7.7,9.0,0,0
2025-07-30,0.2,0.2,1.0,15.3,Madurai (Southern Plains),9.9252,78.1198,Tamil Nadu,7.9,8.9,0,0
2025-07-31,0.9,0.9,4.0,18.6,Vellore (Palar Basin),12.9165,79.1325,Tamil Nadu,2.3,9.5,0,0
2025-07-31,1.4,1.4,5.0,16.3,Salem (Northern Inland),11.6643,78.146,Tamil Nadu,2.5,10.4,0,0
2025-07-31,1.2,1.2,4.0,18.6,Nagapattinam (Delta Coast),10.7656,79.8424,Tamil Nadu,3.5,11.4,0,0
2025-07-31,0.5,0.5,4.0,29.7,Kanyakumari (Southern Coast),8.1833,77.4119,Tamil Nadu,3.1,11.9,0,0
2025-07-31,2.6,2.6,11.0,15.6,Nilgiris (Hill Station Zone),11.4102,76.695,Tamil Nadu,4.3,8.0,0,0
2025-07-31,1.2,1.2,4.0,16.5,Cuddalore (Coastal Central),11.748,79.7714,Tamil Nadu,4.3,8.0,0,0
2025-07-31,4.3,4.3,4.0,19.4,Coimbatore (Western Inland),11.0168,76.9558,Tamil Nadu,8.1,12.1,0,0
2025-07-31,17.5,17.5,5.0,22.6,Tiruchirappalli (Kaveri Basin),10.7905,78.7047,Tamil Nadu,23.0,28.7,0,0
2025-07-31,2.0,2.0,5.0,12.3,Chennai (Coastal North),13.0827,80.2707,Tamil Nadu,23.8,29.3,0,0
2025-07-31,0.0,0.0,0.0,15.7,Madurai (Southern Plains),9.9252,78.1198,Tamil Nadu,19.5,28.1,0,0
2025-08-01,0.6,0.6,2.0,20.7,Cuddalore (Coastal Central),11.748,79.7714,Tamil Nadu,2.6,28.2,0,0
2025-08-01,4.0,4.0,10.0,12.1,Nilgiris (Hill Station Zone),11.4102,76.695,Tamil Nadu,4.6,29.6,0,0
2025-08-01,0.7,0.7,3.0,13.7,Madurai (Southern Plains),9.9252,78.1198,Tamil Nadu,5.3,29.1,0,0
2025-08-01,0.1,0.1,1.0,18.0,Vellore (Palar Basin),12.9165,79.1325,Tamil Nadu,4.8,24.9,0,0
2025-08-01,0.0,0.0,0.0,20.0,Tiruchirappalli (Kaveri Basin),10.7905,78.7047,Tamil Nadu,0.8,7.4,0,0
2025-08-01,18.6,18.6,3.0,15.7,Nagapattinam (Delta Coast),10.7656,79.8424,Tamil Nadu,18.7,24.0,0,0
2025-08-01,3.7,3.7,5.0,17.4,Coimbatore (Western Inland),11.0168,76.9558,Tamil Nadu,22.3,27.7,0,0
2025-08-01,0.0,0.0,0.0,26.4,Kanyakumari (Southern Coast),8.1833,77.4119,Tamil Nadu,22.3,27.1,0,0
2025-08-01,0.3,0.3,3.0,14.3,Chennai (Coastal North),13.0827,80.2707,Tamil Nadu,4.0,23.4,0,0
2025-08-01,0.3,0.3,1.0,15.7,Salem (Northern Inland),11.6643,78.146,Tamil Nadu,0.6,23.0,0,0
2025-08-02,21.4,21.4,15.0,8.6,Nilgiris (Hill Station Zone),11.4102,76.695,Tamil Nadu,22.0,44.3,0,0
2025-08-02,1.9,1.9,7.0,21.3,Cuddalore (Coastal Central),11.748,79.7714,Tamil Nadu,23.6,46.2,0,0
2025-08-02,13.8,13.8,8.0,18.9,Tiruchirappalli (Kaveri Basin),10.7905,78.7047,Tamil Nadu,37.1,41.4,0,0
2025-08-02,0.7,0.7,4.0,26.8,Kanyakumari (Southern Coast),8.1833,77.4119,Tamil Nadu,16.4,38.4,0,0
2025-08-02,2.9,2.9,6.0,16.4,Madurai (Southern Plains),9.9252,78.1198,Tamil Nadu,17.4,41.3,0,0
2025-08-02,0.5,0.5,5.0,13.9,Vellore (Palar Basin),12.9165,79.1325,Tamil Nadu,4.1,41.5,0,0
2025-08-02,11.1,11.1,6.0,19.0,Nagapattinam (Delta Coast),10.7656,79.8424,Tamil Nadu,14.5,52.3,0,0
2025-08-02,10.9,10.9,8.0,18.3,Salem (Northern Inland),11.6643,78.146,Tamil Nadu,22.5,41.8,0,0
2025-08-02,7.1,7.1,9.0,14.3,Coimbatore (Western Inland),11.0168,76.9558,Tamil Nadu,29.1,47.0,0,0
2025-08-02,0.3,0.3,3.0,17.0,Chennai (Coastal North),13.0827,80.2707,Tamil Nadu,18.3,33.5,0,0
2025-08-03,3.8,3.8,5.0,14.7,Chennai (Coastal North),13.0827,80.2707,Tamil Nadu,11.2,36.6,0,0
2025-08-03,29.7,29.7,3.0,18.3,Madurai (Southern Plains),9.9252,78.1198,Tamil Nadu,33.8,63.4,0,0
2025-08-03,11.3,11.3,8.0,15.7,Tiruchirappalli (Kaveri Basin),10.7905,78.7047,Tamil Nadu,44.8,74.2,0,0
2025-08-03,1.0,1.0,3.0,14.6,Vellore (Palar Basin),12.9165,79.1325,Tamil Nadu,42.0,64.1,0,0
2025-08-03,23.7,23.7,18.0,11.8,Nilgiris (Hill Station Zone),11.4102,76.695,Tamil Nadu,36.0,76.9,0,0
2025-08-03,1.2,1.2,7.0,27.2,Kanyakumari (Southern Coast),8.1833,77.4119,Tamil Nadu,25.9,71.0,0,0
2025-08-03,2.8,2.8,5.0,18.9,Cuddalore (Coastal Central),11.748,79.7714,Tamil Nadu,27.7,73.5,0,0
2025-08-03,0.8,0.8,3.0,16.3,Nagapattinam (Delta Coast),10.7656,79.8424,Tamil Nadu,4.8,70.5,0,0
2025-08-03,20.6,20.6,7.0,12.2,Salem (Northern Inland),11.6643,78.146,Tamil Nadu,24.2,61.4,0,0
2025-08-03,7.6,7.6,13.0,16.5,Coimbatore (Western Inland),11.0168,76.9558,Tamil Nadu,29.0,57.7,0,0
2025-08-04,5.1,5.1,11.0,16.1,Salem (Northern Inland),11.6643,78.146,Tamil Nadu,33.3,61.8,0,0
2025-08-04,11.6,11.6,6.0,20.9,Tiruchirappalli (Kaveri Basin),10.7905,78.7047,Tamil Nadu,24.3,49.7,0,0
2025-08-04,2.0,2.0,8.0,25.0,Kanyakumari (Southern Coast),8.1833,77.4119,Tamil Nadu,18.7,50.5,0,0
2025-08-04,21.3,21.3,14.0,12.4,Chennai (Coastal North),13.0827,80.2707,Tamil Nadu,34.9,69.0,0,0
2025-08-04,29.3,29.3,11.0,15.3,Cuddalore (Coastal Central),11.748,79.7714,Tamil Nadu,52.6,97.5,0,0
2025-08-04,4.8,4.8,3.0,15.9,Nagapattinam (Delta Coast),10.7656,79.8424,Tamil Nadu,55.4,81.7,0,0
2025-08-04,17.1,17.1,10.0,16.6,Vellore (Palar Basin),12.9165,79.1325,Tamil Nadu,51.2,91.2,0,0
2025-08-04,14.5,14.5,16.0,6.7,Nilgiris (Hill Station Zone),11.4102,76.695,Tamil Nadu,36.4,100.6,0,0
2025-08-04,7.9,7.9,4.0,10.5,Madurai (Southern Plains),9.9252,78.1198,Tamil Nadu,39.5,96.9,0,0
2025-08-04,1.2,1.2,5.0,15.8,Coimbatore (Western Inland),11.0168,76.9558,Tamil Nadu,23.6,96.1,0,0
2025-08-05,8.6,8.6,6.0,16.8,Cuddalore (Coastal Central),11.748,79.7714,Tamil Nadu,17.7,83.4,0,0
2025-08-05,14.9,14.9,15.0,19.2,Tiruchirappalli (Kaveri Basin),10.7905,78.7047,Tamil Nadu,24.7,69.0,0,0
2025-08-05,3.2,3.2,8.0,19.9,Nagapattinam (Delta Coast),10.7656,79.8424,Tamil Nadu,26.7,67.4,0,0
2025-08-05,0.4,0.4,4.0,29.1,Kanyakumari (Southern Coast),8.1833,77.4119,Tamil Nadu,18.5,50.7,0,0
2025-08-05,15.0,15.0,11.0,10.3,Salem (Northern Inland),11.6643,78.146,Tamil Nadu,18.6,51.2,0,0
2025-08-05,0.8,0.8,3.0,16.8,Coimbatore (Western Inland),11.0168,76.9558,Tamil Nadu,16.2,44.1,0,0
2025-08-05,15.6,15.6,16.0,5.1,Nilgiris (Hill Station Zone),11.4102,76.695,Tamil Nadu,31.4,58.5,0,0
2025-08-05,4.5,4.5,14.0,12.3,Vellore (Palar Basin),12.9165,79.1325,Tamil Nadu,20.9,54.4,0,0
2025-08-05,4.0,4.0,6.0,12.9,Chennai (Coastal North),13.0827,80.2707,Tamil Nadu,24.1,43.5,0,0
2025-08-05,9.2,9.2,6.0,13.9,Madurai (Southern Plains),9.9252,78.1198,Tamil Nadu,17.7,49.5,0,0
2025-08-06,0.5,0.5,2.0,16.2,Salem (Northern Inland),11.6643,78.146,Tamil Nadu,13.7,49.6,0,0
2025-08-06,0.2,0.2,1.0,16.0,Cuddalore (Coastal Central),11.748,79.7714,Tamil Nadu,9.9,34.8,0,0
2025-08-06,2.0,2.0,6.0,18.6,Coimbatore (Western Inland),11.0168,76.9558,Tamil Nadu,2.7,36.0,0,0
2025-08-06,2.1,2.1,6.0,11.3,Chennai (Coastal North),13.0827,80.2707,Tamil Nadu,4.3,22.5,0,0
2025-08-06,0.2,0.2,2.0,25.7,Kanyakumari (Southern Coast),8.1833,77.4119,Tamil Nadu,4.3,18.2,0,0
2025-08-06,0.2,0.2,2.0,16.8,Nagapattinam (Delta Coast),10.7656,79.8424,Tamil Nadu,2.5,14.4,0,0
2025-08-06,5.3,5.3,6.0,11.6,Nilgiris (Hill Station Zone),11.4102,76.695,Tamil Nadu,5.7,10.5,0,0
2025-08-06,0.1,0.1,1.0,16.1,Vellore (Palar Basin),12.9165,79.1325,Tamil Nadu,5.6,10.1,0,0
2025-08-06,0.0,0.0,0.0,16.2,Tiruchirappalli (Kaveri Basin),10.7905,78.7047,Tamil Nadu,5.4,9.9,0,0
2025-08-06,0.7,0.7,2.0,11.6,Madurai (Southern Plains),9.9252,78.1198,Tamil Nadu,0.8,8.6,0,0
2025-08-07,0.8,0.8,2.0,25.4,Kanyakumari (Southern Coast),8.1833,77.4119,Tamil Nadu,1.5,7.3,0,0
2025-08-07,14.9,14.9,9.0,13.4,Vellore (Palar Basin),12.9165,79.1325,Tamil Nadu,16.4,22.0,0,0
2025-08-07,12.9,12.9,10.0,17.5,Cuddalore (Coastal Central),11.748,79.7714,Tamil Nadu,28.6,34.7,0,0
2025-08-07,8.7,8.7,7.0,13.5,Chennai (Coastal North),13.0827,80.2707,Tamil Nadu,36.5,38.1,0,0
2025-08-07,4.2,4.2,10.0,6.3,Nilgiris (Hill Station Zone),11.4102,76.695,Tamil Nadu,25.8,42.2,0,0
2025-08-07,0.0,0.0,0.0,10.5,Salem (Northern Inland),11.6643,78.146,Tamil Nadu,12.9,42.2,0,0
2025-08-07,0.0,0.0,0.0,19.4,Coimbatore (Western Inland),11.0168,76.9558,Tamil Nadu,4.2,41.5,0,0
2025-08-07,1.1,1.1,3.0,18.5,Madurai (Southern Plains),9.9252,78.1198,Tamil Nadu,1.1,41.8,0,0
2025-08-07,4.3,4.3,4.0,16.0,Nagapattinam (Delta Coast),10.7656,79.8424,Tamil Nadu,5.4,31.2,0,0
2025-08-07,0.2,0.2,1.0,15.7,Tiruchirappalli (Kaveri Basin),10.7905,78.7047,Tamil Nadu,5.6,18.5,0,0
2025-08-08,7.4,7.4,3.0,13.0,Tiruchirappalli (Kaveri Basin),10.7905,78.7047,Tamil Nadu,11.9,17.2,0,0
2025-08-08,1.2,1.2,1.0,20.0,Coimbatore (Western Inland),11.0168,76.9558,Tamil Nadu,8.8,14.2,0,0
2025-08-08,5.3,5.3,2.0,15.7,Madurai (Southern Plains),9.9252,78.1198,Tamil Nadu,13.9,19.5,0,0
2025-08-08,23.1,23.1,11.0,13.8,Chennai (Coastal North),13.0827,80.2707,Tamil Nadu,29.6,42.6,0,0
2025-08-08,13.6,13.6,11.0,14.6,Nagapattinam (Delta Coast),10.7656,79.8424,Tamil Nadu,42.0,55.1,0,0
2025-08-08,1.1,1.1,3.0,6.3,Nilgiris (Hill Station Zone),11.4102,76.695,Tamil Nadu,37.8,51.9,0,0
2025-08-08,7.1,7.1,7.0,15.6,Salem (Northern Inland),11.6643,78.146,Tamil Nadu,21.8,58.8,0,0
2025-08-08,2.1,2.1,6.0,24.3,Kanyakumari (Southern Coast),8.1833,77.4119,Tamil Nadu,10.3,53.5,0,0
2025-08-08,11.8,11.8,6.0,13.5,Vellore (Palar Basin),12.9165,79.1325,Tamil Nadu,21.0,64.1,0,0
2025-08-08,12.0,12.0,7.0,12.5,Cuddalore (Coastal Central),11.748,79.7714,Tamil Nadu,25.9,70.8,0,0
2025-08-09,8.0,8.0,7.0,12.8,Chennai (Coastal North),13.0827,80.2707,Tamil Nadu,31.8,55.7,0,0
2025-08-09,18.5,18.5,9.0,20.7,Madurai (Southern Plains),9.9252,78.1198,Tamil Nadu,38.5,60.6,0,0
2025-08-09,5.1,5.1,3.0,15.3,Nagapattinam (Delta Coast),10.7656,79.8424,Tamil Nadu,31.6,64.6,0,0
2025-08-09,1.6,1.6,7.0,11.4,Vellore (Palar Basin),12.9165,79.1325,Tamil Nadu,25.2,59.1,0,0
2025-08-09,2.0,2.0,3.0,17.2,Coimbatore (Western Inland),11.0168,76.9558,Tamil Nadu,8.7,59.0,0,0
2025-08-09,2.3,2.3,6.0,20.8,Tiruchirappalli (Kaveri Basin),10.7905,78.7047,Tamil Nadu,5.9,49.5,0,0
2025-08-09,3.7,3.7,6.0,16.8,Salem (Northern Inland),11.6643,78.146,Tamil Nadu,8.0,41.2,0,0
2025-08-09,9.6,9.6,9.0,5.1,Nilgiris (Hill Station Zone),11.4102,76.695,Tamil Nadu,15.6,42.8,0,0
2025-08-09,2.3,2.3,6.0,20.8,Kanyakumari (Southern Coast),8.1833,77.4119,Tamil Nadu,15.6,26.6,0,0
2025-08-09,8.1,8.1,12.0,16.9,Cuddalore (Coastal Central),11.748,79.7714,Tamil Nadu,20.0,29.6,0,0
2025-08-10,2.9,2.9,11.0,11.2,Salem (Northern Inland),11.6643,78.146,Tamil Nadu,13.3,30.9,0,0
2025-08-10,6.9,6.9,5.0,13.3,Madurai (Southern Plains),9.9252,78.1198,Tamil Nadu,17.9,35.8,0,0
2025-08-10,3.9,3.9,12.0,22.4,Kanyakumari (Southern Coast),8.1833,77.4119,Tamil Nadu,13.7,37.4,0,0
2025-08-10,17.3,17.3,13.0,13.6,Cuddalore (Coastal Central),11.748,79.7714,Tamil Nadu,28.1,51.0,0,0
2025-08-10,19.1,19.1,12.0,17.6,Nagapattinam (Delta Coast),10.7656,79.8424,Tamil Nadu,40.3,60.5,0,0
2025-08-10,9.6,9.6,10.0,13.1,Chennai (Coastal North),13.0827,80.2707,Tamil Nadu,46.0,67.8,0,0
2025-08-10,18.5,18.5,13.0,13.3,Vellore (Palar Basin),12.9165,79.1325,Tamil Nadu,47.2,78.2,0,0
2025-08-10,3.6,3.6,18.0,7.9,Nilgiris (Hill Station Zone),11.4102,76.695,Tamil Nadu,31.7,78.9,0,0
2025-08-10,13.4,13.4,10.0,16.3,Coimbatore (Western Inland),11.0168,76.9558,Tamil Nadu,35.5,85.4,0,0
2025-08-10,10.9,10.9,5.0,18.1,Tiruchirappalli (Kaveri Basin),10.7905,78.7047,Tamil Nadu,27.9,92.4,0,0
2025-08-11,3.3,3.3,8.0,14.2,Cuddalore (Coastal Central),11.748,79.7714,Tamil Nadu,27.6,78.4,0,0
2025-08-11,2.4,2.4,9.0,22.6,Kanyakumari (Southern Coast),8.1833,77.4119,Tamil Nadu,16.6,61.7,0,0
2025-08-11,0.4,0.4,4.0,7.4,Nilgiris (Hill Station Zone),11.4102,76.695,Tamil Nadu,6.1,52.5,0,0
2025-08-11,11.8,11.8,5.0,19.1,Coimbatore (Western Inland),11.0168,76.9558,Tamil Nadu,14.6,45.8,0,0
2025-08-11,1.5,1.5,6.0,14.6,Tiruchirappalli (Kaveri Basin),10.7905,78.7047,Tamil Nadu,13.7,43.7,0,0
2025-08-11,3.3,3.3,8.0,19.7,Nagapattinam (Delta Coast),10.7656,79.8424,Tamil Nadu,16.6,33.6,0,0
2025-08-11,1.0,1.0,3.0,14.3,Madurai (Southern Plains),9.9252,78.1198,Tamil Nadu,5.8,23.7,0,0
2025-08-11,0.3,0.3,2.0,19.1,Vellore (Palar Basin),12.9165,79.1325,Tamil Nadu,4.6,20.7,0,0
2025-08-11,10.0,10.0,6.0,14.1,Chennai (Coastal North),13.0827,80.2707,Tamil Nadu,11.3,28.3,0,0
2025-08-11,0.9,0.9,4.0,12.9,Salem (Northern Inland),11.6643,78.146,Tamil Nadu,11.2,28.8,0,0
2025-08-12,0.3,0.3,2.0,18.6,Tiruchirappalli (Kaveri Basin),10.7905,78.7047,Tamil Nadu,11.2,17.3,0,0
2025-08-12,2.8,2.8,10.0,27.8,Kanyakumari (Southern Coast),8.1833,77.4119,Tamil Nadu,4.0,18.6,0,0
2025-08-12,15.5,15.5,7.0,11.0,Salem (Northern Inland),11.6643,78.146,Tamil Nadu,18.6,30.8,0,0
2025-08-12,4.7,4.7,9.0,17.3,Vellore (Palar Basin),12.9165,79.1325,Tamil Nadu,23.0,34.5,0,0
2025-08-12,5.5,5.5,7.0,18.4,Coimbatore (Western Inland),11.0168,76.9558,Tamil Nadu,25.7,39.7,0,0
2025-08-12,0.8,0.8,2.0,19.1,Cuddalore (Coastal Central),11.748,79.7714,Tamil Nadu,11.0,30.5,0,0
2025-08-12,0.6,0.6,3.0,13.0,Madurai (Southern Plains),9.9252,78.1198,Tamil Nadu,6.9,30.2,0,0
2025-08-12,0.4,0.4,3.0,16.8,Nagapattinam (Delta Coast),10.7656,79.8424,Tamil Nadu,1.8,30.3,0,0
2025-08-12,31.6,31.6,11.0,14.0,Chennai (Coastal North),13.0827,80.2707,Tamil Nadu,32.6,59.1,0,0
2025-08-12,1.9,1.9,8.0,17.0,Nilgiris (Hill Station Zone),11.4102,76.695,Tamil Nadu,33.9,45.5,0,0
2025-08-13,2.0,2.0,11.0,15.4,Chennai (Coastal North),13.0827,80.2707,Tamil Nadu,35.5,42.8,0,0
2025-08-13,3.9,3.9,16.0,27.9,Kanyakumari (Southern Coast),8.1833,77.4119,Tamil Nadu,7.8,41.2,0,0
2025-08-13,0.6,0.6,4.0,19.1,Coimbatore (Western Inland),11.0168,76.9558,Tamil Nadu,6.5,41.0,0,0
2025-08-13,0.8,0.8,3.0,16.3,Cuddalore (Coastal Central),11.748,79.7714,Tamil Nadu,5.3,41.2,0,0
2025-08-13,0.2,0.2,1.0,11.0,Madurai (Southern Plains),9.9252,78.1198,Tamil Nadu,1.6,41.0,0,0
2025-08-13,0.6,0.6,6.0,14.4,Salem (Northern Inland),11.6643,78.146,Tamil Nadu,1.6,10.0,0,0
2025-08-13,0.5,0.5,4.0,18.1,Nilgiris (Hill Station Zone),11.4102,76.695,Tamil Nadu,1.3,8.6,0,0
2025-08-13,0.0,0.0,0.0,22.3,Tiruchirappalli (Kaveri Basin),10.7905,78.7047,Tamil Nadu,1.1,6.6,0,0
2025-08-13,0.4,0.4,1.0,19.5,Nagapattinam (Delta Coast),10.7656,79.8424,Tamil Nadu,0.9,3.1,0,0
2025-08-13,9.4,9.4,15.0,21.6,Vellore (Palar Basin),12.9165,79.1325,Tamil Nadu,9.8,11.9,0,0
2025-08-14,8.7,8.7,3.0,19.0,Vellore (Palar Basin),12.9165,79.1325,Tamil Nadu,18.5,19.8,0,0
2025-08-14,1.5,1.5,7.0,15.5,Nilgiris (Hill Station Zone),11.4102,76.695,Tamil Nadu,19.6,21.1,0,0
2025-08-14,0.5,0.5,2.0,24.0,Coimbatore (Western Inland),11.0168,76.9558,Tamil Nadu,10.7,21.0,0,0
2025-08-14,0.1,0.1,1.0,25.3,Tiruchirappalli (Kaveri Basin),10.7905,78.7047,Tamil Nadu,2.1,20.6,0,0
2025-08-14,3.5,3.5,2.0,15.4,Chennai (Coastal North),13.0827,80.2707,Tamil Nadu,4.1,24.1,0,0
2025-08-14,0.6,0.6,3.0,18.2,Nagapattinam (Delta Coast),10.7656,79.8424,Tamil Nadu,4.2,24.3,0,0
2025-08-14,0.9,0.9,5.0,11.6,Salem (Northern Inland),11.6643,78.146,Tamil Nadu,5.0,15.8,0,0
2025-08-14,3.2,3.2,16.0,28.5,Kanyakumari (Southern Coast),8.1833,77.4119,Tamil Nadu,4.7,10.3,0,0
2025-08-14,0.0,0.0,0.0,18.6,Madurai (Southern Plains),9.9252,78.1198,Tamil Nadu,4.1,8.8,0,0
2025-08-14,0.1,0.1,1.0,13.4,Cuddalore (Coastal Central),11.748,79.7714,Tamil Nadu,3.3,8.4,0,0
2025-08-15,5.6,5.6,2.0,22.6,Tiruchirappalli (Kaveri Basin),10.7905,78.7047,Tamil Nadu,5.7,13.9,0,0
2025-08-15,12.1,12.1,6.0,18.0,Nagapattinam (Delta Coast),10.7656,79.8424,Tamil Nadu,17.8,22.5,0,0
2025-08-15,6.0,6.0,16.0,33.5,Kanyakumari (Southern Coast),8.1833,77.4119,Tamil Nadu,23.7,27.9,0,0
2025-08-15,2.2,2.2,6.0,16.5,Chennai (Coastal North),13.0827,80.2707,Tamil Nadu,20.3,29.2,0,0
2025-08-15,1.0,1.0,2.0,16.7,Madurai (Southern Plains),9.9252,78.1198,Tamil Nadu,9.2,27.0,0,0
2025-08-15,1.8,1.8,5.0,24.7,Coimbatore (Western Inland),11.0168,76.9558,Tamil Nadu,5.0,28.8,0,0
2025-08-15,28.7,28.7,7.0,9.9,Salem (Northern Inland),11.6643,78.146,Tamil Nadu,31.5,57.4,0,0
2025-08-15,5.2,5.2,3.0,22.6,Vellore (Palar Basin),12.9165,79.1325,Tamil Nadu,35.7,57.0,0,0
2025-08-15,11.0,11.0,18.0,21.2,Nilgiris (Hill Station Zone),11.4102,76.695,Tamil Nadu,44.9,55.9,0,0
2025-08-15,9.7,9.7,3.0,17.3,Cuddalore (Coastal Central),11.748,79.7714,Tamil Nadu,25.9,59.6,0,0
2025-08-16,0.0,0.0,0.0,15.0,Madurai (Southern Plains),9.9252,78.1198,Tamil Nadu,20.7,57.4,0,0
2025-08-16,0.0,0.0,0.0,22.7,Coimbatore (Western Inland),11.0168,76.9558,Tamil Nadu,9.7,56.4,0,0
2025-08-16,4.0,4.0,10.0,32.0,Kanyakumari (Southern Coast),8.1833,77.4119,Tamil Nadu,4.0,58.6,0,0
2025-08-16,2.5,2.5,9.0,11.0,Salem (Northern Inland),11.6643,78.146,Tamil Nadu,6.5,32.4,0,0
2025-08-16,11.7,11.7,10.0,19.8,Vellore (Palar Basin),12.9165,79.1325,Tamil Nadu,18.2,38.9,0,0
2025-08-16,0.0,0.0,0.0,16.8,Cuddalore (Coastal Central),11.748,79.7714,Tamil Nadu,14.2,27.9,0,0
2025-08-16,0.1,0.1,1.0,26.5,Tiruchirappalli (Kaveri Basin),10.7905,78.7047,Tamil Nadu,11.8,18.3,0,0
2025-08-16,10.2,10.2,21.0,23.3,Nilgiris (Hill Station Zone),11.4102,76.695,Tamil Nadu,10.3,28.5,0,0
2025-08-16,3.2,3.2,13.0,14.0,Chennai (Coastal North),13.0827,80.2707,Tamil Nadu,13.5,31.7,0,0
2025-08-16,0.0,0.0,0.0,20.1,Nagapattinam (Delta Coast),10.7656,79.8424,Tamil Nadu,13.4,27.7,0,0
2025-08-17,3.5,3.5,7.0,21.8,Coimbatore (Western Inland),11.0168,76.9558,Tamil Nadu,6.7,28.7,0,0
2025-08-17,0.3,0.3,1.0,28.3,Tiruchirappalli (Kaveri Basin),10.7905,78.7047,Tamil Nadu,3.8,17.3,0,0
2025-08-17,1.0,1.0,4.0,14.9,Cuddalore (Coastal Central),11.748,79.7714,Tamil Nadu,4.8,18.3,0,0
2025-08-17,0.3,0.3,2.0,21.7,Nagapattinam (Delta Coast),10.7656,79.8424,Tamil Nadu,1.6,18.5,0,0
2025-08-17,12.1,12.1,18.0,15.4,Chennai (Coastal North),13.0827,80.2707,Tamil Nadu,13.4,20.4,0,0
2025-08-17,7.1,7.1,17.0,18.5,Nilgiris (Hill Station Zone),11.4102,76.695,Tamil Nadu,19.5,24.3,0,0
2025-08-17,7.5,7.5,23.0,28.1,Kanyakumari (Southern Coast),8.1833,77.4119,Tamil Nadu,26.7,31.8,0,0
2025-08-17,0.0,0.0,0.0,18.5,Madurai (Southern Plains),9.9252,78.1198,Tamil Nadu,14.6,28.3,0,0
2025-08-17,10.3,10.3,16.0,9.3,Salem (Northern Inland),11.6643,78.146,Tamil Nadu,17.8,38.3,0,0
2025-08-17,10.6,10.6,11.0,19.6,Vellore (Palar Basin),12.9165,79.1325,Tamil Nadu,20.9,47.9,0,0
2025-08-18,0.3,0.3,2.0,21.6,Nagapattinam (Delta Coast),10.7656,79.8424,Tamil Nadu,21.2,47.9,0,0
2025-08-18,0.0,0.0,0.0,20.8,Madurai (Southern Plains),9.9252,78.1198,Tamil Nadu,10.9,35.8,0,0
2025-08-18,0.9,0.9,5.0,24.6,Coimbatore (Western Inland),11.0168,76.9558,Tamil Nadu,1.2,29.6,0,0
2025-08-18,1.3,1.3,6.0,15.7,Salem (Northern Inland),11.6643,78.146,Tamil Nadu,2.2,23.4,0,0
2025-08-18,0.4,0.4,4.0,19.4,Cuddalore (Coastal Central),11.748,79.7714,Tamil Nadu,2.6,23.8,0,0
2025-08-18,3.4,3.4,13.0,32.1,Nilgiris (Hill Station Zone),11.4102,76.695,Tamil Nadu,5.1,16.9,0,0
2025-08-18,3.0,3.0,10.0,16.3,Chennai (Coastal North),13.0827,80.2707,Tamil Nadu,6.8,9.3,0,0
2025-08-18,6.5,6.5,16.0,25.0,Vellore (Palar Basin),12.9165,79.1325,Tamil Nadu,12.9,15.5,0,0
2025-08-18,0.1,0.1,1.0,33.9,Tiruchirappalli (Kaveri Basin),10.7905,78.7047,Tamil Nadu,9.6,15.6,0,0
2025-08-18,4.0,4.0,11.0,26.1,Kanyakumari (Southern Coast),8.1833,77.4119,Tamil Nadu,10.6,18.7,0,0
2025-08-19,0.0,0.0,0.0,16.6,Cuddalore (Coastal Central),11.748,79.7714,Tamil Nadu,4.1,17.4,0,0
2025-08-19,0.0,0.0,0.0,24.7,Nagapattinam (Delta Coast),10.7656,79.8424,Tamil Nadu,4.0,17.0,0,0
2025-08-19,0.5,0.5,3.0,15.2,Chennai (Coastal North),13.0827,80.2707,Tamil Nadu,0.5,14.1,0,0
2025-08-19,0.0,0.0,0.0,29.1,Tiruchirappalli (Kaveri Basin),10.7905,78.7047,Tamil Nadu,0.5,11.1,0,0
2025-08-19,0.0,0.0,0.0,24.2,Coimbatore (Western Inland),11.0168,76.9558,Tamil Nadu,0.5,4.6,0,0
2025-08-19,0.0,0.0,0.0,21.5,Madurai (Southern Plains),9.9252,78.1198,Tamil Nadu,0.0,4.5,0,0
2025-08-19,0.0,0.0,0.0,26.6,Kanyakumari (Southern Coast),8.1833,77.4119,Tamil Nadu,0.0,0.5,0,0
2025-08-19,0.0,0.0,0.0,27.4,Vellore (Palar Basin),12.9165,79.1325,Tamil Nadu,0.0,0.5,0,0
2025-08-19,0.1,0.1,1.0,30.8,Nilgiris (Hill Station Zone),11.4102,76.695,Tamil Nadu,0.1,0.6,0,0
2025-08-19,0.1,0.1,1.0,17.9,Salem (Northern Inland),11.6643,78.146,Tamil Nadu,0.2,0.2,0,0
2025-08-20,1.0,1.0,2.0,25.6,Kanyakumari (Southern Coast),8.1833,77.4119,Tamil Nadu,1.2,1.2,0,0
2025-08-20,0.0,0.0,0.0,17.5,Nagapattinam (Delta Coast),10.7656,79.8424,Tamil Nadu,1.1,1.2,0,0
2025-08-20,0.0,0.0,0.0,16.3,Chennai (Coastal North),13.0827,80.2707,Tamil Nadu,1.0,1.2,0,0
2025-08-20,0.2,0.2,2.0,14.1,Cuddalore (Coastal Central),11.748,79.7714,Tamil Nadu,0.2,1.4,0,0
2025-08-20,0.0,0.0,0.0,23.1,Tiruchirappalli (Kaveri Basin),10.7905,78.7047,Tamil Nadu,0.2,1.4,0,0
2025-08-20,0.2,0.2,2.0,9.3,Salem (Northern Inland),11.6643,78.146,Tamil Nadu,0.4,1.5,0,0
2025-08-20,0.1,0.1,1.0,24.1,Coimbatore (Western Inland),11.0168,76.9558,Tamil Nadu,0.3,1.5,0,0
2025-08-20,0.0,0.0,0.0,15.0,Madurai (Southern Plains),9.9252,78.1198,Tamil Nadu,0.3,0.5,0,0
2025-08-20,0.0,0.0,0.0,19.1,Vellore (Palar Basin),12.9165,79.1325,Tamil Nadu,0.1,0.5,0,0
2025-08-20,0.4,0.4,2.0,17.1,Nilgiris (Hill Station Zone),11.4102,76.695,Tamil Nadu,0.4,0.9,0,0
2025-08-21,1.4,1.4,3.0,17.1,Vellore (Palar Basin),12.9165,79.1325,Tamil Nadu,1.8,2.1,0,0
2025-08-21,0.2,0.2,1.0,14.2,Tiruchirappalli (Kaveri Basin),10.7905,78.7047,Tamil Nadu,2.0,2.3,0,0
2025-08-21,1.4,1.4,5.0,17.2,Coimbatore (Western Inland),11.0168,76.9558,Tamil Nadu,3.0,3.5,0,0
2025-08-21,0.2,0.2,1.0,9.6,Madurai (Southern Plains),9.9252,78.1198,Tamil Nadu,1.8,3.6,0,0
2025-08-21,0.0,0.0,0.0,25.3,Kanyakumari (Southern Coast),8.1833,77.4119,Tamil Nadu,1.6,3.6,0,0
2025-08-21,4.0,4.0,12.0,9.3,Nilgiris (Hill Station Zone),11.4102,76.695,Tamil Nadu,4.2,7.6,0,0
2025-08-21,0.0,0.0,0.0,9.1,Salem (Northern Inland),11.6643,78.146,Tamil Nadu,4.0,7.2,0,0
2025-08-21,0.0,0.0,0.0,14.3,Cuddalore (Coastal Central),11.748,79.7714,Tamil Nadu,4.0,5.8,0,0
2025-08-21,0.0,0.0,0.0,16.7,Nagapattinam (Delta Coast),10.7656,79.8424,Tamil Nadu,0.0,5.6,0,0
2025-08-21,0.1,0.1,1.0,12.4,Chennai (Coastal North),13.0827,80.2707,Tamil Nadu,0.1,4.3,0,0
2025-08-22,0.9,0.9,1.0,22.1,Kanyakumari (Southern Coast),8.1833,77.4119,Tamil Nadu,1.0,5.0,0,0
2025-08-22,4.3,4.3,4.0,15.0,Cuddalore (Coastal Central),11.748,79.7714,Tamil Nadu,5.3,9.3,0,0
2025-08-22,2.8,2.8,3.0,9.0,Madurai (Southern Plains),9.9252,78.1198,Tamil Nadu,8.0,8.1,0,0
2025-08-22,6.4,6.4,10.0,16.7,Chennai (Coastal North),13.0827,80.2707,Tamil Nadu,13.5,14.5,0,0
2025-08-22,5.5,5.5,5.0,9.2,Salem (Northern Inland),11.6643,78.146,Tamil Nadu,14.7,20.0,0,0
2025-08-22,0.9,0.9,5.0,17.1,Nagapattinam (Delta Coast),10.7656,79.8424,Tamil Nadu,12.8,20.9,0,0
2025-08-22,1.6,1.6,5.0,15.0,Coimbatore (Western Inland),11.0168,76.9558,Tamil Nadu,8.0,22.4,0,0
2025-08-22,2.9,2.9,3.0,15.3,Tiruchirappalli (Kaveri Basin),10.7905,78.7047,Tamil Nadu,5.4,24.4,0,0
2025-08-22,4.0,4.0,11.0,6.6,Nilgiris (Hill Station Zone),11.4102,76.695,Tamil Nadu,8.5,24.1,0,0
2025-08-22,4.4,4.4,10.0,11.3,Vellore (Palar Basin),12.9165,79.1325,Tamil Nadu,11.3,25.7,0,0
2025-08-23,1.4,1.4,4.0,12.3,Madurai (Southern Plains),9.9252,78.1198,Tamil Nadu,9.8,20.7,0,0
2025-08-23,0.3,0.3,3.0,7.2,Nilgiris (Hill Station Zone),11.4102,76.695,Tamil Nadu,6.1,15.5,0,0
2025-08-23,9.9,9.9,12.0,11.7,Vellore (Palar Basin),12.9165,79.1325,Tamil Nadu,11.6,24.5,0,0
2025-08-23,25.8,25.8,11.0,21.5,Chennai (Coastal North),13.0827,80.2707,Tamil Nadu,36.0,48.7,0,0
2025-08-23,0.9,0.9,2.0,5.5,Salem (Northern Inland),11.6643,78.146,Tamil Nadu,36.6,46.7,0,0
2025-08-23,0.6,0.6,2.0,15.2,Tiruchirappalli (Kaveri Basin),10.7905,78.7047,Tamil Nadu,27.3,43.3,0,0
2025-08-23,0.2,0.2,2.0,17.5,Coimbatore (Western Inland),11.0168,76.9558,Tamil Nadu,1.7,39.1,0,0
2025-08-23,0.0,0.0,0.0,22.7,Kanyakumari (Southern Coast),8.1833,77.4119,Tamil Nadu,0.8,37.7,0,0
2025-08-23,6.0,6.0,6.0,12.5,Nagapattinam (Delta Coast),10.7656,79.8424,Tamil Nadu,6.2,43.4,0,0
2025-08-23,0.5,0.5,1.0,13.3,Cuddalore (Coastal Central),11.748,79.7714,Tamil Nadu,6.5,34.0,0,0
2025-08-24,0.0,0.0,0.0,23.6,Kanyakumari (Southern Coast),8.1833,77.4119,Tamil Nadu,6.5,8.2,0,0
2025-08-24,0.0,0.0,0.0,15.0,Cuddalore (Coastal Central),11.748,79.7714,Tamil Nadu,0.5,7.3,0,0
2025-08-24,0.2,0.2,1.0,17.4,Madurai (Southern Plains),9.9252,78.1198,Tamil Nadu,0.2,6.9,0,0
2025-08-24,1.1,1.1,4.0,11.6,Nilgiris (Hill Station Zone),11.4102,76.695,Tamil Nadu,1.3,7.8,0,0
2025-08-24,0.1,0.1,1.0,16.4,Vellore (Palar Basin),12.9165,79.1325,Tamil Nadu,1.4,7.9,0,0
2025-08-24,0.0,0.0,0.0,6.4,Salem (Northern Inland),11.6643,78.146,Tamil Nadu,1.2,1.9,0,0
2025-08-24,0.0,0.0,0.0,14.2,Nagapattinam (Delta Coast),10.7656,79.8424,Tamil Nadu,0.1,1.4,0,0
2025-08-24,0.0,0.0,0.0,16.3,Tiruchirappalli (Kaveri Basin),10.7905,78.7047,Tamil Nadu,0.0,1.4,0,0
2025-08-24,0.2,0.2,2.0,11.6,Chennai (Coastal North),13.0827,80.2707,Tamil Nadu,0.2,1.6,0,0
2025-08-24,5.2,5.2,6.0,17.2,Coimbatore (Western Inland),11.0168,76.9558,Tamil Nadu,5.4,6.6,0,0
2025-08-25,0.0,0.0,0.0,12.2,Chennai (Coastal North),13.0827,80.2707,Tamil Nadu,5.4,5.5,0,0
2025-08-25,0.3,0.3,2.0,20.4,Madurai (Southern Plains),9.9252,78.1198,Tamil Nadu,5.5,5.7,0,0
2025-08-25,0.1,0.1,1.0,16.7,Tiruchirappalli (Kaveri Basin),10.7905,78.7047,Tamil Nadu,0.4,5.8,0,0
2025-08-25,0.0,0.0,0.0,23.5,Kanyakumari (Southern Coast),8.1833,77.4119,Tamil Nadu,0.4,5.8,0,0
2025-08-25,0.0,0.0,0.0,14.4,Nagapattinam (Delta Coast),10.7656,79.8424,Tamil Nadu,0.1,5.8,0,0
2025-08-25,0.0,0.0,0.0,18.6,Coimbatore (Western Inland),11.0168,76.9558,Tamil Nadu,0.0,5.6,0,0
2025-08-25,0.0,0.0,0.0,17.7,Cuddalore (Coastal Central),11.748,79.7714,Tamil Nadu,0.0,0.4,0,0
2025-08-25,0.0,0.0,0.0,16.6,Vellore (Palar Basin),12.9165,79.1325,Tamil Nadu,0.0,0.4,0,0
2025-08-25,0.0,0.0,0.0,14.7,Nilgiris (Hill Station Zone),11.4102,76.695,Tamil Nadu,0.0,0.1,0,0
2025-08-25,0.0,0.0,0.0,17.0,Salem (Northern Inland),11.6643,78.146,Tamil Nadu,0.0,0.0,0,0
2025-08-26,0.0,0.0,0.0,17.7,Cuddalore (Coastal Central),11.748,79.7714,Tamil Nadu,0.0,0.0,0,0
2025-08-26,0.3,0.3,3.0,11.9,Salem (Northern Inland),11.6643,78.146,Tamil Nadu,0.3,0.3,0,0
2025-08-26,0.0,0.0,0.0,28.6,Kanyakumari (Southern Coast),8.1833,77.4119,Tamil Nadu,0.3,0.3,0,0
2025-08-26,0.0,0.0,0.0,21.5,Tiruchirappalli (Kaveri Basin),10.7905,78.7047,Tamil Nadu,0.3,0.3,0,0
2025-08-26,0.2,0.2,1.0,21.1,Madurai (Southern Plains),9.9252,78.1198,Tamil Nadu,0.2,0.5,0,0
2025-08-26,0.0,0.0,0.0,14.8,Chennai (Coastal North),13.0827,80.2707,Tamil Nadu,0.2,0.5,0,0
2025-08-26,1.8,1.8,7.0,11.9,Nilgiris (Hill Station Zone),11.4102,76.695,Tamil Nadu,2.0,2.3,0,0
2025-08-26,0.7,0.7,2.0,22.2,Coimbatore (Western Inland),11.0168,76.9558,Tamil Nadu,2.5,3.0,0,0
2025-08-26,1.3,1.3,3.0,18.7,Nagapattinam (Delta Coast),10.7656,79.8424,Tamil Nadu,3.8,4.0,0,0
2025-08-26,0.0,0.0,0.0,16.5,Vellore (Palar Basin),12.9165,79.1325,Tamil Nadu,2.0,4.0,0,0
2025-08-27,1.8,1.8,6.0,25.7,Coimbatore (Western Inland),11.0168,76.9558,Tamil Nadu,3.1,5.8,0,0
2025-08-27,2.0,2.0,2.0,16.6,Cuddalore (Coastal Central),11.748,79.7714,Tamil Nadu,3.8,7.6,0,0
2025-08-27,2.4,2.4,10.0,30.2,Kanyakumari (Southern Coast),8.1833,77.4119,Tamil Nadu,6.2,10.0,0,0
2025-08-27,5.1,5.1,2.0,19.9,Vellore (Palar Basin),12.9165,79.1325,Tamil Nadu,9.5,13.3,0,0
2025-08-27,2.2,2.2,15.0,15.5,Nilgiris (Hill Station Zone),11.4102,76.695,Tamil Nadu,9.7,14.8,0,0
2025-08-27,20.0,20.0,7.0,16.5,Salem (Northern Inland),11.6643,78.146,Tamil Nadu,27.3,33.5,0,0
2025-08-27,7.2,7.2,3.0,24.0,Nagapattinam (Delta Coast),10.7656,79.8424,Tamil Nadu,29.4,40.7,0,0
2025-08-27,23.0,23.0,6.0,15.9,Chennai (Coastal North),13.0827,80.2707,Tamil Nadu,50.2,61.9,0,0
2025-08-27,0.4,0.4,3.0,27.8,Tiruchirappalli (Kaveri Basin),10.7905,78.7047,Tamil Nadu,30.6,60.3,0,0
2025-08-27,0.2,0.2,1.0,24.0,Madurai (Southern Plains),9.9252,78.1198,Tamil Nadu,23.6,58.1,0,0
2025-08-28,6.3,6.3,22.0,30.6,Kanyakumari (Southern Coast),8.1833,77.4119,Tamil Nadu,6.9,59.3,0,0
2025-08-28,13.4,13.4,5.0,14.7,Chennai (Coastal North),13.0827,80.2707,Tamil Nadu,19.9,70.5,0,0
2025-08-28,4.4,4.4,5.0,18.3,Vellore (Palar Basin),12.9165,79.1325,Tamil Nadu,24.1,54.9,0,0
2025-08-28,0.6,0.6,3.0,29.9,Madurai (Southern Plains),9.9252,78.1198,Tamil Nadu,18.4,48.3,0,0
2025-08-28,32.3,32.3,22.0,14.1,Nilgiris (Hill Station Zone),11.4102,76.695,Tamil Nadu,37.3,57.6,0,0
2025-08-28,0.3,0.3,2.0,26.9,Tiruchirappalli (Kaveri Basin),10.7905,78.7047,Tamil Nadu,33.2,57.5,0,0
2025-08-28,1.2,1.2,5.0,19.1,Nagapattinam (Delta Coast),10.7656,79.8424,Tamil Nadu,33.8,58.5,0,0
2025-08-28,0.0,0.0,0.0,16.6,Cuddalore (Coastal Central),11.748,79.7714,Tamil Nadu,1.5,52.2,0,0
2025-08-28,20.1,20.1,23.0,22.6,Coimbatore (Western Inland),11.0168,76.9558,Tamil Nadu,21.3,58.9,0,0
2025-08-28,5.2,5.2,13.0,18.3,Salem (Northern Inland),11.6643,78.146,Tamil Nadu,25.3,59.7,0,0
2025-08-29,6.1,6.1,17.0,27.7,Kanyakumari (Southern Coast),8.1833,77.4119,Tamil Nadu,31.4,65.2,0,0
2025-08-29,0.7,0.7,5.0,22.3,Cuddalore (Coastal Central),11.748,79.7714,Tamil Nadu,12.0,33.6,0,0
2025-08-29,3.3,3.3,5.0,22.3,Coimbatore (Western Inland),11.0168,76.9558,Tamil Nadu,10.1,36.6,0,0
2025-08-29,0.6,0.6,3.0,21.4,Madurai (Southern Plains),9.9252,78.1198,Tamil Nadu,4.6,36.0,0,0
2025-08-29,9.0,9.0,6.0,18.6,Nilgiris (Hill Station Zone),11.4102,76.695,Tamil Nadu,12.9,45.0,0,0
2025-08-29,0.9,0.9,5.0,15.8,Chennai (Coastal North),13.0827,80.2707,Tamil Nadu,10.5,25.8,0,0
2025-08-29,0.0,0.0,0.0,21.6,Vellore (Palar Basin),12.9165,79.1325,Tamil Nadu,9.9,20.6,0,0
2025-08-29,4.5,4.5,9.0,12.8,Salem (Northern Inland),11.6643,78.146,Tamil Nadu,5.4,19.0,0,0
2025-08-29,0.4,0.4,1.0,23.7,Nagapattinam (Delta Coast),10.7656,79.8424,Tamil Nadu,4.9,18.7,0,0
2025-08-29,0.9,0.9,2.0,24.5,Tiruchirappalli (Kaveri Basin),10.7905,78.7047,Tamil Nadu,5.8,16.3,0,0
2025-08-30,2.9,2.9,6.0,17.5,Vellore (Palar Basin),12.9165,79.1325,Tamil Nadu,4.2,18.6,0,0
2025-08-30,2.1,2.1,2.0,22.3,Cuddalore (Coastal Central),11.748,79.7714,Tamil Nadu,5.9,11.7,0,0
2025-08-30,22.2,22.2,8.0,14.5,Chennai (Coastal North),13.0827,80.2707,Tamil Nadu,27.2,33.0,0,0
2025-08-30,2.0,2.0,2.0,20.8,Nagapattinam (Delta Coast),10.7656,79.8424,Tamil Nadu,26.3,35.0,0,0
2025-08-30,0.3,0.3,2.0,25.7,Tiruchirappalli (Kaveri Basin),10.7905,78.7047,Tamil Nadu,24.5,30.8,0,0
2025-08-30,2.6,2.6,7.0,11.3,Nilgiris (Hill Station Zone),11.4102,76.695,Tamil Nadu,4.9,33.0,0,0
2025-08-30,2.3,2.3,1.0,16.0,Madurai (Southern Plains),9.9252,78.1198,Tamil Nadu,5.2,34.4,0,0
2025-08-30,0.8,0.8,4.0,13.5,Salem (Northern Inland),11.6643,78.146,Tamil Nadu,5.7,32.3,0,0
2025-08-30,3.2,3.2,15.0,30.9,Kanyakumari (Southern Coast),8.1833,77.4119,Tamil Nadu,6.3,33.4,0,0
2025-08-30,1.3,1.3,2.0,20.8,Coimbatore (Western Inland),11.0168,76.9558,Tamil Nadu,5.3,12.5,0,0
2025-08-31,2.3,2.3,8.0,30.2,Kanyakumari (Southern Coast),8.1833,77.4119,Tamil Nadu,6.8,12.8,0,0
2025-08-31,8.1,8.1,7.0,21.0,Vellore (Palar Basin),12.9165,79.1325,Tamil Nadu,11.7,20.6,0,0
2025-08-31,2.9,2.9,11.0,15.6,Nilgiris (Hill Station Zone),11.4102,76.695,Tamil Nadu,13.3,20.9,0,0
2025-08-31,0.0,0.0,0.0,17.1,Nagapattinam (Delta Coast),10.7656,79.8424,Tamil Nadu,11.0,18.6,0,0
2025-08-31,1.4,1.4,3.0,18.1,Cuddalore (Coastal Central),11.748,79.7714,Tamil Nadu,4.3,19.2,0,0
2025-08-31,0.7,0.7,3.0,19.0,Coimbatore (Western Inland),11.0168,76.9558,Tamil Nadu,2.1,16.7,0,0
2025-08-31,0.2,0.2,2.0,13.1,Madurai (Southern Plains),9.9252,78.1198,Tamil Nadu,2.3,15.6,0,0
2025-08-31,8.5,8.5,3.0,9.5,Salem (Northern Inland),11.6643,78.146,Tamil Nadu,9.4,21.8,0,0
2025-08-31,0.5,0.5,2.0,21.3,Tiruchirappalli (Kaveri Basin),10.7905,78.7047,Tamil Nadu,9.2,14.2,0,0
2025-08-31,11.2,11.2,5.0,15.9,Chennai (Coastal North),13.0827,80.2707,Tamil Nadu,20.2,22.5,0,0
2025-09-01,3.2,3.2,1.0,20.3,Tiruchirappalli (Kaveri Basin),10.7905,78.7047,Tamil Nadu,14.9,25.7,0,0
2025-09-01,12.7,12.7,5.0,16.4,Coimbatore (Western Inland),11.0168,76.9558,Tamil Nadu,27.1,37.0,0,0
2025-09-01,4.2,4.2,10.0,15.1,Chennai (Coastal North),13.0827,80.2707,Tamil Nadu,20.1,40.5,0,0
2025-09-01,10.0,10.0,16.0,20.6,Nilgiris (Hill Station Zone),11.4102,76.695,Tamil Nadu,26.9,50.3,0,0
2025-09-01,1.8,1.8,5.0,21.4,Vellore (Palar Basin),12.9165,79.1325,Tamil Nadu,16.0,43.6,0,0
2025-09-01,0.6,0.6,2.0,14.7,Nagapattinam (Delta Coast),10.7656,79.8424,Tamil Nadu,12.4,43.7,0,0
2025-09-01,1.5,1.5,9.0,30.7,Kanyakumari (Southern Coast),8.1833,77.4119,Tamil Nadu,3.9,34.0,0,0
2025-09-01,0.5,0.5,2.0,18.3,Cuddalore (Coastal Central),11.748,79.7714,Tamil Nadu,2.6,31.3,0,0
2025-09-01,0.4,0.4,1.0,10.1,Madurai (Southern Plains),9.9252,78.1198,Tamil Nadu,2.4,19.0,0,0
2025-09-01,4.6,4.6,7.0,11.2,Salem (Northern Inland),11.6643,78.146,Tamil Nadu,5.5,19.4,0,0
2025-09-02,1.4,1.4,6.0,24.4,Vellore (Palar Basin),12.9165,79.1325,Tamil Nadu,6.4,10.8,0,0
2025-09-02,10.4,10.4,4.0,17.0,Chennai (Coastal North),13.0827,80.2707,Tamil Nadu,16.4,19.4,0,0
2025-09-02,0.4,0.4,3.0,17.4,Salem (Northern Inland),11.6643,78.146,Tamil Nadu,12.2,19.2,0,0
2025-09-02,0.0,0.0,0.0,24.3,Tiruchirappalli (Kaveri Basin),10.7905,78.7047,Tamil Nadu,10.8,17.7,0,0
2025-09-02,0.4,0.4,1.0,17.5,Cuddalore (Coastal Central),11.748,79.7714,Tamil Nadu,0.8,17.6,0,0
2025-09-02,0.0,0.0,0.0,32.2,Kanyakumari (Southern Coast),8.1833,77.4119,Tamil Nadu,0.4,17.2,0,0
2025-09-02,0.2,0.2,1.0,18.4,Nagapattinam (Delta Coast),10.7656,79.8424,Tamil Nadu,0.6,12.8,0,0
2025-09-02,0.1,0.1,1.0,16.3,Madurai (Southern Plains),9.9252,78.1198,Tamil Nadu,0.3,11.5,0,0
2025-09-02,5.3,5.3,5.0,19.9,Coimbatore (Western Inland),11.0168,76.9558,Tamil Nadu,5.6,6.4,0,0
2025-09-02,0.9,0.9,6.0,21.0,Nilgiris (Hill Station Zone),11.4102,76.695,Tamil Nadu,6.3,6.9,0,0
2025-09-03,2.0,2.0,7.0,31.7,Kanyakumari (Southern Coast),8.1833,77.4119,Tamil Nadu,8.2,8.9,0,0
2025-09-03,12.9,12.9,3.0,21.3,Chennai (Coastal North),13.0827,80.2707,Tamil Nadu,15.8,21.4,0,0
2025-09-03,2.8,2.8,12.0,20.0,Nilgiris (Hill Station Zone),11.4102,76.695,Tamil Nadu,17.7,24.2,0,0
2025-09-03,17.0,17.0,6.0,17.2,Salem (Northern Inland),11.6643,78.146,Tamil Nadu,32.7,41.0,0,0
2025-09-03,9.0,9.0,5.0,22.6,Tiruchirappalli (Kaveri Basin),10.7905,78.7047,Tamil Nadu,28.8,49.9,0,0
2025-09-03,3.7,3.7,5.0,18.7,Nagapattinam (Delta Coast),10.7656,79.8424,Tamil Nadu,29.7,48.3,0,0
2025-09-03,1.5,1.5,4.0,17.9,Coimbatore (Western Inland),11.0168,76.9558,Tamil Nadu,14.2,48.9,0,0
2025-09-03,0.8,0.8,2.0,15.2,Madurai (Southern Plains),9.9252,78.1198,Tamil Nadu,6.0,47.7,0,0
2025-09-03,17.2,17.2,5.0,23.6,Cuddalore (Coastal Central),11.748,79.7714,Tamil Nadu,19.5,52.0,0,0
2025-09-03,1.0,1.0,5.0,24.8,Vellore (Palar Basin),12.9165,79.1325,Tamil Nadu,19.0,50.2,0,0
2025-09-04,8.5,8.5,3.0,14.0,Madurai (Southern Plains),9.9252,78.1198,Tamil Nadu,26.7,41.7,0,0
2025-09-04,1.5,1.5,3.0,19.1,Cuddalore (Coastal Central),11.748,79.7714,Tamil Nadu,11.0,34.2,0,0
2025-09-04,0.2,0.2,2.0,19.1,Vellore (Palar Basin),12.9165,79.1325,Tamil Nadu,10.2,30.7,0,0
2025-09-04,0.9,0.9,8.0,31.5,Kanyakumari (Southern Coast),8.1833,77.4119,Tamil Nadu,2.6,30.1,0,0
2025-09-04,2.9,2.9,8.0,17.8,Coimbatore (Western Inland),11.0168,76.9558,Tamil Nadu,4.0,32.2,0,0
2025-09-04,0.1,0.1,1.0,29.7,Tiruchirappalli (Kaveri Basin),10.7905,78.7047,Tamil Nadu,3.9,15.1,0,0
2025-09-04,0.3,0.3,3.0,15.8,Salem (Northern Inland),11.6643,78.146,Tamil Nadu,3.3,14.4,0,0
2025-09-04,3.0,3.0,5.0,20.1,Chennai (Coastal North),13.0827,80.2707,Tamil Nadu,3.4,8.9,0,0
2025-09-04,7.5,7.5,9.0,16.2,Nilgiris (Hill Station Zone),11.4102,76.695,Tamil Nadu,10.8,14.9,0,0
2025-09-04,0.6,0.6,1.0,26.0,Nagapattinam (Delta Coast),10.7656,79.8424,Tamil Nadu,11.1,15.3,0,0
2025-09-05,0.8,0.8,4.0,16.1,Vellore (Palar Basin),12.9165,79.1325,Tamil Nadu,8.9,15.2,0,0
2025-09-05,0.7,0.7,4.0,16.4,Chennai (Coastal North),13.0827,80.2707,Tamil Nadu,2.1,13.0,0,0
2025-09-05,4.6,4.6,10.0,10.5,Nilgiris (Hill Station Zone),11.4102,76.695,Tamil Nadu,6.1,17.5,0,0
2025-09-05,0.1,0.1,1.0,27.3,Kanyakumari (Southern Coast),8.1833,77.4119,Tamil Nadu,5.4,17.3,0,0
2025-09-05,26.0,26.0,7.0,19.2,Coimbatore (Western Inland),11.0168,76.9558,Tamil Nadu,30.7,40.3,0,0
2025-09-05,3.8,3.8,4.0,17.8,Madurai (Southern Plains),9.9252,78.1198,Tamil Nadu,29.9,36.6,0,0
2025-09-05,1.1,1.1,3.0,22.0,Salem (Northern Inland),11.6643,78.146,Tamil Nadu,30.9,37.1,0,0
2025-09-05,1.2,1.2,5.0,16.7,Nagapattinam (Delta Coast),10.7656,79.8424,Tamil Nadu,6.1,37.5,0,0
2025-09-05,2.5,2.5,6.0,20.2,Tiruchirappalli (Kaveri Basin),10.7905,78.7047,Tamil Nadu,4.8,39.3,0,0
2025-09-05,10.9,10.9,2.0,21.4,Cuddalore (Coastal Central),11.748,79.7714,Tamil Nadu,14.6,45.6,0,0
2025-09-06,0.1,0.1,1.0,12.6,Madurai (Southern Plains),9.9252,78.1198,Tamil Nadu,13.5,45.6,0,0
2025-09-06,0.1,0.1,1.0,25.8,Kanyakumari (Southern Coast),8.1833,77.4119,Tamil Nadu,11.1,19.7,0,0
2025-09-06,9.3,9.3,7.0,17.7,Coimbatore (Western Inland),11.0168,76.9558,Tamil Nadu,9.5,25.2,0,0
2025-09-06,4.9,4.9,4.0,12.8,Nagapattinam (Delta Coast),10.7656,79.8424,Tamil Nadu,14.3,29.0,0,0
2025-09-06,0.5,0.5,1.0,11.9,Chennai (Coastal North),13.0827,80.2707,Tamil Nadu,14.7,28.3,0,0
2025-09-06,1.4,1.4,2.0,14.1,Vellore (Palar Basin),12.9165,79.1325,Tamil Nadu,6.8,27.2,0,0
2025-09-06,0.1,0.1,1.0,14.8,Cuddalore (Coastal Central),11.748,79.7714,Tamil Nadu,2.0,16.4,0,0
2025-09-06,3.2,3.2,4.0,18.8,Tiruchirappalli (Kaveri Basin),10.7905,78.7047,Tamil Nadu,4.7,19.5,0,0
2025-09-06,2.1,2.1,7.0,15.9,Salem (Northern Inland),11.6643,78.146,Tamil Nadu,5.4,21.5,0,0
2025-09-06,1.3,1.3,6.0,10.9,Nilgiris (Hill Station Zone),11.4102,76.695,Tamil Nadu,6.6,13.5,0,0
2025-09-07,0.3,0.3,3.0,16.2,Tiruchirappalli (Kaveri Basin),10.7905,78.7047,Tamil Nadu,3.7,8.9,0,0
2025-09-07,4.7,4.7,4.0,9.9,Salem (Northern Inland),11.6643,78.146,Tamil Nadu,6.3,13.1,0,0
2025-09-07,1.2,1.2,3.0,19.3,Vellore (Palar Basin),12.9165,79.1325,Tamil Nadu,6.2,12.9,0,0
2025-09-07,9.5,9.5,9.0,14.0,Nagapattinam (Delta Coast),10.7656,79.8424,Tamil Nadu,15.4,22.3,0,0
2025-09-07,5.2,5.2,6.0,15.1,Coimbatore (Western Inland),11.0168,76.9558,Tamil Nadu,15.9,24.3,0,0
2025-09-07,1.9,1.9,2.0,27.7,Kanyakumari (Southern Coast),8.1833,77.4119,Tamil Nadu,16.6,24.1,0,0
2025-09-07,5.1,5.1,5.0,12.3,Cuddalore (Coastal Central),11.748,79.7714,Tamil Nadu,12.2,27.9,0,0
2025-09-07,1.7,1.7,4.0,12.7,Chennai (Coastal North),13.0827,80.2707,Tamil Nadu,8.7,29.3,0,0
2025-09-07,5.9,5.9,2.0,10.4,Madurai (Southern Plains),9.9252,78.1198,Tamil Nadu,12.7,30.5,0,0
2025-09-07,1.5,1.5,8.0,8.0,Nilgiris (Hill Station Zone),11.4102,76.695,Tamil Nadu,9.1,30.8,0,0
2025-09-08,2.5,2.5,6.0,14.0,Chennai (Coastal North),13.0827,80.2707,Tamil Nadu,9.9,23.8,0,0
2025-09-08,0.3,0.3,2.0,15.9,Coimbatore (Western Inland),11.0168,76.9558,Tamil Nadu,4.3,18.9,0,0
2025-09-08,13.6,13.6,5.0,12.2,Cuddalore (Coastal Central),11.748,79.7714,Tamil Nadu,16.4,30.6,0,0
2025-09-08,10.4,10.4,8.0,14.7,Nagapattinam (Delta Coast),10.7656,79.8424,Tamil Nadu,24.3,35.9,0,0
2025-09-08,0.2,0.2,2.0,23.4,Kanyakumari (Southern Coast),8.1833,77.4119,Tamil Nadu,24.2,34.4,0,0
2025-09-08,13.6,13.6,6.0,14.9,Tiruchirappalli (Kaveri Basin),10.7905,78.7047,Tamil Nadu,24.2,42.1,0,0
2025-09-08,1.5,1.5,2.0,16.8,Madurai (Southern Plains),9.9252,78.1198,Tamil Nadu,15.3,42.1,0,0
2025-09-08,0.3,0.3,2.0,10.3,Salem (Northern Inland),11.6643,78.146,Tamil Nadu,15.4,39.9,0,0
2025-09-08,4.4,4.4,9.0,7.9,Nilgiris (Hill Station Zone),11.4102,76.695,Tamil Nadu,6.2,44.0,0,0
2025-09-08,0.0,0.0,0.0,11.4,Vellore (Palar Basin),12.9165,79.1325,Tamil Nadu,4.7,30.4,0,0
2025-09-09,16.7,16.7,12.0,14.0,Nagapattinam (Delta Coast),10.7656,79.8424,Tamil Nadu,21.1,36.7,0,0
2025-09-09,7.9,7.9,6.0,16.1,Tiruchirappalli (Kaveri Basin),10.7905,78.7047,Tamil Nadu,24.6,44.4,0,0
2025-09-09,5.5,5.5,9.0,8.0,Nilgiris (Hill Station Zone),11.4102,76.695,Tamil Nadu,30.1,36.3,0,0
2025-09-09,8.2,8.2,4.0,14.2,Madurai (Southern Plains),9.9252,78.1198,Tamil Nadu,21.6,43.0,0,0
2025-09-09,5.4,5.4,4.0,19.2,Kanyakumari (Southern Coast),8.1833,77.4119,Tamil Nadu,19.1,48.1,0,0
2025-09-09,0.2,0.2,2.0,13.5,Salem (Northern Inland),11.6643,78.146,Tamil Nadu,13.8,43.9,0,0
2025-09-09,12.3,12.3,5.0,16.1,Cuddalore (Coastal Central),11.748,79.7714,Tamil Nadu,17.9,56.2,0,0
2025-09-09,1.1,1.1,4.0,15.3,Vellore (Palar Basin),12.9165,79.1325,Tamil Nadu,13.6,40.6,0,0
2025-09-09,0.0,0.0,0.0,14.4,Coimbatore (Western Inland),11.0168,76.9558,Tamil Nadu,13.4,32.7,0,0
2025-09-09,1.6,1.6,7.0,11.6,Chennai (Coastal North),13.0827,80.2707,Tamil Nadu,2.7,28.8,0,0
2025-09-10,13.7,13.7,5.0,18.2,Madurai (Southern Plains),9.9252,78.1198,Tamil Nadu,15.3,34.3,0,0
2025-09-10,8.9,8.9,5.0,16.1,Tiruchirappalli (Kaveri Basin),10.7905,78.7047,Tamil Nadu,24.2,37.8,0,0
2025-09-10,7.3,7.3,3.0,15.0,Vellore (Palar Basin),12.9165,79.1325,Tamil Nadu,29.9,44.9,0,0
2025-09-10,2.1,2.1,6.0,20.6,Nagapattinam (Delta Coast),10.7656,79.8424,Tamil Nadu,18.3,34.7,0,0
2025-09-10,20.9,20.9,12.0,6.1,Nilgiris (Hill Station Zone),11.4102,76.695,Tamil Nadu,30.3,54.5,0,0
2025-09-10,3.8,3.8,2.0,20.0,Cuddalore (Coastal Central),11.748,79.7714,Tamil Nadu,26.8,58.3,0,0
2025-09-10,4.5,4.5,6.0,14.7,Coimbatore (Western Inland),11.0168,76.9558,Tamil Nadu,29.2,61.2,0,0
2025-09-10,4.0,4.0,3.0,13.5,Chennai (Coastal North),13.0827,80.2707,Tamil Nadu,12.3,51.5,0,0
2025-09-10,0.1,0.1,1.0,22.8,Kanyakumari (Southern Coast),8.1833,77.4119,Tamil Nadu,8.6,42.7,0,0
2025-09-10,16.1,16.1,10.0,11.8,Salem (Northern Inland),11.6643,78.146,Tamil Nadu,20.2,51.5,0,0
2025-09-11,10.6,10.6,6.0,15.1,Nagapattinam (Delta Coast),10.7656,79.8424,Tamil Nadu,26.8,60.0,0,0
2025-09-11,1.1,1.1,3.0,22.3,Kanyakumari (Southern Coast),8.1833,77.4119,Tamil Nadu,27.8,40.2,0,0
2025-09-11,0.2,0.2,2.0,21.3,Tiruchirappalli (Kaveri Basin),10.7905,78.7047,Tamil Nadu,11.9,36.6,0,0
2025-09-11,2.3,2.3,5.0,9.4,Nilgiris (Hill Station Zone),11.4102,76.695,Tamil Nadu,3.6,34.4,0,0
2025-09-11,9.5,9.5,7.0,17.3,Coimbatore (Western Inland),11.0168,76.9558,Tamil Nadu,12.0,39.9,0,0
2025-09-11,15.0,15.0,9.0,14.5,Salem (Northern Inland),11.6643,78.146,Tamil Nadu,26.8,54.8,0,0
2025-09-11,10.6,10.6,3.0,16.2,Cuddalore (Coastal Central),11.748,79.7714,Tamil Nadu,35.1,49.3,0,0
2025-09-11,8.6,8.6,6.0,16.9,Chennai (Coastal North),13.0827,80.2707,Tamil Nadu,34.2,47.3,0,0
2025-09-11,1.0,1.0,3.0,17.6,Vellore (Palar Basin),12.9165,79.1325,Tamil Nadu,20.2,47.2,0,0
2025-09-11,13.8,13.8,4.0,13.2,Madurai (Southern Plains),9.9252,78.1198,Tamil Nadu,23.4,60.8,0,0
2025-09-12,0.6,0.6,4.0,11.5,Chennai (Coastal North),13.0827,80.2707,Tamil Nadu,15.4,59.1,0,0
2025-09-12,0.0,0.0,0.0,16.2,Tiruchirappalli (Kaveri Basin),10.7905,78.7047,Tamil Nadu,14.4,49.6,0,0
2025-09-12,0.0,0.0,0.0,15.7,Vellore (Palar Basin),12.9165,79.1325,Tamil Nadu,0.6,34.6,0,0
2025-09-12,1.8,1.8,5.0,11.3,Nagapattinam (Delta Coast),10.7656,79.8424,Tamil Nadu,1.8,25.8,0,0
2025-09-12,0.0,0.0,0.0,25.4,Kanyakumari (Southern Coast),8.1833,77.4119,Tamil Nadu,1.8,17.2,0,0
2025-09-12,0.3,0.3,2.0,16.9,Coimbatore (Western Inland),11.0168,76.9558,Tamil Nadu,2.1,16.5,0,0
2025-09-12,0.0,0.0,0.0,12.0,Madurai (Southern Plains),9.9252,78.1198,Tamil Nadu,0.3,2.7,0,0
2025-09-12,0.0,0.0,0.0,11.6,Nilgiris (Hill Station Zone),11.4102,76.695,Tamil Nadu,0.3,2.1,0,0
2025-09-12,0.0,0.0,0.0,10.9,Salem (Northern Inland),11.6643,78.146,Tamil Nadu,0.0,2.1,0,0
2025-09-12,0.2,0.2,2.0,12.3,Cuddalore (Coastal Central),11.748,79.7714,Tamil Nadu,0.2,2.3,0,0
2025-09-13,0.5,0.5,3.0,14.1,Vellore (Palar Basin),12.9165,79.1325,Tamil Nadu,0.7,1.0,0,0
2025-09-13,0.0,0.0,0.0,16.2,Tiruchirappalli (Kaveri Basin),10.7905,78.7047,Tamil Nadu,0.7,1.0,0,0
2025-09-13,0.0,0.0,0.0,25.4,Kanyakumari (Southern Coast),8.1833,77.4119,Tamil Nadu,0.5,0.7,0,0
2025-09-13,0.7,0.7,5.0,16.1,Chennai (Coastal North),13.0827,80.2707,Tamil Nadu,0.7,1.4,0,0
2025-09-13,4.4,4.4,5.0,22.2,Cuddalore (Coastal Central),11.748,79.7714,Tamil Nadu,5.1,5.8,0,0
2025-09-13,0.1,0.1,1.0,6.2,Nilgiris (Hill Station Zone),11.4102,76.695,Tamil Nadu,5.2,5.9,0,0
2025-09-13,0.1,0.1,1.0,21.0,Coimbatore (Western Inland),11.0168,76.9558,Tamil Nadu,4.6,5.8,0,0
2025-09-13,3.9,3.9,3.0,14.4,Nagapattinam (Delta Coast),10.7656,79.8424,Tamil Nadu,4.1,9.2,0,0
2025-09-13,0.5,0.5,3.0,9.6,Salem (Northern Inland),11.6643,78.146,Tamil Nadu,4.5,9.7,0,0
2025-09-13,0.2,0.2,1.0,12.0,Madurai (Southern Plains),9.9252,78.1198,Tamil Nadu,4.6,9.9,0,0
2025-09-14,0.9,0.9,3.0,14.6,Madurai (Southern Plains),9.9252,78.1198,Tamil Nadu,1.6,10.1,0,0
2025-09-14,0.8,0.8,5.0,18.0,Coimbatore (Western Inland),11.0168,76.9558,Tamil Nadu,1.9,6.5,0,0
2025-09-14,1.1,1.1,3.0,10.1,Nilgiris (Hill Station Zone),11.4102,76.695,Tamil Nadu,2.8,7.5,0,0
2025-09-14,0.8,0.8,2.0,24.2,Kanyakumari (Southern Coast),8.1833,77.4119,Tamil Nadu,2.7,8.2,0,0
2025-09-14,0.2,0.2,2.0,16.8,Nagapattinam (Delta Coast),10.7656,79.8424,Tamil Nadu,2.1,4.5,0,0
2025-09-14,0.0,0.0,0.0,9.4,Salem (Northern Inland),11.6643,78.146,Tamil Nadu,1.0,4.0,0,0
2025-09-14,0.0,0.0,0.0,19.3,Tiruchirappalli (Kaveri Basin),10.7905,78.7047,Tamil Nadu,0.2,3.8,0,0
2025-09-14,31.6,31.6,11.0,12.1,Chennai (Coastal North),13.0827,80.2707,Tamil Nadu,31.6,34.5,0,0
2025-09-14,0.1,0.1,1.0,18.8,Cuddalore (Coastal Central),11.748,79.7714,Tamil Nadu,31.7,33.8,0,0
2025-09-14,0.4,0.4,2.0,16.8,Vellore (Palar Basin),12.9165,79.1325,Tamil Nadu,32.1,33.1,0,0
2025-09-15,0.0,0.0,0.0,12.3,Madurai (Southern Plains),9.9252,78.1198,Tamil Nadu,0.5,32.3,0,0
2025-09-15,0.1,0.1,1.0,19.3,Cuddalore (Coastal Central),11.748,79.7714,Tamil Nadu,0.5,32.2,0,0
2025-09-15,0.4,0.4,1.0,9.6,Salem (Northern Inland),11.6643,78.146,Tamil Nadu,0.5,32.6,0,0
2025-09-15,0.2,0.2,1.0,18.8,Tiruchirappalli (Kaveri Basin),10.7905,78.7047,Tamil Nadu,0.7,32.8,0,0
2025-09-15,2.5,2.5,6.0,10.2,Nilgiris (Hill Station Zone),11.4102,76.695,Tamil Nadu,3.1,3.7,0,0
2025-09-15,0.0,0.0,0.0,17.2,Nagapattinam (Delta Coast),10.7656,79.8424,Tamil Nadu,2.7,3.6,0,0
2025-09-15,5.1,5.1,1.0,13.5,Chennai (Coastal North),13.0827,80.2707,Tamil Nadu,7.6,8.3,0,0
2025-09-15,3.0,3.0,7.0,18.2,Coimbatore (Western Inland),11.0168,76.9558,Tamil Nadu,8.1,11.3,0,0
2025-09-15,0.4,0.4,3.0,13.2,Vellore (Palar Basin),12.9165,79.1325,Tamil Nadu,8.5,11.6,0,0
2025-09-15,4.1,4.1,8.0,26.4,Kanyakumari (Southern Coast),8.1833,77.4119,Tamil Nadu,7.5,15.3,0,0
2025-09-16,6.8,6.8,7.0,16.1,Cuddalore (Coastal Central),11.748,79.7714,Tamil Nadu,11.3,21.9,0,0
2025-09-16,13.6,13.6,2.0,19.7,Tiruchirappalli (Kaveri Basin),10.7905,78.7047,Tamil Nadu,24.5,33.0,0,0
2025-09-16,12.0,12.0,4.0,11.9,Madurai (Southern Plains),9.9252,78.1198,Tamil Nadu,32.4,45.0,0,0
2025-09-16,4.8,4.8,4.0,13.8,Salem (Northern Inland),11.6643,78.146,Tamil Nadu,30.4,44.7,0,0
2025-09-16,9.2,9.2,12.0,19.5,Coimbatore (Western Inland),11.0168,76.9558,Tamil Nadu,26.0,50.9,0,0
2025-09-16,3.5,3.5,6.0,24.1,Kanyakumari (Southern Coast),8.1833,77.4119,Tamil Nadu,17.5,54.0,0,0
2025-09-16,0.6,0.6,4.0,18.2,Nagapattinam (Delta Coast),10.7656,79.8424,Tamil Nadu,13.3,50.5,0,0
2025-09-16,17.3,17.3,10.0,12.7,Chennai (Coastal North),13.0827,80.2707,Tamil Nadu,21.4,61.0,0,0
2025-09-16,1.5,1.5,8.0,8.2,Nilgiris (Hill Station Zone),11.4102,76.695,Tamil Nadu,19.4,48.9,0,0
2025-09-16,7.7,7.7,15.0,11.6,Vellore (Palar Basin),12.9165,79.1325,Tamil Nadu,26.5,44.6,0,0
2025-09-17,3.6,3.6,10.0,12.0,Vellore (Palar Basin),12.9165,79.1325,Tamil Nadu,12.8,43.4,0,0
2025-09-17,16.4,16.4,10.0,18.2,Madurai (Southern Plains),9.9252,78.1198,Tamil Nadu,27.7,50.6,0,0
2025-09-17,5.9,5.9,11.0,15.3,Nagapattinam (Delta Coast),10.7656,79.8424,Tamil Nadu,25.9,53.0,0,0
2025-09-17,15.9,15.9,8.0,12.3,Chennai (Coastal North),13.0827,80.2707,Tamil Nadu,38.2,68.3,0,0
2025-09-17,16.7,16.7,10.0,15.3,Cuddalore (Coastal Central),11.748,79.7714,Tamil Nadu,38.5,67.7,0,0
2025-09-17,3.2,3.2,9.0,8.9,Nilgiris (Hill Station Zone),11.4102,76.695,Tamil Nadu,35.8,69.4,0,0
2025-09-17,20.8,20.8,9.0,12.9,Salem (Northern Inland),11.6643,78.146,Tamil Nadu,40.7,82.5,0,0
2025-09-17,12.4,12.4,5.0,14.7,Tiruchirappalli (Kaveri Basin),10.7905,78.7047,Tamil Nadu,36.4,91.3,0,0
2025-09-17,20.0,20.0,10.0,17.4,Coimbatore (Western Inland),11.0168,76.9558,Tamil Nadu,53.2,94.9,0,0
2025-09-17,5.1,5.1,9.0,23.3,Kanyakumari (Southern Coast),8.1833,77.4119,Tamil Nadu,37.5,94.1,0,0
2025-09-18,10.6,10.6,5.0,12.5,Madurai (Southern Plains),9.9252,78.1198,Tamil Nadu,35.7,88.8,0,0
2025-09-18,16.3,16.3,14.0,9.6,Salem (Northern Inland),11.6643,78.146,Tamil Nadu,32.0,88.4,0,0
2025-09-18,3.1,3.1,8.0,11.0,Nilgiris (Hill Station Zone),11.4102,76.695,Tamil Nadu,30.0,88.3,0,0
2025-09-18,23.9,23.9,9.0,15.2,Vellore (Palar Basin),12.9165,79.1325,Tamil Nadu,43.3,91.4,0,0
2025-09-18,14.4,14.4,9.0,18.2,Nagapattinam (Delta Coast),10.7656,79.8424,Tamil Nadu,41.4,93.4,0,0
2025-09-18,14.3,14.3,9.0,15.5,Cuddalore (Coastal Central),11.748,79.7714,Tamil Nadu,52.6,87.7,0,0
2025-09-18,6.9,6.9,6.0,18.5,Coimbatore (Western Inland),11.0168,76.9558,Tamil Nadu,35.6,89.5,0,0
2025-09-18,2.6,2.6,4.0,24.3,Kanyakumari (Southern Coast),8.1833,77.4119,Tamil Nadu,23.8,81.5,0,0
2025-09-18,17.5,17.5,5.0,16.0,Tiruchirappalli (Kaveri Basin),10.7905,78.7047,Tamil Nadu,27.0,82.7,0,0
2025-09-18,6.2,6.2,5.0,12.8,Chennai (Coastal North),13.0827,80.2707,Tamil Nadu,26.3,85.8,0,0
2025-09-19,2.2,2.2,5.0,21.3,Kanyakumari (Southern Coast),8.1833,77.4119,Tamil Nadu,25.9,64.1,0,0
2025-09-19,4.9,4.9,13.0,13.0,Nagapattinam (Delta Coast),10.7656,79.8424,Tamil Nadu,13.3,54.6,0,0
2025-09-19,0.1,0.1,1.0,14.0,Tiruchirappalli (Kaveri Basin),10.7905,78.7047,Tamil Nadu,7.2,40.4,0,0
2025-09-19,6.7,6.7,9.0,16.6,Coimbatore (Western Inland),11.0168,76.9558,Tamil Nadu,11.7,40.2,0,0
2025-09-19,19.3,19.3,13.0,9.0,Salem (Northern Inland),11.6643,78.146,Tamil Nadu,26.1,56.9,0,0
2025-09-19,3.0,3.0,7.0,14.3,Chennai (Coastal North),13.0827,80.2707,Tamil Nadu,29.0,42.4,0,0
2025-09-19,6.0,6.0,7.0,15.2,Cuddalore (Coastal Central),11.748,79.7714,Tamil Nadu,28.3,42.2,0,0
2025-09-19,10.7,10.7,11.0,16.3,Vellore (Palar Basin),12.9165,79.1325,Tamil Nadu,19.7,50.7,0,0
2025-09-19,2.5,2.5,12.0,10.3,Nilgiris (Hill Station Zone),11.4102,76.695,Tamil Nadu,19.2,48.3,0,0
2025-09-19,1.3,1.3,3.0,12.0,Madurai (Southern Plains),9.9252,78.1198,Tamil Nadu,14.5,49.5,0,0
2025-09-20,0.1,0.1,1.0,9.4,Madurai (Southern Plains),9.9252,78.1198,Tamil Nadu,3.9,42.9,0,0
2025-09-20,2.9,2.9,5.0,14.6,Vellore (Palar Basin),12.9165,79.1325,Tamil Nadu,4.3,26.5,0,0
2025-09-20,20.1,20.1,7.0,13.0,Coimbatore (Western Inland),11.0168,76.9558,Tamil Nadu,23.1,43.6,0,0
2025-09-20,0.6,0.6,5.0,16.7,Nagapattinam (Delta Coast),10.7656,79.8424,Tamil Nadu,23.6,38.2,0,0
2025-09-20,0.0,0.0,0.0,24.1,Kanyakumari (Southern Coast),8.1833,77.4119,Tamil Nadu,20.7,27.5,0,0
2025-09-20,5.5,5.5,10.0,15.5,Chennai (Coastal North),13.0827,80.2707,Tamil Nadu,6.1,30.5,0,0
2025-09-20,15.4,15.4,7.0,18.6,Cuddalore (Coastal Central),11.748,79.7714,Tamil Nadu,20.9,44.6,0,0
2025-09-20,2.4,2.4,8.0,11.3,Nilgiris (Hill Station Zone),11.4102,76.695,Tamil Nadu,23.3,46.9,0,0
2025-09-20,2.7,2.7,5.0,11.0,Salem (Northern Inland),11.6643,78.146,Tamil Nadu,20.5,46.7,0,0
2025-09-20,2.3,2.3,4.0,15.7,Tiruchirappalli (Kaveri Basin),10.7905,78.7047,Tamil Nadu,7.4,28.9,0,0
2025-09-21,0.1,0.1,1.0,22.9,Kanyakumari (Southern Coast),8.1833,77.4119,Tamil Nadu,5.1,28.4,0,0
2025-09-21,18.8,18.8,9.0,18.0,Coimbatore (Western Inland),11.0168,76.9558,Tamil Nadu,21.2,47.2,0,0
2025-09-21,0.7,0.7,5.0,10.8,Chennai (Coastal North),13.0827,80.2707,Tamil Nadu,19.6,42.4,0,0
2025-09-21,5.3,5.3,8.0,11.9,Cuddalore (Coastal Central),11.748,79.7714,Tamil Nadu,24.8,32.3,0,0
2025-09-21,3.4,3.4,4.0,15.5,Madurai (Southern Plains),9.9252,78.1198,Tamil Nadu,9.4,33.3,0,0
2025-09-21,2.4,2.4,5.0,17.1,Vellore (Palar Basin),12.9165,79.1325,Tamil Nadu,11.1,33.0,0,0
2025-09-21,2.2,2.2,9.0,12.9,Nilgiris (Hill Station Zone),11.4102,76.695,Tamil Nadu,8.0,32.9,0,0
2025-09-21,2.3,2.3,3.0,14.3,Nagapattinam (Delta Coast),10.7656,79.8424,Tamil Nadu,6.9,35.1,0,0
2025-09-21,7.7,7.7,6.0,9.8,Salem (Northern Inland),11.6643,78.146,Tamil Nadu,12.2,24.0,0,0
2025-09-21,2.2,2.2,1.0,15.4,Tiruchirappalli (Kaveri Basin),10.7905,78.7047,Tamil Nadu,12.2,25.5,0,0
2025-09-22,0.0,0.0,0.0,21.0,Tiruchirappalli (Kaveri Basin),10.7905,78.7047,Tamil Nadu,9.9,20.2,0,0
2025-09-22,0.0,0.0,0.0,24.5,Kanyakumari (Southern Coast),8.1833,77.4119,Tamil Nadu,2.2,16.8,0,0
2025-09-22,0.5,0.5,3.0,17.1,Nagapattinam (Delta Coast),10.7656,79.8424,Tamil Nadu,0.5,14.9,0,0
2025-09-22,12.5,12.5,6.0,16.3,Cuddalore (Coastal Central),11.748,79.7714,Tamil Nadu,13.0,25.2,0,0
2025-09-22,6.5,6.5,7.0,14.0,Salem (Northern Inland),11.6643,78.146,Tamil Nadu,19.5,29.4,0,0
2025-09-22,0.0,0.0,0.0,19.7,Coimbatore (Western Inland),11.0168,76.9558,Tamil Nadu,19.0,21.7,0,0
2025-09-22,1.1,1.1,4.0,16.2,Vellore (Palar Basin),12.9165,79.1325,Tamil Nadu,7.6,20.6,0,0
2025-09-22,0.2,0.2,1.0,19.0,Madurai (Southern Plains),9.9252,78.1198,Tamil Nadu,1.3,20.8,0,0
2025-09-22,3.4,3.4,2.0,13.9,Chennai (Coastal North),13.0827,80.2707,Tamil Nadu,4.7,24.2,0,0
2025-09-22,2.2,2.2,8.0,9.0,Nilgiris (Hill Station Zone),11.4102,76.695,Tamil Nadu,5.8,25.9,0,0
2025-09-23,0.0,0.0,0.0,25.9,Madurai (Southern Plains),9.9252,78.1198,Tamil Nadu,5.6,13.4,0,0
2025-09-23,0.0,0.0,0.0,25.7,Tiruchirappalli (Kaveri Basin),10.7905,78.7047,Tamil Nadu,2.2,6.9,0,0
2025-09-23,1.0,1.0,3.0,20.1,Nagapattinam (Delta Coast),10.7656,79.8424,Tamil Nadu,1.0,7.9,0,0
2025-09-23,5.7,5.7,16.0,24.8,Kanyakumari (Southern Coast),8.1833,77.4119,Tamil Nadu,6.7,12.5,0,0
2025-09-23,1.2,1.2,2.0,19.1,Vellore (Palar Basin),12.9165,79.1325,Tamil Nadu,7.9,13.5,0,0
2025-09-23,0.5,0.5,3.0,12.3,Nilgiris (Hill Station Zone),11.4102,76.695,Tamil Nadu,7.4,10.6,0,0
2025-09-23,5.4,5.4,4.0,16.9,Chennai (Coastal North),13.0827,80.2707,Tamil Nadu,7.1,13.8,0,0
2025-09-23,1.5,1.5,3.0,21.6,Coimbatore (Western Inland),11.0168,76.9558,Tamil Nadu,7.4,15.3,0,0
2025-09-23,3.1,3.1,6.0,16.8,Cuddalore (Coastal Central),11.748,79.7714,Tamil Nadu,10.0,18.4,0,0
2025-09-23,15.3,15.3,5.0,7.7,Salem (Northern Inland),11.6643,78.146,Tamil Nadu,19.9,32.7,0,0
2025-09-24,1.8,1.8,5.0,11.6,Salem (Northern Inland),11.6643,78.146,Tamil Nadu,20.2,28.8,0,0
2025-09-24,3.5,3.5,5.0,19.3,Chennai (Coastal North),13.0827,80.2707,Tamil Nadu,20.6,31.1,0,0
2025-09-24,2.1,2.1,4.0,18.1,Nagapattinam (Delta Coast),10.7656,79.8424,Tamil Nadu,7.4,32.7,0,0
2025-09-24,1.5,1.5,13.0,24.5,Kanyakumari (Southern Coast),8.1833,77.4119,Tamil Nadu,7.1,28.8,0,0
2025-09-24,5.1,5.1,4.0,15.5,Cuddalore (Coastal Central),11.748,79.7714,Tamil Nadu,8.7,32.4,0,0
2025-09-24,1.2,1.2,7.0,15.9,Nilgiris (Hill Station Zone),11.4102,76.695,Tamil Nadu,7.8,30.5,0,0
2025-09-24,3.4,3.4,4.0,22.2,Coimbatore (Western Inland),11.0168,76.9558,Tamil Nadu,9.7,18.6,0,0
2025-09-24,0.4,0.4,3.0,20.4,Vellore (Palar Basin),12.9165,79.1325,Tamil Nadu,5.0,17.2,0,0
2025-09-24,0.2,0.2,1.0,23.4,Madurai (Southern Plains),9.9252,78.1198,Tamil Nadu,4.0,13.9,0,0
2025-09-24,0.3,0.3,1.0,20.0,Tiruchirappalli (Kaveri Basin),10.7905,78.7047,Tamil Nadu,0.9,12.1,0,0
2025-09-25,1.3,1.3,5.0,19.2,Tiruchirappalli (Kaveri Basin),10.7905,78.7047,Tamil Nadu,1.8,11.9,0,0
2025-09-25,3.9,3.9,9.0,11.4,Salem (Northern Inland),11.6643,78.146,Tamil Nadu,5.5,10.7,0,0
2025-09-25,0.2,0.2,2.0,16.7,Chennai (Coastal North),13.0827,80.2707,Tamil Nadu,5.4,9.7,0,0
2025-09-25,9.8,9.8,23.0,26.4,Kanyakumari (Southern Coast),8.1833,77.4119,Tamil Nadu,13.9,16.1,0,0
2025-09-25,18.5,18.5,6.0,19.8,Vellore (Palar Basin),12.9165,79.1325,Tamil Nadu,28.5,34.2,0,0
2025-09-25,7.9,7.9,3.0,18.8,Nagapattinam (Delta Coast),10.7656,79.8424,Tamil Nadu,36.2,41.9,0,0
2025-09-25,6.8,6.8,6.0,20.2,Coimbatore (Western Inland),11.0168,76.9558,Tamil Nadu,33.2,48.4,0,0
2025-09-25,3.5,3.5,3.0,23.9,Madurai (Southern Plains),9.9252,78.1198,Tamil Nadu,18.2,50.6,0,0
2025-09-25,9.6,9.6,10.0,24.3,Cuddalore (Coastal Central),11.748,79.7714,Tamil Nadu,19.9,56.3,0,0
2025-09-25,2.8,2.8,9.0,16.0,Nilgiris (Hill Station Zone),11.4102,76.695,Tamil Nadu,15.9,58.9,0,0
2025-09-26,0.0,0.0,0.0,27.6,Coimbatore (Western Inland),11.0168,76.9558,Tamil Nadu,12.4,49.1,0,0
2025-09-26,8.9,8.9,20.0,24.5,Kanyakumari (Southern Coast),8.1833,77.4119,Tamil Nadu,11.7,39.5,0,0
2025-09-26,0.0,0.0,0.0,27.3,Madurai (Southern Plains),9.9252,78.1198,Tamil Nadu,8.9,31.6,0,0
2025-09-26,3.7,3.7,1.0,20.6,Nagapattinam (Delta Coast),10.7656,79.8424,Tamil Nadu,12.6,28.5,0,0
2025-09-26,1.4,1.4,4.0,22.2,Vellore (Palar Basin),12.9165,79.1325,Tamil Nadu,5.1,26.4,0,0
2025-09-26,0.0,0.0,0.0,19.7,Nilgiris (Hill Station Zone),11.4102,76.695,Tamil Nadu,5.1,16.8,0,0
2025-09-26,1.2,1.2,6.0,12.4,Salem (Northern Inland),11.6643,78.146,Tamil Nadu,2.6,15.2,0,0
2025-09-26,0.0,0.0,0.0,21.0,Cuddalore (Coastal Central),11.748,79.7714,Tamil Nadu,1.2,15.2,0,0
2025-09-26,0.0,0.0,0.0,24.7,Tiruchirappalli (Kaveri Basin),10.7905,78.7047,Tamil Nadu,1.2,6.3,0,0
2025-09-26,0.1,0.1,1.0,19.2,Chennai (Coastal North),13.0827,80.2707,Tamil Nadu,0.1,6.4,0,0
2025-09-27,0.0,0.0,0.0,26.8,Madurai (Southern Plains),9.9252,78.1198,Tamil Nadu,0.1,2.7,0,0
2025-09-27,0.9,0.9,8.0,19.4,Nilgiris (Hill Station Zone),11.4102,76.695,Tamil Nadu,1.0,2.2,0,0
2025-09-27,1.7,1.7,3.0,14.4,Salem (Northern Inland),11.6643,78.146,Tamil Nadu,2.6,3.9,0,0
2025-09-27,0.0,0.0,0.0,32.0,Tiruchirappalli (Kaveri Basin),10.7905,78.7047,Tamil Nadu,2.6,2.7,0,0
2025-09-27,3.5,3.5,16.0,27.4,Kanyakumari (Southern Coast),8.1833,77.4119,Tamil Nadu,5.2,6.2,0,0
2025-09-27,2.4,2.4,4.0,18.1,Nagapattinam (Delta Coast),10.7656,79.8424,Tamil Nadu,5.9,8.6,0,0
2025-09-27,0.1,0.1,1.0,15.0,Cuddalore (Coastal Central),11.748,79.7714,Tamil Nadu,6.0,8.6,0,0
2025-09-27,12.0,12.0,5.0,20.8,Chennai (Coastal North),13.0827,80.2707,Tamil Nadu,14.5,20.6,0,0
2025-09-27,0.7,0.7,3.0,23.5,Vellore (Palar Basin),12.9165,79.1325,Tamil Nadu,12.8,20.4,0,0
2025-09-27,0.0,0.0,0.0,23.3,Coimbatore (Western Inland),11.0168,76.9558,Tamil Nadu,12.7,18.7,0,0
2025-09-28,0.1,0.1,1.0,17.7,Nagapattinam (Delta Coast),10.7656,79.8424,Tamil Nadu,0.8,18.8,0,0
2025-09-28,0.2,0.2,2.0,24.1,Tiruchirappalli (Kaveri Basin),10.7905,78.7047,Tamil Nadu,0.3,15.5,0,0
2025-09-28,0.0,0.0,0.0,17.0,Cuddalore (Coastal Central),11.748,79.7714,Tamil Nadu,0.3,13.1,0,0
2025-09-28,0.9,0.9,8.0,18.3,Nilgiris (Hill Station Zone),11.4102,76.695,Tamil Nadu,1.1,13.9,0,0
2025-09-28,0.8,0.8,2.0,29.4,Madurai (Southern Plains),9.9252,78.1198,Tamil Nadu,1.7,2.7,0,0
2025-09-28,23.6,23.6,4.0,14.7,Chennai (Coastal North),13.0827,80.2707,Tamil Nadu,25.3,25.6,0,0
2025-09-28,4.3,4.3,16.0,24.7,Kanyakumari (Southern Coast),8.1833,77.4119,Tamil Nadu,28.7,29.9,0,0
2025-09-28,0.2,0.2,1.0,20.7,Vellore (Palar Basin),12.9165,79.1325,Tamil Nadu,28.1,30.0,0,0
2025-09-28,0.4,0.4,4.0,25.8,Coimbatore (Western Inland),11.0168,76.9558,Tamil Nadu,4.9,30.2,0,0
2025-09-28,0.1,0.1,1.0,11.8,Salem (Northern Inland),11.6643,78.146,Tamil Nadu,0.7,30.3,0,0
2025-09-29,0.0,0.0,0.0,11.0,Salem (Northern Inland),11.6643,78.146,Tamil Nadu,0.5,29.4,0,0
2025-09-29,0.0,0.0,0.0,16.5,Cuddalore (Coastal Central),11.748,79.7714,Tamil Nadu,0.1,28.6,0,0
2025-09-29,0.3,0.3,1.0,19.6,Vellore (Palar Basin),12.9165,79.1325,Tamil Nadu,0.3,5.3,0,0
2025-09-29,0.1,0.1,1.0,17.2,Nagapattinam (Delta Coast),10.7656,79.8424,Tamil Nadu,0.4,1.1,0,0
2025-09-29,0.0,0.0,0.0,31.1,Tiruchirappalli (Kaveri Basin),10.7905,78.7047,Tamil Nadu,0.4,0.9,0,0
2025-09-29,4.2,4.2,6.0,14.9,Chennai (Coastal North),13.0827,80.2707,Tamil Nadu,4.3,4.7,0,0
2025-09-29,0.0,0.0,0.0,19.3,Nilgiris (Hill Station Zone),11.4102,76.695,Tamil Nadu,4.2,4.6,0,0
2025-09-29,5.6,5.6,13.0,25.9,Kanyakumari (Southern Coast),8.1833,77.4119,Tamil Nadu,9.8,10.2,0,0
2025-09-29,0.0,0.0,0.0,25.7,Coimbatore (Western Inland),11.0168,76.9558,Tamil Nadu,5.6,10.2,0,0
2025-09-29,0.0,0.0,0.0,27.2,Madurai (Southern Plains),9.9252,78.1198,Tamil Nadu,5.6,9.9,0,0
2025-09-30,0.0,0.0,0.0,18.6,Vellore (Palar Basin),12.9165,79.1325,Tamil Nadu,0.0,9.8,0,0
2025-09-30,0.0,0.0,0.0,14.2,Chennai (Coastal North),13.0827,80.2707,Tamil Nadu,0.0,9.8,0,0
2025-09-30,0.0,0.0,0.0,24.8,Coimbatore (Western Inland),11.0168,76.9558,Tamil Nadu,0.0,5.6,0,0
2025-09-30,0.0,0.0,0.0,22.5,Tiruchirappalli (Kaveri Basin),10.7905,78.7047,Tamil Nadu,0.0,5.6,0,0
2025-09-30,0.0,0.0,0.0,24.1,Kanyakumari (Southern Coast),8.1833,77.4119,Tamil Nadu,0.0,0.0,0,0
2025-09-30,0.0,0.0,0.0,10.7,Salem (Northern Inland),11.6643,78.146,Tamil Nadu,0.0,0.0,0,0
2025-09-30,0.0,0.0,0.0,15.7,Nilgiris (Hill Station Zone),11.4102,76.695,Tamil Nadu,0.0,0.0,0,0
2025-09-30,0.0,0.0,0.0,19.6,Cuddalore (Coastal Central),11.748,79.7714,Tamil Nadu,0.0,0.0,0,0
2025-09-30,0.0,0.0,0.0,22.3,Madurai (Southern Plains),9.9252,78.1198,Tamil Nadu,0.0,0.0,0,0
2025-09-30,0.0,0.0,0.0,16.8,Nagapattinam (Delta Coast),10.7656,79.8424,Tamil Nadu,0.0,0.0,0,0
2025-10-01,0.0,0.0,0.0,15.5,Nagapattinam (Delta Coast),10.7656,79.8424,Tamil Nadu,0.0,0.0,0,0
2025-10-01,0.1,0.1,1.0,23.1,Madurai (Southern Plains),9.9252,78.1198,Tamil Nadu,0.1,0.1,0,0
2025-10-01,0.8,0.8,1.0,21.2,Coimbatore (Western Inland),11.0168,76.9558,Tamil Nadu,0.9,0.9,0,0
2025-10-01,0.0,0.0,0.0,17.2,Cuddalore (Coastal Central),11.748,79.7714,Tamil Nadu,0.9,0.9,0,0
2025-10-01,1.4,1.4,5.0,15.5,Nilgiris (Hill Station Zone),11.4102,76.695,Tamil Nadu,2.2,2.3,0,0
2025-10-01,0.6,0.6,2.0,18.8,Vellore (Palar Basin),12.9165,79.1325,Tamil Nadu,2.0,2.9,0,0
2025-10-01,0.1,0.1,1.0,21.5,Tiruchirappalli (Kaveri Basin),10.7905,78.7047,Tamil Nadu,2.1,3.0,0,0
2025-10-01,0.0,0.0,0.0,8.8,Salem (Northern Inland),11.6643,78.146,Tamil Nadu,0.7,3.0,0,0
2025-10-01,0.3,0.3,2.0,13.4,Chennai (Coastal North),13.0827,80.2707,Tamil Nadu,0.4,3.2,0,0
2025-10-01,0.4,0.4,3.0,23.1,Kanyakumari (Southern Coast),8.1833,77.4119,Tamil Nadu,0.7,2.8,0,0
2025-10-02,0.1,0.1,1.0,17.4,Cuddalore (Coastal Central),11.748,79.7714,Tamil Nadu,0.8,2.9,0,0
2025-10-02,1.1,1.1,4.0,19.9,Tiruchirappalli (Kaveri Basin),10.7905,78.7047,Tamil Nadu,1.6,2.6,0,0
2025-10-02,0.2,0.2,2.0,13.6,Chennai (Coastal North),13.0827,80.2707,Tamil Nadu,1.4,2.2,0,0
2025-10-02,0.3,0.3,1.0,12.7,Salem (Northern Inland),11.6643,78.146,Tamil Nadu,1.6,2.4,0,0
2025-10-02,0.6,0.6,2.0,22.3,Kanyakumari (Southern Coast),8.1833,77.4119,Tamil Nadu,1.1,3.0,0,0
2025-10-02,3.8,3.8,5.0,16.4,Coimbatore (Western Inland),11.0168,76.9558,Tamil Nadu,4.7,6.5,0,0
2025-10-02,1.5,1.5,6.0,9.9,Nilgiris (Hill Station Zone),11.4102,76.695,Tamil Nadu,5.9,7.6,0,0
2025-10-02,0.0,0.0,0.0,15.8,Nagapattinam (Delta Coast),10.7656,79.8424,Tamil Nadu,5.3,7.5,0,0
2025-10-02,1.1,1.1,3.0,14.6,Madurai (Southern Plains),9.9252,78.1198,Tamil Nadu,2.6,7.5,0,0
2025-10-02,1.7,1.7,2.0,19.1,Vellore (Palar Basin),12.9165,79.1325,Tamil Nadu,2.8,9.0,0,0
2025-10-03,0.6,0.6,3.0,14.2,Chennai (Coastal North),13.0827,80.2707,Tamil Nadu,3.4,9.3,0,0
2025-10-03,2.6,2.6,2.0,13.3,Madurai (Southern Plains),9.9252,78.1198,Tamil Nadu,4.9,11.3,0,0
2025-10-03,0.0,0.0,0.0,9.2,Salem (Northern Inland),11.6643,78.146,Tamil Nadu,3.2,7.5,0,0
2025-10-03,1.2,1.2,5.0,20.0,Cuddalore (Coastal Central),11.748,79.7714,Tamil Nadu,3.8,7.2,0,0
2025-10-03,0.6,0.6,2.0,11.0,Vellore (Palar Basin),12.9165,79.1325,Tamil Nadu,1.8,7.8,0,0
2025-10-03,5.3,5.3,2.0,15.7,Coimbatore (Western Inland),11.0168,76.9558,Tamil Nadu,7.1,12.0,0,0
2025-10-03,8.8,8.8,6.0,17.1,Tiruchirappalli (Kaveri Basin),10.7905,78.7047,Tamil Nadu,14.7,19.1,0,0
2025-10-03,1.6,1.6,7.0,12.4,Nilgiris (Hill Station Zone),11.4102,76.695,Tamil Nadu,15.7,20.1,0,0
2025-10-03,0.7,0.7,3.0,18.8,Kanyakumari (Southern Coast),8.1833,77.4119,Tamil Nadu,11.1,18.2,0,0
2025-10-03,1.5,1.5,7.0,14.0,Nagapattinam (Delta Coast),10.7656,79.8424,Tamil Nadu,3.8,19.7,0,0
2025-10-04,7.1,7.1,7.0,21.0,Chennai (Coastal North),13.0827,80.2707,Tamil Nadu,9.3,25.6,0,0
2025-10-04,16.4,16.4,7.0,14.9,Cuddalore (Coastal Central),11.748,79.7714,Tamil Nadu,25.0,41.4,0,0
2025-10-04,34.4,34.4,11.0,13.2,Vellore (Palar Basin),12.9165,79.1325,Tamil Nadu,57.9,70.5,0,0
2025-10-04,1.5,1.5,7.0,10.4,Nilgiris (Hill Station Zone),11.4102,76.695,Tamil Nadu,52.3,63.2,0,0
2025-10-04,1.8,1.8,5.0,16.9,Kanyakumari (Southern Coast),8.1833,77.4119,Tamil Nadu,37.7,63.4,0,0
2025-10-04,7.5,7.5,10.0,10.5,Madurai (Southern Plains),9.9252,78.1198,Tamil Nadu,10.8,70.2,0,0
2025-10-04,14.4,14.4,11.0,10.3,Coimbatore (Western Inland),11.0168,76.9558,Tamil Nadu,23.7,83.1,0,0
2025-10-04,3.7,3.7,4.0,9.4,Nagapattinam (Delta Coast),10.7656,79.8424,Tamil Nadu,25.6,79.7,0,0
2025-10-04,14.9,14.9,12.0,9.4,Salem (Northern Inland),11.6643,78.146,Tamil Nadu,33.0,78.2,0,0
2025-10-04,9.2,9.2,8.0,14.9,Tiruchirappalli (Kaveri Basin),10.7905,78.7047,Tamil Nadu,27.8,53.0,0,0
2025-10-05,0.1,0.1,1.0,14.9,Salem (Northern Inland),11.6643,78.146,Tamil Nadu,24.2,51.6,0,0
2025-10-05,0.3,0.3,2.0,21.1,Kanyakumari (Southern Coast),8.1833,77.4119,Tamil Nadu,9.6,50.1,0,0
2025-10-05,27.1,27.1,8.0,13.5,Madurai (Southern Plains),9.9252,78.1198,Tamil Nadu,27.5,69.7,0,0
2025-10-05,3.4,3.4,9.0,10.6,Nilgiris (Hill Station Zone),11.4102,76.695,Tamil Nadu,30.8,58.7,0,0
2025-10-05,2.5,2.5,8.0,14.6,Tiruchirappalli (Kaveri Basin),10.7905,78.7047,Tamil Nadu,33.0,57.5,0,0
2025-10-05,3.3,3.3,5.0,17.0,Coimbatore (Western Inland),11.0168,76.9558,Tamil Nadu,9.2,45.9,0,0
2025-10-05,4.7,4.7,7.0,13.4,Vellore (Palar Basin),12.9165,79.1325,Tamil Nadu,10.5,41.4,0,0
2025-10-05,3.6,3.6,3.0,18.1,Cuddalore (Coastal Central),11.748,79.7714,Tamil Nadu,11.6,44.9,0,0
2025-10-05,7.0,7.0,3.0,15.4,Nagapattinam (Delta Coast),10.7656,79.8424,Tamil Nadu,15.3,51.6,0,0
2025-10-05,12.4,12.4,6.0,12.9,Chennai (Coastal North),13.0827,80.2707,Tamil Nadu,23.0,36.9,0,0
2025-10-06,0.0,0.0,0.0,12.1,Salem (Northern Inland),11.6643,78.146,Tamil Nadu,19.4,33.5,0,0
2025-10-06,0.0,0.0,0.0,12.6,Madurai (Southern Plains),9.9252,78.1198,Tamil Nadu,12.4,31.0,0,0
2025-10-06,0.0,0.0,0.0,15.8,Tiruchirappalli (Kaveri Basin),10.7905,78.7047,Tamil Nadu,0.0,27.7,0,0
2025-10-06,2.9,2.9,5.0,10.5,Nilgiris (Hill Station Zone),11.4102,76.695,Tamil Nadu,2.9,25.9,0,0
2025-10-06,0.4,0.4,3.0,10.1,Cuddalore (Coastal Central),11.748,79.7714,Tamil Nadu,3.3,22.7,0,0
2025-10-06,1.8,1.8,5.0,13.0,Vellore (Palar Basin),12.9165,79.1325,Tamil Nadu,5.1,17.5,0,0
2025-10-06,1.3,1.3,3.0,19.9,Kanyakumari (Southern Coast),8.1833,77.4119,Tamil Nadu,3.5,6.4,0,0
2025-10-06,10.7,10.7,4.0,12.2,Chennai (Coastal North),13.0827,80.2707,Tamil Nadu,13.8,17.1,0,0
2025-10-06,1.2,1.2,4.0,15.0,Coimbatore (Western Inland),11.0168,76.9558,Tamil Nadu,13.2,18.3,0,0
2025-10-06,7.0,7.0,5.0,8.3,Nagapattinam (Delta Coast),10.7656,79.8424,Tamil Nadu,18.9,25.3,0,0
2025-10-07,1.9,1.9,6.0,19.2,Kanyakumari (Southern Coast),8.1833,77.4119,Tamil Nadu,10.1,24.3,0,0
2025-10-07,0.4,0.4,2.0,8.1,Vellore (Palar Basin),12.9165,79.1325,Tamil Nadu,9.3,24.3,0,0
2025-10-07,1.7,1.7,6.0,10.6,Cuddalore (Coastal Central),11.748,79.7714,Tamil Nadu,4.0,24.2,0,0
2025-10-07,7.8,7.8,8.0,8.6,Chennai (Coastal North),13.0827,80.2707,Tamil Nadu,9.9,30.7,0,0
2025-10-07,10.3,10.3,8.0,12.8,Tiruchirappalli (Kaveri Basin),10.7905,78.7047,Tamil Nadu,19.8,30.3,0,0
2025-10-07,5.1,5.1,11.0,11.9,Nagapattinam (Delta Coast),10.7656,79.8424,Tamil Nadu,23.2,34.2,0,0
2025-10-07,0.0,0.0,0.0,16.5,Coimbatore (Western Inland),11.0168,76.9558,Tamil Nadu,15.4,27.2,0,0
2025-10-07,0.6,0.6,2.0,10.8,Salem (Northern Inland),11.6643,78.146,Tamil Nadu,5.7,25.9,0,0
2025-10-07,9.0,9.0,3.0,8.6,Madurai (Southern Plains),9.9252,78.1198,Tamil Nadu,9.6,34.5,0,0
2025-10-07,0.1,0.1,1.0,12.6,Nilgiris (Hill Station Zone),11.4102,76.695,Tamil Nadu,9.7,32.9,0,0
2025-10-08,13.6,13.6,10.0,17.9,Tiruchirappalli (Kaveri Basin),10.7905,78.7047,Tamil Nadu,22.7,38.7,0,0
2025-10-08,1.4,1.4,5.0,12.1,Chennai (Coastal North),13.0827,80.2707,Tamil Nadu,15.1,29.8,0,0
2025-10-08,12.4,12.4,11.0,5.1,Nilgiris (Hill Station Zone),11.4102,76.695,Tamil Nadu,27.4,37.1,0,0
2025-10-08,2.3,2.3,7.0,16.3,Coimbatore (Western Inland),11.0168,76.9558,Tamil Nadu,16.1,39.4,0,0
2025-10-08,0.3,0.3,1.0,12.7,Cuddalore (Coastal Central),11.748,79.7714,Tamil Nadu,15.0,39.1,0,0
2025-10-08,1.9,1.9,6.0,17.1,Kanyakumari (Southern Coast),8.1833,77.4119,Tamil Nadu,4.5,32.0,0,0
2025-10-08,12.6,12.6,11.0,9.4,Vellore (Palar Basin),12.9165,79.1325,Tamil Nadu,14.8,44.5,0,0
2025-10-08,2.7,2.7,5.0,11.0,Nagapattinam (Delta Coast),10.7656,79.8424,Tamil Nadu,17.2,33.6,0,0
2025-10-08,13.9,13.9,11.0,9.2,Madurai (Southern Plains),9.9252,78.1198,Tamil Nadu,29.2,46.1,0,0
2025-10-08,7.9,7.9,12.0,10.8,Salem (Northern Inland),11.6643,78.146,Tamil Nadu,24.5,41.6,0,0
2025-10-09,11.8,11.8,4.0,13.0,Madurai (Southern Plains),9.9252,78.1198,Tamil Nadu,33.6,51.1,0,0
2025-10-09,1.2,1.2,6.0,16.0,Coimbatore (Western Inland),11.0168,76.9558,Tamil Nadu,20.9,52.0,0,0
2025-10-09,17.2,17.2,15.0,6.9,Nilgiris (Hill Station Zone),11.4102,76.695,Tamil Nadu,30.2,67.3,0,0
2025-10-09,3.1,3.1,5.0,18.6,Kanyakumari (Southern Coast),8.1833,77.4119,Tamil Nadu,21.5,57.8,0,0
2025-10-09,1.8,1.8,6.0,12.7,Nagapattinam (Delta Coast),10.7656,79.8424,Tamil Nadu,22.1,56.9,0,0
2025-10-09,10.3,10.3,8.0,10.4,Chennai (Coastal North),13.0827,80.2707,Tamil Nadu,15.2,53.3,0,0
2025-10-09,4.8,4.8,2.0,10.5,Salem (Northern Inland),11.6643,78.146,Tamil Nadu,16.9,50.2,0,0
2025-10-09,3.7,3.7,6.0,17.2,Cuddalore (Coastal Central),11.748,79.7714,Tamil Nadu,18.8,42.1,0,0
2025-10-09,2.0,2.0,4.0,12.6,Tiruchirappalli (Kaveri Basin),10.7905,78.7047,Tamil Nadu,10.5,42.9,0,0
2025-10-09,20.8,20.8,11.0,11.8,Vellore (Palar Basin),12.9165,79.1325,Tamil Nadu,26.5,46.5,0,0
2025-10-10,2.2,2.2,2.0,9.7,Madurai (Southern Plains),9.9252,78.1198,Tamil Nadu,25.0,45.6,0,0
2025-10-10,2.2,2.2,4.0,15.5,Coimbatore (Western Inland),11.0168,76.9558,Tamil Nadu,25.2,46.0,0,0
2025-10-10,6.5,6.5,8.0,15.5,Salem (Northern Inland),11.6643,78.146,Tamil Nadu,10.9,42.2,0,0
2025-10-10,31.6,31.6,10.0,12.6,Cuddalore (Coastal Central),11.748,79.7714,Tamil Nadu,40.3,69.0,0,0
2025-10-10,15.2,15.2,11.0,10.7,Vellore (Palar Basin),12.9165,79.1325,Tamil Nadu,53.3,80.5,0,0
2025-10-10,5.0,5.0,8.0,15.1,Nagapattinam (Delta Coast),10.7656,79.8424,Tamil Nadu,51.8,83.5,0,0
2025-10-10,5.3,5.3,5.0,9.5,Tiruchirappalli (Kaveri Basin),10.7905,78.7047,Tamil Nadu,25.5,68.0,0,0
2025-10-10,8.0,8.0,4.0,10.9,Nilgiris (Hill Station Zone),11.4102,76.695,Tamil Nadu,18.3,73.8,0,0
2025-10-10,5.4,5.4,7.0,16.1,Kanyakumari (Southern Coast),8.1833,77.4119,Tamil Nadu,18.7,77.0,0,0
2025-10-10,0.4,0.4,3.0,11.5,Chennai (Coastal North),13.0827,80.2707,Tamil Nadu,13.8,70.9,0,0
2025-10-11,7.1,7.1,6.0,10.2,Madurai (Southern Plains),9.9252,78.1198,Tamil Nadu,12.9,46.4,0,0
2025-10-11,21.8,21.8,16.0,5.4,Nilgiris (Hill Station Zone),11.4102,76.695,Tamil Nadu,29.3,53.0,0,0
2025-10-11,7.3,7.3,10.0,11.0,Salem (Northern Inland),11.6643,78.146,Tamil Nadu,36.2,55.3,0,0
2025-10-11,12.1,12.1,10.0,11.9,Nagapattinam (Delta Coast),10.7656,79.8424,Tamil Nadu,41.2,62.1,0,0
2025-10-11,0.0,0.0,0.0,18.5,Kanyakumari (Southern Coast),8.1833,77.4119,Tamil Nadu,19.4,54.1,0,0
2025-10-11,12.4,12.4,6.0,9.2,Coimbatore (Western Inland),11.0168,76.9558,Tamil Nadu,24.5,61.1,0,0
2025-10-11,15.9,15.9,9.0,10.3,Cuddalore (Coastal Central),11.748,79.7714,Tamil Nadu,28.3,76.6,0,0
2025-10-11,2.6,2.6,6.0,14.4,Chennai (Coastal North),13.0827,80.2707,Tamil Nadu,30.9,72.1,0,0
2025-10-11,22.1,22.1,8.0,17.8,Tiruchirappalli (Kaveri Basin),10.7905,78.7047,Tamil Nadu,40.6,72.4,0,0
2025-10-11,1.5,1.5,4.0,12.8,Vellore (Palar Basin),12.9165,79.1325,Tamil Nadu,26.2,66.6,0,0
2025-10-12,11.7,11.7,6.0,15.1,Coimbatore (Western Inland),11.0168,76.9558,Tamil Nadu,35.3,66.2,0,0
2025-10-12,37.3,37.3,8.0,13.0,Kanyakumari (Southern Coast),8.1833,77.4119,Tamil Nadu,50.5,103.5,0,0
2025-10-12,1.1,1.1,6.0,11.5,Vellore (Palar Basin),12.9165,79.1325,Tamil Nadu,50.1,92.2,0,0
2025-10-12,1.0,1.0,5.0,10.8,Cuddalore (Coastal Central),11.748,79.7714,Tamil Nadu,39.4,77.3,0,0
2025-10-12,2.1,2.1,3.0,11.2,Nagapattinam (Delta Coast),10.7656,79.8424,Tamil Nadu,4.2,76.8,0,0
2025-10-12,0.9,0.9,7.0,16.4,Salem (Northern Inland),11.6643,78.146,Tamil Nadu,4.0,55.6,0,0
2025-10-12,1.8,1.8,9.0,11.2,Chennai (Coastal North),13.0827,80.2707,Tamil Nadu,4.8,55.9,0,0
2025-10-12,1.6,1.6,4.0,11.4,Tiruchirappalli (Kaveri Basin),10.7905,78.7047,Tamil Nadu,4.3,45.8,0,0
2025-10-12,4.6,4.6,12.0,12.3,Nilgiris (Hill Station Zone),11.4102,76.695,Tamil Nadu,8.0,13.1,0,0
2025-10-12,4.8,4.8,4.0,14.8,Madurai (Southern Plains),9.9252,78.1198,Tamil Nadu,11.0,16.8,0,0
2025-10-13,7.3,7.3,5.0,10.1,Coimbatore (Western Inland),11.0168,76.9558,Tamil Nadu,16.7,23.1,0,0
2025-10-13,10.2,10.2,14.0,12.9,Chennai (Coastal North),13.0827,80.2707,Tamil Nadu,22.3,31.2,0,0
2025-10-13,11.5,11.5,9.0,12.6,Kanyakumari (Southern Coast),8.1833,77.4119,Tamil Nadu,29.0,41.8,0,0
2025-10-13,6.6,6.6,10.0,14.1,Nagapattinam (Delta Coast),10.7656,79.8424,Tamil Nadu,28.3,46.6,0,0
2025-10-13,2.4,2.4,11.0,11.5,Vellore (Palar Basin),12.9165,79.1325,Tamil Nadu,20.5,47.4,0,0
2025-10-13,18.0,18.0,10.0,15.7,Tiruchirappalli (Kaveri Basin),10.7905,78.7047,Tamil Nadu,27.0,60.8,0,0
2025-10-13,7.4,7.4,10.0,10.4,Cuddalore (Coastal Central),11.748,79.7714,Tamil Nadu,27.8,63.4,0,0
2025-10-13,4.9,4.9,7.0,14.6,Salem (Northern Inland),11.6643,78.146,Tamil Nadu,30.3,61.0,0,0
2025-10-13,16.9,16.9,7.0,14.1,Madurai (Southern Plains),9.9252,78.1198,Tamil Nadu,29.2,67.7,0,0
2025-10-13,4.0,4.0,8.0,9.8,Nilgiris (Hill Station Zone),11.4102,76.695,Tamil Nadu,25.8,60.2,0,0
2025-10-14,28.1,28.1,9.0,10.9,Kanyakumari (Southern Coast),8.1833,77.4119,Tamil Nadu,49.0,81.7,0,0
2025-10-14,38.8,38.8,15.0,14.9,Coimbatore (Western Inland),11.0168,76.9558,Tamil Nadu,70.9,118.1,0,0
2025-10-14,4.2,4.2,9.0,16.8,Salem (Northern Inland),11.6643,78.146,Tamil Nadu,71.1,104.3,0,0
2025-10-14,7.7,7.7,13.0,17.6,Nagapattinam (Delta Coast),10.7656,79.8424,Tamil Nadu,50.7,104.6,0,0
2025-10-14,9.0,9.0,13.0,17.8,Cuddalore (Coastal Central),11.748,79.7714,Tamil Nadu,20.9,108.7,0,0
2025-10-14,8.8,8.8,9.0,13.3,Vellore (Palar Basin),12.9165,79.1325,Tamil Nadu,25.5,100.6,0,0
2025-10-14,31.6,31.6,16.0,15.9,Tiruchirappalli (Kaveri Basin),10.7905,78.7047,Tamil Nadu,49.4,128.2,0,0
2025-10-14,33.5,33.5,15.0,14.9,Madurai (Southern Plains),9.9252,78.1198,Tamil Nadu,73.9,133.6,0,0
2025-10-14,5.3,5.3,12.0,9.5,Nilgiris (Hill Station Zone),11.4102,76.695,Tamil Nadu,70.4,100.1,0,0
2025-10-14,9.9,9.9,10.0,12.7,Chennai (Coastal North),13.0827,80.2707,Tamil Nadu,48.7,105.8,0,0
2025-10-15,19.0,19.0,21.0,12.4,Vellore (Palar Basin),12.9165,79.1325,Tamil Nadu,34.2,117.1,0,0
2025-10-15,28.9,28.9,13.0,9.1,Kanyakumari (Southern Coast),8.1833,77.4119,Tamil Nadu,57.8,137.0,0,0
2025-10-15,3.4,3.4,15.0,12.1,Nilgiris (Hill Station Zone),11.4102,76.695,Tamil Nadu,51.3,131.6,0,0
2025-10-15,11.9,11.9,15.0,14.9,Tiruchirappalli (Kaveri Basin),10.7905,78.7047,Tamil Nadu,44.2,111.9,0,0
2025-10-15,4.9,4.9,8.0,10.0,Salem (Northern Inland),11.6643,78.146,Tamil Nadu,20.2,83.3,0,0
2025-10-15,6.6,6.6,7.0,14.4,Madurai (Southern Plains),9.9252,78.1198,Tamil Nadu,23.4,84.6,0,0
2025-10-15,35.3,35.3,21.0,18.0,Chennai (Coastal North),13.0827,80.2707,Tamil Nadu,46.8,110.0,0,0
2025-10-15,8.8,8.8,16.0,12.7,Coimbatore (Western Inland),11.0168,76.9558,Tamil Nadu,50.7,99.8,0,0
2025-10-15,33.9,33.9,23.0,17.8,Cuddalore (Coastal Central),11.748,79.7714,Tamil Nadu,78.0,104.8,0,0
2025-10-15,24.4,24.4,24.0,20.6,Nagapattinam (Delta Coast),10.7656,79.8424,Tamil Nadu,67.1,125.8,0,0
2025-10-16,25.0,25.0,19.0,13.5,Nagapattinam (Delta Coast),10.7656,79.8424,Tamil Nadu,83.3,138.9,0,0
2025-10-16,13.6,13.6,17.0,15.5,Tiruchirappalli (Kaveri Basin),10.7905,78.7047,Tamil Nadu,63.0,147.6,0,0
2025-10-16,1.3,1.3,4.0,17.7,Salem (Northern Inland),11.6643,78.146,Tamil Nadu,39.9,142.3,0,0
2025-10-16,23.3,23.3,19.0,12.9,Madurai (Southern Plains),9.9252,78.1198,Tamil Nadu,38.2,130.3,0,0
2025-10-16,14.5,14.5,19.0,18.3,Vellore (Palar Basin),12.9165,79.1325,Tamil Nadu,39.1,136.0,0,0
2025-10-16,8.3,8.3,14.0,17.3,Coimbatore (Western Inland),11.0168,76.9558,Tamil Nadu,46.1,110.4,0,0
2025-10-16,20.7,20.7,23.0,14.7,Chennai (Coastal North),13.0827,80.2707,Tamil Nadu,43.5,106.7,0,0
2025-10-16,5.4,5.4,11.0,14.9,Nilgiris (Hill Station Zone),11.4102,76.695,Tamil Nadu,34.4,87.1,0,0
2025-10-16,20.5,20.5,20.0,16.1,Cuddalore (Coastal Central),11.748,79.7714,Tamil Nadu,46.6,94.0,0,0
2025-10-16,41.7,41.7,17.0,13.3,Kanyakumari (Southern Coast),8.1833,77.4119,Tamil Nadu,67.6,134.4,0,0
2025-10-17,32.7,32.7,12.0,16.1,Coimbatore (Western Inland),11.0168,76.9558,Tamil Nadu,94.9,143.8,0,0
2025-10-17,32.2,32.2,21.0,17.0,Nagapattinam (Delta Coast),10.7656,79.8424,Tamil Nadu,106.6,161.5,0,0
2025-10-17,24.9,24.9,22.0,9.2,Kanyakumari (Southern Coast),8.1833,77.4119,Tamil Nadu,89.8,178.1,0,0
2025-10-17,7.1,7.1,15.0,13.9,Vellore (Palar Basin),12.9165,79.1325,Tamil Nadu,64.2,164.5,0,0
2025-10-17,38.3,38.3,17.0,18.7,Tiruchirappalli (Kaveri Basin),10.7905,78.7047,Tamil Nadu,70.3,197.4,0,0
2025-10-17,21.9,21.9,19.0,12.6,Madurai (Southern Plains),9.9252,78.1198,Tamil Nadu,67.3,198.8,0,0
2025-10-17,27.6,27.6,18.0,17.7,Cuddalore (Coastal Central),11.748,79.7714,Tamil Nadu,87.8,184.7,0,0
2025-10-17,13.7,13.7,23.0,13.5,Chennai (Coastal North),13.0827,80.2707,Tamil Nadu,63.2,165.7,0,0
2025-10-17,6.4,6.4,12.0,14.8,Nilgiris (Hill Station Zone),11.4102,76.695,Tamil Nadu,47.7,139.9,0,0
2025-10-17,10.8,10.8,9.0,17.7,Salem (Northern Inland),11.6643,78.146,Tamil Nadu,30.9,125.8,0,0
2025-10-18,12.8,12.8,14.0,8.8,Kanyakumari (Southern Coast),8.1833,77.4119,Tamil Nadu,30.0,131.5,0,0
2025-10-18,4.1,4.1,12.0,12.2,Tiruchirappalli (Kaveri Basin),10.7905,78.7047,Tamil Nadu,27.7,97.3,0,0
2025-10-18,2.9,2.9,4.0,14.8,Salem (Northern Inland),11.6643,78.146,Tamil Nadu,19.8,78.3,0,0
2025-10-18,27.5,27.5,20.0,8.4,Chennai (Coastal North),13.0827,80.2707,Tamil Nadu,34.5,78.2,0,0
2025-10-18,23.7,23.7,15.0,13.5,Coimbatore (Western Inland),11.0168,76.9558,Tamil Nadu,54.1,88.2,0,0
2025-10-18,16.1,16.1,12.0,12.4,Madurai (Southern Plains),9.9252,78.1198,Tamil Nadu,67.3,97.9,0,0
2025-10-18,7.7,7.7,11.0,14.0,Nagapattinam (Delta Coast),10.7656,79.8424,Tamil Nadu,47.5,94.8,0,0
2025-10-18,11.5,11.5,17.0,11.9,Vellore (Palar Basin),12.9165,79.1325,Tamil Nadu,35.3,93.5,0,0
2025-10-18,1.8,1.8,9.0,12.6,Nilgiris (Hill Station Zone),11.4102,76.695,Tamil Nadu,21.0,91.2,0,0
2025-10-18,10.2,10.2,21.0,14.4,Cuddalore (Coastal Central),11.748,79.7714,Tamil Nadu,23.5,98.5,0,0
2025-10-19,22.4,22.4,18.0,14.0,Cuddalore (Coastal Central),11.748,79.7714,Tamil Nadu,34.4,93.4,0,0
2025-10-19,16.9,16.9,15.0,11.4,Coimbatore (Western Inland),11.0168,76.9558,Tamil Nadu,49.5,86.6,0,0
2025-10-19,9.1,9.1,15.0,11.4,Tiruchirappalli (Kaveri Basin),10.7905,78.7047,Tamil Nadu,48.4,79.6,0,0
2025-10-19,24.4,24.4,19.0,14.5,Nagapattinam (Delta Coast),10.7656,79.8424,Tamil Nadu,50.4,96.3,0,0
2025-10-19,24.0,24.0,18.0,9.1,Kanyakumari (Southern Coast),8.1833,77.4119,Tamil Nadu,57.5,108.8,0,0
2025-10-19,6.0,6.0,4.0,9.9,Nilgiris (Hill Station Zone),11.4102,76.695,Tamil Nadu,54.4,113.0,0,0
2025-10-19,2.1,2.1,10.0,13.5,Salem (Northern Inland),11.6643,78.146,Tamil Nadu,32.1,104.9,0,0
2025-10-19,10.8,10.8,17.0,13.6,Madurai (Southern Plains),9.9252,78.1198,Tamil Nadu,18.9,93.3,0,0
2025-10-19,18.9,18.9,16.0,9.9,Vellore (Palar Basin),12.9165,79.1325,Tamil Nadu,31.8,95.3,0,0
2025-10-19,7.8,7.8,14.0,9.2,Chennai (Coastal North),13.0827,80.2707,Tamil Nadu,37.5,94.0,0,0
2025-10-20,23.2,23.2,20.0,13.9,Chennai (Coastal North),13.0827,80.2707,Tamil Nadu,49.9,92.8,0,0
2025-10-20,38.2,38.2,23.0,16.5,Nagapattinam (Delta Coast),10.7656,79.8424,Tamil Nadu,69.2,107.0,0,0
2025-10-20,17.2,17.2,23.0,17.2,Cuddalore (Coastal Central),11.748,79.7714,Tamil Nadu,78.6,118.2,0,0
2025-10-20,10.6,10.6,14.0,12.1,Coimbatore (Western Inland),11.0168,76.9558,Tamil Nadu,66.0,126.7,0,0
2025-10-20,9.8,9.8,17.0,13.4,Vellore (Palar Basin),12.9165,79.1325,Tamil Nadu,37.6,125.7,0,0
2025-10-20,2.4,2.4,10.0,11.1,Nilgiris (Hill Station Zone),11.4102,76.695,Tamil Nadu,22.8,109.2,0,0
2025-10-20,3.3,3.3,6.0,13.5,Salem (Northern Inland),11.6643,78.146,Tamil Nadu,15.5,104.7,0,0
2025-10-20,20.5,20.5,18.0,12.9,Tiruchirappalli (Kaveri Basin),10.7905,78.7047,Tamil Nadu,26.2,102.0,0,0
2025-10-20,25.1,25.1,22.0,8.6,Kanyakumari (Southern Coast),8.1833,77.4119,Tamil Nadu,48.9,88.9,0,0
2025-10-20,12.7,12.7,16.0,13.4,Madurai (Southern Plains),9.9252,78.1198,Tamil Nadu,58.3,84.4,0,0
2025-10-21,24.4,24.4,18.0,13.4,Vellore (Palar Basin),12.9165,79.1325,Tamil Nadu,62.2,98.2,0,0
2025-10-21,11.7,11.7,15.0,4.0,Salem (Northern Inland),11.6643,78.146,Tamil Nadu,48.8,100.1,0,0
2025-10-21,42.0,42.0,24.0,19.7,Cuddalore (Coastal Central),11.748,79.7714,Tamil Nadu,78.1,139.7,0,0
2025-10-21,39.3,39.3,23.0,15.6,Tiruchirappalli (Kaveri Basin),10.7905,78.7047,Tamil Nadu,93.0,175.7,0,0
2025-10-21,40.1,40.1,24.0,18.3,Nagapattinam (Delta Coast),10.7656,79.8424,Tamil Nadu,121.4,195.3,0,0
2025-10-21,21.2,21.2,18.0,10.6,Kanyakumari (Southern Coast),8.1833,77.4119,Tamil Nadu,100.6,191.4,0,0
2025-10-21,25.4,25.4,23.0,7.3,Madurai (Southern Plains),9.9252,78.1198,Tamil Nadu,86.7,204.1,0,0
2025-10-21,8.9,8.9,19.0,8.7,Coimbatore (Western Inland),11.0168,76.9558,Tamil Nadu,55.5,188.6,0,0
2025-10-21,21.7,21.7,16.0,11.3,Nilgiris (Hill Station Zone),11.4102,76.695,Tamil Nadu,56.0,198.6,0,0
2025-10-21,28.9,28.9,23.0,18.0,Chennai (Coastal North),13.0827,80.2707,Tamil Nadu,59.5,185.5,0,0
2025-10-22,38.5,38.5,22.0,21.5,Chennai (Coastal North),13.0827,80.2707,Tamil Nadu,89.1,184.7,0,0
2025-10-22,26.0,26.0,21.0,17.7,Vellore (Palar Basin),12.9165,79.1325,Tamil Nadu,93.4,170.6,0,0
2025-10-22,6.7,6.7,13.0,11.8,Madurai (Southern Plains),9.9252,78.1198,Tamil Nadu,71.2,156.1,0,0
2025-10-22,41.3,41.3,20.0,7.4,Salem (Northern Inland),11.6643,78.146,Tamil Nadu,74.0,172.0,0,0
2025-10-22,3.6,3.6,14.0,13.8,Coimbatore (Western Inland),11.0168,76.9558,Tamil Nadu,51.6,166.7,0,0
2025-10-22,23.3,23.3,14.0,11.2,Tiruchirappalli (Kaveri Basin),10.7905,78.7047,Tamil Nadu,68.2,168.3,0,0
2025-10-22,43.4,43.4,17.0,15.6,Cuddalore (Coastal Central),11.748,79.7714,Tamil Nadu,70.3,182.8,0,0
2025-10-22,11.1,11.1,14.0,16.4,Kanyakumari (Southern Coast),8.1833,77.4119,Tamil Nadu,77.8,155.4,0,0
2025-10-22,40.3,40.3,21.0,8.1,Nilgiris (Hill Station Zone),11.4102,76.695,Tamil Nadu,94.8,169.7,0,0
2025-10-22,1.3,1.3,9.0,17.8,Nagapattinam (Delta Coast),10.7656,79.8424,Tamil Nadu,52.7,164.3,0,0
2025-10-23,41.2,41.2,24.0,16.6,Kanyakumari (Southern Coast),8.1833,77.4119,Tamil Nadu,82.8,164.2,0,0
2025-10-23,2.3,2.3,7.0,15.8,Salem (Northern Inland),11.6643,78.146,Tamil Nadu,44.8,162.9,0,0
2025-10-23,10.4,10.4,21.0,6.8,Nilgiris (Hill Station Zone),11.4102,76.695,Tamil Nadu,53.9,150.0,0,0
2025-10-23,0.4,0.4,3.0,14.6,Madurai (Southern Plains),9.9252,78.1198,Tamil Nadu,13.1,107.0,0,0
2025-10-23,12.4,12.4,13.0,11.4,Vellore (Palar Basin),12.9165,79.1325,Tamil Nadu,23.2,108.3,0,0
2025-10-23,4.6,4.6,12.0,9.1,Tiruchirappalli (Kaveri Basin),10.7905,78.7047,Tamil Nadu,17.4,72.6,0,0
2025-10-23,1.7,1.7,11.0,19.3,Coimbatore (Western Inland),11.0168,76.9558,Tamil Nadu,18.7,73.0,0,0
2025-10-23,3.9,3.9,8.0,16.8,Nagapattinam (Delta Coast),10.7656,79.8424,Tamil Nadu,10.2,35.7,0,0
2025-10-23,17.1,17.1,13.0,11.2,Chennai (Coastal North),13.0827,80.2707,Tamil Nadu,22.7,50.5,0,0
2025-10-23,18.7,18.7,8.0,11.2,Cuddalore (Coastal Central),11.748,79.7714,Tamil Nadu,39.7,58.8,0,0
2025-10-24,1.8,1.8,6.0,12.4,Madurai (Southern Plains),9.9252,78.1198,Tamil Nadu,37.6,60.2,0,0
2025-10-24,1.1,1.1,3.0,8.1,Salem (Northern Inland),11.6643,78.146,Tamil Nadu,21.6,48.9,0,0
2025-10-24,6.3,6.3,8.0,14.0,Cuddalore (Coastal Central),11.748,79.7714,Tamil Nadu,9.2,50.6,0,0
2025-10-24,1.1,1.1,7.0,15.8,Coimbatore (Western Inland),11.0168,76.9558,Tamil Nadu,8.5,50.0,0,0
2025-10-24,1.1,1.1,4.0,11.3,Tiruchirappalli (Kaveri Basin),10.7905,78.7047,Tamil Nadu,8.5,47.2,0,0
2025-10-24,2.0,2.0,6.0,10.1,Nilgiris (Hill Station Zone),11.4102,76.695,Tamil Nadu,4.2,32.1,0,0
2025-10-24,21.9,21.9,23.0,17.2,Kanyakumari (Southern Coast),8.1833,77.4119,Tamil Nadu,25.0,35.3,0,0
2025-10-24,6.2,6.2,12.0,9.7,Chennai (Coastal North),13.0827,80.2707,Tamil Nadu,30.1,39.7,0,0
2025-10-24,9.8,9.8,8.0,16.5,Nagapattinam (Delta Coast),10.7656,79.8424,Tamil Nadu,37.9,48.4,0,0
2025-10-24,2.2,2.2,10.0,6.2,Vellore (Palar Basin),12.9165,79.1325,Tamil Nadu,18.2,44.3,0,0
2025-10-25,0.2,0.2,2.0,16.2,Coimbatore (Western Inland),11.0168,76.9558,Tamil Nadu,12.2,43.4,0,0
2025-10-25,0.0,0.0,0.0,7.9,Salem (Northern Inland),11.6643,78.146,Tamil Nadu,2.4,42.3,0,0
2025-10-25,24.3,24.3,10.0,8.8,Vellore (Palar Basin),12.9165,79.1325,Tamil Nadu,24.5,64.6,0,0
2025-10-25,18.4,18.4,11.0,11.3,Chennai (Coastal North),13.0827,80.2707,Tamil Nadu,42.7,61.1,0,0
2025-10-25,10.2,10.2,13.0,11.9,Cuddalore (Coastal Central),11.748,79.7714,Tamil Nadu,52.9,65.1,0,0
2025-10-25,0.0,0.0,0.0,7.3,Nilgiris (Hill Station Zone),11.4102,76.695,Tamil Nadu,28.6,55.3,0,0
2025-10-25,0.0,0.0,0.0,13.0,Madurai (Southern Plains),9.9252,78.1198,Tamil Nadu,10.2,53.1,0,0
2025-10-25,4.9,4.9,15.0,18.8,Kanyakumari (Southern Coast),8.1833,77.4119,Tamil Nadu,4.9,57.8,0,0
2025-10-25,4.1,4.1,6.0,12.2,Nagapattinam (Delta Coast),10.7656,79.8424,Tamil Nadu,9.0,61.9,0,0
2025-10-25,0.3,0.3,1.0,13.2,Tiruchirappalli (Kaveri Basin),10.7905,78.7047,Tamil Nadu,9.3,37.9,0,0
2025-10-26,0.7,0.7,5.0,13.6,Coimbatore (Western Inland),11.0168,76.9558,Tamil Nadu,5.1,20.2,0,0
2025-10-26,0.1,0.1,1.0,6.9,Tiruchirappalli (Kaveri Basin),10.7905,78.7047,Tamil Nadu,1.1,10.1,0,0
2025-10-26,0.5,0.5,3.0,9.6,Nagapattinam (Delta Coast),10.7656,79.8424,Tamil Nadu,1.3,10.6,0,0
2025-10-26,0.0,0.0,0.0,10.4,Madurai (Southern Plains),9.9252,78.1198,Tamil Nadu,0.6,10.6,0,0
2025-10-26,0.7,0.7,4.0,6.9,Nilgiris (Hill Station Zone),11.4102,76.695,Tamil Nadu,1.2,6.4,0,0
2025-10-26,0.4,0.4,2.0,9.0,Vellore (Palar Basin),12.9165,79.1325,Tamil Nadu,1.1,2.7,0,0
2025-10-26,0.9,0.9,5.0,10.6,Chennai (Coastal North),13.0827,80.2707,Tamil Nadu,2.0,3.3,0,0
2025-10-26,0.0,0.0,0.0,9.5,Salem (Northern Inland),11.6643,78.146,Tamil Nadu,1.3,2.6,0,0
2025-10-26,0.1,0.1,1.0,11.3,Cuddalore (Coastal Central),11.748,79.7714,Tamil Nadu,1.0,2.6,0,0
2025-10-26,1.0,1.0,5.0,15.9,Kanyakumari (Southern Coast),8.1833,77.4119,Tamil Nadu,1.1,3.1,0,0
2025-10-27,11.5,11.5,17.0,20.2,Nagapattinam (Delta Coast),10.7656,79.8424,Tamil Nadu,12.6,14.6,0,0
2025-10-27,1.4,1.4,9.0,24.4,Kanyakumari (Southern Coast),8.1833,77.4119,Tamil Nadu,13.9,15.3,0,0
2025-10-27,1.4,1.4,9.0,12.9,Nilgiris (Hill Station Zone),11.4102,76.695,Tamil Nadu,14.3,16.3,0,0
2025-10-27,0.1,0.1,1.0,27.6,Tiruchirappalli (Kaveri Basin),10.7905,78.7047,Tamil Nadu,2.9,15.5,0,0
2025-10-27,10.1,10.1,20.0,18.9,Cuddalore (Coastal Central),11.748,79.7714,Tamil Nadu,11.6,25.6,0,0
2025-10-27,44.9,44.9,21.0,26.7,Chennai (Coastal North),13.0827,80.2707,Tamil Nadu,55.1,70.4,0,0
2025-10-27,6.4,6.4,10.0,16.7,Coimbatore (Western Inland),11.0168,76.9558,Tamil Nadu,61.4,75.8,0,0
2025-10-27,7.3,7.3,9.0,21.8,Vellore (Palar Basin),12.9165,79.1325,Tamil Nadu,58.6,71.6,0,0
2025-10-27,1.3,1.3,6.0,14.5,Salem (Northern Inland),11.6643,78.146,Tamil Nadu,15.0,71.5,0,0
2025-10-27,6.3,6.3,6.0,16.6,Madurai (Southern Plains),9.9252,78.1198,Tamil Nadu,14.9,76.4,0,0
2025-10-28,2.1,2.1,9.0,20.7,Nilgiris (Hill Station Zone),11.4102,76.695,Tamil Nadu,9.7,78.4,0,0
2025-10-28,9.7,9.7,18.0,24.9,Kanyakumari (Southern Coast),8.1833,77.4119,Tamil Nadu,18.1,78.0,0,0
2025-10-28,0.1,0.1,1.0,24.6,Tiruchirappalli (Kaveri Basin),10.7905,78.7047,Tamil Nadu,11.9,33.2,0,0
2025-10-28,0.5,0.5,3.0,25.2,Madurai (Southern Plains),9.9252,78.1198,Tamil Nadu,10.3,27.3,0,0
2025-10-28,0.1,0.1,1.0,22.0,Nagapattinam (Delta Coast),10.7656,79.8424,Tamil Nadu,0.7,20.1,0,0
2025-10-28,51.4,51.4,21.0,30.7,Chennai (Coastal North),13.0827,80.2707,Tamil Nadu,52.0,70.2,0,0
2025-10-28,5.1,5.1,10.0,17.7,Cuddalore (Coastal Central),11.748,79.7714,Tamil Nadu,56.6,69.0,0,0
2025-10-28,1.1,1.1,6.0,22.2,Coimbatore (Western Inland),11.0168,76.9558,Tamil Nadu,57.6,68.0,0,0
2025-10-28,21.6,21.6,18.0,18.4,Vellore (Palar Basin),12.9165,79.1325,Tamil Nadu,27.8,79.9,0,0
2025-10-28,0.7,0.7,5.0,9.7,Salem (Northern Inland),11.6643,78.146,Tamil Nadu,23.4,80.5,0,0
2025-10-29,1.0,1.0,7.0,21.1,Coimbatore (Western Inland),11.0168,76.9558,Tamil Nadu,23.3,81.0,0,0
2025-10-29,0.1,0.1,1.0,25.2,Tiruchirappalli (Kaveri Basin),10.7905,78.7047,Tamil Nadu,1.8,81.0,0,0
2025-10-29,0.0,0.0,0.0,27.3,Madurai (Southern Plains),9.9252,78.1198,Tamil Nadu,1.1,29.6,0,0
2025-10-29,1.6,1.6,13.0,26.3,Kanyakumari (Southern Coast),8.1833,77.4119,Tamil Nadu,1.7,26.1,0,0
2025-10-29,0.3,0.3,2.0,16.0,Cuddalore (Coastal Central),11.748,79.7714,Tamil Nadu,1.9,25.3,0,0
2025-10-29,0.0,0.0,0.0,17.9,Chennai (Coastal North),13.0827,80.2707,Tamil Nadu,1.9,3.7,0,0
2025-10-29,1.9,1.9,10.0,19.9,Nilgiris (Hill Station Zone),11.4102,76.695,Tamil Nadu,2.2,4.9,0,0
2025-10-29,0.0,0.0,0.0,13.9,Salem (Northern Inland),11.6643,78.146,Tamil Nadu,1.9,3.9,0,0
2025-10-29,0.0,0.0,0.0,20.4,Nagapattinam (Delta Coast),10.7656,79.8424,Tamil Nadu,1.9,3.8,0,0
2025-10-29,0.0,0.0,0.0,18.9,Vellore (Palar Basin),12.9165,79.1325,Tamil Nadu,0.0,3.8,0,0
2025-10-30,0.0,0.0,0.0,10.3,Nilgiris (Hill Station Zone),11.4102,76.695,Tamil Nadu,0.0,2.2,0,0
2025-10-30,0.1,0.1,1.0,13.8,Cuddalore (Coastal Central),11.748,79.7714,Tamil Nadu,0.1,2.0,0,0
2025-10-30,0.0,0.0,0.0,15.0,Nagapattinam (Delta Coast),10.7656,79.8424,Tamil Nadu,0.1,2.0,0,0
2025-10-30,0.0,0.0,0.0,12.0,Madurai (Southern Plains),9.9252,78.1198,Tamil Nadu,0.1,0.1,0,0
2025-10-30,0.0,0.0,0.0,18.4,Vellore (Palar Basin),12.9165,79.1325,Tamil Nadu,0.0,0.1,0,0
2025-10-30,0.0,0.0,0.0,10.5,Salem (Northern Inland),11.6643,78.146,Tamil Nadu,0.0,0.1,0,0
2025-10-30,0.1,0.1,1.0,12.1,Chennai (Coastal North),13.0827,80.2707,Tamil Nadu,0.1,0.2,0,0
2025-10-30,0.3,0.3,3.0,18.4,Kanyakumari (Southern Coast),8.1833,77.4119,Tamil Nadu,0.4,0.5,0,0
2025-10-30,0.3,0.3,2.0,20.6,Coimbatore (Western Inland),11.0168,76.9558,Tamil Nadu,0.7,0.7,0,0
2025-10-30,0.0,0.0,0.0,10.1,Tiruchirappalli (Kaveri Basin),10.7905,78.7047,Tamil Nadu,0.6,0.7,0,0
2025-10-31,0.0,0.0,0.0,7.3,Madurai (Southern Plains),9.9252,78.1198,Tamil Nadu,0.3,0.7,0,0
2025-10-31,0.0,0.0,0.0,12.1,Chennai (Coastal North),13.0827,80.2707,Tamil Nadu,0.0,0.7,0,0
2025-10-31,0.0,0.0,0.0,11.8,Nagapattinam (Delta Coast),10.7656,79.8424,Tamil Nadu,0.0,0.7,0,0
2025-10-31,0.0,0.0,0.0,11.5,Salem (Northern Inland),11.6643,78.146,Tamil Nadu,0.0,0.6,0,0
2025-10-31,0.0,0.0,0.0,16.5,Coimbatore (Western Inland),11.0168,76.9558,Tamil Nadu,0.0,0.3,0,0
2025-10-31,0.0,0.0,0.0,13.1,Vellore (Palar Basin),12.9165,79.1325,Tamil Nadu,0.0,0.0,0,0
2025-10-31,0.3,0.3,3.0,7.4,Nilgiris (Hill Station Zone),11.4102,76.695,Tamil Nadu,0.3,0.3,0,0
2025-10-31,0.0,0.0,0.0,11.8,Cuddalore (Coastal Central),11.748,79.7714,Tamil Nadu,0.3,0.3,0,0
2025-10-31,0.0,0.0,0.0,20.4,Kanyakumari (Southern Coast),8.1833,77.4119,Tamil Nadu,0.3,0.3,0,0
2025-10-31,0.0,0.0,0.0,12.2,Tiruchirappalli (Kaveri Basin),10.7905,78.7047,Tamil Nadu,0.0,0.3,0,0
2025-11-01,0.2,0.2,2.0,10.6,Nagapattinam (Delta Coast),10.7656,79.8424,Tamil Nadu,0.2,0.5,0,0
2025-11-01,0.0,0.0,0.0,16.9,Coimbatore (Western Inland),11.0168,76.9558,Tamil Nadu,0.2,0.5,0,0
2025-11-01,0.0,0.0,0.0,15.0,Cuddalore (Coastal Central),11.748,79.7714,Tamil Nadu,0.2,0.5,0,0
2025-11-01,0.0,0.0,0.0,16.9,Kanyakumari (Southern Coast),8.1833,77.4119,Tamil Nadu,0.0,0.2,0,0
2025-11-01,0.0,0.0,0.0,11.0,Madurai (Southern Plains),9.9252,78.1198,Tamil Nadu,0.0,0.2,0,0
2025-11-01,0.0,0.0,0.0,10.2,Nilgiris (Hill Station Zone),11.4102,76.695,Tamil Nadu,0.0,0.2,0,0
2025-11-01,0.0,0.0,0.0,9.6,Vellore (Palar Basin),12.9165,79.1325,Tamil Nadu,0.0,0.2,0,0
2025-11-01,0.0,0.0,0.0,13.5,Salem (Northern Inland),11.6643,78.146,Tamil Nadu,0.0,0.0,0,0
2025-11-01,0.6,0.6,2.0,11.6,Chennai (Coastal North),13.0827,80.2707,Tamil Nadu,0.6,0.6,0,0
2025-11-01,0.0,0.0,0.0,12.2,Tiruchirappalli (Kaveri Basin),10.7905,78.7047,Tamil Nadu,0.6,0.6,0,0
2025-11-02,0.0,0.0,0.0,11.8,Nilgiris (Hill Station Zone),11.4102,76.695,Tamil Nadu,0.6,0.6,0,0
2025-11-02,0.0,0.0,0.0,16.1,Coimbatore (Western Inland),11.0168,76.9558,Tamil Nadu,0.0,0.6,0,0
2025-11-02,0.1,0.1,1.0,12.4,Nagapattinam (Delta Coast),10.7656,79.8424,Tamil Nadu,0.1,0.7,0,0
2025-11-02,5.0,5.0,5.0,12.4,Chennai (Coastal North),13.0827,80.2707,Tamil Nadu,5.1,5.7,0,0
2025-11-02,0.0,0.0,0.0,11.1,Tiruchirappalli (Kaveri Basin),10.7905,78.7047,Tamil Nadu,5.1,5.7,0,0
2025-11-02,0.0,0.0,0.0,12.6,Cuddalore (Coastal Central),11.748,79.7714,Tamil Nadu,5.0,5.1,0,0
2025-11-02,1.3,1.3,4.0,11.9,Vellore (Palar Basin),12.9165,79.1325,Tamil Nadu,1.3,6.4,0,0
2025-11-02,0.0,0.0,0.0,11.2,Madurai (Southern Plains),9.9252,78.1198,Tamil Nadu,1.3,6.4,0,0
2025-11-02,0.0,0.0,0.0,21.4,Kanyakumari (Southern Coast),8.1833,77.4119,Tamil Nadu,1.3,6.4,0,0
2025-11-02,0.0,0.0,0.0,7.8,Salem (Northern Inland),11.6643,78.146,Tamil Nadu,0.0,6.3,0,0
2025-11-03,1.3,1.3,3.0,12.5,Cuddalore (Coastal Central),11.748,79.7714,Tamil Nadu,1.3,2.6,0,0
2025-11-03,8.0,8.0,5.0,20.7,Chennai (Coastal North),13.0827,80.2707,Tamil Nadu,9.3,10.6,0,0
2025-11-03,0.0,0.0,0.0,12.2,Nilgiris (Hill Station Zone),11.4102,76.695,Tamil Nadu,9.3,10.6,0,0
2025-11-03,0.0,0.0,0.0,12.2,Salem (Northern Inland),11.6643,78.146,Tamil Nadu,8.0,9.3,0,0
2025-11-03,0.0,0.0,0.0,14.5,Madurai (Southern Plains),9.9252,78.1198,Tamil Nadu,0.0,9.3,0,0
2025-11-03,0.0,0.0,0.0,12.8,Nagapattinam (Delta Coast),10.7656,79.8424,Tamil Nadu,0.0,9.3,0,0
2025-11-03,0.0,0.0,0.0,16.1,Coimbatore (Western Inland),11.0168,76.9558,Tamil Nadu,0.0,9.3,0,0
2025-11-03,0.4,0.4,3.0,9.6,Vellore (Palar Basin),12.9165,79.1325,Tamil Nadu,0.4,8.4,0,0
2025-11-03,0.0,0.0,0.0,14.9,Tiruchirappalli (Kaveri Basin),10.7905,78.7047,Tamil Nadu,0.4,0.4,0,0
2025-11-03,0.0,0.0,0.0,19.0,Kanyakumari (Southern Coast),8.1833,77.4119,Tamil Nadu,0.4,0.4,0,0
2025-11-04,0.0,0.0,0.0,13.7,Nagapattinam (Delta Coast),10.7656,79.8424,Tamil Nadu,0.0,0.4,0,0
2025-11-04,0.0,0.0,0.0,15.9,Coimbatore (Western Inland),11.0168,76.9558,Tamil Nadu,0.0,0.4,0,0
2025-11-04,0.1,0.1,1.0,14.5,Vellore (Palar Basin),12.9165,79.1325,Tamil Nadu,0.1,0.5,0,0
2025-11-04,1.8,1.8,3.0,11.9,Nilgiris (Hill Station Zone),11.4102,76.695,Tamil Nadu,1.9,2.3,0,0
2025-11-04,18.5,18.5,4.0,12.1,Chennai (Coastal North),13.0827,80.2707,Tamil Nadu,20.4,20.4,0,0
2025-11-04,0.0,0.0,0.0,12.7,Madurai (Southern Plains),9.9252,78.1198,Tamil Nadu,20.3,20.4,0,0
2025-11-04,0.0,0.0,0.0,13.9,Tiruchirappalli (Kaveri Basin),10.7905,78.7047,Tamil Nadu,18.5,20.4,0,0
2025-11-04,0.0,0.0,0.0,14.3,Cuddalore (Coastal Central),11.748,79.7714,Tamil Nadu,0.0,20.4,0,0
2025-11-04,0.0,0.0,0.0,25.2,Kanyakumari (Southern Coast),8.1833,77.4119,Tamil Nadu,0.0,20.4,0,0
2025-11-04,0.0,0.0,0.0,12.2,Salem (Northern Inland),11.6643,78.146,Tamil Nadu,0.0,20.3,0,0
2025-11-05,6.3,6.3,6.0,11.3,Salem (Northern Inland),11.6643,78.146,Tamil Nadu,6.3,24.8,0,0
2025-11-05,3.1,3.1,6.0,12.2,Chennai (Coastal North),13.0827,80.2707,Tamil Nadu,9.4,9.4,0,0
2025-11-05,5.4,5.4,3.0,11.7,Madurai (Southern Plains),9.9252,78.1198,Tamil Nadu,14.8,14.8,0,0
2025-11-05,9.9,9.9,6.0,22.1,Nagapattinam (Delta Coast),10.7656,79.8424,Tamil Nadu,18.4,24.7,0,0
2025-11-05,10.9,10.9,8.0,12.2,Cuddalore (Coastal Central),11.748,79.7714,Tamil Nadu,26.2,35.6,0,0
2025-11-05,10.4,10.4,8.0,9.9,Vellore (Palar Basin),12.9165,79.1325,Tamil Nadu,31.2,46.0,0,0
2025-11-05,2.8,2.8,7.0,9.1,Nilgiris (Hill Station Zone),11.4102,76.695,Tamil Nadu,24.1,48.8,0,0
2025-11-05,3.7,3.7,2.0,16.4,Tiruchirappalli (Kaveri Basin),10.7905,78.7047,Tamil Nadu,16.9,46.2,0,0
2025-11-05,0.8,0.8,3.0,12.2,Coimbatore (Western Inland),11.0168,76.9558,Tamil Nadu,7.3,43.9,0,0
2025-11-05,1.2,1.2,4.0,19.7,Kanyakumari (Southern Coast),8.1833,77.4119,Tamil Nadu,5.7,39.7,0,0
2025-11-06,0.0,0.0,0.0,23.1,Kanyakumari (Southern Coast),8.1833,77.4119,Tamil Nadu,2.0,29.8,0,0
2025-11-06,0.9,0.9,4.0,8.5,Chennai (Coastal North),13.0827,80.2707,Tamil Nadu,2.1,19.8,0,0
2025-11-06,2.6,2.6,7.0,14.5,Salem (Northern Inland),11.6643,78.146,Tamil Nadu,3.5,12.0,0,0
2025-11-06,0.1,0.1,1.0,18.7,Madurai (Southern Plains),9.9252,78.1198,Tamil Nadu,3.6,9.3,0,0
2025-11-06,0.3,0.3,2.0,18.0,Tiruchirappalli (Kaveri Basin),10.7905,78.7047,Tamil Nadu,3.0,5.9,0,0
2025-11-06,3.7,3.7,9.0,12.7,Vellore (Palar Basin),12.9165,79.1325,Tamil Nadu,4.1,8.8,0,0
2025-11-06,0.0,0.0,0.0,11.2,Nilgiris (Hill Station Zone),11.4102,76.695,Tamil Nadu,4.0,7.6,0,0
2025-11-06,0.0,0.0,0.0,13.4,Coimbatore (Western Inland),11.0168,76.9558,Tamil Nadu,3.7,7.6,0,0
2025-11-06,8.7,8.7,13.0,14.9,Nagapattinam (Delta Coast),10.7656,79.8424,Tamil Nadu,8.7,15.4,0,0
2025-11-06,16.6,16.6,9.0,15.7,Cuddalore (Coastal Central),11.748,79.7714,Tamil Nadu,25.3,29.4,0,0
2025-11-07,0.4,0.4,4.0,10.8,Cuddalore (Coastal Central),11.748,79.7714,Tamil Nadu,25.7,29.7,0,0
2025-11-07,4.5,4.5,5.0,11.3,Chennai (Coastal North),13.0827,80.2707,Tamil Nadu,21.5,33.9,0,0
2025-11-07,0.0,0.0,0.0,15.5,Coimbatore (Western Inland),11.0168,76.9558,Tamil Nadu,4.9,30.2,0,0
2025-11-07,2.2,2.2,4.0,9.3,Tiruchirappalli (Kaveri Basin),10.7905,78.7047,Tamil Nadu,6.7,32.4,0,0
2025-11-07,0.7,0.7,2.0,13.0,Salem (Northern Inland),11.6643,78.146,Tamil Nadu,2.9,33.1,0,0
2025-11-07,3.9,3.9,8.0,13.4,Nagapattinam (Delta Coast),10.7656,79.8424,Tamil Nadu,6.8,28.3,0,0
2025-11-07,0.0,0.0,0.0,18.8,Kanyakumari (Southern Coast),8.1833,77.4119,Tamil Nadu,4.6,11.7,0,0
2025-11-07,0.0,0.0,0.0,11.8,Vellore (Palar Basin),12.9165,79.1325,Tamil Nadu,3.9,11.3,0,0
2025-11-07,0.7,0.7,3.0,13.2,Nilgiris (Hill Station Zone),11.4102,76.695,Tamil Nadu,0.7,7.5,0,0
2025-11-07,0.0,0.0,0.0,16.4,Madurai (Southern Plains),9.9252,78.1198,Tamil Nadu,0.7,7.5,0,0
2025-11-08,2.2,2.2,11.0,15.5,Nilgiris (Hill Station Zone),11.4102,76.695,Tamil Nadu,2.9,7.5,0,0
2025-11-08,0.0,0.0,0.0,14.9,Vellore (Palar Basin),12.9165,79.1325,Tamil Nadu,2.2,6.8,0,0
2025-11-08,4.3,4.3,12.0,16.0,Madurai (Southern Plains),9.9252,78.1198,Tamil Nadu,6.5,7.2,0,0
2025-11-08,0.4,0.4,2.0,13.6,Nagapattinam (Delta Coast),10.7656,79.8424,Tamil Nadu,4.7,7.6,0,0
2025-11-08,0.9,0.9,3.0,16.1,Chennai (Coastal North),13.0827,80.2707,Tamil Nadu,5.6,8.5,0,0
2025-11-08,0.3,0.3,3.0,13.0,Tiruchirappalli (Kaveri Basin),10.7905,78.7047,Tamil Nadu,1.6,8.1,0,0
2025-11-08,0.7,0.7,5.0,13.1,Salem (Northern Inland),11.6643,78.146,Tamil Nadu,1.9,8.8,0,0
2025-11-08,0.1,0.1,1.0,16.5,Cuddalore (Coastal Central),11.748,79.7714,Tamil Nadu,1.1,6.7,0,0
2025-11-08,15.7,15.7,10.0,13.6,Kanyakumari (Southern Coast),8.1833,77.4119,Tamil Nadu,16.5,22.4,0,0
2025-11-08,2.1,2.1,8.0,13.4,Coimbatore (Western Inland),11.0168,76.9558,Tamil Nadu,17.9,20.2,0,0
2025-11-09,4.0,4.0,9.0,14.6,Madurai (Southern Plains),9.9252,78.1198,Tamil Nadu,21.8,23.8,0,0
2025-11-09,0.7,0.7,4.0,18.4,Nagapattinam (Delta Coast),10.7656,79.8424,Tamil Nadu,6.8,23.6,0,0
2025-11-09,0.9,0.9,3.0,17.6,Cuddalore (Coastal Central),11.748,79.7714,Tamil Nadu,5.6,24.2,0,0
2025-11-09,7.8,7.8,11.0,13.2,Kanyakumari (Southern Coast),8.1833,77.4119,Tamil Nadu,9.4,31.3,0,0
2025-11-09,0.0,0.0,0.0,13.7,Vellore (Palar Basin),12.9165,79.1325,Tamil Nadu,8.7,31.2,0,0
2025-11-09,0.0,0.0,0.0,15.6,Salem (Northern Inland),11.6643,78.146,Tamil Nadu,7.8,15.5,0,0
2025-11-09,0.1,0.1,1.0,14.0,Nilgiris (Hill Station Zone),11.4102,76.695,Tamil Nadu,0.1,13.5,0,0
2025-11-09,0.4,0.4,4.0,16.3,Chennai (Coastal North),13.0827,80.2707,Tamil Nadu,0.5,9.9,0,0
2025-11-09,1.1,1.1,4.0,12.5,Coimbatore (Western Inland),11.0168,76.9558,Tamil Nadu,1.6,10.3,0,0
2025-11-09,0.1,0.1,1.0,15.8,Tiruchirappalli (Kaveri Basin),10.7905,78.7047,Tamil Nadu,1.6,9.5,0,0
2025-11-10,0.0,0.0,0.0,10.7,Vellore (Palar Basin),12.9165,79.1325,Tamil Nadu,1.2,1.7,0,0
2025-11-10,0.9,0.9,6.0,12.1,Nilgiris (Hill Station Zone),11.4102,76.695,Tamil Nadu,1.0,2.6,0,0
2025-11-10,0.0,0.0,0.0,16.8,Salem (Northern Inland),11.6643,78.146,Tamil Nadu,0.9,2.6,0,0
2025-11-10,0.3,0.3,2.0,10.9,Coimbatore (Western Inland),11.0168,76.9558,Tamil Nadu,1.2,2.8,0,0
2025-11-10,1.6,1.6,8.0,11.3,Kanyakumari (Southern Coast),8.1833,77.4119,Tamil Nadu,1.9,4.0,0,0
2025-11-10,0.5,0.5,5.0,15.7,Nagapattinam (Delta Coast),10.7656,79.8424,Tamil Nadu,2.4,3.4,0,0
2025-11-10,0.5,0.5,2.0,16.6,Cuddalore (Coastal Central),11.748,79.7714,Tamil Nadu,2.6,3.8,0,0
2025-11-10,0.0,0.0,0.0,10.5,Tiruchirappalli (Kaveri Basin),10.7905,78.7047,Tamil Nadu,1.0,3.8,0,0
2025-11-10,4.1,4.1,10.0,15.9,Madurai (Southern Plains),9.9252,78.1198,Tamil Nadu,4.6,7.0,0,0
2025-11-10,1.1,1.1,9.0,15.4,Chennai (Coastal North),13.0827,80.2707,Tamil Nadu,5.2,8.1,0,0
2025-11-11,1.7,1.7,6.0,17.9,Salem (Northern Inland),11.6643,78.146,Tamil Nadu,6.9,9.5,0,0
2025-11-11,0.9,0.9,5.0,19.0,Nagapattinam (Delta Coast),10.7656,79.8424,Tamil Nadu,3.7,8.8,0,0
2025-11-11,2.1,2.1,7.0,16.5,Tiruchirappalli (Kaveri Basin),10.7905,78.7047,Tamil Nadu,4.7,10.4,0,0
2025-11-11,2.5,2.5,9.0,10.7,Coimbatore (Western Inland),11.0168,76.9558,Tamil Nadu,5.5,12.4,0,0
2025-11-11,0.0,0.0,0.0,16.8,Vellore (Palar Basin),12.9165,79.1325,Tamil Nadu,4.6,12.4,0,0
2025-11-11,1.3,1.3,7.0,18.2,Cuddalore (Coastal Central),11.748,79.7714,Tamil Nadu,3.8,9.6,0,0
2025-11-11,2.2,2.2,9.0,15.2,Madurai (Southern Plains),9.9252,78.1198,Tamil Nadu,3.5,10.7,0,0
2025-11-11,15.0,15.0,14.0,13.1,Kanyakumari (Southern Coast),8.1833,77.4119,Tamil Nadu,18.5,24.0,0,0
2025-11-11,11.0,11.0,16.0,12.8,Nilgiris (Hill Station Zone),11.4102,76.695,Tamil Nadu,28.2,34.1,0,0
2025-11-11,1.3,1.3,7.0,15.6,Chennai (Coastal North),13.0827,80.2707,Tamil Nadu,27.3,33.3,0,0
2025-11-12,3.6,3.6,8.0,18.6,Tiruchirappalli (Kaveri Basin),10.7905,78.7047,Tamil Nadu,15.9,34.4,0,0
2025-11-12,1.6,1.6,4.0,20.4,Cuddalore (Coastal Central),11.748,79.7714,Tamil Nadu,6.5,36.0,0,0
2025-11-12,16.0,16.0,11.0,10.5,Kanyakumari (Southern Coast),8.1833,77.4119,Tamil Nadu,21.2,50.7,0,0
2025-11-12,4.0,4.0,11.0,9.4,Nilgiris (Hill Station Zone),11.4102,76.695,Tamil Nadu,21.6,52.5,0,0
2025-11-12,1.3,1.3,7.0,10.9,Salem (Northern Inland),11.6643,78.146,Tamil Nadu,21.3,38.8,0,0
2025-11-12,0.8,0.8,6.0,20.8,Nagapattinam (Delta Coast),10.7656,79.8424,Tamil Nadu,6.1,28.6,0,0
2025-11-12,5.7,5.7,11.0,16.7,Madurai (Southern Plains),9.9252,78.1198,Tamil Nadu,7.8,33.0,0,0
2025-11-12,5.0,5.0,16.0,13.8,Vellore (Palar Basin),12.9165,79.1325,Tamil Nadu,11.5,34.4,0,0
2025-11-12,0.2,0.2,2.0,17.4,Chennai (Coastal North),13.0827,80.2707,Tamil Nadu,10.9,33.0,0,0
2025-11-12,3.2,3.2,16.0,10.1,Coimbatore (Western Inland),11.0168,76.9558,Tamil Nadu,8.4,20.2,0,0
2025-11-13,1.6,1.6,9.0,16.0,Vellore (Palar Basin),12.9165,79.1325,Tamil Nadu,5.0,17.8,0,0
2025-11-13,0.8,0.8,4.0,17.8,Tiruchirappalli (Kaveri Basin),10.7905,78.7047,Tamil Nadu,5.6,17.3,0,0
2025-11-13,1.5,1.5,6.0,22.0,Nagapattinam (Delta Coast),10.7656,79.8424,Tamil Nadu,3.9,18.0,0,0
2025-11-13,0.7,0.7,6.0,17.3,Chennai (Coastal North),13.0827,80.2707,Tamil Nadu,3.0,13.0,0,0
2025-11-13,2.3,2.3,6.0,10.5,Coimbatore (Western Inland),11.0168,76.9558,Tamil Nadu,4.5,10.3,0,0
2025-11-13,9.3,9.3,7.0,7.9,Kanyakumari (Southern Coast),8.1833,77.4119,Tamil Nadu,12.3,19.4,0,0
2025-11-13,1.7,1.7,6.0,19.3,Salem (Northern Inland),11.6643,78.146,Tamil Nadu,13.3,17.9,0,0
2025-11-13,4.1,4.1,9.0,9.5,Nilgiris (Hill Station Zone),11.4102,76.695,Tamil Nadu,15.1,20.4,0,0
2025-11-13,1.5,1.5,9.0,16.4,Madurai (Southern Plains),9.9252,78.1198,Tamil Nadu,7.3,21.1,0,0
2025-11-13,1.7,1.7,10.0,21.1,Cuddalore (Coastal Central),11.748,79.7714,Tamil Nadu,7.3,21.3,0,0
2025-11-14,2.1,2.1,10.0,18.7,Madurai (Southern Plains),9.9252,78.1198,Tamil Nadu,5.3,22.7,0,0
2025-11-14,0.6,0.6,3.0,22.2,Tiruchirappalli (Kaveri Basin),10.7905,78.7047,Tamil Nadu,4.4,21.0,0,0
2025-11-14,13.1,13.1,12.0,12.1,Kanyakumari (Southern Coast),8.1833,77.4119,Tamil Nadu,15.8,24.8,0,0
2025-11-14,9.0,9.0,12.0,10.0,Nilgiris (Hill Station Zone),11.4102,76.695,Tamil Nadu,22.7,32.1,0,0
2025-11-14,0.7,0.7,5.0,23.7,Cuddalore (Coastal Central),11.748,79.7714,Tamil Nadu,22.8,28.7,0,0
2025-11-14,0.4,0.4,4.0,14.5,Vellore (Palar Basin),12.9165,79.1325,Tamil Nadu,10.1,27.6,0,0
2025-11-14,2.2,2.2,12.0,25.7,Nagapattinam (Delta Coast),10.7656,79.8424,Tamil Nadu,3.3,28.1,0,0
2025-11-14,0.0,0.0,0.0,21.1,Chennai (Coastal North),13.0827,80.2707,Tamil Nadu,2.6,26.0,0,0
2025-11-14,5.7,5.7,17.0,13.5,Coimbatore (Western Inland),11.0168,76.9558,Tamil Nadu,7.9,31.1,0,0
2025-11-14,1.9,1.9,8.0,11.4,Salem (Northern Inland),11.6643,78.146,Tamil Nadu,7.6,19.9,0,0
2025-11-15,0.0,0.0,0.0,20.0,Madurai (Southern Plains),9.9252,78.1198,Tamil Nadu,7.6,10.9,0,0
2025-11-15,0.0,0.0,0.0,15.7,Salem (Northern Inland),11.6643,78.146,Tamil Nadu,1.9,10.2,0,0
2025-11-15,1.1,1.1,4.0,15.1,Nilgiris (Hill Station Zone),11.4102,76.695,Tamil Nadu,1.1,10.9,0,0
2025-11-15,0.0,0.0,0.0,15.0,Vellore (Palar Basin),12.9165,79.1325,Tamil Nadu,1.1,8.7,0,0
2025-11-15,1.9,1.9,8.0,22.1,Cuddalore (Coastal Central),11.748,79.7714,Tamil Nadu,3.0,10.6,0,0
2025-11-15,0.2,0.2,2.0,19.7,Chennai (Coastal North),13.0827,80.2707,Tamil Nadu,2.1,5.1,0,0
2025-11-15,0.0,0.0,0.0,22.0,Tiruchirappalli (Kaveri Basin),10.7905,78.7047,Tamil Nadu,2.1,3.2,0,0
2025-11-15,2.4,2.4,12.0,21.5,Nagapattinam (Delta Coast),10.7656,79.8424,Tamil Nadu,2.6,5.6,0,0
2025-11-15,7.9,7.9,9.0,12.2,Kanyakumari (Southern Coast),8.1833,77.4119,Tamil Nadu,10.3,13.5,0,0
2025-11-15,0.0,0.0,0.0,10.3,Coimbatore (Western Inland),11.0168,76.9558,Tamil Nadu,10.3,12.4,0,0
2025-11-16,0.7,0.7,5.0,24.2,Chennai (Coastal North),13.0827,80.2707,Tamil Nadu,8.6,13.1,0,0
2025-11-16,5.2,5.2,7.0,10.9,Nilgiris (Hill Station Zone),11.4102,76.695,Tamil Nadu,5.9,16.4,0,0
2025-11-16,1.0,1.0,4.0,11.6,Salem (Northern Inland),11.6643,78.146,Tamil Nadu,6.9,17.2,0,0
2025-11-16,2.5,2.5,7.0,22.7,Madurai (Southern Plains),9.9252,78.1198,Tamil Nadu,8.7,19.7,0,0
2025-11-16,0.0,0.0,0.0,11.5,Coimbatore (Western Inland),11.0168,76.9558,Tamil Nadu,3.5,17.3,0,0
2025-11-16,1.8,1.8,8.0,23.9,Tiruchirappalli (Kaveri Basin),10.7905,78.7047,Tamil Nadu,4.3,11.2,0,0
2025-11-16,28.5,28.5,24.0,23.7,Nagapattinam (Delta Coast),10.7656,79.8424,Tamil Nadu,30.3,39.7,0,0
2025-11-16,22.1,22.1,20.0,21.5,Cuddalore (Coastal Central),11.748,79.7714,Tamil Nadu,52.4,61.1,0,0
2025-11-16,0.0,0.0,0.0,17.8,Vellore (Palar Basin),12.9165,79.1325,Tamil Nadu,50.6,55.9,0,0
2025-11-16,6.3,6.3,6.0,9.4,Kanyakumari (Southern Coast),8.1833,77.4119,Tamil Nadu,28.4,61.2,0,0
2025-11-17,13.7,13.7,15.0,25.6,Tiruchirappalli (Kaveri Basin),10.7905,78.7047,Tamil Nadu,20.0,72.4,0,0
2025-11-17,2.0,2.0,11.0,9.0,Salem (Northern Inland),11.6643,78.146,Tamil Nadu,22.0,74.4,0,0
2025-11-17,40.5,40.5,22.0,24.1,Cuddalore (Coastal Central),11.748,79.7714,Tamil Nadu,56.2,113.1,0,0
2025-11-17,0.5,0.5,2.0,18.8,Vellore (Palar Basin),12.9165,79.1325,Tamil Nadu,43.0,85.1,0,0
2025-11-17,28.9,28.9,17.0,8.6,Kanyakumari (Southern Coast),8.1833,77.4119,Tamil Nadu,69.9,91.9,0,0
2025-11-17,7.5,7.5,10.0,22.9,Madurai (Southern Plains),9.9252,78.1198,Tamil Nadu,36.9,99.4,0,0
2025-11-17,3.1,3.1,9.0,7.8,Nilgiris (Hill Station Zone),11.4102,76.695,Tamil Nadu,39.5,96.2,0,0
2025-11-17,52.1,52.1,24.0,26.5,Nagapattinam (Delta Coast),10.7656,79.8424,Tamil Nadu,62.7,134.6,0,0
2025-11-17,27.5,27.5,24.0,23.4,Chennai (Coastal North),13.0827,80.2707,Tamil Nadu,82.7,160.1,0,0
2025-11-17,0.6,0.6,2.0,12.6,Coimbatore (Western Inland),11.0168,76.9558,Tamil Nadu,80.2,120.2,0,0
2025-11-18,11.5,11.5,22.0,16.4,Chennai (Coastal North),13.0827,80.2707,Tamil Nadu,39.6,131.2,0,0
2025-11-18,5.4,5.4,16.0,18.8,Coimbatore (Western Inland),11.0168,76.9558,Tamil Nadu,17.5,107.7,0,0
2025-11-18,6.3,6.3,16.0,20.0,Tiruchirappalli (Kaveri Basin),10.7905,78.7047,Tamil Nadu,23.2,106.5,0,0
2025-11-18,31.7,31.7,23.0,13.0,Vellore (Palar Basin),12.9165,79.1325,Tamil Nadu,43.4,135.1,0,0
2025-11-18,38.2,38.2,22.0,18.1,Nagapattinam (Delta Coast),10.7656,79.8424,Tamil Nadu,76.2,121.2,0,0
2025-11-18,4.4,4.4,11.0,9.9,Salem (Northern Inland),11.6643,78.146,Tamil Nadu,74.3,98.1,0,0
2025-11-18,23.9,23.9,24.0,9.9,Kanyakumari (Southern Coast),8.1833,77.4119,Tamil Nadu,66.5,121.4,0,0
2025-11-18,25.1,25.1,11.0,19.4,Madurai (Southern Plains),9.9252,78.1198,Tamil Nadu,53.4,135.0,0,0
2025-11-18,15.3,15.3,21.0,17.5,Cuddalore (Coastal Central),11.748,79.7714,Tamil Nadu,64.3,144.9,0,0
2025-11-18,5.7,5.7,21.0,12.8,Nilgiris (Hill Station Zone),11.4102,76.695,Tamil Nadu,46.1,144.3,0,0
2025-11-19,0.7,0.7,7.0,20.4,Chennai (Coastal North),13.0827,80.2707,Tamil Nadu,21.7,113.3,0,0
2025-11-19,2.8,2.8,9.0,13.4,Nilgiris (Hill Station Zone),11.4102,76.695,Tamil Nadu,9.2,77.9,0,0
2025-11-19,3.0,3.0,13.0,22.8,Nagapattinam (Delta Coast),10.7656,79.8424,Tamil Nadu,6.5,76.5,0,0
2025-11-19,0.5,0.5,4.0,13.7,Vellore (Palar Basin),12.9165,79.1325,Tamil Nadu,6.3,53.1,0,0
2025-11-19,0.9,0.9,8.0,17.9,Tiruchirappalli (Kaveri Basin),10.7905,78.7047,Tamil Nadu,4.4,28.9,0,0
2025-11-19,2.7,2.7,9.0,12.4,Salem (Northern Inland),11.6643,78.146,Tamil Nadu,4.1,16.3,0,0
2025-11-19,4.4,4.4,13.0,25.6,Cuddalore (Coastal Central),11.748,79.7714,Tamil Nadu,8.0,15.0,0,0
2025-11-19,3.8,3.8,10.0,12.1,Kanyakumari (Southern Coast),8.1833,77.4119,Tamil Nadu,10.9,18.1,0,0
2025-11-19,0.8,0.8,6.0,15.8,Madurai (Southern Plains),9.9252,78.1198,Tamil Nadu,9.0,16.1,0,0
2025-11-19,2.2,2.2,12.0,13.0,Coimbatore (Western Inland),11.0168,76.9558,Tamil Nadu,6.8,15.3,0,0
2025-11-20,0.3,0.3,3.0,14.8,Salem (Northern Inland),11.6643,78.146,Tamil Nadu,3.3,15.1,0,0
2025-11-20,0.2,0.2,2.0,21.1,Tiruchirappalli (Kaveri Basin),10.7905,78.7047,Tamil Nadu,2.7,14.4,0,0
2025-11-20,3.9,3.9,6.0,25.5,Cuddalore (Coastal Central),11.748,79.7714,Tamil Nadu,4.4,15.6,0,0
2025-11-20,13.9,13.9,10.0,27.2,Nagapattinam (Delta Coast),10.7656,79.8424,Tamil Nadu,18.0,25.1,0,0
2025-11-20,0.2,0.2,2.0,19.1,Madurai (Southern Plains),9.9252,78.1198,Tamil Nadu,18.0,21.5,0,0
2025-11-20,1.2,1.2,6.0,11.1,Coimbatore (Western Inland),11.0168,76.9558,Tamil Nadu,15.3,21.9,0,0
2025-11-20,0.3,0.3,3.0,19.5,Chennai (Coastal North),13.0827,80.2707,Tamil Nadu,1.7,20.0,0,0
2025-11-20,0.9,0.9,3.0,9.6,Nilgiris (Hill Station Zone),11.4102,76.695,Tamil Nadu,2.4,20.6,0,0
2025-11-20,0.2,0.2,2.0,8.4,Kanyakumari (Southern Coast),8.1833,77.4119,Tamil Nadu,1.4,20.6,0,0
2025-11-20,0.0,0.0,0.0,14.9,Vellore (Palar Basin),12.9165,79.1325,Tamil Nadu,1.1,16.7,0,0
2025-11-21,6.1,6.1,5.0,17.7,Salem (Northern Inland),11.6643,78.146,Tamil Nadu,6.3,8.9,0,0
2025-11-21,5.8,5.8,8.0,13.8,Coimbatore (Western Inland),11.0168,76.9558,Tamil Nadu,11.9,14.5,0,0
2025-11-21,13.0,13.0,16.0,16.8,Cuddalore (Coastal Central),11.748,79.7714,Tamil Nadu,24.9,26.3,0,0
2025-11-21,6.8,6.8,23.0,15.8,Chennai (Coastal North),13.0827,80.2707,Tamil Nadu,25.6,32.8,0,0
2025-11-21,18.3,18.3,8.0,13.9,Nilgiris (Hill Station Zone),11.4102,76.695,Tamil Nadu,38.1,50.2,0,0
2025-11-21,3.9,3.9,9.0,18.3,Tiruchirappalli (Kaveri Basin),10.7905,78.7047,Tamil Nadu,29.0,53.9,0,0
2025-11-21,1.0,1.0,5.0,18.6,Madurai (Southern Plains),9.9252,78.1198,Tamil Nadu,23.2,54.9,0,0
2025-11-21,10.4,10.4,24.0,20.9,Nagapattinam (Delta Coast),10.7656,79.8424,Tamil Nadu,15.3,59.2,0,0
2025-11-21,5.4,5.4,13.0,17.5,Vellore (Palar Basin),12.9165,79.1325,Tamil Nadu,16.8,58.8,0,0
2025-11-21,6.8,6.8,8.0,8.9,Kanyakumari (Southern Coast),8.1833,77.4119,Tamil Nadu,22.6,52.6,0,0
2025-11-22,6.6,6.6,20.0,18.6,Vellore (Palar Basin),12.9165,79.1325,Tamil Nadu,18.8,52.4,0,0
2025-11-22,20.6,20.6,19.0,21.0,Cuddalore (Coastal Central),11.748,79.7714,Tamil Nadu,34.0,54.7,0,0
2025-11-22,22.0,22.0,23.0,22.7,Nagapattinam (Delta Coast),10.7656,79.8424,Tamil Nadu,49.2,72.8,0,0
2025-11-22,21.0,21.0,23.0,15.8,Coimbatore (Western Inland),11.0168,76.9558,Tamil Nadu,63.6,92.8,0,0
2025-11-22,21.0,21.0,18.0,20.5,Madurai (Southern Plains),9.9252,78.1198,Tamil Nadu,64.0,103.4,0,0
2025-11-22,1.5,1.5,11.0,16.6,Salem (Northern Inland),11.6643,78.146,Tamil Nadu,43.5,99.5,0,0
2025-11-22,11.5,11.5,18.0,20.4,Chennai (Coastal North),13.0827,80.2707,Tamil Nadu,34.0,104.2,0,0
2025-11-22,20.3,20.3,23.0,12.8,Kanyakumari (Southern Coast),8.1833,77.4119,Tamil Nadu,33.3,117.9,0,0
2025-11-22,4.4,4.4,17.0,13.5,Nilgiris (Hill Station Zone),11.4102,76.695,Tamil Nadu,36.2,101.7,0,0
2025-11-22,14.0,14.0,18.0,18.2,Tiruchirappalli (Kaveri Basin),10.7905,78.7047,Tamil Nadu,38.7,93.7,0,0
2025-11-23,9.2,9.2,15.0,13.3,Nilgiris (Hill Station Zone),11.4102,76.695,Tamil Nadu,27.6,81.9,0,0
2025-11-23,16.8,16.8,15.0,18.7,Coimbatore (Western Inland),11.0168,76.9558,Tamil Nadu,40.0,77.7,0,0
2025-11-23,28.7,28.7,21.0,24.7,Tiruchirappalli (Kaveri Basin),10.7905,78.7047,Tamil Nadu,54.7,104.9,0,0
2025-11-23,35.5,35.5,18.0,24.6,Madurai (Southern Plains),9.9252,78.1198,Tamil Nadu,81.0,128.9,0,0
2025-11-23,41.0,41.0,21.0,23.0,Cuddalore (Coastal Central),11.748,79.7714,Tamil Nadu,105.2,149.6,0,0
2025-11-23,37.5,37.5,24.0,26.1,Nagapattinam (Delta Coast),10.7656,79.8424,Tamil Nadu,114.0,182.7,0,0
2025-11-23,31.4,31.4,23.0,8.1,Kanyakumari (Southern Coast),8.1833,77.4119,Tamil Nadu,109.9,200.1,0,0
2025-11-23,5.8,5.8,15.0,13.0,Salem (Northern Inland),11.6643,78.146,Tamil Nadu,74.7,196.7,0,0
2025-11-23,11.9,11.9,21.0,15.4,Vellore (Palar Basin),12.9165,79.1325,Tamil Nadu,49.1,191.8,0,0
2025-11-23,11.8,11.8,20.0,16.2,Chennai (Coastal North),13.0827,80.2707,Tamil Nadu,29.5,174.9,0,0
2025-11-24,3.9,3.9,18.0,14.9,Vellore (Palar Basin),12.9165,79.1325,Tamil Nadu,27.6,143.3,0,0
2025-11-24,43.3,43.3,18.0,22.6,Nagapattinam (Delta Coast),10.7656,79.8424,Tamil Nadu,59.0,145.6,0,0
2025-11-24,13.3,13.3,20.0,9.7,Kanyakumari (Southern Coast),8.1833,77.4119,Tamil Nadu,60.5,121.4,0,0
2025-11-24,16.3,16.3,19.0,17.1,Madurai (Southern Plains),9.9252,78.1198,Tamil Nadu,72.9,106.3,0,0
2025-11-24,2.6,2.6,13.0,16.0,Nilgiris (Hill Station Zone),11.4102,76.695,Tamil Nadu,32.2,103.1,0,0
2025-11-24,4.4,4.4,12.0,18.4,Chennai (Coastal North),13.0827,80.2707,Tamil Nadu,23.3,95.6,0,0
2025-11-24,8.4,8.4,12.0,8.7,Salem (Northern Inland),11.6643,78.146,Tamil Nadu,15.4,92.2,0,0
2025-11-24,17.0,17.0,18.0,15.5,Tiruchirappalli (Kaveri Basin),10.7905,78.7047,Tamil Nadu,29.8,105.3,0,0
2025-11-24,16.1,16.1,16.0,18.8,Cuddalore (Coastal Central),11.748,79.7714,Tamil Nadu,41.5,78.1,0,0
2025-11-24,7.9,7.9,17.0,17.1,Coimbatore (Western Inland),11.0168,76.9558,Tamil Nadu,41.0,72.7,0,0
2025-11-25,0.2,0.2,2.0,27.5,Nagapattinam (Delta Coast),10.7656,79.8424,Tamil Nadu,24.2,56.6,0,0
2025-11-25,2.5,2.5,11.0,16.8,Vellore (Palar Basin),12.9165,79.1325,Tamil Nadu,10.6,56.5,0,0
2025-11-25,0.9,0.9,6.0,22.8,Tiruchirappalli (Kaveri Basin),10.7905,78.7047,Tamil Nadu,3.6,53.0,0,0
2025-11-25,1.0,1.0,5.0,11.9,Salem (Northern Inland),11.6643,78.146,Tamil Nadu,4.4,45.6,0,0
2025-11-25,1.0,1.0,4.0,21.6,Madurai (Southern Plains),9.9252,78.1198,Tamil Nadu,2.9,29.6,0,0
2025-11-25,1.3,1.3,6.0,11.3,Nilgiris (Hill Station Zone),11.4102,76.695,Tamil Nadu,3.3,14.8,0,0
2025-11-25,0.8,0.8,6.0,20.0,Chennai (Coastal North),13.0827,80.2707,Tamil Nadu,3.1,7.7,0,0
2025-11-25,1.7,1.7,4.0,16.4,Coimbatore (Western Inland),11.0168,76.9558,Tamil Nadu,3.8,9.2,0,0
2025-11-25,8.0,8.0,8.0,8.6,Kanyakumari (Southern Coast),8.1833,77.4119,Tamil Nadu,10.5,14.7,0,0
2025-11-25,0.9,0.9,8.0,26.3,Cuddalore (Coastal Central),11.748,79.7714,Tamil Nadu,10.6,14.7,0,0
2025-11-26,0.3,0.3,3.0,17.9,Vellore (Palar Basin),12.9165,79.1325,Tamil Nadu,9.2,14.0,0,0
2025-11-26,0.5,0.5,4.0,19.1,Chennai (Coastal North),13.0827,80.2707,Tamil Nadu,1.7,13.5,0,0
2025-11-26,0.1,0.1,1.0,20.1,Madurai (Southern Plains),9.9252,78.1198,Tamil Nadu,0.9,12.3,0,0
2025-11-26,1.9,1.9,10.0,31.2,Nagapattinam (Delta Coast),10.7656,79.8424,Tamil Nadu,2.5,13.4,0,0
2025-11-26,0.0,0.0,0.0,13.5,Coimbatore (Western Inland),11.0168,76.9558,Tamil Nadu,2.0,11.7,0,0
2025-11-26,0.0,0.0,0.0,11.4,Nilgiris (Hill Station Zone),11.4102,76.695,Tamil Nadu,1.9,3.7,0,0
2025-11-26,10.2,10.2,15.0,8.3,Kanyakumari (Southern Coast),8.1833,77.4119,Tamil Nadu,10.2,13.0,0,0
2025-11-26,1.1,1.1,5.0,28.5,Cuddalore (Coastal Central),11.748,79.7714,Tamil Nadu,11.3,13.8,0,0
2025-11-26,0.3,0.3,2.0,22.4,Tiruchirappalli (Kaveri Basin),10.7905,78.7047,Tamil Nadu,11.6,13.6,0,0
2025-11-26,0.0,0.0,0.0,12.4,Salem (Northern Inland),11.6643,78.146,Tamil Nadu,1.4,13.5,0,0
2025-11-27,0.1,0.1,1.0,12.3,Salem (Northern Inland),11.6643,78.146,Tamil Nadu,0.4,11.7,0,0
2025-11-27,0.7,0.7,5.0,20.4,Vellore (Palar Basin),12.9165,79.1325,Tamil Nadu,0.8,12.4,0,0
2025-11-27,0.4,0.4,2.0,25.6,Tiruchirappalli (Kaveri Basin),10.7905,78.7047,Tamil Nadu,1.2,12.8,0,0
2025-11-27,3.6,3.6,10.0,6.7,Kanyakumari (Southern Coast),8.1833,77.4119,Tamil Nadu,4.7,6.2,0,0
2025-11-27,0.0,0.0,0.0,10.4,Nilgiris (Hill Station Zone),11.4102,76.695,Tamil Nadu,4.0,5.1,0,0
2025-11-27,0.4,0.4,3.0,33.5,Nagapattinam (Delta Coast),10.7656,79.8424,Tamil Nadu,4.0,5.2,0,0
2025-11-27,0.0,0.0,0.0,17.7,Coimbatore (Western Inland),11.0168,76.9558,Tamil Nadu,0.4,5.2,0,0
2025-11-27,0.7,0.7,4.0,30.3,Cuddalore (Coastal Central),11.748,79.7714,Tamil Nadu,1.1,5.8,0,0
2025-11-27,0.0,0.0,0.0,22.8,Madurai (Southern Plains),9.9252,78.1198,Tamil Nadu,0.7,5.1,0,0
2025-11-27,0.0,0.0,0.0,24.3,Chennai (Coastal North),13.0827,80.2707,Tamil Nadu,0.7,4.7,0,0
2025-11-28,1.7,1.7,4.0,31.6,Cuddalore (Coastal Central),11.748,79.7714,Tamil Nadu,1.7,2.8,0,0
2025-11-28,0.3,0.3,3.0,20.1,Vellore (Palar Basin),12.9165,79.1325,Tamil Nadu,2.0,3.1,0,0
2025-11-28,0.6,0.6,1.0,23.2,Chennai (Coastal North),13.0827,80.2707,Tamil Nadu,2.6,3.3,0,0
2025-11-28,19.9,19.9,20.0,7.8,Kanyakumari (Southern Coast),8.1833,77.4119,Tamil Nadu,20.8,23.2,0,0
2025-11-28,0.5,0.5,2.0,16.6,Madurai (Southern Plains),9.9252,78.1198,Tamil Nadu,21.0,23.0,0,0
2025-11-28,0.0,0.0,0.0,11.4,Nilgiris (Hill Station Zone),11.4102,76.695,Tamil Nadu,20.4,23.0,0,0
2025-11-28,0.8,0.8,3.0,20.9,Tiruchirappalli (Kaveri Basin),10.7905,78.7047,Tamil Nadu,1.3,23.8,0,0
2025-11-28,38.1,38.1,17.0,37.0,Nagapattinam (Delta Coast),10.7656,79.8424,Tamil Nadu,38.9,60.2,0,0
2025-11-28,0.3,0.3,1.0,14.8,Coimbatore (Western Inland),11.0168,76.9558,Tamil Nadu,39.2,60.2,0,0
2025-11-28,0.0,0.0,0.0,14.4,Salem (Northern Inland),11.6643,78.146,Tamil Nadu,38.4,59.6,0,0
2025-11-29,11.9,11.9,16.0,19.9,Salem (Northern Inland),11.6643,78.146,Tamil Nadu,12.2,51.6,0,0
2025-11-29,22.3,22.3,19.0,28.7,Chennai (Coastal North),13.0827,80.2707,Tamil Nadu,34.2,73.4,0,0
2025-11-29,74.4,74.4,24.0,18.9,Tiruchirappalli (Kaveri Basin),10.7905,78.7047,Tamil Nadu,108.6,147.8,1,0
2025-11-29,31.6,31.6,23.0,13.9,Madurai (Southern Plains),9.9252,78.1198,Tamil Nadu,128.3,178.6,0,0
2025-11-29,176.0,176.0,24.0,42.1,Nagapattinam (Delta Coast),10.7656,79.8424,Tamil Nadu,282.0,316.5,1,1
2025-11-29,102.3,102.3,24.0,32.8,Cuddalore (Coastal Central),11.748,79.7714,Tamil Nadu,309.9,418.5,1,0
2025-11-29,2.7,2.7,8.0,10.0,Coimbatore (Western Inland),11.0168,76.9558,Tamil Nadu,281.0,421.2,0,0
2025-11-29,0.8,0.8,6.0,11.2,Nilgiris (Hill Station Zone),11.4102,76.695,Tamil Nadu,105.8,410.1,0,0
2025-11-29,3.3,3.3,12.0,19.8,Vellore (Palar Basin),12.9165,79.1325,Tamil Nadu,6.8,391.1,0,0
2025-11-29,6.4,6.4,15.0,10.5,Kanyakumari (Southern Coast),8.1833,77.4119,Tamil Nadu,10.5,323.1,0,0
2025-11-30,6.3,6.3,15.0,12.2,Nilgiris (Hill Station Zone),11.4102,76.695,Tamil Nadu,16.0,297.8,0,0
2025-11-30,73.1,73.1,24.0,29.4,Chennai (Coastal North),13.0827,80.2707,Tamil Nadu,85.8,194.9,1,0
2025-11-30,30.5,30.5,21.0,30.5,Nagapattinam (Delta Coast),10.7656,79.8424,Tamil Nadu,109.9,123.1,0,0
2025-11-30,42.5,42.5,20.0,30.2,Cuddalore (Coastal Central),11.748,79.7714,Tamil Nadu,146.1,162.9,0,0
2025-11-30,10.3,10.3,9.0,22.7,Tiruchirappalli (Kaveri Basin),10.7905,78.7047,Tamil Nadu,83.3,172.4,0,0
2025-11-30,9.9,9.9,10.0,13.1,Madurai (Southern Plains),9.9252,78.1198,Tamil Nadu,62.7,179.0,0,0
2025-11-30,16.5,16.5,15.0,21.6,Vellore (Palar Basin),12.9165,79.1325,Tamil Nadu,36.7,189.1,0,0
2025-11-30,11.3,11.3,19.0,19.1,Salem (Northern Inland),11.6643,78.146,Tamil Nadu,37.7,194.1,0,0
2025-11-30,0.0,0.0,0.0,17.0,Kanyakumari (Southern Coast),8.1833,77.4119,Tamil Nadu,27.8,121.0,0,0
2025-11-30,6.9,6.9,11.0,11.6,Coimbatore (Western Inland),11.0168,76.9558,Tamil Nadu,18.2,97.4,0,0
2025-12-01,0.0,0.0,0.0,12.3,Kanyakumari (Southern Coast),8.1833,77.4119,Tamil Nadu,6.9,54.9,0,0
2025-12-01,9.7,9.7,10.0,11.3,Nilgiris (Hill Station Zone),11.4102,76.695,Tamil Nadu,16.6,54.3,0,0
2025-12-01,3.6,3.6,5.0,8.4,Madurai (Southern Plains),9.9252,78.1198,Tamil Nadu,13.3,48.0,0,0
2025-12-01,5.2,5.2,8.0,13.7,Nagapattinam (Delta Coast),10.7656,79.8424,Tamil Nadu,18.5,36.7,0,0
2025-12-01,4.4,4.4,3.0,7.6,Coimbatore (Western Inland),11.0168,76.9558,Tamil Nadu,13.2,29.8,0,0
2025-12-01,1.1,1.1,7.0,16.4,Salem (Northern Inland),11.6643,78.146,Tamil Nadu,10.7,30.9,0,0
2025-12-01,1.5,1.5,9.0,22.5,Vellore (Palar Basin),12.9165,79.1325,Tamil Nadu,7.0,25.5,0,0
2025-12-01,90.0,90.0,24.0,36.4,Chennai (Coastal North),13.0827,80.2707,Tamil Nadu,92.6,115.5,1,0
2025-12-01,0.2,0.2,2.0,12.3,Tiruchirappalli (Kaveri Basin),10.7905,78.7047,Tamil Nadu,91.7,106.0,0,0
2025-12-01,0.8,0.8,4.0,22.1,Cuddalore (Coastal Central),11.748,79.7714,Tamil Nadu,91.0,103.2,0,0
2025-12-02,5.7,5.7,8.0,11.7,Tiruchirappalli (Kaveri Basin),10.7905,78.7047,Tamil Nadu,6.7,103.7,0,0
2025-12-02,0.1,0.1,1.0,13.9,Nilgiris (Hill Station Zone),11.4102,76.695,Tamil Nadu,6.6,99.4,0,0
2025-12-02,0.9,0.9,5.0,11.0,Kanyakumari (Southern Coast),8.1833,77.4119,Tamil Nadu,6.7,99.2,0,0
2025-12-02,0.2,0.2,2.0,8.6,Coimbatore (Western Inland),11.0168,76.9558,Tamil Nadu,1.2,97.9,0,0
2025-12-02,50.4,50.4,20.0,21.6,Cuddalore (Coastal Central),11.748,79.7714,Tamil Nadu,51.5,58.3,0,0
2025-12-02,142.3,142.3,24.0,27.9,Chennai (Coastal North),13.0827,80.2707,Tamil Nadu,192.9,200.4,1,1
2025-12-02,14.4,14.4,12.0,21.8,Vellore (Palar Basin),12.9165,79.1325,Tamil Nadu,207.1,214.0,0,0
2025-12-02,6.1,6.1,14.0,9.4,Nagapattinam (Delta Coast),10.7656,79.8424,Tamil Nadu,162.8,214.4,0,0
2025-12-02,1.3,1.3,5.0,15.0,Salem (Northern Inland),11.6643,78.146,Tamil Nadu,21.8,215.6,0,0
2025-12-02,1.3,1.3,3.0,12.0,Madurai (Southern Plains),9.9252,78.1198,Tamil Nadu,8.7,216.0,0,0
2025-12-03,9.6,9.6,19.0,14.5,Nagapattinam (Delta Coast),10.7656,79.8424,Tamil Nadu,12.2,225.4,0,0
2025-12-03,6.3,6.3,17.0,10.6,Coimbatore (Western Inland),11.0168,76.9558,Tamil Nadu,17.2,181.3,0,0
2025-12-03,28.5,28.5,15.0,22.8,Cuddalore (Coastal Central),11.748,79.7714,Tamil Nadu,44.4,67.5,0,0
2025-12-03,9.0,9.0,17.0,11.1,Madurai (Southern Plains),9.9252,78.1198,Tamil Nadu,43.8,62.1,0,0
2025-12-03,25.6,25.6,23.0,17.7,Vellore (Palar Basin),12.9165,79.1325,Tamil Nadu,63.1,81.6,0,0
2025-12-03,72.7,72.7,24.0,19.6,Chennai (Coastal North),13.0827,80.2707,Tamil Nadu,107.3,153.0,1,0
2025-12-03,0.1,0.1,1.0,10.5,Kanyakumari (Southern Coast),8.1833,77.4119,Tamil Nadu,98.4,151.8,0,0
2025-12-03,4.4,4.4,13.0,11.2,Nilgiris (Hill Station Zone),11.4102,76.695,Tamil Nadu,77.2,146.6,0,0
2025-12-03,16.9,16.9,17.0,10.3,Tiruchirappalli (Kaveri Basin),10.7905,78.7047,Tamil Nadu,21.4,157.2,0,0
2025-12-03,6.8,6.8,16.0,13.9,Salem (Northern Inland),11.6643,78.146,Tamil Nadu,28.1,135.5,0,0
2025-12-04,0.7,0.7,5.0,19.2,Kanyakumari (Southern Coast),8.1833,77.4119,Tamil Nadu,24.4,127.2,0,0
2025-12-04,8.3,8.3,17.0,23.5,Cuddalore (Coastal Central),11.748,79.7714,Tamil Nadu,15.8,109.9,0,0
2025-12-04,2.7,2.7,8.0,14.2,Madurai (Southern Plains),9.9252,78.1198,Tamil Nadu,11.7,39.9,0,0
2025-12-04,17.5,17.5,19.0,14.4,Chennai (Coastal North),13.0827,80.2707,Tamil Nadu,28.5,57.3,0,0
2025-12-04,7.3,7.3,13.0,15.3,Vellore (Palar Basin),12.9165,79.1325,Tamil Nadu,27.5,60.2,0,0
2025-12-04,4.0,4.0,13.0,23.7,Nagapattinam (Delta Coast),10.7656,79.8424,Tamil Nadu,28.8,47.3,0,0
2025-12-04,0.6,0.6,4.0,11.2,Salem (Northern Inland),11.6643,78.146,Tamil Nadu,11.9,41.1,0,0
2025-12-04,0.6,0.6,4.0,18.0,Tiruchirappalli (Kaveri Basin),10.7905,78.7047,Tamil Nadu,5.2,41.0,0,0
2025-12-04,3.5,3.5,9.0,8.0,Nilgiris (Hill Station Zone),11.4102,76.695,Tamil Nadu,4.7,36.2,0,0
2025-12-04,1.6,1.6,9.0,14.1,Coimbatore (Western Inland),11.0168,76.9558,Tamil Nadu,5.7,35.1,0,0
2025-12-05,6.2,6.2,16.0,20.1,Coimbatore (Western Inland),11.0168,76.9558,Tamil Nadu,11.3,23.8,0,0
2025-12-05,8.1,8.1,20.0,19.8,Tiruchirappalli (Kaveri Basin),10.7905,78.7047,Tamil Nadu,15.9,24.6,0,0
2025-12-05,4.8,4.8,10.0,12.6,Salem (Northern Inland),11.6643,78.146,Tamil Nadu,19.1,25.4,0,0
2025-12-05,9.4,9.4,18.0,25.6,Cuddalore (Coastal Central),11.748,79.7714,Tamil Nadu,22.3,34.2,0,0
2025-12-05,3.4,3.4,10.0,14.3,Nilgiris (Hill Station Zone),11.4102,76.695,Tamil Nadu,17.6,37.0,0,0
2025-12-05,1.6,1.6,6.0,21.2,Kanyakumari (Southern Coast),8.1833,77.4119,Tamil Nadu,14.4,35.1,0,0
2025-12-05,3.0,3.0,12.0,19.2,Vellore (Palar Basin),12.9165,79.1325,Tamil Nadu,8.0,36.5,0,0
2025-12-05,1.0,1.0,9.0,22.4,Chennai (Coastal North),13.0827,80.2707,Tamil Nadu,5.6,31.3,0,0
2025-12-05,2.6,2.6,10.0,19.7,Madurai (Southern Plains),9.9252,78.1198,Tamil Nadu,6.6,25.8,0,0
2025-12-05,6.5,6.5,17.0,24.4,Nagapattinam (Delta Coast),10.7656,79.8424,Tamil Nadu,10.1,27.5,0,0
2025-12-06,0.7,0.7,5.0,19.4,Tiruchirappalli (Kaveri Basin),10.7905,78.7047,Tamil Nadu,9.8,18.8,0,0
2025-12-06,0.5,0.5,4.0,17.5,Coimbatore (Western Inland),11.0168,76.9558,Tamil Nadu,7.7,15.9,0,0
2025-12-06,4.1,4.1,12.0,20.9,Cuddalore (Coastal Central),11.748,79.7714,Tamil Nadu,5.3,18.4,0,0
2025-12-06,1.0,1.0,9.0,18.7,Chennai (Coastal North),13.0827,80.2707,Tamil Nadu,5.6,16.4,0,0
2025-12-06,6.2,6.2,16.0,23.0,Nagapattinam (Delta Coast),10.7656,79.8424,Tamil Nadu,11.3,21.6,0,0
2025-12-06,3.4,3.4,6.0,21.9,Madurai (Southern Plains),9.9252,78.1198,Tamil Nadu,10.6,22.4,0,0
2025-12-06,0.3,0.3,3.0,16.1,Vellore (Palar Basin),12.9165,79.1325,Tamil Nadu,9.9,16.2,0,0
2025-12-06,0.1,0.1,1.0,21.3,Kanyakumari (Southern Coast),8.1833,77.4119,Tamil Nadu,3.8,15.6,0,0
2025-12-06,0.8,0.8,3.0,14.3,Nilgiris (Hill Station Zone),11.4102,76.695,Tamil Nadu,1.2,15.9,0,0
2025-12-06,0.1,0.1,1.0,10.8,Salem (Northern Inland),11.6643,78.146,Tamil Nadu,1.0,11.9,0,0
2025-12-07,0.4,0.4,4.0,15.8,Vellore (Palar Basin),12.9165,79.1325,Tamil Nadu,1.3,11.3,0,0
2025-12-07,1.3,1.3,4.0,20.8,Chennai (Coastal North),13.0827,80.2707,Tamil Nadu,1.8,6.4,0,0
2025-12-07,0.5,0.5,5.0,24.1,Cuddalore (Coastal Central),11.748,79.7714,Tamil Nadu,2.2,3.5,0,0
2025-12-07,0.2,0.2,2.0,12.4,Coimbatore (Western Inland),11.0168,76.9558,Tamil Nadu,2.0,3.4,0,0
2025-12-07,4.2,4.2,7.0,9.6,Nilgiris (Hill Station Zone),11.4102,76.695,Tamil Nadu,4.9,7.5,0,0
2025-12-07,0.7,0.7,5.0,11.5,Salem (Northern Inland),11.6643,78.146,Tamil Nadu,5.1,7.4,0,0
2025-12-07,3.3,3.3,16.0,24.1,Nagapattinam (Delta Coast),10.7656,79.8424,Tamil Nadu,8.2,10.6,0,0
2025-12-07,0.9,0.9,6.0,19.9,Madurai (Southern Plains),9.9252,78.1198,Tamil Nadu,4.9,11.1,0,0
2025-12-07,0.9,0.9,5.0,20.1,Kanyakumari (Southern Coast),8.1833,77.4119,Tamil Nadu,5.1,10.7,0,0
2025-12-07,5.4,5.4,8.0,20.0,Tiruchirappalli (Kaveri Basin),10.7905,78.7047,Tamil Nadu,7.2,15.6,0,0
2025-12-08,0.0,0.0,0.0,17.7,Tiruchirappalli (Kaveri Basin),10.7905,78.7047,Tamil Nadu,6.3,15.4,0,0
2025-12-08,0.0,0.0,0.0,9.4,Salem (Northern Inland),11.6643,78.146,Tamil Nadu,5.4,11.2,0,0
2025-12-08,0.0,0.0,0.0,14.7,Nilgiris (Hill Station Zone),11.4102,76.695,Tamil Nadu,0.0,10.5,0,0
2025-12-08,0.0,0.0,0.0,17.2,Kanyakumari (Southern Coast),8.1833,77.4119,Tamil Nadu,0.0,7.2,0,0
2025-12-08,0.3,0.3,3.0,25.1,Nagapattinam (Delta Coast),10.7656,79.8424,Tamil Nadu,0.3,6.6,0,0
2025-12-08,0.0,0.0,0.0,17.8,Madurai (Southern Plains),9.9252,78.1198,Tamil Nadu,0.3,5.7,0,0
2025-12-08,0.2,0.2,2.0,19.3,Chennai (Coastal North),13.0827,80.2707,Tamil Nadu,0.5,0.5,0,0
2025-12-08,0.0,0.0,0.0,14.3,Vellore (Palar Basin),12.9165,79.1325,Tamil Nadu,0.2,0.5,0,0
2025-12-08,0.0,0.0,0.0,22.3,Cuddalore (Coastal Central),11.748,79.7714,Tamil Nadu,0.2,0.5,0,0
2025-12-08,0.0,0.0,0.0,13.7,Coimbatore (Western Inland),11.0168,76.9558,Tamil Nadu,0.0,0.5,0,0
2025-12-09,7.7,7.7,19.0,22.6,Nagapattinam (Delta Coast),10.7656,79.8424,Tamil Nadu,7.7,8.2,0,0
2025-12-09,4.6,4.6,6.0,21.6,Tiruchirappalli (Kaveri Basin),10.7905,78.7047,Tamil Nadu,12.3,12.5,0,0
2025-12-09,0.0,0.0,0.0,15.7,Vellore (Palar Basin),12.9165,79.1325,Tamil Nadu,12.3,12.5,0,0
2025-12-09,0.3,0.3,3.0,17.7,Madurai (Southern Plains),9.9252,78.1198,Tamil Nadu,4.9,12.6,0,0
2025-12-09,0.2,0.2,1.0,11.1,Kanyakumari (Southern Coast),8.1833,77.4119,Tamil Nadu,0.5,12.8,0,0
2025-12-09,0.1,0.1,1.0,11.8,Coimbatore (Western Inland),11.0168,76.9558,Tamil Nadu,0.6,12.9,0,0
2025-12-09,0.0,0.0,0.0,7.6,Nilgiris (Hill Station Zone),11.4102,76.695,Tamil Nadu,0.3,12.9,0,0
2025-12-09,0.5,0.5,4.0,20.2,Chennai (Coastal North),13.0827,80.2707,Tamil Nadu,0.6,5.7,0,0
2025-12-09,0.0,0.0,0.0,13.7,Salem (Northern Inland),11.6643,78.146,Tamil Nadu,0.5,1.1,0,0
2025-12-09,0.3,0.3,2.0,25.5,Cuddalore (Coastal Central),11.748,79.7714,Tamil Nadu,0.8,1.4,0,0
2025-12-10,0.0,0.0,0.0,20.6,Chennai (Coastal North),13.0827,80.2707,Tamil Nadu,0.3,1.1,0,0
2025-12-10,0.1,0.1,1.0,18.2,Madurai (Southern Plains),9.9252,78.1198,Tamil Nadu,0.4,1.0,0,0
2025-12-10,0.3,0.3,1.0,24.9,Kanyakumari (Southern Coast),8.1833,77.4119,Tamil Nadu,0.4,1.2,0,0
2025-12-10,0.3,0.3,2.0,15.9,Coimbatore (Western Inland),11.0168,76.9558,Tamil Nadu,0.7,1.5,0,0
2025-12-10,0.4,0.4,3.0,12.3,Nilgiris (Hill Station Zone),11.4102,76.695,Tamil Nadu,1.0,1.4,0,0
2025-12-10,0.0,0.0,0.0,14.7,Vellore (Palar Basin),12.9165,79.1325,Tamil Nadu,0.7,1.4,0,0
2025-12-10,0.0,0.0,0.0,23.9,Cuddalore (Coastal Central),11.748,79.7714,Tamil Nadu,0.4,1.1,0,0
2025-12-10,1.1,1.1,5.0,26.3,Nagapattinam (Delta Coast),10.7656,79.8424,Tamil Nadu,1.1,2.2,0,0
2025-12-10,0.0,0.0,0.0,19.0,Tiruchirappalli (Kaveri Basin),10.7905,78.7047,Tamil Nadu,1.1,2.1,0,0
2025-12-10,0.0,0.0,0.0,11.5,Salem (Northern Inland),11.6643,78.146,Tamil Nadu,1.1,1.8,0,0
2025-12-11,0.0,0.0,0.0,15.7,Coimbatore (Western Inland),11.0168,76.9558,Tamil Nadu,0.0,1.5,0,0
2025-12-11,0.0,0.0,0.0,10.7,Salem (Northern Inland),11.6643,78.146,Tamil Nadu,0.0,1.1,0,0
2025-12-11,0.0,0.0,0.0,10.7,Nilgiris (Hill Station Zone),11.4102,76.695,Tamil Nadu,0.0,1.1,0,0
2025-12-11,0.0,0.0,0.0,19.5,Tiruchirappalli (Kaveri Basin),10.7905,78.7047,Tamil Nadu,0.0,1.1,0,0
2025-12-11,0.5,0.5,3.0,25.7,Cuddalore (Coastal Central),11.748,79.7714,Tamil Nadu,0.5,0.5,0,0
2025-12-11,0.0,0.0,0.0,20.8,Chennai (Coastal North),13.0827,80.2707,Tamil Nadu,0.5,0.5,0,0
2025-12-11,1.0,1.0,8.0,25.6,Nagapattinam (Delta Coast),10.7656,79.8424,Tamil Nadu,1.5,1.5,0,0
2025-12-11,0.0,0.0,0.0,15.7,Kanyakumari (Southern Coast),8.1833,77.4119,Tamil Nadu,1.0,1.5,0,0
2025-12-11,0.0,0.0,0.0,19.1,Madurai (Southern Plains),9.9252,78.1198,Tamil Nadu,1.0,1.5,0,0
2025-12-11,0.1,0.1,1.0,16.2,Vellore (Palar Basin),12.9165,79.1325,Tamil Nadu,0.1,1.6,0,0
2025-12-12,1.2,1.2,9.0,26.4,Nagapattinam (Delta Coast),10.7656,79.8424,Tamil Nadu,1.3,2.8,0,0
2025-12-12,0.0,0.0,0.0,16.5,Salem (Northern Inland),11.6643,78.146,Tamil Nadu,1.3,2.3,0,0
2025-12-12,0.0,0.0,0.0,24.8,Cuddalore (Coastal Central),11.748,79.7714,Tamil Nadu,1.2,2.3,0,0
2025-12-12,0.0,0.0,0.0,12.1,Coimbatore (Western Inland),11.0168,76.9558,Tamil Nadu,0.0,1.3,0,0
2025-12-12,0.0,0.0,0.0,8.9,Nilgiris (Hill Station Zone),11.4102,76.695,Tamil Nadu,0.0,1.3,0,0
2025-12-12,0.0,0.0,0.0,16.7,Tiruchirappalli (Kaveri Basin),10.7905,78.7047,Tamil Nadu,0.0,1.3,0,0
2025-12-12,0.2,0.2,2.0,18.9,Madurai (Southern Plains),9.9252,78.1198,Tamil Nadu,0.2,1.4,0,0
2025-12-12,0.1,0.1,1.0,13.3,Vellore (Palar Basin),12.9165,79.1325,Tamil Nadu,0.3,0.3,0,0
2025-12-12,0.8,0.8,4.0,15.9,Kanyakumari (Southern Coast),8.1833,77.4119,Tamil Nadu,1.1,1.1,0,0
2025-12-12,0.0,0.0,0.0,19.5,Chennai (Coastal North),13.0827,80.2707,Tamil Nadu,0.9,1.1,0,0
2025-12-13,0.0,0.0,0.0,18.6,Salem (Northern Inland),11.6643,78.146,Tamil Nadu,0.8,1.1,0,0
2025-12-13,0.0,0.0,0.0,17.5,Tiruchirappalli (Kaveri Basin),10.7905,78.7047,Tamil Nadu,0.0,1.1,0,0
2025-12-13,0.0,0.0,0.0,12.5,Coimbatore (Western Inland),11.0168,76.9558,Tamil Nadu,0.0,1.1,0,0
2025-12-13,0.1,0.1,1.0,19.8,Madurai (Southern Plains),9.9252,78.1198,Tamil Nadu,0.1,1.0,0,0
2025-12-13,0.0,0.0,0.0,15.7,Kanyakumari (Southern Coast),8.1833,77.4119,Tamil Nadu,0.1,0.9,0,0
2025-12-13,0.0,0.0,0.0,13.6,Nilgiris (Hill Station Zone),11.4102,76.695,Tamil Nadu,0.1,0.1,0,0
2025-12-13,0.0,0.0,0.0,11.1,Vellore (Palar Basin),12.9165,79.1325,Tamil Nadu,0.0,0.1,0,0
2025-12-13,0.0,0.0,0.0,20.6,Cuddalore (Coastal Central),11.748,79.7714,Tamil Nadu,0.0,0.1,0,0
2025-12-13,0.0,0.0,0.0,23.5,Nagapattinam (Delta Coast),10.7656,79.8424,Tamil Nadu,0.0,0.1,0,0
2025-12-13,0.0,0.0,0.0,15.9,Chennai (Coastal North),13.0827,80.2707,Tamil Nadu,0.0,0.1,0,0
2025-12-14,0.0,0.0,0.0,13.3,Salem (Northern Inland),11.6643,78.146,Tamil Nadu,0.0,0.0,0,0
2025-12-14,0.1,0.1,1.0,12.9,Vellore (Palar Basin),12.9165,79.1325,Tamil Nadu,0.1,0.1,0,0
2025-12-14,0.0,0.0,0.0,20.9,Cuddalore (Coastal Central),11.748,79.7714,Tamil Nadu,0.1,0.1,0,0
2025-12-14,0.0,0.0,0.0,18.6,Madurai (Southern Plains),9.9252,78.1198,Tamil Nadu,0.1,0.1,0,0
2025-12-14,0.0,0.0,0.0,16.5,Chennai (Coastal North),13.0827,80.2707,Tamil Nadu,0.0,0.1,0,0
2025-12-14,0.0,0.0,0.0,19.9,Tiruchirappalli (Kaveri Basin),10.7905,78.7047,Tamil Nadu,0.0,0.1,0,0
2025-12-14,0.0,0.0,0.0,11.2,Nilgiris (Hill Station Zone),11.4102,76.695,Tamil Nadu,0.0,0.1,0,0
2025-12-14,0.0,0.0,0.0,12.5,Coimbatore (Western Inland),11.0168,76.9558,Tamil Nadu,0.0,0.1,0,0
2025-12-14,0.0,0.0,0.0,15.4,Kanyakumari (Southern Coast),8.1833,77.4119,Tamil Nadu,0.0,0.0,0,0
2025-12-14,0.0,0.0,0.0,20.4,Nagapattinam (Delta Coast),10.7656,79.8424,Tamil Nadu,0.0,0.0,0,0
2025-12-15,2.4,2.4,8.0,24.8,Nagapattinam (Delta Coast),10.7656,79.8424,Tamil Nadu,2.4,2.4,0,0
2025-12-15,0.0,0.0,0.0,16.2,Tiruchirappalli (Kaveri Basin),10.7905,78.7047,Tamil Nadu,2.4,2.4,0,0
2025-12-15,0.0,0.0,0.0,13.4,Kanyakumari (Southern Coast),8.1833,77.4119,Tamil Nadu,2.4,2.4,0,0
2025-12-15,0.0,0.0,0.0,13.8,Salem (Northern Inland),11.6643,78.146,Tamil Nadu,0.0,2.4,0,0
2025-12-15,0.0,0.0,0.0,18.5,Chennai (Coastal North),13.0827,80.2707,Tamil Nadu,0.0,2.4,0,0
2025-12-15,0.0,0.0,0.0,15.6,Madurai (Southern Plains),9.9252,78.1198,Tamil Nadu,0.0,2.4,0,0
2025-12-15,0.0,0.0,0.0,11.1,Nilgiris (Hill Station Zone),11.4102,76.695,Tamil Nadu,0.0,2.4,0,0
2025-12-15,0.0,0.0,0.0,13.4,Coimbatore (Western Inland),11.0168,76.9558,Tamil Nadu,0.0,0.0,0,0
2025-12-15,0.0,0.0,0.0,12.5,Vellore (Palar Basin),12.9165,79.1325,Tamil Nadu,0.0,0.0,0,0
2025-12-15,0.0,0.0,0.0,26.0,Cuddalore (Coastal Central),11.748,79.7714,Tamil Nadu,0.0,0.0,0,0
2025-12-16,10.4,10.4,20.0,22.1,Cuddalore (Coastal Central),11.748,79.7714,Tamil Nadu,10.4,10.4,0,0
2025-12-16,0.2,0.2,2.0,19.2,Kanyakumari (Southern Coast),8.1833,77.4119,Tamil Nadu,10.6,10.6,0,0
2025-12-16,0.7,0.7,6.0,24.9,Madurai (Southern Plains),9.9252,78.1198,Tamil Nadu,11.3,11.3,0,0
2025-12-16,4.6,4.6,11.0,20.8,Coimbatore (Western Inland),11.0168,76.9558,Tamil Nadu,5.5,15.9,0,0
2025-12-16,2.2,2.2,6.0,15.8,Vellore (Palar Basin),12.9165,79.1325,Tamil Nadu,7.5,18.1,0,0
2025-12-16,8.3,8.3,13.0,16.8,Nilgiris (Hill Station Zone),11.4102,76.695,Tamil Nadu,15.1,26.4,0,0
2025-12-16,1.4,1.4,8.0,15.2,Salem (Northern Inland),11.6643,78.146,Tamil Nadu,11.9,27.8,0,0
2025-12-16,5.3,5.3,13.0,27.0,Tiruchirappalli (Kaveri Basin),10.7905,78.7047,Tamil Nadu,15.0,22.7,0,0
2025-12-16,21.0,21.0,21.0,21.1,Nagapattinam (Delta Coast),10.7656,79.8424,Tamil Nadu,27.7,43.5,0,0
2025-12-16,4.3,4.3,16.0,19.3,Chennai (Coastal North),13.0827,80.2707,Tamil Nadu,30.6,47.1,0,0
2025-12-17,0.3,0.3,3.0,17.3,Vellore (Palar Basin),12.9165,79.1325,Tamil Nadu,25.6,42.8,0,0
2025-12-17,6.2,6.2,9.0,11.9,Nilgiris (Hill Station Zone),11.4102,76.695,Tamil Nadu,10.8,46.8,0,0
2025-12-17,2.3,2.3,8.0,25.4,Kanyakumari (Southern Coast),8.1833,77.4119,Tamil Nadu,8.8,40.8,0,0
2025-12-17,0.3,0.3,3.0,13.5,Salem (Northern Inland),11.6643,78.146,Tamil Nadu,8.8,39.7,0,0
2025-12-17,6.2,6.2,13.0,23.3,Tiruchirappalli (Kaveri Basin),10.7905,78.7047,Tamil Nadu,8.8,40.6,0,0
2025-12-17,1.9,1.9,9.0,21.0,Chennai (Coastal North),13.0827,80.2707,Tamil Nadu,8.4,21.5,0,0
2025-12-17,2.9,2.9,10.0,27.6,Cuddalore (Coastal Central),11.748,79.7714,Tamil Nadu,11.0,20.1,0,0
2025-12-17,3.5,3.5,8.0,23.3,Madurai (Southern Plains),9.9252,78.1198,Tamil Nadu,8.3,23.3,0,0
2025-12-17,3.3,3.3,10.0,19.4,Coimbatore (Western Inland),11.0168,76.9558,Tamil Nadu,9.7,20.4,0,0
2025-12-17,2.7,2.7,11.0,28.0,Nagapattinam (Delta Coast),10.7656,79.8424,Tamil Nadu,9.5,20.8,0,0
2025-12-18,0.0,0.0,0.0,22.3,Cuddalore (Coastal Central),11.748,79.7714,Tamil Nadu,6.0,20.5,0,0
2025-12-18,0.0,0.0,0.0,11.4,Salem (Northern Inland),11.6643,78.146,Tamil Nadu,2.7,14.3,0,0
2025-12-18,0.0,0.0,0.0,19.5,Madurai (Southern Plains),9.9252,78.1198,Tamil Nadu,0.0,12.4,0,0
2025-12-18,0.0,0.0,0.0,14.7,Nilgiris (Hill Station Zone),11.4102,76.695,Tamil Nadu,0.0,9.5,0,0
2025-12-18,0.4,0.4,4.0,17.3,Chennai (Coastal North),13.0827,80.2707,Tamil Nadu,0.4,6.4,0,0
2025-12-18,0.0,0.0,0.0,16.2,Coimbatore (Western Inland),11.0168,76.9558,Tamil Nadu,0.4,3.1,0,0
2025-12-18,0.0,0.0,0.0,26.5,Nagapattinam (Delta Coast),10.7656,79.8424,Tamil Nadu,0.4,0.4,0,0
2025-12-18,0.0,0.0,0.0,22.2,Kanyakumari (Southern Coast),8.1833,77.4119,Tamil Nadu,0.0,0.4,0,0
2025-12-18,0.0,0.0,0.0,21.3,Tiruchirappalli (Kaveri Basin),10.7905,78.7047,Tamil Nadu,0.0,0.4,0,0
2025-12-18,0.1,0.1,1.0,13.9,Vellore (Palar Basin),12.9165,79.1325,Tamil Nadu,0.1,0.5,0,0
2025-12-19,0.0,0.0,0.0,20.7,Nagapattinam (Delta Coast),10.7656,79.8424,Tamil Nadu,0.1,0.5,0,0
2025-12-19,0.0,0.0,0.0,17.1,Tiruchirappalli (Kaveri Basin),10.7905,78.7047,Tamil Nadu,0.1,0.1,0,0
2025-12-19,0.0,0.0,0.0,12.9,Chennai (Coastal North),13.0827,80.2707,Tamil Nadu,0.0,0.1,0,0
2025-12-19,0.0,0.0,0.0,12.8,Salem (Northern Inland),11.6643,78.146,Tamil Nadu,0.0,0.1,0,0
2025-12-19,0.0,0.0,0.0,9.7,Nilgiris (Hill Station Zone),11.4102,76.695,Tamil Nadu,0.0,0.1,0,0
2025-12-19,0.0,0.0,0.0,20.5,Kanyakumari (Southern Coast),8.1833,77.4119,Tamil Nadu,0.0,0.1,0,0
2025-12-19,0.0,0.0,0.0,9.8,Vellore (Palar Basin),12.9165,79.1325,Tamil Nadu,0.0,0.0,0,0
2025-12-19,0.0,0.0,0.0,20.1,Cuddalore (Coastal Central),11.748,79.7714,Tamil Nadu,0.0,0.0,0,0
2025-12-19,0.0,0.0,0.0,19.1,Madurai (Southern Plains),9.9252,78.1198,Tamil Nadu,0.0,0.0,0,0
2025-12-19,0.0,0.0,0.0,14.6,Coimbatore (Western Inland),11.0168,76.9558,Tamil Nadu,0.0,0.0,0,0
2025-12-20,0.1,0.1,1.0,12.0,Chennai (Coastal North),13.0827,80.2707,Tamil Nadu,0.1,0.1,0,0
2025-12-20,0.0,0.0,0.0,15.0,Tiruchirappalli (Kaveri Basin),10.7905,78.7047,Tamil Nadu,0.1,0.1,0,0
2025-12-20,0.0,0.0,0.0,17.8,Madurai (Southern Plains),9.9252,78.1198,Tamil Nadu,0.1,0.1,0,0
2025-12-20,0.0,0.0,0.0,9.7,Nilgiris (Hill Station Zone),11.4102,76.695,Tamil Nadu,0.0,0.1,0,0
2025-12-20,0.4,0.4,3.0,15.9,Nagapattinam (Delta Coast),10.7656,79.8424,Tamil Nadu,0.4,0.5,0,0
2025-12-20,0.0,0.0,0.0,13.1,Cuddalore (Coastal Central),11.748,79.7714,Tamil Nadu,0.4,0.5,0,0
2025-12-20,0.0,0.0,0.0,15.3,Kanyakumari (Southern Coast),8.1833,77.4119,Tamil Nadu,0.4,0.5,0,0
2025-12-20,0.0,0.0,0.0,16.3,Salem (Northern Inland),11.6643,78.146,Tamil Nadu,0.0,0.4,0,0
2025-12-20,0.0,0.0,0.0,8.0,Vellore (Palar Basin),12.9165,79.1325,Tamil Nadu,0.0,0.4,0,0
2025-12-20,0.0,0.0,0.0,11.5,Coimbatore (Western Inland),11.0168,76.9558,Tamil Nadu,0.0,0.4,0,0
2025-12-21,0.0,0.0,0.0,18.1,Cuddalore (Coastal Central),11.748,79.7714,Tamil Nadu,0.0,0.4,0,0
2025-12-21,0.0,0.0,0.0,16.0,Tiruchirappalli (Kaveri Basin),10.7905,78.7047,Tamil Nadu,0.0,0.0,0,0
2025-12-21,0.0,0.0,0.0,8.7,Nilgiris (Hill Station Zone),11.4102,76.695,Tamil Nadu,0.0,0.0,0,0
2025-12-21,0.2,0.2,2.0,15.2,Chennai (Coastal North),13.0827,80.2707,Tamil Nadu,0.2,0.2,0,0
2025-12-21,0.0,0.0,0.0,15.4,Salem (Northern Inland),11.6643,78.146,Tamil Nadu,0.2,0.2,0,0
2025-12-21,0.0,0.0,0.0,18.1,Nagapattinam (Delta Coast),10.7656,79.8424,Tamil Nadu,0.2,0.2,0,0
2025-12-21,0.0,0.0,0.0,22.5,Kanyakumari (Southern Coast),8.1833,77.4119,Tamil Nadu,0.0,0.2,0,0
2025-12-21,0.2,0.2,2.0,12.6,Vellore (Palar Basin),12.9165,79.1325,Tamil Nadu,0.2,0.4,0,0
2025-12-21,0.0,0.0,0.0,15.1,Madurai (Southern Plains),9.9252,78.1198,Tamil Nadu,0.2,0.4,0,0
2025-12-21,0.0,0.0,0.0,12.6,Coimbatore (Western Inland),11.0168,76.9558,Tamil Nadu,0.2,0.4,0,0
2025-12-22,0.1,0.1,1.0,18.1,Nagapattinam (Delta Coast),10.7656,79.8424,Tamil Nadu,0.1,0.3,0,0
2025-12-22,0.0,0.0,0.0,16.9,Cuddalore (Coastal Central),11.748,79.7714,Tamil Nadu,0.1,0.3,0,0
2025-12-22,0.0,0.0,0.0,14.2,Salem (Northern Inland),11.6643,78.146,Tamil Nadu,0.1,0.3,0,0
2025-12-22,0.0,0.0,0.0,21.3,Kanyakumari (Southern Coast),8.1833,77.4119,Tamil Nadu,0.0,0.3,0,0
2025-12-22,0.0,0.0,0.0,16.8,Chennai (Coastal North),13.0827,80.2707,Tamil Nadu,0.0,0.1,0,0
2025-12-22,0.0,0.0,0.0,10.4,Nilgiris (Hill Station Zone),11.4102,76.695,Tamil Nadu,0.0,0.1,0,0
2025-12-22,0.0,0.0,0.0,15.1,Vellore (Palar Basin),12.9165,79.1325,Tamil Nadu,0.0,0.1,0,0
2025-12-22,0.0,0.0,0.0,15.0,Tiruchirappalli (Kaveri Basin),10.7905,78.7047,Tamil Nadu,0.0,0.0,0,0
2025-12-22,0.0,0.0,0.0,13.8,Coimbatore (Western Inland),11.0168,76.9558,Tamil Nadu,0.0,0.0,0,0
2025-12-22,0.0,0.0,0.0,17.1,Madurai (Southern Plains),9.9252,78.1198,Tamil Nadu,0.0,0.0,0,0
2025-12-23,2.2,2.2,7.0,20.6,Nagapattinam (Delta Coast),10.7656,79.8424,Tamil Nadu,2.2,2.2,0,0
2025-12-23,0.0,0.0,0.0,11.7,Vellore (Palar Basin),12.9165,79.1325,Tamil Nadu,2.2,2.2,0,0
2025-12-23,0.0,0.0,0.0,18.5,Cuddalore (Coastal Central),11.748,79.7714,Tamil Nadu,2.2,2.2,0,0
2025-12-23,0.0,0.0,0.0,7.9,Kanyakumari (Southern Coast),8.1833,77.4119,Tamil Nadu,0.0,2.2,0,0
2025-12-23,0.0,0.0,0.0,13.3,Tiruchirappalli (Kaveri Basin),10.7905,78.7047,Tamil Nadu,0.0,2.2,0,0
2025-12-23,0.0,0.0,0.0,14.8,Madurai (Southern Plains),9.9252,78.1198,Tamil Nadu,0.0,2.2,0,0
2025-12-23,0.0,0.0,0.0,10.4,Nilgiris (Hill Station Zone),11.4102,76.695,Tamil Nadu,0.0,2.2,0,0
2025-12-23,0.0,0.0,0.0,11.5,Coimbatore (Western Inland),11.0168,76.9558,Tamil Nadu,0.0,0.0,0,0
2025-12-23,0.0,0.0,0.0,15.6,Chennai (Coastal North),13.0827,80.2707,Tamil Nadu,0.0,0.0,0,0
2025-12-23,0.0,0.0,0.0,15.5,Salem (Northern Inland),11.6643,78.146,Tamil Nadu,0.0,0.0,0,0
2025-12-24,0.0,0.0,0.0,14.9,Madurai (Southern Plains),9.9252,78.1198,Tamil Nadu,0.0,0.0,0,0
2025-12-24,0.2,0.2,2.0,13.0,Vellore (Palar Basin),12.9165,79.1325,Tamil Nadu,0.2,0.2,0,0
2025-12-24,0.1,0.1,1.0,14.1,Chennai (Coastal North),13.0827,80.2707,Tamil Nadu,0.3,0.3,0,0
2025-12-24,0.0,0.0,0.0,18.8,Cuddalore (Coastal Central),11.748,79.7714,Tamil Nadu,0.3,0.3,0,0
2025-12-24,0.0,0.0,0.0,14.1,Tiruchirappalli (Kaveri Basin),10.7905,78.7047,Tamil Nadu,0.1,0.3,0,0
2025-12-24,0.0,0.0,0.0,14.3,Salem (Northern Inland),11.6643,78.146,Tamil Nadu,0.0,0.3,0,0
2025-12-24,0.0,0.0,0.0,13.2,Kanyakumari (Southern Coast),8.1833,77.4119,Tamil Nadu,0.0,0.3,0,0
2025-12-24,0.0,0.0,0.0,10.3,Nilgiris (Hill Station Zone),11.4102,76.695,Tamil Nadu,0.0,0.3,0,0
2025-12-24,0.0,0.0,0.0,18.0,Nagapattinam (Delta Coast),10.7656,79.8424,Tamil Nadu,0.0,0.1,0,0
2025-12-24,0.2,0.2,2.0,10.9,Coimbatore (Western Inland),11.0168,76.9558,Tamil Nadu,0.2,0.2,0,0
2025-12-25,0.0,0.0,0.0,20.2,Salem (Northern Inland),11.6643,78.146,Tamil Nadu,0.2,0.2,0,0
2025-12-25,0.0,0.0,0.0,15.9,Madurai (Southern Plains),9.9252,78.1198,Tamil Nadu,0.2,0.2,0,0
2025-12-25,0.9,0.9,7.0,21.4,Cuddalore (Coastal Central),11.748,79.7714,Tamil Nadu,0.9,1.1,0,0
2025-12-25,0.0,0.0,0.0,11.3,Coimbatore (Western Inland),11.0168,76.9558,Tamil Nadu,0.9,1.1,0,0
2025-12-25,0.7,0.7,6.0,16.4,Chennai (Coastal North),13.0827,80.2707,Tamil Nadu,1.6,1.8,0,0
2025-12-25,0.0,0.0,0.0,11.8,Nilgiris (Hill Station Zone),11.4102,76.695,Tamil Nadu,0.7,1.8,0,0
2025-12-25,0.0,0.0,0.0,15.4,Tiruchirappalli (Kaveri Basin),10.7905,78.7047,Tamil Nadu,0.7,1.6,0,0
2025-12-25,1.4,1.4,6.0,22.2,Nagapattinam (Delta Coast),10.7656,79.8424,Tamil Nadu,1.4,3.0,0,0
2025-12-25,0.3,0.3,3.0,14.6,Vellore (Palar Basin),12.9165,79.1325,Tamil Nadu,1.7,3.3,0,0
2025-12-25,0.6,0.6,2.0,14.1,Kanyakumari (Southern Coast),8.1833,77.4119,Tamil Nadu,2.3,3.0,0,0
2025-12-26,1.3,1.3,5.0,15.2,Vellore (Palar Basin),12.9165,79.1325,Tamil Nadu,2.2,4.3,0,0
2025-12-26,0.3,0.3,2.0,18.7,Madurai (Southern Plains),9.9252,78.1198,Tamil Nadu,2.2,3.9,0,0
2025-12-26,0.0,0.0,0.0,9.4,Nilgiris (Hill Station Zone),11.4102,76.695,Tamil Nadu,1.6,3.9,0,0
2025-12-26,2.8,2.8,10.0,21.8,Nagapattinam (Delta Coast),10.7656,79.8424,Tamil Nadu,3.1,6.7,0,0
2025-12-26,1.1,1.1,8.0,22.5,Cuddalore (Coastal Central),11.748,79.7714,Tamil Nadu,3.9,6.4,0,0
2025-12-26,0.1,0.1,1.0,14.9,Coimbatore (Western Inland),11.0168,76.9558,Tamil Nadu,4.0,6.2,0,0
2025-12-26,1.1,1.1,7.0,17.3,Tiruchirappalli (Kaveri Basin),10.7905,78.7047,Tamil Nadu,2.3,6.7,0,0
2025-12-26,0.0,0.0,0.0,18.9,Chennai (Coastal North),13.0827,80.2707,Tamil Nadu,1.2,5.4,0,0
2025-12-26,0.0,0.0,0.0,19.1,Salem (Northern Inland),11.6643,78.146,Tamil Nadu,1.1,5.1,0,0
2025-12-26,1.8,1.8,2.0,19.5,Kanyakumari (Southern Coast),8.1833,77.4119,Tamil Nadu,1.8,6.9,0,0
2025-12-27,0.0,0.0,0.0,12.9,Vellore (Palar Basin),12.9165,79.1325,Tamil Nadu,1.8,4.1,0,0
2025-12-27,0.0,0.0,0.0,15.8,Madurai (Southern Plains),9.9252,78.1198,Tamil Nadu,1.8,3.0,0,0
2025-12-27,0.1,0.1,1.0,18.1,Chennai (Coastal North),13.0827,80.2707,Tamil Nadu,0.1,3.0,0,0
2025-12-27,0.0,0.0,0.0,19.0,Kanyakumari (Southern Coast),8.1833,77.4119,Tamil Nadu,0.1,1.9,0,0
2025-12-27,0.4,0.4,4.0,19.9,Nagapattinam (Delta Coast),10.7656,79.8424,Tamil Nadu,0.5,2.3,0,0
2025-12-27,0.0,0.0,0.0,11.0,Nilgiris (Hill Station Zone),11.4102,76.695,Tamil Nadu,0.4,2.3,0,0
2025-12-27,0.0,0.0,0.0,17.4,Tiruchirappalli (Kaveri Basin),10.7905,78.7047,Tamil Nadu,0.4,0.5,0,0
2025-12-27,0.0,0.0,0.0,18.7,Salem (Northern Inland),11.6643,78.146,Tamil Nadu,0.0,0.5,0,0
2025-12-27,1.5,1.5,7.0,14.4,Coimbatore (Western Inland),11.0168,76.9558,Tamil Nadu,1.5,2.0,0,0
2025-12-27,0.1,0.1,1.0,20.7,Cuddalore (Coastal Central),11.748,79.7714,Tamil Nadu,1.6,2.0,0,0
2025-12-28,0.0,0.0,0.0,15.1,Tiruchirappalli (Kaveri Basin),10.7905,78.7047,Tamil Nadu,1.6,2.0,0,0
2025-12-28,0.2,0.2,2.0,17.1,Kanyakumari (Southern Coast),8.1833,77.4119,Tamil Nadu,0.3,1.8,0,0
2025-12-28,0.0,0.0,0.0,16.7,Chennai (Coastal North),13.0827,80.2707,Tamil Nadu,0.2,1.8,0,0
2025-12-28,0.0,0.0,0.0,21.5,Salem (Northern Inland),11.6643,78.146,Tamil Nadu,0.2,1.8,0,0
2025-12-28,0.1,0.1,1.0,21.2,Cuddalore (Coastal Central),11.748,79.7714,Tamil Nadu,0.1,1.9,0,0
2025-12-28,0.1,0.1,1.0,11.1,Coimbatore (Western Inland),11.0168,76.9558,Tamil Nadu,0.2,0.5,0,0
2025-12-28,0.0,0.0,0.0,13.7,Vellore (Palar Basin),12.9165,79.1325,Tamil Nadu,0.2,0.4,0,0
2025-12-28,0.0,0.0,0.0,14.5,Madurai (Southern Plains),9.9252,78.1198,Tamil Nadu,0.1,0.4,0,0
2025-12-28,0.0,0.0,0.0,11.4,Nilgiris (Hill Station Zone),11.4102,76.695,Tamil Nadu,0.0,0.2,0,0
2025-12-28,0.3,0.3,3.0,21.5,Nagapattinam (Delta Coast),10.7656,79.8424,Tamil Nadu,0.3,0.5,0,0
2025-12-29,0.0,0.0,0.0,16.8,Chennai (Coastal North),13.0827,80.2707,Tamil Nadu,0.3,0.5,0,0
2025-12-29,0.2,0.2,2.0,22.7,Cuddalore (Coastal Central),11.748,79.7714,Tamil Nadu,0.5,0.6,0,0
2025-12-29,0.0,0.0,0.0,17.6,Tiruchirappalli (Kaveri Basin),10.7905,78.7047,Tamil Nadu,0.2,0.5,0,0
2025-12-29,0.0,0.0,0.0,15.3,Vellore (Palar Basin),12.9165,79.1325,Tamil Nadu,0.2,0.5,0,0
2025-12-29,0.7,0.7,5.0,21.7,Nagapattinam (Delta Coast),10.7656,79.8424,Tamil Nadu,0.7,1.2,0,0
2025-12-29,0.0,0.0,0.0,16.9,Kanyakumari (Southern Coast),8.1833,77.4119,Tamil Nadu,0.7,1.2,0,0
2025-12-29,0.0,0.0,0.0,8.7,Nilgiris (Hill Station Zone),11.4102,76.695,Tamil Nadu,0.7,0.9,0,0
2025-12-29,0.0,0.0,0.0,14.6,Madurai (Southern Plains),9.9252,78.1198,Tamil Nadu,0.0,0.9,0,0
2025-12-29,0.0,0.0,0.0,18.0,Salem (Northern Inland),11.6643,78.146,Tamil Nadu,0.0,0.7,0,0
2025-12-29,0.0,0.0,0.0,11.3,Coimbatore (Western Inland),11.0168,76.9558,Tamil Nadu,0.0,0.7,0,0
2025-12-30,0.0,0.0,0.0,14.0,Vellore (Palar Basin),12.9165,79.1325,Tamil Nadu,0.0,0.7,0,0
2025-12-30,0.0,0.0,0.0,18.6,Salem (Northern Inland),11.6643,78.146,Tamil Nadu,0.0,0.0,0,0
2025-12-30,0.0,0.0,0.0,15.4,Chennai (Coastal North),13.0827,80.2707,Tamil Nadu,0.0,0.0,0,0
2025-12-30,0.0,0.0,0.0,13.6,Madurai (Southern Plains),9.9252,78.1198,Tamil Nadu,0.0,0.0,0,0
2025-12-30,0.8,0.8,2.0,16.0,Kanyakumari (Southern Coast),8.1833,77.4119,Tamil Nadu,0.8,0.8,0,0
2025-12-30,0.4,0.4,2.0,12.4,Nilgiris (Hill Station Zone),11.4102,76.695,Tamil Nadu,1.2,1.2,0,0
2025-12-30,0.0,0.0,0.0,20.0,Cuddalore (Coastal Central),11.748,79.7714,Tamil Nadu,1.2,1.2,0,0
2025-12-30,0.0,0.0,0.0,8.4,Coimbatore (Western Inland),11.0168,76.9558,Tamil Nadu,0.4,1.2,0,0
2025-12-30,0.0,0.0,0.0,15.6,Tiruchirappalli (Kaveri Basin),10.7905,78.7047,Tamil Nadu,0.0,1.2,0,0
2025-12-30,0.0,0.0,0.0,19.4,Nagapattinam (Delta Coast),10.7656,79.8424,Tamil Nadu,0.0,1.2,0,0
2025-12-31,0.4,0.4,1.0,16.4,Salem (Northern Inland),11.6643,78.146,Tamil Nadu,0.4,1.6,0,0
2025-12-31,3.0,3.0,5.0,14.1,Chennai (Coastal North),13.0827,80.2707,Tamil Nadu,3.4,3.8,0,0
2025-12-31,0.1,0.1,1.0,13.6,Vellore (Palar Basin),12.9165,79.1325,Tamil Nadu,3.5,3.5,0,0
2025-12-31,4.3,4.3,11.0,18.3,Nagapattinam (Delta Coast),10.7656,79.8424,Tamil Nadu,7.4,7.8,0,0
2025-12-31,2.5,2.5,4.0,7.6,Nilgiris (Hill Station Zone),11.4102,76.695,Tamil Nadu,6.9,10.3,0,0
2025-12-31,0.1,0.1,1.0,15.3,Coimbatore (Western Inland),11.0168,76.9558,Tamil Nadu,6.9,10.4,0,0
2025-12-31,2.5,2.5,9.0,16.5,Cuddalore (Coastal Central),11.748,79.7714,Tamil Nadu,5.1,12.9,0,0
2025-12-31,0.5,0.5,1.0,17.2,Kanyakumari (Southern Coast),8.1833,77.4119,Tamil Nadu,3.1,13.0,0,0
2025-12-31,0.0,0.0,0.0,14.3,Tiruchirappalli (Kaveri Basin),10.7905,78.7047,Tamil Nadu,3.0,10.0,0,0
2025-12-31,3.0,3.0,3.0,13.4,Madurai (Southern Plains),9.9252,78.1198,Tamil Nadu,3.5,12.9,0,0
2026-01-01,12.9,12.9,10.0,17.9,Madurai (Southern Plains),9.9252,78.1198,Tamil Nadu,15.9,21.5,0,0
2026-01-01,1.6,1.6,8.0,15.0,Salem (Northern Inland),11.6643,78.146,Tamil Nadu,17.5,20.6,0,0
2026-01-01,1.3,1.3,6.0,16.5,Vellore (Palar Basin),12.9165,79.1325,Tamil Nadu,15.8,21.8,0,0
2026-01-01,4.6,4.6,6.0,6.0,Nilgiris (Hill Station Zone),11.4102,76.695,Tamil Nadu,7.5,23.9,0,0
2026-01-01,13.4,13.4,14.0,12.1,Chennai (Coastal North),13.0827,80.2707,Tamil Nadu,19.3,36.8,0,0
2026-01-01,0.9,0.9,5.0,20.1,Tiruchirappalli (Kaveri Basin),10.7905,78.7047,Tamil Nadu,18.9,37.7,0,0
2026-01-01,1.8,1.8,11.0,22.1,Nagapattinam (Delta Coast),10.7656,79.8424,Tamil Nadu,16.1,36.5,0,0
2026-01-01,8.3,8.3,10.0,14.2,Coimbatore (Western Inland),11.0168,76.9558,Tamil Nadu,11.0,31.9,0,0
2026-01-01,1.3,1.3,7.0,12.7,Kanyakumari (Southern Coast),8.1833,77.4119,Tamil Nadu,11.4,31.6,0,0
2026-01-01,3.4,3.4,5.0,18.3,Cuddalore (Coastal Central),11.748,79.7714,Tamil Nadu,13.0,33.7,0,0
2026-01-02,0.9,0.9,4.0,19.4,Nagapattinam (Delta Coast),10.7656,79.8424,Tamil Nadu,5.6,30.0,0,0
2026-01-02,0.8,0.8,6.0,15.6,Tiruchirappalli (Kaveri Basin),10.7905,78.7047,Tamil Nadu,5.1,17.4,0,0
2026-01-02,1.1,1.1,4.0,19.2,Cuddalore (Coastal Central),11.748,79.7714,Tamil Nadu,2.8,17.6,0,0
2026-01-02,18.0,18.0,11.0,9.4,Coimbatore (Western Inland),11.0168,76.9558,Tamil Nadu,19.9,33.8,0,0
2026-01-02,1.4,1.4,7.0,12.4,Kanyakumari (Southern Coast),8.1833,77.4119,Tamil Nadu,20.5,26.9,0,0
2026-01-02,2.1,2.1,8.0,12.6,Madurai (Southern Plains),9.9252,78.1198,Tamil Nadu,21.5,27.7,0,0
2026-01-02,1.3,1.3,6.0,14.1,Salem (Northern Inland),11.6643,78.146,Tamil Nadu,4.8,25.6,0,0
2026-01-02,11.3,11.3,18.0,8.5,Nilgiris (Hill Station Zone),11.4102,76.695,Tamil Nadu,14.7,36.0,0,0
2026-01-02,0.1,0.1,1.0,16.0,Chennai (Coastal North),13.0827,80.2707,Tamil Nadu,12.7,35.3,0,0
2026-01-02,0.4,0.4,3.0,13.9,Vellore (Palar Basin),12.9165,79.1325,Tamil Nadu,11.8,34.6,0,0
2026-01-03,0.3,0.3,3.0,19.2,Tiruchirappalli (Kaveri Basin),10.7905,78.7047,Tamil Nadu,0.8,16.9,0,0
2026-01-03,0.2,0.2,2.0,20.1,Madurai (Southern Plains),9.9252,78.1198,Tamil Nadu,0.9,15.7,0,0
2026-01-03,0.0,0.0,0.0,17.1,Salem (Northern Inland),11.6643,78.146,Tamil Nadu,0.5,13.6,0,0
2026-01-03,2.8,2.8,10.0,13.6,Coimbatore (Western Inland),11.0168,76.9558,Tamil Nadu,3.0,15.1,0,0
2026-01-03,0.5,0.5,5.0,22.2,Nagapattinam (Delta Coast),10.7656,79.8424,Tamil Nadu,3.3,4.3,0,0
2026-01-03,0.2,0.2,2.0,16.4,Vellore (Palar Basin),12.9165,79.1325,Tamil Nadu,3.5,4.4,0,0
2026-01-03,0.0,0.0,0.0,16.3,Chennai (Coastal North),13.0827,80.2707,Tamil Nadu,0.7,4.0,0,0
2026-01-03,0.1,0.1,1.0,20.4,Cuddalore (Coastal Central),11.748,79.7714,Tamil Nadu,0.3,3.8,0,0
2026-01-03,0.7,0.7,3.0,15.9,Kanyakumari (Southern Coast),8.1833,77.4119,Tamil Nadu,0.8,4.3,0,0
2026-01-03,0.7,0.7,4.0,10.2,Nilgiris (Hill Station Zone),11.4102,76.695,Tamil Nadu,1.5,5.0,0,0
2026-01-04,1.2,1.2,2.0,17.7,Coimbatore (Western Inland),11.0168,76.9558,Tamil Nadu,2.6,3.4,0,0
2026-01-04,0.0,0.0,0.0,21.8,Tiruchirappalli (Kaveri Basin),10.7905,78.7047,Tamil Nadu,1.9,2.9,0,0
2026-01-04,0.3,0.3,3.0,25.7,Nagapattinam (Delta Coast),10.7656,79.8424,Tamil Nadu,1.5,3.0,0,0
2026-01-04,0.0,0.0,0.0,24.4,Cuddalore (Coastal Central),11.748,79.7714,Tamil Nadu,0.3,3.0,0,0
2026-01-04,0.0,0.0,0.0,22.7,Madurai (Southern Plains),9.9252,78.1198,Tamil Nadu,0.3,2.9,0,0
2026-01-04,0.0,0.0,0.0,12.6,Nilgiris (Hill Station Zone),11.4102,76.695,Tamil Nadu,0.0,2.2,0,0
2026-01-04,0.0,0.0,0.0,22.5,Kanyakumari (Southern Coast),8.1833,77.4119,Tamil Nadu,0.0,1.5,0,0
2026-01-04,0.1,0.1,1.0,20.0,Chennai (Coastal North),13.0827,80.2707,Tamil Nadu,0.1,0.4,0,0
2026-01-04,0.0,0.0,0.0,15.8,Salem (Northern Inland),11.6643,78.146,Tamil Nadu,0.1,0.4,0,0
2026-01-04,0.3,0.3,2.0,20.6,Vellore (Palar Basin),12.9165,79.1325,Tamil Nadu,0.4,0.4,0,0
2026-01-05,0.9,0.9,5.0,27.6,Nagapattinam (Delta Coast),10.7656,79.8424,Tamil Nadu,1.2,1.3,0,0
2026-01-05,0.1,0.1,1.0,27.4,Cuddalore (Coastal Central),11.748,79.7714,Tamil Nadu,1.3,1.4,0,0
2026-01-05,0.0,0.0,0.0,15.3,Coimbatore (Western Inland),11.0168,76.9558,Tamil Nadu,1.0,1.4,0,0
2026-01-05,0.0,0.0,0.0,9.7,Nilgiris (Hill Station Zone),11.4102,76.695,Tamil Nadu,0.1,1.4,0,0
2026-01-05,0.0,0.0,0.0,22.3,Chennai (Coastal North),13.0827,80.2707,Tamil Nadu,0.0,1.3,0,0
2026-01-05,0.2,0.2,2.0,18.9,Vellore (Palar Basin),12.9165,79.1325,Tamil Nadu,0.2,1.5,0,0
2026-01-05,0.0,0.0,0.0,22.1,Kanyakumari (Southern Coast),8.1833,77.4119,Tamil Nadu,0.2,1.2,0,0
2026-01-05,0.0,0.0,0.0,21.5,Tiruchirappalli (Kaveri Basin),10.7905,78.7047,Tamil Nadu,0.2,0.3,0,0
2026-01-05,0.6,0.6,1.0,20.8,Madurai (Southern Plains),9.9252,78.1198,Tamil Nadu,0.6,0.8,0,0
2026-01-05,0.0,0.0,0.0,17.5,Salem (Northern Inland),11.6643,78.146,Tamil Nadu,0.6,0.8,0,0
2026-01-06,0.0,0.0,0.0,28.6,Cuddalore (Coastal Central),11.748,79.7714,Tamil Nadu,0.6,0.8,0,0
2026-01-06,0.0,0.0,0.0,11.9,Salem (Northern Inland),11.6643,78.146,Tamil Nadu,0.0,0.8,0,0
2026-01-06,0.0,0.0,0.0,22.4,Madurai (Southern Plains),9.9252,78.1198,Tamil Nadu,0.0,0.6,0,0
2026-01-06,0.2,0.2,2.0,16.9,Coimbatore (Western Inland),11.0168,76.9558,Tamil Nadu,0.2,0.8,0,0
2026-01-06,0.9,0.9,4.0,22.1,Tiruchirappalli (Kaveri Basin),10.7905,78.7047,Tamil Nadu,1.1,1.7,0,0
2026-01-06,0.3,0.3,2.0,17.8,Vellore (Palar Basin),12.9165,79.1325,Tamil Nadu,1.4,1.4,0,0
2026-01-06,0.6,0.6,3.0,28.4,Nagapattinam (Delta Coast),10.7656,79.8424,Tamil Nadu,1.8,2.0,0,0
2026-01-06,0.0,0.0,0.0,24.2,Kanyakumari (Southern Coast),8.1833,77.4119,Tamil Nadu,0.9,2.0,0,0
2026-01-06,0.0,0.0,0.0,22.3,Chennai (Coastal North),13.0827,80.2707,Tamil Nadu,0.6,2.0,0,0
2026-01-06,5.6,5.6,12.0,7.8,Nilgiris (Hill Station Zone),11.4102,76.695,Tamil Nadu,5.6,7.6,0,0
2026-01-07,3.5,3.5,8.0,11.2,Nilgiris (Hill Station Zone),11.4102,76.695,Tamil Nadu,9.1,10.9,0,0
2026-01-07,0.0,0.0,0.0,25.4,Kanyakumari (Southern Coast),8.1833,77.4119,Tamil Nadu,9.1,10.0,0,0
2026-01-07,0.0,0.0,0.0,23.1,Chennai (Coastal North),13.0827,80.2707,Tamil Nadu,3.5,9.7,0,0
2026-01-07,0.0,0.0,0.0,14.7,Salem (Northern Inland),11.6643,78.146,Tamil Nadu,0.0,9.1,0,0
2026-01-07,0.0,0.0,0.0,28.5,Cuddalore (Coastal Central),11.748,79.7714,Tamil Nadu,0.0,9.1,0,0
2026-01-07,0.5,0.5,3.0,19.3,Vellore (Palar Basin),12.9165,79.1325,Tamil Nadu,0.5,9.6,0,0
2026-01-07,0.0,0.0,0.0,23.0,Madurai (Southern Plains),9.9252,78.1198,Tamil Nadu,0.5,4.0,0,0
2026-01-07,0.2,0.2,2.0,17.6,Coimbatore (Western Inland),11.0168,76.9558,Tamil Nadu,0.7,0.7,0,0
2026-01-07,0.0,0.0,0.0,23.5,Tiruchirappalli (Kaveri Basin),10.7905,78.7047,Tamil Nadu,0.2,0.7,0,0
2026-01-07,0.5,0.5,3.0,29.4,Nagapattinam (Delta Coast),10.7656,79.8424,Tamil Nadu,0.7,1.2,0,0
2026-01-08,0.0,0.0,0.0,23.3,Madurai (Southern Plains),9.9252,78.1198,Tamil Nadu,0.5,1.2,0,0
2026-01-08,0.0,0.0,0.0,21.8,Chennai (Coastal North),13.0827,80.2707,Tamil Nadu,0.5,1.2,0,0
2026-01-08,0.0,0.0,0.0,23.2,Kanyakumari (Southern Coast),8.1833,77.4119,Tamil Nadu,0.0,0.7,0,0
2026-01-08,0.0,0.0,0.0,19.1,Vellore (Palar Basin),12.9165,79.1325,Tamil Nadu,0.0,0.7,0,0
2026-01-08,0.1,0.1,1.0,29.3,Nagapattinam (Delta Coast),10.7656,79.8424,Tamil Nadu,0.1,0.6,0,0
2026-01-08,0.0,0.0,0.0,13.1,Salem (Northern Inland),11.6643,78.146,Tamil Nadu,0.1,0.6,0,0
2026-01-08,0.0,0.0,0.0,11.3,Nilgiris (Hill Station Zone),11.4102,76.695,Tamil Nadu,0.1,0.1,0,0
2026-01-08,0.1,0.1,1.0,23.8,Tiruchirappalli (Kaveri Basin),10.7905,78.7047,Tamil Nadu,0.1,0.2,0,0
2026-01-08,0.0,0.0,0.0,16.9,Coimbatore (Western Inland),11.0168,76.9558,Tamil Nadu,0.1,0.2,0,0
2026-01-08,0.1,0.1,1.0,27.6,Cuddalore (Coastal Central),11.748,79.7714,Tamil Nadu,0.2,0.3,0,0
2026-01-09,0.0,0.0,0.0,20.0,Vellore (Palar Basin),12.9165,79.1325,Tamil Nadu,0.1,0.3,0,0
2026-01-09,0.0,0.0,0.0,14.6,Salem (Northern Inland),11.6643,78.146,Tamil Nadu,0.1,0.2,0,0
2026-01-09,0.0,0.0,0.0,11.1,Nilgiris (Hill Station Zone),11.4102,76.695,Tamil Nadu,0.0,0.2,0,0
2026-01-09,0.0,0.0,0.0,15.3,Kanyakumari (Southern Coast),8.1833,77.4119,Tamil Nadu,0.0,0.2,0,0
2026-01-09,2.5,2.5,7.0,29.4,Cuddalore (Coastal Central),11.748,79.7714,Tamil Nadu,2.5,2.6,0,0
2026-01-09,0.0,0.0,0.0,19.8,Madurai (Southern Plains),9.9252,78.1198,Tamil Nadu,2.5,2.6,0,0
2026-01-09,0.0,0.0,0.0,24.5,Tiruchirappalli (Kaveri Basin),10.7905,78.7047,Tamil Nadu,2.5,2.5,0,0
2026-01-09,4.8,4.8,12.0,30.5,Nagapattinam (Delta Coast),10.7656,79.8424,Tamil Nadu,4.8,7.3,0,0
2026-01-09,2.7,2.7,9.0,28.3,Chennai (Coastal North),13.0827,80.2707,Tamil Nadu,7.5,10.0,0,0
2026-01-09,0.0,0.0,0.0,15.4,Coimbatore (Western Inland),11.0168,76.9558,Tamil Nadu,7.5,10.0,0,0
2026-01-10,8.0,8.0,8.0,24.1,Chennai (Coastal North),13.0827,80.2707,Tamil Nadu,10.7,18.0,0,0
2026-01-10,1.6,1.6,5.0,10.2,Salem (Northern Inland),11.6643,78.146,Tamil Nadu,9.6,17.1,0,0
2026-01-10,2.3,2.3,5.0,21.2,Madurai (Southern Plains),9.9252,78.1198,Tamil Nadu,11.9,19.4,0,0
2026-01-10,19.5,19.5,13.0,19.6,Tiruchirappalli (Kaveri Basin),10.7905,78.7047,Tamil Nadu,23.4,38.9,0,0
2026-01-10,36.7,36.7,22.0,34.4,Nagapattinam (Delta Coast),10.7656,79.8424,Tamil Nadu,58.5,70.8,0,0
2026-01-10,0.0,0.0,0.0,16.2,Coimbatore (Western Inland),11.0168,76.9558,Tamil Nadu,56.2,68.1,0,0
2026-01-10,4.4,4.4,7.0,21.7,Vellore (Palar Basin),12.9165,79.1325,Tamil Nadu,41.1,72.5,0,0
2026-01-10,10.3,10.3,16.0,35.0,Cuddalore (Coastal Central),11.748,79.7714,Tamil Nadu,14.7,74.8,0,0
2026-01-10,6.5,6.5,9.0,9.7,Nilgiris (Hill Station Zone),11.4102,76.695,Tamil Nadu,21.2,79.7,0,0
2026-01-10,1.2,1.2,5.0,7.5,Kanyakumari (Southern Coast),8.1833,77.4119,Tamil Nadu,18.0,78.6,0,0
2026-01-11,8.9,8.9,18.0,14.4,Nilgiris (Hill Station Zone),11.4102,76.695,Tamil Nadu,16.6,68.0,0,0
2026-01-11,0.0,0.0,0.0,10.5,Salem (Northern Inland),11.6643,78.146,Tamil Nadu,10.1,31.3,0,0
2026-01-11,0.0,0.0,0.0,18.2,Kanyakumari (Southern Coast),8.1833,77.4119,Tamil Nadu,8.9,31.3,0,0
2026-01-11,6.9,6.9,16.0,24.7,Cuddalore (Coastal Central),11.748,79.7714,Tamil Nadu,6.9,33.8,0,0
2026-01-11,9.0,9.0,10.0,19.4,Madurai (Southern Plains),9.9252,78.1198,Tamil Nadu,15.9,32.5,0,0
2026-01-11,15.5,15.5,24.0,24.7,Chennai (Coastal North),13.0827,80.2707,Tamil Nadu,31.4,41.5,0,0
2026-01-11,6.2,6.2,14.0,28.8,Nagapattinam (Delta Coast),10.7656,79.8424,Tamil Nadu,30.7,46.5,0,0
2026-01-11,21.1,21.1,13.0,24.7,Tiruchirappalli (Kaveri Basin),10.7905,78.7047,Tamil Nadu,42.8,58.7,0,0
2026-01-11,0.7,0.7,2.0,18.8,Vellore (Palar Basin),12.9165,79.1325,Tamil Nadu,28.0,59.4,0,0
2026-01-11,6.1,6.1,5.0,15.5,Coimbatore (Western Inland),11.0168,76.9558,Tamil Nadu,27.9,65.5,0,0
2026-01-12,0.3,0.3,3.0,7.3,Salem (Northern Inland),11.6643,78.146,Tamil Nadu,7.1,58.9,0,0
2026-01-12,0.0,0.0,0.0,14.0,Nilgiris (Hill Station Zone),11.4102,76.695,Tamil Nadu,6.4,49.9,0,0
2026-01-12,14.4,14.4,8.0,20.5,Tiruchirappalli (Kaveri Basin),10.7905,78.7047,Tamil Nadu,14.7,48.8,0,0
2026-01-12,0.3,0.3,2.0,17.8,Vellore (Palar Basin),12.9165,79.1325,Tamil Nadu,14.7,42.9,0,0
2026-01-12,2.7,2.7,12.0,18.7,Chennai (Coastal North),13.0827,80.2707,Tamil Nadu,17.4,24.5,0,0
2026-01-12,10.8,10.8,20.0,21.6,Cuddalore (Coastal Central),11.748,79.7714,Tamil Nadu,13.8,34.6,0,0
2026-01-12,0.1,0.1,1.0,22.2,Kanyakumari (Southern Coast),8.1833,77.4119,Tamil Nadu,13.6,28.6,0,0
2026-01-12,9.4,9.4,10.0,19.5,Madurai (Southern Plains),9.9252,78.1198,Tamil Nadu,20.3,37.7,0,0
2026-01-12,2.0,2.0,4.0,16.4,Coimbatore (Western Inland),11.0168,76.9558,Tamil Nadu,11.5,39.7,0,0
2026-01-12,24.3,24.3,23.0,19.4,Nagapattinam (Delta Coast),10.7656,79.8424,Tamil Nadu,35.7,49.6,0,0
2026-01-13,2.1,2.1,4.0,22.2,Kanyakumari (Southern Coast),8.1833,77.4119,Tamil Nadu,28.4,51.4,0,0
2026-01-13,11.7,11.7,14.0,10.1,Nilgiris (Hill Station Zone),11.4102,76.695,Tamil Nadu,38.1,60.4,0,0
2026-01-13,0.2,0.2,2.0,7.9,Salem (Northern Inland),11.6643,78.146,Tamil Nadu,14.0,49.8,0,0
2026-01-13,4.3,4.3,5.0,16.3,Madurai (Southern Plains),9.9252,78.1198,Tamil Nadu,16.2,54.0,0,0
2026-01-13,0.0,0.0,0.0,14.4,Vellore (Palar Basin),12.9165,79.1325,Tamil Nadu,4.5,44.6,0,0
2026-01-13,0.0,0.0,0.0,15.4,Chennai (Coastal North),13.0827,80.2707,Tamil Nadu,4.3,42.6,0,0
2026-01-13,14.4,14.4,13.0,16.6,Tiruchirappalli (Kaveri Basin),10.7905,78.7047,Tamil Nadu,14.4,32.7,0,0
2026-01-13,2.2,2.2,5.0,21.8,Cuddalore (Coastal Central),11.748,79.7714,Tamil Nadu,16.6,32.8,0,0
2026-01-13,16.9,16.9,12.0,18.6,Nagapattinam (Delta Coast),10.7656,79.8424,Tamil Nadu,33.5,38.0,0,0
2026-01-13,7.2,7.2,11.0,17.8,Coimbatore (Western Inland),11.0168,76.9558,Tamil Nadu,26.3,45.0,0,0
2026-01-14,0.0,0.0,0.0,9.9,Chennai (Coastal North),13.0827,80.2707,Tamil Nadu,24.1,40.7,0,0
2026-01-14,0.2,0.2,2.0,15.5,Salem (Northern Inland),11.6643,78.146,Tamil Nadu,7.4,40.9,0,0
2026-01-14,0.0,0.0,0.0,11.7,Vellore (Palar Basin),12.9165,79.1325,Tamil Nadu,0.2,40.9,0,0
2026-01-14,2.9,2.9,6.0,11.1,Nilgiris (Hill Station Zone),11.4102,76.695,Tamil Nadu,3.1,29.4,0,0
2026-01-14,0.0,0.0,0.0,11.0,Coimbatore (Western Inland),11.0168,76.9558,Tamil Nadu,2.9,27.2,0,0
2026-01-14,0.0,0.0,0.0,15.1,Tiruchirappalli (Kaveri Basin),10.7905,78.7047,Tamil Nadu,2.9,10.3,0,0
2026-01-14,0.0,0.0,0.0,13.1,Madurai (Southern Plains),9.9252,78.1198,Tamil Nadu,0.0,3.1,0,0
2026-01-14,0.2,0.2,1.0,16.3,Nagapattinam (Delta Coast),10.7656,79.8424,Tamil Nadu,0.2,3.3,0,0
2026-01-14,0.4,0.4,3.0,16.4,Kanyakumari (Southern Coast),8.1833,77.4119,Tamil Nadu,0.6,3.5,0,0
2026-01-14,1.3,1.3,3.0,13.8,Cuddalore (Coastal Central),11.748,79.7714,Tamil Nadu,1.9,4.8,0,0
2026-01-15,0.1,0.1,1.0,12.4,Cuddalore (Coastal Central),11.748,79.7714,Tamil Nadu,1.8,2.0,0,0
2026-01-15,0.0,0.0,0.0,13.3,Nilgiris (Hill Station Zone),11.4102,76.695,Tamil Nadu,1.4,2.0,0,0
2026-01-15,0.3,0.3,3.0,11.3,Chennai (Coastal North),13.0827,80.2707,Tamil Nadu,0.4,2.3,0,0
2026-01-15,0.0,0.0,0.0,23.4,Kanyakumari (Southern Coast),8.1833,77.4119,Tamil Nadu,0.3,2.3,0,0
2026-01-15,0.0,0.0,0.0,14.7,Nagapattinam (Delta Coast),10.7656,79.8424,Tamil Nadu,0.3,2.1,0,0
2026-01-15,0.0,0.0,0.0,18.5,Salem (Northern Inland),11.6643,78.146,Tamil Nadu,0.0,1.7,0,0
2026-01-15,0.0,0.0,0.0,14.8,Vellore (Palar Basin),12.9165,79.1325,Tamil Nadu,0.0,0.4,0,0
2026-01-15,0.0,0.0,0.0,14.1,Coimbatore (Western Inland),11.0168,76.9558,Tamil Nadu,0.0,0.3,0,0
2026-01-15,0.0,0.0,0.0,14.5,Madurai (Southern Plains),9.9252,78.1198,Tamil Nadu,0.0,0.3,0,0
2026-01-15,0.0,0.0,0.0,12.4,Tiruchirappalli (Kaveri Basin),10.7905,78.7047,Tamil Nadu,0.0,0.0,0,0
2026-01-16,0.5,0.5,3.0,13.9,Cuddalore (Coastal Central),11.748,79.7714,Tamil Nadu,0.5,0.5,0,0
2026-01-16,1.2,1.2,5.0,15.6,Coimbatore (Western Inland),11.0168,76.9558,Tamil Nadu,1.7,1.7,0,0
2026-01-16,0.0,0.0,0.0,22.4,Kanyakumari (Southern Coast),8.1833,77.4119,Tamil Nadu,1.7,1.7,0,0
2026-01-16,0.0,0.0,0.0,20.0,Salem (Northern Inland),11.6643,78.146,Tamil Nadu,1.2,1.7,0,0
2026-01-16,0.2,0.2,2.0,11.0,Chennai (Coastal North),13.0827,80.2707,Tamil Nadu,0.2,1.9,0,0
2026-01-16,0.0,0.0,0.0,18.9,Madurai (Southern Plains),9.9252,78.1198,Tamil Nadu,0.2,1.9,0,0
2026-01-16,0.2,0.2,2.0,16.3,Nagapattinam (Delta Coast),10.7656,79.8424,Tamil Nadu,0.4,2.1,0,0
2026-01-16,0.0,0.0,0.0,13.7,Nilgiris (Hill Station Zone),11.4102,76.695,Tamil Nadu,0.2,1.6,0,0
2026-01-16,0.0,0.0,0.0,15.0,Vellore (Palar Basin),12.9165,79.1325,Tamil Nadu,0.2,0.4,0,0
2026-01-16,0.3,0.3,3.0,16.1,Tiruchirappalli (Kaveri Basin),10.7905,78.7047,Tamil Nadu,0.3,0.7,0,0
2026-01-17,0.0,0.0,0.0,17.6,Salem (Northern Inland),11.6643,78.146,Tamil Nadu,0.3,0.7,0,0
2026-01-17,1.0,1.0,4.0,17.3,Nagapattinam (Delta Coast),10.7656,79.8424,Tamil Nadu,1.3,1.5,0,0
2026-01-17,0.0,0.0,0.0,13.1,Tiruchirappalli (Kaveri Basin),10.7905,78.7047,Tamil Nadu,1.0,1.5,0,0
2026-01-17,0.7,0.7,3.0,17.3,Cuddalore (Coastal Central),11.748,79.7714,Tamil Nadu,1.7,2.0,0,0
2026-01-17,0.0,0.0,0.0,13.4,Coimbatore (Western Inland),11.0168,76.9558,Tamil Nadu,0.7,2.0,0,0
2026-01-17,0.0,0.0,0.0,14.5,Madurai (Southern Plains),9.9252,78.1198,Tamil Nadu,0.7,2.0,0,0
2026-01-17,0.0,0.0,0.0,11.5,Vellore (Palar Basin),12.9165,79.1325,Tamil Nadu,0.0,1.7,0,0
2026-01-17,0.0,0.0,0.0,11.2,Nilgiris (Hill Station Zone),11.4102,76.695,Tamil Nadu,0.0,1.7,0,0
2026-01-17,0.0,0.0,0.0,12.2,Chennai (Coastal North),13.0827,80.2707,Tamil Nadu,0.0,0.7,0,0
2026-01-17,0.1,0.1,1.0,16.7,Kanyakumari (Southern Coast),8.1833,77.4119,Tamil Nadu,0.1,0.8,0,0
2026-01-18,0.0,0.0,0.0,9.9,Coimbatore (Western Inland),11.0168,76.9558,Tamil Nadu,0.1,0.1,0,0
2026-01-18,0.0,0.0,0.0,11.5,Nilgiris (Hill Station Zone),11.4102,76.695,Tamil Nadu,0.1,0.1,0,0
2026-01-18,0.0,0.0,0.0,9.6,Chennai (Coastal North),13.0827,80.2707,Tamil Nadu,0.0,0.1,0,0
2026-01-18,0.0,0.0,0.0,12.6,Cuddalore (Coastal Central),11.748,79.7714,Tamil Nadu,0.0,0.1,0,0
2026-01-18,0.2,0.2,2.0,15.8,Nagapattinam (Delta Coast),10.7656,79.8424,Tamil Nadu,0.2,0.3,0,0
2026-01-18,0.0,0.0,0.0,16.0,Salem (Northern Inland),11.6643,78.146,Tamil Nadu,0.2,0.3,0,0
2026-01-18,0.0,0.0,0.0,14.1,Madurai (Southern Plains),9.9252,78.1198,Tamil Nadu,0.2,0.2,0,0
2026-01-18,0.0,0.0,0.0,12.6,Vellore (Palar Basin),12.9165,79.1325,Tamil Nadu,0.0,0.2,0,0
2026-01-18,0.0,0.0,0.0,12.1,Tiruchirappalli (Kaveri Basin),10.7905,78.7047,Tamil Nadu,0.0,0.2,0,0
2026-01-18,1.7,1.7,4.0,20.1,Kanyakumari (Southern Coast),8.1833,77.4119,Tamil Nadu,1.7,1.9,0,0
2026-01-19,0.0,0.0,0.0,14.7,Tiruchirappalli (Kaveri Basin),10.7905,78.7047,Tamil Nadu,1.7,1.9,0,0
2026-01-19,0.0,0.0,0.0,19.2,Salem (Northern Inland),11.6643,78.146,Tamil Nadu,1.7,1.7,0,0
2026-01-19,0.0,0.0,0.0,13.7,Nilgiris (Hill Station Zone),11.4102,76.695,Tamil Nadu,0.0,1.7,0,0
2026-01-19,0.0,0.0,0.0,16.1,Madurai (Southern Plains),9.9252,78.1198,Tamil Nadu,0.0,1.7,0,0
2026-01-19,0.0,0.0,0.0,15.3,Vellore (Palar Basin),12.9165,79.1325,Tamil Nadu,0.0,1.7,0,0
2026-01-19,0.0,0.0,0.0,8.8,Coimbatore (Western Inland),11.0168,76.9558,Tamil Nadu,0.0,1.7,0,0
2026-01-19,0.0,0.0,0.0,14.4,Cuddalore (Coastal Central),11.748,79.7714,Tamil Nadu,0.0,0.0,0,0
2026-01-19,0.0,0.0,0.0,10.7,Chennai (Coastal North),13.0827,80.2707,Tamil Nadu,0.0,0.0,0,0
2026-01-19,2.5,2.5,8.0,15.0,Kanyakumari (Southern Coast),8.1833,77.4119,Tamil Nadu,2.5,2.5,0,0
2026-01-19,0.0,0.0,0.0,13.9,Nagapattinam (Delta Coast),10.7656,79.8424,Tamil Nadu,2.5,2.5,0,0
2026-01-20,0.0,0.0,0.0,12.2,Coimbatore (Western Inland),11.0168,76.9558,Tamil Nadu,2.5,2.5,0,0
2026-01-20,0.0,0.0,0.0,15.7,Tiruchirappalli (Kaveri Basin),10.7905,78.7047,Tamil Nadu,0.0,2.5,0,0
2026-01-20,0.0,0.0,0.0,13.2,Chennai (Coastal North),13.0827,80.2707,Tamil Nadu,0.0,2.5,0,0
2026-01-20,0.0,0.0,0.0,17.7,Cuddalore (Coastal Central),11.748,79.7714,Tamil Nadu,0.0,2.5,0,0
2026-01-20,0.0,0.0,0.0,21.0,Salem (Northern Inland),11.6643,78.146,Tamil Nadu,0.0,2.5,0,0
2026-01-20,0.1,0.1,1.0,15.8,Kanyakumari (Southern Coast),8.1833,77.4119,Tamil Nadu,0.1,0.1,0,0
2026-01-20,0.0,0.0,0.0,16.2,Madurai (Southern Plains),9.9252,78.1198,Tamil Nadu,0.1,0.1,0,0
2026-01-20,0.0,0.0,0.0,13.9,Nilgiris (Hill Station Zone),11.4102,76.695,Tamil Nadu,0.1,0.1,0,0
2026-01-20,0.0,0.0,0.0,17.0,Nagapattinam (Delta Coast),10.7656,79.8424,Tamil Nadu,0.0,0.1,0,0
2026-01-20,0.0,0.0,0.0,17.0,Vellore (Palar Basin),12.9165,79.1325,Tamil Nadu,0.0,0.1,0,0
2026-01-21,0.0,0.0,0.0,14.7,Tiruchirappalli (Kaveri Basin),10.7905,78.7047,Tamil Nadu,0.0,0.1,0,0
2026-01-21,0.0,0.0,0.0,12.6,Coimbatore (Western Inland),11.0168,76.9558,Tamil Nadu,0.0,0.1,0,0
2026-01-21,1.5,1.5,6.0,20.3,Nagapattinam (Delta Coast),10.7656,79.8424,Tamil Nadu,1.5,1.5,0,0
2026-01-21,0.1,0.1,1.0,15.9,Chennai (Coastal North),13.0827,80.2707,Tamil Nadu,1.6,1.6,0,0
2026-01-21,0.3,0.3,2.0,19.2,Cuddalore (Coastal Central),11.748,79.7714,Tamil Nadu,1.9,1.9,0,0
2026-01-21,0.0,0.0,0.0,17.7,Madurai (Southern Plains),9.9252,78.1198,Tamil Nadu,0.4,1.9,0,0
2026-01-21,0.1,0.1,1.0,15.1,Vellore (Palar Basin),12.9165,79.1325,Tamil Nadu,0.4,2.0,0,0
2026-01-21,0.0,0.0,0.0,14.2,Salem (Northern Inland),11.6643,78.146,Tamil Nadu,0.1,2.0,0,0
2026-01-21,0.0,0.0,0.0,18.9,Kanyakumari (Southern Coast),8.1833,77.4119,Tamil Nadu,0.1,2.0,0,0
2026-01-21,0.0,0.0,0.0,12.6,Nilgiris (Hill Station Zone),11.4102,76.695,Tamil Nadu,0.0,0.5,0,0
2026-01-22,0.0,0.0,0.0,17.7,Chennai (Coastal North),13.0827,80.2707,Tamil Nadu,0.0,0.4,0,0
2026-01-22,0.0,0.0,0.0,9.2,Nilgiris (Hill Station Zone),11.4102,76.695,Tamil Nadu,0.0,0.1,0,0
2026-01-22,0.0,0.0,0.0,15.0,Madurai (Southern Plains),9.9252,78.1198,Tamil Nadu,0.0,0.1,0,0
2026-01-22,0.0,0.0,0.0,17.3,Kanyakumari (Southern Coast),8.1833,77.4119,Tamil Nadu,0.0,0.0,0,0
2026-01-22,0.0,0.0,0.0,19.4,Nagapattinam (Delta Coast),10.7656,79.8424,Tamil Nadu,0.0,0.0,0,0
2026-01-22,0.8,0.8,4.0,21.3,Cuddalore (Coastal Central),11.748,79.7714,Tamil Nadu,0.8,0.8,0,0
2026-01-22,0.0,0.0,0.0,15.1,Tiruchirappalli (Kaveri Basin),10.7905,78.7047,Tamil Nadu,0.8,0.8,0,0
2026-01-22,0.0,0.0,0.0,17.4,Vellore (Palar Basin),12.9165,79.1325,Tamil Nadu,0.8,0.8,0,0
2026-01-22,0.0,0.0,0.0,15.1,Salem (Northern Inland),11.6643,78.146,Tamil Nadu,0.0,0.8,0,0
2026-01-22,0.0,0.0,0.0,13.9,Coimbatore (Western Inland),11.0168,76.9558,Tamil Nadu,0.0,0.8,0,0
2026-01-23,3.1,3.1,12.0,20.7,Chennai (Coastal North),13.0827,80.2707,Tamil Nadu,3.1,3.9,0,0
2026-01-23,0.9,0.9,3.0,15.2,Vellore (Palar Basin),12.9165,79.1325,Tamil Nadu,4.0,4.8,0,0
2026-01-23,0.0,0.0,0.0,18.5,Tiruchirappalli (Kaveri Basin),10.7905,78.7047,Tamil Nadu,4.0,4.0,0,0
2026-01-23,1.0,1.0,7.0,19.6,Nagapattinam (Delta Coast),10.7656,79.8424,Tamil Nadu,1.9,5.0,0,0
2026-01-23,0.0,0.0,0.0,15.6,Kanyakumari (Southern Coast),8.1833,77.4119,Tamil Nadu,1.0,5.0,0,0
2026-01-23,0.0,0.0,0.0,13.3,Coimbatore (Western Inland),11.0168,76.9558,Tamil Nadu,1.0,5.0,0,0
2026-01-23,5.3,5.3,11.0,21.8,Cuddalore (Coastal Central),11.748,79.7714,Tamil Nadu,5.3,10.3,0,0
2026-01-23,0.0,0.0,0.0,15.8,Madurai (Southern Plains),9.9252,78.1198,Tamil Nadu,5.3,7.2,0,0
2026-01-23,0.0,0.0,0.0,17.4,Salem (Northern Inland),11.6643,78.146,Tamil Nadu,5.3,6.3,0,0
2026-01-23,0.0,0.0,0.0,12.4,Nilgiris (Hill Station Zone),11.4102,76.695,Tamil Nadu,0.0,6.3,0,0
2026-01-24,0.0,0.0,0.0,17.5,Coimbatore (Western Inland),11.0168,76.9558,Tamil Nadu,0.0,5.3,0,0
2026-01-24,0.0,0.0,0.0,13.9,Kanyakumari (Southern Coast),8.1833,77.4119,Tamil Nadu,0.0,5.3,0,0
2026-01-24,26.4,26.4,12.0,25.0,Chennai (Coastal North),13.0827,80.2707,Tamil Nadu,26.4,31.7,0,0
2026-01-24,12.9,12.9,21.0,26.4,Cuddalore (Coastal Central),11.748,79.7714,Tamil Nadu,39.3,39.3,0,0
2026-01-24,0.1,0.1,1.0,12.4,Salem (Northern Inland),11.6643,78.146,Tamil Nadu,39.4,39.4,0,0
2026-01-24,0.1,0.1,1.0,20.3,Tiruchirappalli (Kaveri Basin),10.7905,78.7047,Tamil Nadu,13.1,39.5,0,0
2026-01-24,0.0,0.0,0.0,19.4,Madurai (Southern Plains),9.9252,78.1198,Tamil Nadu,0.2,39.5,0,0
2026-01-24,22.8,22.8,24.0,24.2,Nagapattinam (Delta Coast),10.7656,79.8424,Tamil Nadu,22.9,62.3,0,0
2026-01-24,0.5,0.5,5.0,11.8,Nilgiris (Hill Station Zone),11.4102,76.695,Tamil Nadu,23.3,62.8,0,0
2026-01-24,0.2,0.2,2.0,18.5,Vellore (Palar Basin),12.9165,79.1325,Tamil Nadu,23.5,36.6,0,0
2026-01-25,4.1,4.1,7.0,15.4,Vellore (Palar Basin),12.9165,79.1325,Tamil Nadu,4.8,27.8,0,0
2026-01-25,5.4,5.4,6.0,11.1,Kanyakumari (Southern Coast),8.1833,77.4119,Tamil Nadu,9.7,33.1,0,0
2026-01-25,0.0,0.0,0.0,15.6,Coimbatore (Western Inland),11.0168,76.9558,Tamil Nadu,9.5,33.0,0,0
2026-01-25,6.1,6.1,13.0,16.5,Tiruchirappalli (Kaveri Basin),10.7905,78.7047,Tamil Nadu,11.5,39.1,0,0
2026-01-25,25.9,25.9,23.0,15.4,Chennai (Coastal North),13.0827,80.2707,Tamil Nadu,32.0,42.2,0,0
2026-01-25,7.8,7.8,23.0,17.3,Nagapattinam (Delta Coast),10.7656,79.8424,Tamil Nadu,39.8,49.5,0,0
2026-01-25,0.3,0.3,3.0,18.9,Madurai (Southern Plains),9.9252,78.1198,Tamil Nadu,34.0,49.6,0,0
2026-01-25,5.7,5.7,16.0,9.9,Nilgiris (Hill Station Zone),11.4102,76.695,Tamil Nadu,13.8,51.2,0,0
2026-01-25,58.4,58.4,24.0,18.8,Cuddalore (Coastal Central),11.748,79.7714,Tamil Nadu,64.4,104.2,0,0
2026-01-25,0.2,0.2,2.0,15.5,Salem (Northern Inland),11.6643,78.146,Tamil Nadu,64.3,104.4,0,0
2026-01-26,4.8,4.8,10.0,19.2,Nagapattinam (Delta Coast),10.7656,79.8424,Tamil Nadu,63.4,103.1,0,0
2026-01-26,3.9,3.9,10.0,17.6,Madurai (Southern Plains),9.9252,78.1198,Tamil Nadu,8.9,81.1,0,0
2026-01-26,4.1,4.1,14.0,15.7,Tiruchirappalli (Kaveri Basin),10.7905,78.7047,Tamil Nadu,12.8,77.4,0,0
2026-01-26,5.0,5.0,13.0,10.6,Nilgiris (Hill Station Zone),11.4102,76.695,Tamil Nadu,13.0,82.1,0,0
2026-01-26,0.4,0.4,3.0,21.7,Kanyakumari (Southern Coast),8.1833,77.4119,Tamil Nadu,9.5,76.8,0,0
2026-01-26,5.5,5.5,14.0,13.0,Chennai (Coastal North),13.0827,80.2707,Tamil Nadu,10.9,23.9,0,0
2026-01-26,0.9,0.9,7.0,12.6,Salem (Northern Inland),11.6643,78.146,Tamil Nadu,6.8,24.6,0,0
2026-01-26,1.9,1.9,6.0,15.8,Coimbatore (Western Inland),11.0168,76.9558,Tamil Nadu,8.3,21.7,0,0
2026-01-26,1.6,1.6,6.0,17.6,Vellore (Palar Basin),12.9165,79.1325,Tamil Nadu,4.4,19.4,0,0
2026-01-26,2.5,2.5,5.0,17.6,Cuddalore (Coastal Central),11.748,79.7714,Tamil Nadu,6.0,17.8,0,0
2026-01-27,0.3,0.3,3.0,21.0,Cuddalore (Coastal Central),11.748,79.7714,Tamil Nadu,4.4,13.1,0,0
2026-01-27,0.0,0.0,0.0,13.9,Chennai (Coastal North),13.0827,80.2707,Tamil Nadu,2.8,12.7,0,0
2026-01-27,0.5,0.5,3.0,24.5,Nagapattinam (Delta Coast),10.7656,79.8424,Tamil Nadu,0.8,7.7,0,0
2026-01-27,0.9,0.9,4.0,18.7,Tiruchirappalli (Kaveri Basin),10.7905,78.7047,Tamil Nadu,1.4,7.7,0,0
2026-01-27,0.8,0.8,5.0,13.7,Coimbatore (Western Inland),11.0168,76.9558,Tamil Nadu,2.2,6.6,0,0
2026-01-27,0.0,0.0,0.0,16.1,Vellore (Palar Basin),12.9165,79.1325,Tamil Nadu,1.7,5.0,0,0
2026-01-27,1.6,1.6,3.0,19.0,Kanyakumari (Southern Coast),8.1833,77.4119,Tamil Nadu,2.4,4.1,0,0
2026-01-27,0.0,0.0,0.0,19.2,Salem (Northern Inland),11.6643,78.146,Tamil Nadu,1.6,3.8,0,0
2026-01-27,0.4,0.4,3.0,17.9,Madurai (Southern Plains),9.9252,78.1198,Tamil Nadu,2.0,4.2,0,0
2026-01-27,3.6,3.6,10.0,8.7,Nilgiris (Hill Station Zone),11.4102,76.695,Tamil Nadu,4.0,7.3,0,0
2026-01-28,0.0,0.0,0.0,16.7,Vellore (Palar Basin),12.9165,79.1325,Tamil Nadu,4.0,6.4,0,0
2026-01-28,0.0,0.0,0.0,15.0,Salem (Northern Inland),11.6643,78.146,Tamil Nadu,3.6,5.6,0,0
2026-01-28,0.0,0.0,0.0,14.8,Cuddalore (Coastal Central),11.748,79.7714,Tamil Nadu,0.0,5.6,0,0
2026-01-28,0.0,0.0,0.0,18.5,Tiruchirappalli (Kaveri Basin),10.7905,78.7047,Tamil Nadu,0.0,4.0,0,0
2026-01-28,0.0,0.0,0.0,18.4,Nagapattinam (Delta Coast),10.7656,79.8424,Tamil Nadu,0.0,4.0,0,0
2026-01-28,0.0,0.0,0.0,23.5,Kanyakumari (Southern Coast),8.1833,77.4119,Tamil Nadu,0.0,3.6,0,0
2026-01-28,0.0,0.0,0.0,20.2,Madurai (Southern Plains),9.9252,78.1198,Tamil Nadu,0.0,0.0,0,0
2026-01-28,0.0,0.0,0.0,11.5,Chennai (Coastal North),13.0827,80.2707,Tamil Nadu,0.0,0.0,0,0
2026-01-28,0.0,0.0,0.0,14.9,Coimbatore (Western Inland),11.0168,76.9558,Tamil Nadu,0.0,0.0,0,0
2026-01-28,0.0,0.0,0.0,12.3,Nilgiris (Hill Station Zone),11.4102,76.695,Tamil Nadu,0.0,0.0,0,0
2026-01-29,0.1,0.1,1.0,16.1,Tiruchirappalli (Kaveri Basin),10.7905,78.7047,Tamil Nadu,0.1,0.1,0,0
2026-01-29,0.2,0.2,2.0,14.7,Coimbatore (Western Inland),11.0168,76.9558,Tamil Nadu,0.3,0.3,0,0
2026-01-29,0.0,0.0,0.0,18.8,Nagapattinam (Delta Coast),10.7656,79.8424,Tamil Nadu,0.3,0.3,0,0
2026-01-29,0.0,0.0,0.0,15.6,Vellore (Palar Basin),12.9165,79.1325,Tamil Nadu,0.2,0.3,0,0
2026-01-29,0.0,0.0,0.0,16.0,Salem (Northern Inland),11.6643,78.146,Tamil Nadu,0.0,0.3,0,0
2026-01-29,0.0,0.0,0.0,14.7,Kanyakumari (Southern Coast),8.1833,77.4119,Tamil Nadu,0.0,0.3,0,0
2026-01-29,0.0,0.0,0.0,18.4,Madurai (Southern Plains),9.9252,78.1198,Tamil Nadu,0.0,0.3,0,0
2026-01-29,0.0,0.0,0.0,13.5,Chennai (Coastal North),13.0827,80.2707,Tamil Nadu,0.0,0.2,0,0
2026-01-29,0.0,0.0,0.0,11.5,Nilgiris (Hill Station Zone),11.4102,76.695,Tamil Nadu,0.0,0.0,0,0
2026-01-29,0.0,0.0,0.0,17.1,Cuddalore (Coastal Central),11.748,79.7714,Tamil Nadu,0.0,0.0,0,0
2026-01-30,0.0,0.0,0.0,13.1,Kanyakumari (Southern Coast),8.1833,77.4119,Tamil Nadu,0.0,0.0,0,0
2026-01-30,0.0,0.0,0.0,18.4,Madurai (Southern Plains),9.9252,78.1198,Tamil Nadu,0.0,0.0,0,0
2026-01-30,0.0,0.0,0.0,15.4,Chennai (Coastal North),13.0827,80.2707,Tamil Nadu,0.0,0.0,0,0
2026-01-30,0.0,0.0,0.0,16.9,Salem (Northern Inland),11.6643,78.146,Tamil Nadu,0.0,0.0,0,0
2026-01-30,0.0,0.0,0.0,16.9,Tiruchirappalli (Kaveri Basin),10.7905,78.7047,Tamil Nadu,0.0,0.0,0,0
2026-01-30,0.1,0.1,1.0,18.8,Nagapattinam (Delta Coast),10.7656,79.8424,Tamil Nadu,0.1,0.1,0,0
2026-01-30,0.0,0.0,0.0,13.9,Coimbatore (Western Inland),11.0168,76.9558,Tamil Nadu,0.1,0.1,0,0
2026-01-30,0.0,0.0,0.0,20.2,Cuddalore (Coastal Central),11.748,79.7714,Tamil Nadu,0.1,0.1,0,0
2026-01-30,0.0,0.0,0.0,13.2,Nilgiris (Hill Station Zone),11.4102,76.695,Tamil Nadu,0.0,0.1,0,0
2026-01-30,0.0,0.0,0.0,15.2,Vellore (Palar Basin),12.9165,79.1325,Tamil Nadu,0.0,0.1,0,0
2026-01-31,0.0,0.0,0.0,22.3,Nagapattinam (Delta Coast),10.7656,79.8424,Tamil Nadu,0.0,0.1,0,0
2026-01-31,0.0,0.0,0.0,15.1,Salem (Northern Inland),11.6643,78.146,Tamil Nadu,0.0,0.1,0,0
2026-01-31,0.0,0.0,0.0,17.2,Tiruchirappalli (Kaveri Basin),10.7905,78.7047,Tamil Nadu,0.0,0.0,0,0
2026-01-31,0.0,0.0,0.0,12.8,Coimbatore (Western Inland),11.0168,76.9558,Tamil Nadu,0.0,0.0,0,0
2026-01-31,0.0,0.0,0.0,15.8,Chennai (Coastal North),13.0827,80.2707,Tamil Nadu,0.0,0.0,0,0
2026-01-31,0.0,0.0,0.0,7.2,Nilgiris (Hill Station Zone),11.4102,76.695,Tamil Nadu,0.0,0.0,0,0
2026-01-31,0.0,0.0,0.0,16.2,Vellore (Palar Basin),12.9165,79.1325,Tamil Nadu,0.0,0.0,0,0
2026-01-31,0.0,0.0,0.0,17.2,Madurai (Southern Plains),9.9252,78.1198,Tamil Nadu,0.0,0.0,0,0
2026-01-31,0.0,0.0,0.0,16.5,Kanyakumari (Southern Coast),8.1833,77.4119,Tamil Nadu,0.0,0.0,0,0
2026-01-31,0.0,0.0,0.0,19.5,Cuddalore (Coastal Central),11.748,79.7714,Tamil Nadu,0.0,0.0,0,0
2026-02-01,0.0,0.0,0.0,14.5,Coimbatore (Western Inland),11.0168,76.9558,Tamil Nadu,0.0,0.0,0,0
2026-02-01,0.0,0.0,0.0,18.7,Salem (Northern Inland),11.6643,78.146,Tamil Nadu,0.0,0.0,0,0
2026-02-01,5.8,5.8,11.0,21.8,Nagapattinam (Delta Coast),10.7656,79.8424,Tamil Nadu,5.8,5.8,0,0
2026-02-01,0.9,0.9,6.0,20.4,Madurai (Southern Plains),9.9252,78.1198,Tamil Nadu,6.7,6.7,0,0
2026-02-01,1.5,1.5,5.0,19.9,Tiruchirappalli (Kaveri Basin),10.7905,78.7047,Tamil Nadu,8.2,8.2,0,0
2026-02-01,0.1,0.1,1.0,24.3,Kanyakumari (Southern Coast),8.1833,77.4119,Tamil Nadu,2.5,8.3,0,0
2026-02-01,0.0,0.0,0.0,18.4,Chennai (Coastal North),13.0827,80.2707,Tamil Nadu,1.6,8.3,0,0
2026-02-01,0.3,0.3,2.0,24.2,Cuddalore (Coastal Central),11.748,79.7714,Tamil Nadu,0.4,8.6,0,0
2026-02-01,3.4,3.4,6.0,9.1,Nilgiris (Hill Station Zone),11.4102,76.695,Tamil Nadu,3.7,12.0,0,0
2026-02-01,0.2,0.2,2.0,19.6,Vellore (Palar Basin),12.9165,79.1325,Tamil Nadu,3.9,6.4,0,0
2026-02-02,0.0,0.0,0.0,22.7,Kanyakumari (Southern Coast),8.1833,77.4119,Tamil Nadu,3.6,5.5,0,0
2026-02-02,0.0,0.0,0.0,19.2,Salem (Northern Inland),11.6643,78.146,Tamil Nadu,0.2,4.0,0,0
2026-02-02,1.0,1.0,4.0,26.1,Nagapattinam (Delta Coast),10.7656,79.8424,Tamil Nadu,1.0,4.9,0,0
2026-02-02,0.0,0.0,0.0,21.9,Tiruchirappalli (Kaveri Basin),10.7905,78.7047,Tamil Nadu,1.0,4.9,0,0
2026-02-02,0.3,0.3,2.0,25.2,Cuddalore (Coastal Central),11.748,79.7714,Tamil Nadu,1.3,4.9,0,0
2026-02-02,0.0,0.0,0.0,17.5,Chennai (Coastal North),13.0827,80.2707,Tamil Nadu,0.3,1.5,0,0
2026-02-02,0.0,0.0,0.0,18.7,Vellore (Palar Basin),12.9165,79.1325,Tamil Nadu,0.3,1.3,0,0
2026-02-02,0.2,0.2,2.0,14.7,Coimbatore (Western Inland),11.0168,76.9558,Tamil Nadu,0.2,1.5,0,0
2026-02-02,0.0,0.0,0.0,20.2,Madurai (Southern Plains),9.9252,78.1198,Tamil Nadu,0.2,1.5,0,0
2026-02-02,2.1,2.1,8.0,8.1,Nilgiris (Hill Station Zone),11.4102,76.695,Tamil Nadu,2.3,2.6,0,0
2026-02-03,0.0,0.0,0.0,15.3,Vellore (Palar Basin),12.9165,79.1325,Tamil Nadu,2.1,2.6,0,0
2026-02-03,0.1,0.1,1.0,18.2,Nagapattinam (Delta Coast),10.7656,79.8424,Tamil Nadu,2.2,2.4,0,0
2026-02-03,1.0,1.0,3.0,15.4,Kanyakumari (Southern Coast),8.1833,77.4119,Tamil Nadu,1.1,3.4,0,0
2026-02-03,0.0,0.0,0.0,15.8,Tiruchirappalli (Kaveri Basin),10.7905,78.7047,Tamil Nadu,1.1,3.4,0,0
2026-02-03,0.0,0.0,0.0,17.5,Cuddalore (Coastal Central),11.748,79.7714,Tamil Nadu,1.0,3.2,0,0
2026-02-03,2.5,2.5,6.0,11.1,Nilgiris (Hill Station Zone),11.4102,76.695,Tamil Nadu,2.5,5.7,0,0
2026-02-03,0.0,0.0,0.0,18.0,Madurai (Southern Plains),9.9252,78.1198,Tamil Nadu,2.5,3.6,0,0
2026-02-03,0.0,0.0,0.0,15.9,Chennai (Coastal North),13.0827,80.2707,Tamil Nadu,2.5,3.6,0,0
2026-02-03,0.0,0.0,0.0,14.2,Coimbatore (Western Inland),11.0168,76.9558,Tamil Nadu,0.0,3.5,0,0
2026-02-03,0.0,0.0,0.0,16.9,Salem (Northern Inland),11.6643,78.146,Tamil Nadu,0.0,2.5,0,0
2026-02-04,0.0,0.0,0.0,17.9,Chennai (Coastal North),13.0827,80.2707,Tamil Nadu,0.0,2.5,0,0
2026-02-04,0.0,0.0,0.0,17.1,Madurai (Southern Plains),9.9252,78.1198,Tamil Nadu,0.0,2.5,0,0
2026-02-04,0.0,0.0,0.0,15.9,Coimbatore (Western Inland),11.0168,76.9558,Tamil Nadu,0.0,0.0,0,0
2026-02-04,0.0,0.0,0.0,19.9,Tiruchirappalli (Kaveri Basin),10.7905,78.7047,Tamil Nadu,0.0,0.0,0,0
2026-02-04,1.1,1.1,7.0,22.9,Nagapattinam (Delta Coast),10.7656,79.8424,Tamil Nadu,1.1,1.1,0,0
2026-02-04,0.2,0.2,2.0,21.4,Cuddalore (Coastal Central),11.748,79.7714,Tamil Nadu,1.3,1.3,0,0
2026-02-04,0.0,0.0,0.0,15.6,Salem (Northern Inland),11.6643,78.146,Tamil Nadu,1.3,1.3,0,0
2026-02-04,0.0,0.0,0.0,16.1,Vellore (Palar Basin),12.9165,79.1325,Tamil Nadu,0.2,1.3,0,0
2026-02-04,0.0,0.0,0.0,11.5,Nilgiris (Hill Station Zone),11.4102,76.695,Tamil Nadu,0.0,1.3,0,0
2026-02-04,0.0,0.0,0.0,25.1,Kanyakumari (Southern Coast),8.1833,77.4119,Tamil Nadu,0.0,1.3,0,0
2026-02-05,0.0,0.0,0.0,18.1,Chennai (Coastal North),13.0827,80.2707,Tamil Nadu,0.0,1.3,0,0
2026-02-05,1.6,1.6,3.0,9.8,Nilgiris (Hill Station Zone),11.4102,76.695,Tamil Nadu,1.6,1.8,0,0
2026-02-05,0.8,0.8,4.0,21.0,Madurai (Southern Plains),9.9252,78.1198,Tamil Nadu,2.4,2.4,0,0
2026-02-05,1.7,1.7,2.0,24.2,Kanyakumari (Southern Coast),8.1833,77.4119,Tamil Nadu,4.1,4.1,0,0
2026-02-05,0.0,0.0,0.0,15.4,Vellore (Palar Basin),12.9165,79.1325,Tamil Nadu,2.5,4.1,0,0
2026-02-05,0.1,0.1,1.0,15.5,Coimbatore (Western Inland),11.0168,76.9558,Tamil Nadu,1.8,4.2,0,0
2026-02-05,1.1,1.1,6.0,22.9,Cuddalore (Coastal Central),11.748,79.7714,Tamil Nadu,1.2,5.3,0,0
2026-02-05,0.7,0.7,3.0,20.1,Tiruchirappalli (Kaveri Basin),10.7905,78.7047,Tamil Nadu,1.9,6.0,0,0
2026-02-05,3.2,3.2,12.0,22.6,Nagapattinam (Delta Coast),10.7656,79.8424,Tamil Nadu,5.0,7.6,0,0
2026-02-05,0.2,0.2,1.0,10.7,Salem (Northern Inland),11.6643,78.146,Tamil Nadu,4.1,7.0,0,0
2026-02-06,0.2,0.2,1.0,18.1,Chennai (Coastal North),13.0827,80.2707,Tamil Nadu,3.6,5.5,0,0
2026-02-06,0.0,0.0,0.0,18.3,Madurai (Southern Plains),9.9252,78.1198,Tamil Nadu,0.4,5.5,0,0
2026-02-06,1.0,1.0,4.0,23.0,Nagapattinam (Delta Coast),10.7656,79.8424,Tamil Nadu,1.2,6.4,0,0
2026-02-06,0.0,0.0,0.0,22.3,Kanyakumari (Southern Coast),8.1833,77.4119,Tamil Nadu,1.0,5.3,0,0
2026-02-06,0.0,0.0,0.0,16.5,Coimbatore (Western Inland),11.0168,76.9558,Tamil Nadu,1.0,4.6,0,0
2026-02-06,0.0,0.0,0.0,16.8,Vellore (Palar Basin),12.9165,79.1325,Tamil Nadu,0.0,1.4,0,0
2026-02-06,0.3,0.3,3.0,24.0,Cuddalore (Coastal Central),11.748,79.7714,Tamil Nadu,0.3,1.5,0,0
2026-02-06,0.0,0.0,0.0,16.8,Salem (Northern Inland),11.6643,78.146,Tamil Nadu,0.3,1.3,0,0
2026-02-06,0.0,0.0,0.0,11.4,Nilgiris (Hill Station Zone),11.4102,76.695,Tamil Nadu,0.3,1.3,0,0
2026-02-06,0.0,0.0,0.0,20.0,Tiruchirappalli (Kaveri Basin),10.7905,78.7047,Tamil Nadu,0.0,0.3,0,0
2026-02-07,0.2,0.2,2.0,17.7,Cuddalore (Coastal Central),11.748,79.7714,Tamil Nadu,0.2,0.5,0,0
2026-02-07,0.0,0.0,0.0,11.5,Nilgiris (Hill Station Zone),11.4102,76.695,Tamil Nadu,0.2,0.5,0,0
2026-02-07,0.4,0.4,3.0,20.4,Nagapattinam (Delta Coast),10.7656,79.8424,Tamil Nadu,0.6,0.9,0,0
2026-02-07,0.0,0.0,0.0,17.2,Madurai (Southern Plains),9.9252,78.1198,Tamil Nadu,0.4,0.6,0,0
2026-02-07,0.0,0.0,0.0,14.2,Vellore (Palar Basin),12.9165,79.1325,Tamil Nadu,0.4,0.6,0,0
2026-02-07,0.0,0.0,0.0,16.1,Tiruchirappalli (Kaveri Basin),10.7905,78.7047,Tamil Nadu,0.0,0.6,0,0
2026-02-07,0.0,0.0,0.0,17.3,Salem (Northern Inland),11.6643,78.146,Tamil Nadu,0.0,0.6,0,0
2026-02-07,0.0,0.0,0.0,13.2,Chennai (Coastal North),13.0827,80.2707,Tamil Nadu,0.0,0.4,0,0
2026-02-07,0.3,0.3,1.0,12.8,Kanyakumari (Southern Coast),8.1833,77.4119,Tamil Nadu,0.3,0.7,0,0
2026-02-07,0.0,0.0,0.0,16.3,Coimbatore (Western Inland),11.0168,76.9558,Tamil Nadu,0.3,0.3,0,0
2026-02-08,0.0,0.0,0.0,14.5,Vellore (Palar Basin),12.9165,79.1325,Tamil Nadu,0.3,0.3,0,0
2026-02-08,0.0,0.0,0.0,22.9,Salem (Northern Inland),11.6643,78.146,Tamil Nadu,0.0,0.3,0,0
2026-02-08,0.0,0.0,0.0,13.5,Chennai (Coastal North),13.0827,80.2707,Tamil Nadu,0.0,0.3,0,0
2026-02-08,0.0,0.0,0.0,15.6,Cuddalore (Coastal Central),11.748,79.7714,Tamil Nadu,0.0,0.3,0,0
2026-02-08,0.0,0.0,0.0,16.6,Nagapattinam (Delta Coast),10.7656,79.8424,Tamil Nadu,0.0,0.3,0,0
2026-02-08,0.0,0.0,0.0,17.2,Madurai (Southern Plains),9.9252,78.1198,Tamil Nadu,0.0,0.0,0,0
2026-02-08,0.0,0.0,0.0,15.4,Tiruchirappalli (Kaveri Basin),10.7905,78.7047,Tamil Nadu,0.0,0.0,0,0
2026-02-08,0.0,0.0,0.0,14.3,Coimbatore (Western Inland),11.0168,76.9558,Tamil Nadu,0.0,0.0,0,0
2026-02-08,0.0,0.0,0.0,14.1,Nilgiris (Hill Station Zone),11.4102,76.695,Tamil Nadu,0.0,0.0,0,0
2026-02-08,0.0,0.0,0.0,22.9,Kanyakumari (Southern Coast),8.1833,77.4119,Tamil Nadu,0.0,0.0,0,0
2026-02-09,0.0,0.0,0.0,16.4,Tiruchirappalli (Kaveri Basin),10.7905,78.7047,Tamil Nadu,0.0,0.0,0,0
2026-02-09,0.0,0.0,0.0,13.0,Coimbatore (Western Inland),11.0168,76.9558,Tamil Nadu,0.0,0.0,0,0
2026-02-09,0.0,0.0,0.0,21.3,Salem (Northern Inland),11.6643,78.146,Tamil Nadu,0.0,0.0,0,0
2026-02-09,0.0,0.0,0.0,20.9,Kanyakumari (Southern Coast),8.1833,77.4119,Tamil Nadu,0.0,0.0,0,0
2026-02-09,0.0,0.0,0.0,14.8,Vellore (Palar Basin),12.9165,79.1325,Tamil Nadu,0.0,0.0,0,0
2026-02-09,0.0,0.0,0.0,19.0,Nilgiris (Hill Station Zone),11.4102,76.695,Tamil Nadu,0.0,0.0,0,0
2026-02-09,0.0,0.0,0.0,15.7,Nagapattinam (Delta Coast),10.7656,79.8424,Tamil Nadu,0.0,0.0,0,0
2026-02-09,0.0,0.0,0.0,14.6,Cuddalore (Coastal Central),11.748,79.7714,Tamil Nadu,0.0,0.0,0,0
2026-02-09,0.0,0.0,0.0,16.7,Madurai (Southern Plains),9.9252,78.1198,Tamil Nadu,0.0,0.0,0,0
2026-02-09,0.0,0.0,0.0,12.4,Chennai (Coastal North),13.0827,80.2707,Tamil Nadu,0.0,0.0,0,0
2026-02-10,0.0,0.0,0.0,19.7,Tiruchirappalli (Kaveri Basin),10.7905,78.7047,Tamil Nadu,0.0,0.0,0,0
2026-02-10,0.0,0.0,0.0,18.8,Cuddalore (Coastal Central),11.748,79.7714,Tamil Nadu,0.0,0.0,0,0
2026-02-10,0.0,0.0,0.0,18.1,Nagapattinam (Delta Coast),10.7656,79.8424,Tamil Nadu,0.0,0.0,0,0
2026-02-10,0.0,0.0,0.0,15.1,Chennai (Coastal North),13.0827,80.2707,Tamil Nadu,0.0,0.0,0,0
2026-02-10,0.0,0.0,0.0,25.2,Salem (Northern Inland),11.6643,78.146,Tamil Nadu,0.0,0.0,0,0
2026-02-10,0.0,0.0,0.0,20.4,Kanyakumari (Southern Coast),8.1833,77.4119,Tamil Nadu,0.0,0.0,0,0
2026-02-10,0.0,0.0,0.0,17.8,Madurai (Southern Plains),9.9252,78.1198,Tamil Nadu,0.0,0.0,0,0
2026-02-10,0.0,0.0,0.0,16.0,Coimbatore (Western Inland),11.0168,76.9558,Tamil Nadu,0.0,0.0,0,0
2026-02-10,0.0,0.0,0.0,16.4,Vellore (Palar Basin),12.9165,79.1325,Tamil Nadu,0.0,0.0,0,0
2026-02-10,0.0,0.0,0.0,13.9,Nilgiris (Hill Station Zone),11.4102,76.695,Tamil Nadu,0.0,0.0,0,0
2026-02-11,0.1,0.1,1.0,18.0,Chennai (Coastal North),13.0827,80.2707,Tamil Nadu,0.1,0.1,0,0
2026-02-11,0.0,0.0,0.0,23.2,Kanyakumari (Southern Coast),8.1833,77.4119,Tamil Nadu,0.1,0.1,0,0
2026-02-11,0.0,0.0,0.0,17.1,Salem (Northern Inland),11.6643,78.146,Tamil Nadu,0.1,0.1,0,0
2026-02-11,0.0,0.0,0.0,18.9,Madurai (Southern Plains),9.9252,78.1198,Tamil Nadu,0.0,0.1,0,0
2026-02-11,0.2,0.2,2.0,21.7,Nagapattinam (Delta Coast),10.7656,79.8424,Tamil Nadu,0.2,0.3,0,0
2026-02-11,0.0,0.0,0.0,17.3,Coimbatore (Western Inland),11.0168,76.9558,Tamil Nadu,0.2,0.3,0,0
2026-02-11,0.5,0.5,3.0,25.3,Cuddalore (Coastal Central),11.748,79.7714,Tamil Nadu,0.7,0.8,0,0
2026-02-11,0.0,0.0,0.0,21.2,Tiruchirappalli (Kaveri Basin),10.7905,78.7047,Tamil Nadu,0.5,0.7,0,0
2026-02-11,0.0,0.0,0.0,10.8,Nilgiris (Hill Station Zone),11.4102,76.695,Tamil Nadu,0.5,0.7,0,0
2026-02-11,0.0,0.0,0.0,17.4,Vellore (Palar Basin),12.9165,79.1325,Tamil Nadu,0.0,0.7,0,0
2026-02-12,0.8,0.8,5.0,24.1,Nagapattinam (Delta Coast),10.7656,79.8424,Tamil Nadu,0.8,1.5,0,0
2026-02-12,0.0,0.0,0.0,18.9,Kanyakumari (Southern Coast),8.1833,77.4119,Tamil Nadu,0.8,1.3,0,0
2026-02-12,0.0,0.0,0.0,15.0,Tiruchirappalli (Kaveri Basin),10.7905,78.7047,Tamil Nadu,0.8,1.3,0,0
2026-02-12,0.0,0.0,0.0,16.8,Madurai (Southern Plains),9.9252,78.1198,Tamil Nadu,0.0,0.8,0,0
2026-02-12,0.1,0.1,1.0,22.8,Cuddalore (Coastal Central),11.748,79.7714,Tamil Nadu,0.1,0.9,0,0
2026-02-12,0.0,0.0,0.0,12.8,Coimbatore (Western Inland),11.0168,76.9558,Tamil Nadu,0.1,0.9,0,0
2026-02-12,0.0,0.0,0.0,18.4,Salem (Northern Inland),11.6643,78.146,Tamil Nadu,0.1,0.9,0,0
2026-02-12,0.0,0.0,0.0,14.9,Vellore (Palar Basin),12.9165,79.1325,Tamil Nadu,0.0,0.1,0,0
2026-02-12,0.0,0.0,0.0,19.1,Chennai (Coastal North),13.0827,80.2707,Tamil Nadu,0.0,0.1,0,0
2026-02-12,0.0,0.0,0.0,8.7,Nilgiris (Hill Station Zone),11.4102,76.695,Tamil Nadu,0.0,0.1,0,0
2026-02-13,0.1,0.1,1.0,16.8,Chennai (Coastal North),13.0827,80.2707,Tamil Nadu,0.1,0.2,0,0
2026-02-13,0.0,0.0,0.0,13.8,Coimbatore (Western Inland),11.0168,76.9558,Tamil Nadu,0.1,0.1,0,0
2026-02-13,0.2,0.2,2.0,19.3,Madurai (Southern Plains),9.9252,78.1198,Tamil Nadu,0.3,0.3,0,0
2026-02-13,1.1,1.1,4.0,11.0,Nilgiris (Hill Station Zone),11.4102,76.695,Tamil Nadu,1.3,1.4,0,0
2026-02-13,0.0,0.0,0.0,17.9,Tiruchirappalli (Kaveri Basin),10.7905,78.7047,Tamil Nadu,1.3,1.4,0,0
2026-02-13,0.3,0.3,2.0,25.6,Kanyakumari (Southern Coast),8.1833,77.4119,Tamil Nadu,1.4,1.7,0,0
2026-02-13,0.0,0.0,0.0,14.1,Vellore (Palar Basin),12.9165,79.1325,Tamil Nadu,0.3,1.7,0,0
2026-02-13,0.2,0.2,1.0,19.1,Cuddalore (Coastal Central),11.748,79.7714,Tamil Nadu,0.5,1.8,0,0
2026-02-13,2.3,2.3,12.0,24.0,Nagapattinam (Delta Coast),10.7656,79.8424,Tamil Nadu,2.5,4.1,0,0
2026-02-13,0.0,0.0,0.0,20.7,Salem (Northern Inland),11.6643,78.146,Tamil Nadu,2.5,3.9,0,0
2026-02-14,0.1,0.1,1.0,18.4,Kanyakumari (Southern Coast),8.1833,77.4119,Tamil Nadu,2.4,2.9,0,0
2026-02-14,0.0,0.0,0.0,17.8,Cuddalore (Coastal Central),11.748,79.7714,Tamil Nadu,0.1,2.9,0,0
2026-02-14,0.1,0.1,1.0,13.7,Coimbatore (Western Inland),11.0168,76.9558,Tamil Nadu,0.2,2.7,0,0
2026-02-14,0.0,0.0,0.0,11.9,Nilgiris (Hill Station Zone),11.4102,76.695,Tamil Nadu,0.1,2.7,0,0
2026-02-14,0.3,0.3,3.0,22.5,Nagapattinam (Delta Coast),10.7656,79.8424,Tamil Nadu,0.4,2.8,0,0
2026-02-14,0.0,0.0,0.0,18.9,Salem (Northern Inland),11.6643,78.146,Tamil Nadu,0.3,0.5,0,0
2026-02-14,0.0,0.0,0.0,18.7,Madurai (Southern Plains),9.9252,78.1198,Tamil Nadu,0.3,0.5,0,0
2026-02-14,0.0,0.0,0.0,16.1,Vellore (Palar Basin),12.9165,79.1325,Tamil Nadu,0.0,0.4,0,0
2026-02-14,0.1,0.1,1.0,17.3,Tiruchirappalli (Kaveri Basin),10.7905,78.7047,Tamil Nadu,0.1,0.5,0,0
2026-02-14,0.0,0.0,0.0,14.1,Chennai (Coastal North),13.0827,80.2707,Tamil Nadu,0.1,0.4,0,0
2026-02-15,0.0,0.0,0.0,12.1,Coimbatore (Western Inland),11.0168,76.9558,Tamil Nadu,0.1,0.4,0,0
2026-02-15,0.0,0.0,0.0,18.9,Nagapattinam (Delta Coast),10.7656,79.8424,Tamil Nadu,0.0,0.1,0,0
2026-02-15,0.0,0.0,0.0,15.4,Cuddalore (Coastal Central),11.748,79.7714,Tamil Nadu,0.0,0.1,0,0
2026-02-15,0.0,0.0,0.0,13.2,Chennai (Coastal North),13.0827,80.2707,Tamil Nadu,0.0,0.1,0,0
2026-02-15,0.0,0.0,0.0,15.2,Madurai (Southern Plains),9.9252,78.1198,Tamil Nadu,0.0,0.1,0,0
2026-02-15,0.0,0.0,0.0,12.2,Kanyakumari (Southern Coast),8.1833,77.4119,Tamil Nadu,0.0,0.0,0,0
2026-02-15,0.0,0.0,0.0,15.5,Nilgiris (Hill Station Zone),11.4102,76.695,Tamil Nadu,0.0,0.0,0,0
2026-02-15,0.0,0.0,0.0,25.7,Salem (Northern Inland),11.6643,78.146,Tamil Nadu,0.0,0.0,0,0
2026-02-15,0.0,0.0,0.0,17.5,Vellore (Palar Basin),12.9165,79.1325,Tamil Nadu,0.0,0.0,0,0
2026-02-15,0.0,0.0,0.0,16.8,Tiruchirappalli (Kaveri Basin),10.7905,78.7047,Tamil Nadu,0.0,0.0,0,0
2026-02-16,0.0,0.0,0.0,13.7,Cuddalore (Coastal Central),11.748,79.7714,Tamil Nadu,0.0,0.0,0,0
2026-02-16,0.0,0.0,0.0,16.0,Nagapattinam (Delta Coast),10.7656,79.8424,Tamil Nadu,0.0,0.0,0,0
2026-02-16,0.0,0.0,0.0,18.3,Tiruchirappalli (Kaveri Basin),10.7905,78.7047,Tamil Nadu,0.0,0.0,0,0
2026-02-16,0.0,0.0,0.0,18.2,Madurai (Southern Plains),9.9252,78.1198,Tamil Nadu,0.0,0.0,0,0
2026-02-16,0.0,0.0,0.0,17.7,Salem (Northern Inland),11.6643,78.146,Tamil Nadu,0.0,0.0,0,0
2026-02-16,0.0,0.0,0.0,14.0,Coimbatore (Western Inland),11.0168,76.9558,Tamil Nadu,0.0,0.0,0,0
2026-02-16,0.0,0.0,0.0,10.1,Nilgiris (Hill Station Zone),11.4102,76.695,Tamil Nadu,0.0,0.0,0,0
2026-02-16,0.0,0.0,0.0,19.0,Kanyakumari (Southern Coast),8.1833,77.4119,Tamil Nadu,0.0,0.0,0,0
2026-02-16,0.0,0.0,0.0,17.9,Vellore (Palar Basin),12.9165,79.1325,Tamil Nadu,0.0,0.0,0,0
2026-02-16,0.0,0.0,0.0,12.5,Chennai (Coastal North),13.0827,80.2707,Tamil Nadu,0.0,0.0,0,0
2026-02-17,0.0,0.0,0.0,18.1,Tiruchirappalli (Kaveri Basin),10.7905,78.7047,Tamil Nadu,0.0,0.0,0,0
2026-02-17,0.0,0.0,0.0,15.2,Nilgiris (Hill Station Zone),11.4102,76.695,Tamil Nadu,0.0,0.0,0,0
2026-02-17,0.0,0.0,0.0,19.6,Cuddalore (Coastal Central),11.748,79.7714,Tamil Nadu,0.0,0.0,0,0
2026-02-17,0.0,0.0,0.0,13.2,Kanyakumari (Southern Coast),8.1833,77.4119,Tamil Nadu,0.0,0.0,0,0
2026-02-17,0.0,0.0,0.0,18.5,Madurai (Southern Plains),9.9252,78.1198,Tamil Nadu,0.0,0.0,0,0
2026-02-17,0.0,0.0,0.0,21.7,Nagapattinam (Delta Coast),10.7656,79.8424,Tamil Nadu,0.0,0.0,0,0
2026-02-17,0.0,0.0,0.0,22.0,Salem (Northern Inland),11.6643,78.146,Tamil Nadu,0.0,0.0,0,0
2026-02-17,0.0,0.0,0.0,15.6,Chennai (Coastal North),13.0827,80.2707,Tamil Nadu,0.0,0.0,0,0
2026-02-17,0.0,0.0,0.0,18.3,Vellore (Palar Basin),12.9165,79.1325,Tamil Nadu,0.0,0.0,0,0
2026-02-17,0.0,0.0,0.0,13.4,Coimbatore (Western Inland),11.0168,76.9558,Tamil Nadu,0.0,0.0,0,0
2026-02-18,0.0,0.0,0.0,20.0,Kanyakumari (Southern Coast),8.1833,77.4119,Tamil Nadu,0.0,0.0,0,0
2026-02-18,0.0,0.0,0.0,18.6,Nagapattinam (Delta Coast),10.7656,79.8424,Tamil Nadu,0.0,0.0,0,0
2026-02-18,0.0,0.0,0.0,14.8,Vellore (Palar Basin),12.9165,79.1325,Tamil Nadu,0.0,0.0,0,0
2026-02-18,0.0,0.0,0.0,11.2,Nilgiris (Hill Station Zone),11.4102,76.695,Tamil Nadu,0.0,0.0,0,0
2026-02-18,0.0,0.0,0.0,14.0,Chennai (Coastal North),13.0827,80.2707,Tamil Nadu,0.0,0.0,0,0
2026-02-18,0.0,0.0,0.0,12.8,Coimbatore (Western Inland),11.0168,76.9558,Tamil Nadu,0.0,0.0,0,0
2026-02-18,0.0,0.0,0.0,16.3,Cuddalore (Coastal Central),11.748,79.7714,Tamil Nadu,0.0,0.0,0,0
2026-02-18,0.0,0.0,0.0,17.2,Salem (Northern Inland),11.6643,78.146,Tamil Nadu,0.0,0.0,0,0
2026-02-18,0.1,0.1,1.0,16.0,Tiruchirappalli (Kaveri Basin),10.7905,78.7047,Tamil Nadu,0.1,0.1,0,0
2026-02-18,0.0,0.0,0.0,15.4,Madurai (Southern Plains),9.9252,78.1198,Tamil Nadu,0.1,0.1,0,0
2026-02-19,0.0,0.0,0.0,18.2,Cuddalore (Coastal Central),11.748,79.7714,Tamil Nadu,0.1,0.1,0,0
2026-02-19,0.0,0.0,0.0,18.3,Vellore (Palar Basin),12.9165,79.1325,Tamil Nadu,0.0,0.1,0,0
2026-02-19,0.0,0.0,0.0,20.2,Salem (Northern Inland),11.6643,78.146,Tamil Nadu,0.0,0.1,0,0
2026-02-19,0.0,0.0,0.0,19.0,Madurai (Southern Plains),9.9252,78.1198,Tamil Nadu,0.0,0.1,0,0
2026-02-19,0.7,0.7,2.0,11.6,Nilgiris (Hill Station Zone),11.4102,76.695,Tamil Nadu,0.7,0.8,0,0
2026-02-19,0.0,0.0,0.0,15.5,Chennai (Coastal North),13.0827,80.2707,Tamil Nadu,0.7,0.7,0,0
2026-02-19,0.0,0.0,0.0,15.8,Coimbatore (Western Inland),11.0168,76.9558,Tamil Nadu,0.7,0.7,0,0
2026-02-19,0.0,0.0,0.0,19.2,Kanyakumari (Southern Coast),8.1833,77.4119,Tamil Nadu,0.0,0.7,0,0
2026-02-19,0.0,0.0,0.0,16.7,Tiruchirappalli (Kaveri Basin),10.7905,78.7047,Tamil Nadu,0.0,0.7,0,0
2026-02-19,0.0,0.0,0.0,20.2,Nagapattinam (Delta Coast),10.7656,79.8424,Tamil Nadu,0.0,0.7,0,0
2026-02-20,0.1,0.1,1.0,23.5,Cuddalore (Coastal Central),11.748,79.7714,Tamil Nadu,0.1,0.8,0,0
2026-02-20,0.1,0.1,1.0,14.9,Nilgiris (Hill Station Zone),11.4102,76.695,Tamil Nadu,0.2,0.2,0,0
2026-02-20,1.0,1.0,3.0,24.2,Kanyakumari (Southern Coast),8.1833,77.4119,Tamil Nadu,1.2,1.2,0,0
2026-02-20,0.5,0.5,3.0,18.3,Salem (Northern Inland),11.6643,78.146,Tamil Nadu,1.6,1.7,0,0
2026-02-20,1.6,1.6,6.0,24.1,Nagapattinam (Delta Coast),10.7656,79.8424,Tamil Nadu,3.1,3.3,0,0
2026-02-20,0.9,0.9,3.0,20.5,Tiruchirappalli (Kaveri Basin),10.7905,78.7047,Tamil Nadu,3.0,4.2,0,0
2026-02-20,0.0,0.0,0.0,16.6,Chennai (Coastal North),13.0827,80.2707,Tamil Nadu,2.5,4.2,0,0
2026-02-20,0.0,0.0,0.0,18.5,Vellore (Palar Basin),12.9165,79.1325,Tamil Nadu,0.9,4.1,0,0
2026-02-20,3.3,3.3,6.0,20.8,Madurai (Southern Plains),9.9252,78.1198,Tamil Nadu,3.3,7.3,0,0
2026-02-20,0.1,0.1,1.0,18.7,Coimbatore (Western Inland),11.0168,76.9558,Tamil Nadu,3.4,6.4,0,0
2026-02-21,1.5,1.5,8.0,24.2,Nagapattinam (Delta Coast),10.7656,79.8424,Tamil Nadu,4.9,7.4,0,0
2026-02-21,0.5,0.5,3.0,19.2,Tiruchirappalli (Kaveri Basin),10.7905,78.7047,Tamil Nadu,2.1,6.3,0,0
2026-02-21,0.3,0.3,2.0,15.5,Coimbatore (Western Inland),11.0168,76.9558,Tamil Nadu,2.3,5.7,0,0
2026-02-21,35.2,35.2,10.0,14.1,Kanyakumari (Southern Coast),8.1833,77.4119,Tamil Nadu,36.0,40.9,0,0
2026-02-21,0.0,0.0,0.0,19.3,Madurai (Southern Plains),9.9252,78.1198,Tamil Nadu,35.5,40.9,0,0
2026-02-21,0.6,0.6,4.0,22.6,Cuddalore (Coastal Central),11.748,79.7714,Tamil Nadu,35.8,38.2,0,0
2026-02-21,0.0,0.0,0.0,15.3,Salem (Northern Inland),11.6643,78.146,Tamil Nadu,0.6,38.1,0,0
2026-02-21,3.4,3.4,8.0,14.5,Nilgiris (Hill Station Zone),11.4102,76.695,Tamil Nadu,4.0,40.0,0,0
2026-02-21,1.0,1.0,2.0,16.3,Vellore (Palar Basin),12.9165,79.1325,Tamil Nadu,4.4,40.5,0,0
2026-02-21,2.4,2.4,10.0,19.1,Chennai (Coastal North),13.0827,80.2707,Tamil Nadu,6.8,42.6,0,0
2026-02-22,0.8,0.8,4.0,23.9,Cuddalore (Coastal Central),11.748,79.7714,Tamil Nadu,4.2,8.2,0,0
2026-02-22,1.4,1.4,2.0,13.6,Coimbatore (Western Inland),11.0168,76.9558,Tamil Nadu,4.6,9.6,0,0
2026-02-22,0.0,0.0,0.0,17.1,Tiruchirappalli (Kaveri Basin),10.7905,78.7047,Tamil Nadu,2.2,9.0,0,0
2026-02-22,0.0,0.0,0.0,20.6,Salem (Northern Inland),11.6643,78.146,Tamil Nadu,1.4,9.0,0,0
2026-02-22,0.5,0.5,4.0,20.4,Nagapattinam (Delta Coast),10.7656,79.8424,Tamil Nadu,0.5,6.1,0,0
2026-02-22,0.1,0.1,1.0,20.4,Nilgiris (Hill Station Zone),11.4102,76.695,Tamil Nadu,0.6,5.2,0,0
2026-02-22,1.3,1.3,3.0,13.9,Madurai (Southern Plains),9.9252,78.1198,Tamil Nadu,1.9,4.1,0,0
2026-02-22,10.7,10.7,7.0,11.4,Kanyakumari (Southern Coast),8.1833,77.4119,Tamil Nadu,12.1,14.0,0,0
2026-02-22,1.4,1.4,11.0,19.6,Chennai (Coastal North),13.0827,80.2707,Tamil Nadu,13.4,14.0,0,0
2026-02-22,0.0,0.0,0.0,17.0,Vellore (Palar Basin),12.9165,79.1325,Tamil Nadu,12.1,14.0,0,0
2026-02-23,0.6,0.6,5.0,17.2,Nagapattinam (Delta Coast),10.7656,79.8424,Tamil Nadu,2.0,14.6,0,0
2026-02-23,0.1,0.1,1.0,15.2,Madurai (Southern Plains),9.9252,78.1198,Tamil Nadu,0.7,14.2,0,0
2026-02-23,0.0,0.0,0.0,18.0,Nilgiris (Hill Station Zone),11.4102,76.695,Tamil Nadu,0.7,14.1,0,0
2026-02-23,0.5,0.5,4.0,16.4,Cuddalore (Coastal Central),11.748,79.7714,Tamil Nadu,0.6,13.3,0,0
2026-02-23,3.5,3.5,8.0,7.6,Kanyakumari (Southern Coast),8.1833,77.4119,Tamil Nadu,4.0,6.1,0,0
2026-02-23,5.4,5.4,7.0,11.7,Coimbatore (Western Inland),11.0168,76.9558,Tamil Nadu,9.4,10.1,0,0
2026-02-23,0.0,0.0,0.0,14.3,Chennai (Coastal North),13.0827,80.2707,Tamil Nadu,8.9,10.1,0,0
2026-02-23,0.0,0.0,0.0,22.2,Salem (Northern Inland),11.6643,78.146,Tamil Nadu,5.4,9.5,0,0
2026-02-23,0.0,0.0,0.0,16.7,Vellore (Palar Basin),12.9165,79.1325,Tamil Nadu,0.0,9.4,0,0
2026-02-23,0.0,0.0,0.0,16.9,Tiruchirappalli (Kaveri Basin),10.7905,78.7047,Tamil Nadu,0.0,9.4,0,0
2026-02-24,3.6,3.6,5.0,15.7,Nilgiris (Hill Station Zone),11.4102,76.695,Tamil Nadu,3.6,12.5,0,0
2026-02-24,0.5,0.5,4.0,15.0,Cuddalore (Coastal Central),11.748,79.7714,Tamil Nadu,4.1,9.5,0,0
2026-02-24,2.4,2.4,4.0,9.1,Kanyakumari (Southern Coast),8.1833,77.4119,Tamil Nadu,6.5,6.5,0,0
2026-02-24,0.4,0.4,3.0,15.1,Vellore (Palar Basin),12.9165,79.1325,Tamil Nadu,3.3,6.9,0,0
2026-02-24,1.1,1.1,5.0,15.8,Nagapattinam (Delta Coast),10.7656,79.8424,Tamil Nadu,3.9,8.0,0,0
2026-02-24,0.0,0.0,0.0,14.9,Madurai (Southern Plains),9.9252,78.1198,Tamil Nadu,1.5,8.0,0,0
2026-02-24,1.0,1.0,5.0,11.8,Coimbatore (Western Inland),11.0168,76.9558,Tamil Nadu,2.1,9.0,0,0
2026-02-24,0.0,0.0,0.0,16.3,Chennai (Coastal North),13.0827,80.2707,Tamil Nadu,1.0,5.4,0,0
2026-02-24,0.0,0.0,0.0,18.8,Salem (Northern Inland),11.6643,78.146,Tamil Nadu,1.0,4.9,0,0
2026-02-24,0.0,0.0,0.0,16.0,Tiruchirappalli (Kaveri Basin),10.7905,78.7047,Tamil Nadu,0.0,2.5,0,0
2026-02-25,0.9,0.9,3.0,19.1,Coimbatore (Western Inland),11.0168,76.9558,Tamil Nadu,0.9,3.0,0,0
2026-02-25,1.2,1.2,6.0,14.2,Vellore (Palar Basin),12.9165,79.1325,Tamil Nadu,2.1,3.1,0,0
2026-02-25,0.0,0.0,0.0,16.5,Salem (Northern Inland),11.6643,78.146,Tamil Nadu,2.1,3.1,0,0
2026-02-25,0.0,0.0,0.0,13.3,Tiruchirappalli (Kaveri Basin),10.7905,78.7047,Tamil Nadu,1.2,2.1,0,0
2026-02-25,6.2,6.2,12.0,11.9,Nilgiris (Hill Station Zone),11.4102,76.695,Tamil Nadu,6.2,8.3,0,0
2026-02-25,1.2,1.2,7.0,12.4,Chennai (Coastal North),13.0827,80.2707,Tamil Nadu,7.4,9.5,0,0
2026-02-25,2.1,2.1,5.0,14.2,Nagapattinam (Delta Coast),10.7656,79.8424,Tamil Nadu,9.5,11.6,0,0
2026-02-25,15.6,15.6,7.0,13.9,Madurai (Southern Plains),9.9252,78.1198,Tamil Nadu,18.9,26.3,0,0
2026-02-25,0.8,0.8,5.0,14.1,Cuddalore (Coastal Central),11.748,79.7714,Tamil Nadu,18.5,25.9,0,0
2026-02-25,8.6,8.6,5.0,12.0,Kanyakumari (Southern Coast),8.1833,77.4119,Tamil Nadu,25.0,34.5,0,0
2026-02-26,3.4,3.4,2.0,8.8,Kanyakumari (Southern Coast),8.1833,77.4119,Tamil Nadu,12.8,37.9,0,0
2026-02-26,0.0,0.0,0.0,13.3,Chennai (Coastal North),13.0827,80.2707,Tamil Nadu,12.0,31.7,0,0
2026-02-26,0.0,0.0,0.0,10.9,Tiruchirappalli (Kaveri Basin),10.7905,78.7047,Tamil Nadu,3.4,30.5,0,0
2026-02-26,4.2,4.2,5.0,12.4,Madurai (Southern Plains),9.9252,78.1198,Tamil Nadu,4.2,32.6,0,0
2026-02-26,1.1,1.1,9.0,14.0,Coimbatore (Western Inland),11.0168,76.9558,Tamil Nadu,5.3,18.1,0,0
2026-02-26,0.0,0.0,0.0,15.5,Cuddalore (Coastal Central),11.748,79.7714,Tamil Nadu,5.3,17.3,0,0
2026-02-26,0.0,0.0,0.0,15.2,Nagapattinam (Delta Coast),10.7656,79.8424,Tamil Nadu,1.1,8.7,0,0
2026-02-26,0.0,0.0,0.0,15.5,Vellore (Palar Basin),12.9165,79.1325,Tamil Nadu,0.0,5.3,0,0
2026-02-26,0.6,0.6,5.0,16.7,Nilgiris (Hill Station Zone),11.4102,76.695,Tamil Nadu,0.6,5.9,0,0
2026-02-26,0.1,0.1,1.0,16.4,Salem (Northern Inland),11.6643,78.146,Tamil Nadu,0.7,6.0,0,0
2026-02-27,0.0,0.0,0.0,13.2,Nagapattinam (Delta Coast),10.7656,79.8424,Tamil Nadu,0.7,1.8,0,0
2026-02-27,0.1,0.1,1.0,16.3,Madurai (Southern Plains),9.9252,78.1198,Tamil Nadu,0.2,0.8,0,0
2026-02-27,3.3,3.3,6.0,10.8,Kanyakumari (Southern Coast),8.1833,77.4119,Tamil Nadu,3.4,4.1,0,0
2026-02-27,10.0,10.0,10.0,14.1,Nilgiris (Hill Station Zone),11.4102,76.695,Tamil Nadu,13.4,14.1,0,0
2026-02-27,0.0,0.0,0.0,16.1,Tiruchirappalli (Kaveri Basin),10.7905,78.7047,Tamil Nadu,13.3,14.1,0,0
2026-02-27,0.0,0.0,0.0,15.5,Chennai (Coastal North),13.0827,80.2707,Tamil Nadu,10.0,13.5,0,0
2026-02-27,1.0,1.0,3.0,11.2,Coimbatore (Western Inland),11.0168,76.9558,Tamil Nadu,1.0,14.4,0,0
2026-02-27,0.0,0.0,0.0,14.4,Cuddalore (Coastal Central),11.748,79.7714,Tamil Nadu,1.0,14.4,0,0
2026-02-27,0.0,0.0,0.0,18.7,Vellore (Palar Basin),12.9165,79.1325,Tamil Nadu,1.0,14.3,0,0
2026-02-27,0.1,0.1,1.0,18.8,Salem (Northern Inland),11.6643,78.146,Tamil Nadu,0.1,11.1,0,0
2026-02-28,0.1,0.1,1.0,14.6,Cuddalore (Coastal Central),11.748,79.7714,Tamil Nadu,0.2,1.2,0,0
2026-02-28,0.0,0.0,0.0,16.3,Chennai (Coastal North),13.0827,80.2707,Tamil Nadu,0.2,1.2,0,0
2026-02-28,3.8,3.8,6.0,10.9,Kanyakumari (Southern Coast),8.1833,77.4119,Tamil Nadu,3.9,5.0,0,0
2026-02-28,0.0,0.0,0.0,12.9,Tiruchirappalli (Kaveri Basin),10.7905,78.7047,Tamil Nadu,3.8,4.0,0,0
2026-02-28,0.0,0.0,0.0,20.0,Salem (Northern Inland),11.6643,78.146,Tamil Nadu,3.8,4.0,0,0
2026-02-28,0.0,0.0,0.0,14.3,Vellore (Palar Basin),12.9165,79.1325,Tamil Nadu,0.0,4.0,0,0
2026-02-28,0.0,0.0,0.0,12.8,Madurai (Southern Plains),9.9252,78.1198,Tamil Nadu,0.0,3.9,0,0
2026-02-28,9.5,9.5,13.0,10.8,Nilgiris (Hill Station Zone),11.4102,76.695,Tamil Nadu,9.5,13.3,0,0
2026-02-28,0.2,0.2,2.0,13.3,Coimbatore (Western Inland),11.0168,76.9558,Tamil Nadu,9.7,13.5,0,0
2026-02-28,1.4,1.4,1.0,13.7,Nagapattinam (Delta Coast),10.7656,79.8424,Tamil Nadu,11.1,11.1,0,0
2026-03-01,0.0,0.0,0.0,16.3,Tiruchirappalli (Kaveri Basin),10.7905,78.7047,Tamil Nadu,1.6,11.1,0,0
2026-03-01,0.0,0.0,0.0,16.4,Chennai (Coastal North),13.0827,80.2707,Tamil Nadu,1.4,11.1,0,0
2026-03-01,0.0,0.0,0.0,16.1,Madurai (Southern Plains),9.9252,78.1198,Tamil Nadu,0.0,11.1,0,0
2026-03-01,0.0,0.0,0.0,13.8,Cuddalore (Coastal Central),11.748,79.7714,Tamil Nadu,0.0,11.1,0,0
2026-03-01,4.0,4.0,5.0,8.1,Nilgiris (Hill Station Zone),11.4102,76.695,Tamil Nadu,4.0,5.6,0,0
2026-03-01,0.1,0.1,1.0,12.8,Nagapattinam (Delta Coast),10.7656,79.8424,Tamil Nadu,4.1,5.5,0,0
2026-03-01,0.0,0.0,0.0,12.6,Coimbatore (Western Inland),11.0168,76.9558,Tamil Nadu,4.1,4.1,0,0
2026-03-01,0.0,0.0,0.0,22.5,Salem (Northern Inland),11.6643,78.146,Tamil Nadu,0.1,4.1,0,0
2026-03-01,0.2,0.2,2.0,20.0,Kanyakumari (Southern Coast),8.1833,77.4119,Tamil Nadu,0.2,4.3,0,0
2026-03-01,0.0,0.0,0.0,15.4,Vellore (Palar Basin),12.9165,79.1325,Tamil Nadu,0.2,4.3,0,0
2026-03-02,0.0,0.0,0.0,24.2,Salem (Northern Inland),11.6643,78.146,Tamil Nadu,0.2,4.3,0,0
2026-03-02,0.0,0.0,0.0,12.0,Coimbatore (Western Inland),11.0168,76.9558,Tamil Nadu,0.0,0.3,0,0
2026-03-02,0.0,0.0,0.0,16.8,Vellore (Palar Basin),12.9165,79.1325,Tamil Nadu,0.0,0.2,0,0
2026-03-02,0.0,0.0,0.0,12.4,Nagapattinam (Delta Coast),10.7656,79.8424,Tamil Nadu,0.0,0.2,0,0
2026-03-02,0.0,0.0,0.0,12.2,Cuddalore (Coastal Central),11.748,79.7714,Tamil Nadu,0.0,0.2,0,0
2026-03-02,0.0,0.0,0.0,15.7,Madurai (Southern Plains),9.9252,78.1198,Tamil Nadu,0.0,0.0,0,0
2026-03-02,0.1,0.1,1.0,16.5,Kanyakumari (Southern Coast),8.1833,77.4119,Tamil Nadu,0.1,0.1,0,0
2026-03-02,0.0,0.0,0.0,12.4,Chennai (Coastal North),13.0827,80.2707,Tamil Nadu,0.1,0.1,0,0
2026-03-02,0.0,0.0,0.0,12.4,Nilgiris (Hill Station Zone),11.4102,76.695,Tamil Nadu,0.1,0.1,0,0
2026-03-02,0.0,0.0,0.0,15.1,Tiruchirappalli (Kaveri Basin),10.7905,78.7047,Tamil Nadu,0.0,0.1,0,0
2026-03-03,0.0,0.0,0.0,12.6,Cuddalore (Coastal Central),11.748,79.7714,Tamil Nadu,0.0,0.1,0,0
2026-03-03,0.0,0.0,0.0,16.0,Vellore (Palar Basin),12.9165,79.1325,Tamil Nadu,0.0,0.1,0,0
2026-03-03,0.0,0.0,0.0,17.8,Nilgiris (Hill Station Zone),11.4102,76.695,Tamil Nadu,0.0,0.1,0,0
2026-03-03,1.1,1.1,3.0,17.5,Kanyakumari (Southern Coast),8.1833,77.4119,Tamil Nadu,1.1,1.1,0,0
2026-03-03,0.0,0.0,0.0,16.4,Madurai (Southern Plains),9.9252,78.1198,Tamil Nadu,1.1,1.1,0,0
2026-03-03,0.0,0.0,0.0,13.4,Chennai (Coastal North),13.0827,80.2707,Tamil Nadu,1.1,1.1,0,0
2026-03-03,0.0,0.0,0.0,13.3,Nagapattinam (Delta Coast),10.7656,79.8424,Tamil Nadu,0.0,1.1,0,0
2026-03-03,0.0,0.0,0.0,14.7,Tiruchirappalli (Kaveri Basin),10.7905,78.7047,Tamil Nadu,0.0,1.1,0,0
2026-03-03,0.0,0.0,0.0,21.1,Salem (Northern Inland),11.6643,78.146,Tamil Nadu,0.0,1.1,0,0
2026-03-03,0.0,0.0,0.0,18.3,Coimbatore (Western Inland),11.0168,76.9558,Tamil Nadu,0.0,1.1,0,0
2026-03-04,0.0,0.0,0.0,14.3,Coimbatore (Western Inland),11.0168,76.9558,Tamil Nadu,0.0,0.0,0,0
2026-03-04,0.0,0.0,0.0,11.9,Tiruchirappalli (Kaveri Basin),10.7905,78.7047,Tamil Nadu,0.0,0.0,0,0
2026-03-04,0.0,0.0,0.0,13.7,Nilgiris (Hill Station Zone),11.4102,76.695,Tamil Nadu,0.0,0.0,0,0
2026-03-04,0.0,0.0,0.0,18.6,Salem (Northern Inland),11.6643,78.146,Tamil Nadu,0.0,0.0,0,0
2026-03-04,0.0,0.0,0.0,13.1,Chennai (Coastal North),13.0827,80.2707,Tamil Nadu,0.0,0.0,0,0
2026-03-04,0.0,0.0,0.0,14.9,Madurai (Southern Plains),9.9252,78.1198,Tamil Nadu,0.0,0.0,0,0
2026-03-04,0.0,0.0,0.0,17.0,Vellore (Palar Basin),12.9165,79.1325,Tamil Nadu,0.0,0.0,0,0
2026-03-04,0.0,0.0,0.0,13.8,Nagapattinam (Delta Coast),10.7656,79.8424,Tamil Nadu,0.0,0.0,0,0
2026-03-04,1.6,1.6,5.0,16.7,Kanyakumari (Southern Coast),8.1833,77.4119,Tamil Nadu,1.6,1.6,0,0
2026-03-04,0.0,0.0,0.0,11.8,Cuddalore (Coastal Central),11.748,79.7714,Tamil Nadu,1.6,1.6,0,0
2026-03-05,0.2,0.2,2.0,13.4,Tiruchirappalli (Kaveri Basin),10.7905,78.7047,Tamil Nadu,1.8,1.8,0,0
2026-03-05,0.0,0.0,0.0,16.3,Madurai (Southern Plains),9.9252,78.1198,Tamil Nadu,0.2,1.8,0,0
2026-03-05,0.0,0.0,0.0,13.8,Coimbatore (Western Inland),11.0168,76.9558,Tamil Nadu,0.2,1.8,0,0
2026-03-05,0.0,0.0,0.0,13.4,Cuddalore (Coastal Central),11.748,79.7714,Tamil Nadu,0.0,1.8,0,0
2026-03-05,0.0,0.0,0.0,12.6,Vellore (Palar Basin),12.9165,79.1325,Tamil Nadu,0.0,1.8,0,0
2026-03-05,0.7,0.7,4.0,17.3,Kanyakumari (Southern Coast),8.1833,77.4119,Tamil Nadu,0.7,0.9,0,0
2026-03-05,0.0,0.0,0.0,12.7,Nilgiris (Hill Station Zone),11.4102,76.695,Tamil Nadu,0.7,0.9,0,0
2026-03-05,0.0,0.0,0.0,19.4,Salem (Northern Inland),11.6643,78.146,Tamil Nadu,0.7,0.7,0,0
2026-03-05,0.0,0.0,0.0,10.8,Nagapattinam (Delta Coast),10.7656,79.8424,Tamil Nadu,0.0,0.7,0,0
2026-03-05,0.0,0.0,0.0,13.7,Chennai (Coastal North),13.0827,80.2707,Tamil Nadu,0.0,0.7,0,0
2026-03-06,0.0,0.0,0.0,14.0,Nilgiris (Hill Station Zone),11.4102,76.695,Tamil Nadu,0.0,0.7,0,0
2026-03-06,0.0,0.0,0.0,15.1,Cuddalore (Coastal Central),11.748,79.7714,Tamil Nadu,0.0,0.7,0,0
2026-03-06,0.0,0.0,0.0,16.2,Tiruchirappalli (Kaveri Basin),10.7905,78.7047,Tamil Nadu,0.0,0.0,0,0
2026-03-06,0.0,0.0,0.0,17.8,Chennai (Coastal North),13.0827,80.2707,Tamil Nadu,0.0,0.0,0,0
2026-03-06,0.0,0.0,0.0,14.9,Vellore (Palar Basin),12.9165,79.1325,Tamil Nadu,0.0,0.0,0,0
2026-03-06,0.0,0.0,0.0,17.4,Coimbatore (Western Inland),11.0168,76.9558,Tamil Nadu,0.0,0.0,0,0
2026-03-06,0.0,0.0,0.0,17.7,Madurai (Southern Plains),9.9252,78.1198,Tamil Nadu,0.0,0.0,0,0
2026-03-06,0.1,0.1,1.0,15.9,Kanyakumari (Southern Coast),8.1833,77.4119,Tamil Nadu,0.1,0.1,0,0
2026-03-06,0.0,0.0,0.0,16.9,Salem (Northern Inland),11.6643,78.146,Tamil Nadu,0.1,0.1,0,0
2026-03-06,0.0,0.0,0.0,16.8,Nagapattinam (Delta Coast),10.7656,79.8424,Tamil Nadu,0.1,0.1,0,0
2026-03-07,0.0,0.0,0.0,14.5,Coimbatore (Western Inland),11.0168,76.9558,Tamil Nadu,0.0,0.1,0,0
2026-03-07,0.0,0.0,0.0,18.0,Cuddalore (Coastal Central),11.748,79.7714,Tamil Nadu,0.0,0.1,0,0
2026-03-07,0.0,0.0,0.0,23.1,Salem (Northern Inland),11.6643,78.146,Tamil Nadu,0.0,0.1,0,0
2026-03-07,0.0,0.0,0.0,19.9,Madurai (Southern Plains),9.9252,78.1198,Tamil Nadu,0.0,0.1,0,0
2026-03-07,0.0,0.0,0.0,19.8,Chennai (Coastal North),13.0827,80.2707,Tamil Nadu,0.0,0.0,0,0
2026-03-07,0.2,0.2,1.0,13.6,Nilgiris (Hill Station Zone),11.4102,76.695,Tamil Nadu,0.2,0.2,0,0
2026-03-07,0.0,0.0,0.0,17.6,Tiruchirappalli (Kaveri Basin),10.7905,78.7047,Tamil Nadu,0.2,0.2,0,0
2026-03-07,0.8,0.8,4.0,13.5,Kanyakumari (Southern Coast),8.1833,77.4119,Tamil Nadu,1.0,1.0,0,0
2026-03-07,0.0,0.0,0.0,18.1,Nagapattinam (Delta Coast),10.7656,79.8424,Tamil Nadu,0.8,1.0,0,0
2026-03-07,0.0,0.0,0.0,18.5,Vellore (Palar Basin),12.9165,79.1325,Tamil Nadu,0.8,1.0,0,0
2026-03-08,0.0,0.0,0.0,14.8,Nagapattinam (Delta Coast),10.7656,79.8424,Tamil Nadu,0.0,1.0,0,0
2026-03-08,0.0,0.0,0.0,14.3,Nilgiris (Hill Station Zone),11.4102,76.695,Tamil Nadu,0.0,1.0,0,0
2026-03-08,5.1,5.1,6.0,16.4,Kanyakumari (Southern Coast),8.1833,77.4119,Tamil Nadu,5.1,5.9,0,0
2026-03-08,0.0,0.0,0.0,13.7,Coimbatore (Western Inland),11.0168,76.9558,Tamil Nadu,5.1,5.9,0,0
2026-03-08,0.0,0.0,0.0,16.2,Vellore (Palar Basin),12.9165,79.1325,Tamil Nadu,5.1,5.1,0,0
2026-03-08,0.0,0.0,0.0,14.6,Madurai (Southern Plains),9.9252,78.1198,Tamil Nadu,0.0,5.1,0,0
2026-03-08,0.2,0.2,2.0,14.8,Cuddalore (Coastal Central),11.748,79.7714,Tamil Nadu,0.2,5.3,0,0
2026-03-08,0.0,0.0,0.0,19.7,Chennai (Coastal North),13.0827,80.2707,Tamil Nadu,0.2,5.3,0,0
2026-03-08,0.0,0.0,0.0,21.4,Salem (Northern Inland),11.6643,78.146,Tamil Nadu,0.2,5.3,0,0
2026-03-08,0.3,0.3,3.0,12.9,Tiruchirappalli (Kaveri Basin),10.7905,78.7047,Tamil Nadu,0.3,0.5,0,0
2026-03-09,0.1,0.1,1.0,20.2,Kanyakumari (Southern Coast),8.1833,77.4119,Tamil Nadu,0.4,0.6,0,0
2026-03-09,0.4,0.4,4.0,15.2,Chennai (Coastal North),13.0827,80.2707,Tamil Nadu,0.8,1.0,0,0
2026-03-09,0.1,0.1,1.0,19.2,Nilgiris (Hill Station Zone),11.4102,76.695,Tamil Nadu,0.6,1.1,0,0
2026-03-09,0.0,0.0,0.0,19.2,Salem (Northern Inland),11.6643,78.146,Tamil Nadu,0.5,0.9,0,0
2026-03-09,0.1,0.1,1.0,19.9,Coimbatore (Western Inland),11.0168,76.9558,Tamil Nadu,0.2,1.0,0,0
2026-03-09,0.3,0.3,3.0,18.6,Madurai (Southern Plains),9.9252,78.1198,Tamil Nadu,0.4,1.3,0,0
2026-03-09,1.3,1.3,5.0,15.7,Vellore (Palar Basin),12.9165,79.1325,Tamil Nadu,1.7,2.3,0,0
2026-03-09,0.2,0.2,2.0,16.5,Cuddalore (Coastal Central),11.748,79.7714,Tamil Nadu,1.8,2.4,0,0
2026-03-09,0.0,0.0,0.0,16.2,Tiruchirappalli (Kaveri Basin),10.7905,78.7047,Tamil Nadu,1.5,2.0,0,0
2026-03-09,0.0,0.0,0.0,17.3,Nagapattinam (Delta Coast),10.7656,79.8424,Tamil Nadu,0.2,1.9,0,0
2026-03-10,0.0,0.0,0.0,18.9,Coimbatore (Western Inland),11.0168,76.9558,Tamil Nadu,0.0,1.9,0,0
2026-03-10,0.0,0.0,0.0,26.4,Kanyakumari (Southern Coast),8.1833,77.4119,Tamil Nadu,0.0,1.8,0,0
2026-03-10,1.9,1.9,6.0,19.1,Tiruchirappalli (Kaveri Basin),10.7905,78.7047,Tamil Nadu,1.9,3.4,0,0
2026-03-10,0.0,0.0,0.0,13.0,Nilgiris (Hill Station Zone),11.4102,76.695,Tamil Nadu,1.9,2.1,0,0
2026-03-10,2.1,2.1,6.0,20.4,Madurai (Southern Plains),9.9252,78.1198,Tamil Nadu,4.0,4.0,0,0
2026-03-10,0.2,0.2,2.0,17.2,Vellore (Palar Basin),12.9165,79.1325,Tamil Nadu,2.3,4.2,0,0
2026-03-10,0.1,0.1,1.0,15.2,Chennai (Coastal North),13.0827,80.2707,Tamil Nadu,2.4,4.3,0,0
2026-03-10,0.0,0.0,0.0,21.3,Salem (Northern Inland),11.6643,78.146,Tamil Nadu,0.3,4.3,0,0
2026-03-10,1.7,1.7,8.0,19.5,Cuddalore (Coastal Central),11.748,79.7714,Tamil Nadu,1.8,6.0,0,0
2026-03-10,1.8,1.8,9.0,20.4,Nagapattinam (Delta Coast),10.7656,79.8424,Tamil Nadu,3.5,5.9,0,0
2026-03-11,0.7,0.7,3.0,17.0,Madurai (Southern Plains),9.9252,78.1198,Tamil Nadu,4.2,6.6,0,0
2026-03-11,0.0,0.0,0.0,19.9,Salem (Northern Inland),11.6643,78.146,Tamil Nadu,2.5,4.5,0,0
2026-03-11,0.1,0.1,1.0,14.4,Tiruchirappalli (Kaveri Basin),10.7905,78.7047,Tamil Nadu,0.8,4.4,0,0
2026-03-11,0.3,0.3,2.0,13.5,Cuddalore (Coastal Central),11.748,79.7714,Tamil Nadu,0.4,4.6,0,0
2026-03-11,0.0,0.0,0.0,12.4,Nilgiris (Hill Station Zone),11.4102,76.695,Tamil Nadu,0.4,4.6,0,0
2026-03-11,1.1,1.1,3.0,22.8,Kanyakumari (Southern Coast),8.1833,77.4119,Tamil Nadu,1.4,4.0,0,0
2026-03-11,0.0,0.0,0.0,13.8,Chennai (Coastal North),13.0827,80.2707,Tamil Nadu,1.1,2.2,0,0
2026-03-11,0.6,0.6,3.0,15.6,Coimbatore (Western Inland),11.0168,76.9558,Tamil Nadu,1.7,2.1,0,0
2026-03-11,0.0,0.0,0.0,16.6,Nagapattinam (Delta Coast),10.7656,79.8424,Tamil Nadu,0.6,2.1,0,0
2026-03-11,0.2,0.2,2.0,13.5,Vellore (Palar Basin),12.9165,79.1325,Tamil Nadu,0.8,2.2,0,0
2026-03-12,0.0,0.0,0.0,15.8,Nilgiris (Hill Station Zone),11.4102,76.695,Tamil Nadu,0.2,1.9,0,0
2026-03-12,0.0,0.0,0.0,15.4,Coimbatore (Western Inland),11.0168,76.9558,Tamil Nadu,0.2,1.9,0,0
2026-03-12,0.1,0.1,1.0,15.4,Tiruchirappalli (Kaveri Basin),10.7905,78.7047,Tamil Nadu,0.1,0.9,0,0
2026-03-12,0.0,0.0,0.0,17.2,Salem (Northern Inland),11.6643,78.146,Tamil Nadu,0.1,0.9,0,0
2026-03-12,1.9,1.9,7.0,14.8,Kanyakumari (Southern Coast),8.1833,77.4119,Tamil Nadu,2.0,2.2,0,0
2026-03-12,0.8,0.8,3.0,13.9,Nagapattinam (Delta Coast),10.7656,79.8424,Tamil Nadu,2.7,3.0,0,0
2026-03-12,0.0,0.0,0.0,16.1,Vellore (Palar Basin),12.9165,79.1325,Tamil Nadu,2.7,2.8,0,0
2026-03-12,1.3,1.3,6.0,13.3,Cuddalore (Coastal Central),11.748,79.7714,Tamil Nadu,2.1,4.1,0,0
2026-03-12,0.0,0.0,0.0,14.8,Chennai (Coastal North),13.0827,80.2707,Tamil Nadu,1.3,4.1,0,0
2026-03-12,0.1,0.1,1.0,16.8,Madurai (Southern Plains),9.9252,78.1198,Tamil Nadu,1.4,4.1,0,0
2026-03-13,0.0,0.0,0.0,15.2,Madurai (Southern Plains),9.9252,78.1198,Tamil Nadu,0.1,4.1,0,0
2026-03-13,4.1,4.1,10.0,15.0,Kanyakumari (Southern Coast),8.1833,77.4119,Tamil Nadu,4.2,6.3,0,0
2026-03-13,0.0,0.0,0.0,18.1,Chennai (Coastal North),13.0827,80.2707,Tamil Nadu,4.1,5.5,0,0
2026-03-13,0.1,0.1,1.0,14.5,Cuddalore (Coastal Central),11.748,79.7714,Tamil Nadu,4.2,5.6,0,0
2026-03-13,0.0,0.0,0.0,13.2,Coimbatore (Western Inland),11.0168,76.9558,Tamil Nadu,0.1,4.3,0,0
2026-03-13,0.0,0.0,0.0,12.8,Nilgiris (Hill Station Zone),11.4102,76.695,Tamil Nadu,0.1,4.3,0,0
2026-03-13,0.0,0.0,0.0,14.3,Tiruchirappalli (Kaveri Basin),10.7905,78.7047,Tamil Nadu,0.0,4.2,0,0
2026-03-13,0.0,0.0,0.0,17.7,Salem (Northern Inland),11.6643,78.146,Tamil Nadu,0.0,4.2,0,0
2026-03-13,0.0,0.0,0.0,14.2,Nagapattinam (Delta Coast),10.7656,79.8424,Tamil Nadu,0.0,0.1,0,0
2026-03-13,0.0,0.0,0.0,14.7,Vellore (Palar Basin),12.9165,79.1325,Tamil Nadu,0.0,0.1,0,0
2026-03-14,0.0,0.0,0.0,14.5,Vellore (Palar Basin),12.9165,79.1325,Tamil Nadu,0.0,0.0,0,0
2026-03-14,0.0,0.0,0.0,14.4,Nilgiris (Hill Station Zone),11.4102,76.695,Tamil Nadu,0.0,0.0,0,0
2026-03-14,0.1,0.1,1.0,16.8,Madurai (Southern Plains),9.9252,78.1198,Tamil Nadu,0.1,0.1,0,0
2026-03-14,0.0,0.0,0.0,18.0,Chennai (Coastal North),13.0827,80.2707,Tamil Nadu,0.1,0.1,0,0
2026-03-14,0.0,0.0,0.0,19.3,Salem (Northern Inland),11.6643,78.146,Tamil Nadu,0.1,0.1,0,0
2026-03-14,0.3,0.3,3.0,14.3,Cuddalore (Coastal Central),11.748,79.7714,Tamil Nadu,0.3,0.4,0,0
2026-03-14,2.1,2.1,5.0,16.1,Kanyakumari (Southern Coast),8.1833,77.4119,Tamil Nadu,2.4,2.5,0,0
2026-03-14,0.0,0.0,0.0,15.8,Nagapattinam (Delta Coast),10.7656,79.8424,Tamil Nadu,2.4,2.5,0,0
2026-03-14,0.1,0.1,1.0,13.8,Tiruchirappalli (Kaveri Basin),10.7905,78.7047,Tamil Nadu,2.2,2.6,0,0
2026-03-14,0.0,0.0,0.0,12.6,Coimbatore (Western Inland),11.0168,76.9558,Tamil Nadu,0.1,2.5,0,0
2026-03-15,0.0,0.0,0.0,15.7,Vellore (Palar Basin),12.9165,79.1325,Tamil Nadu,0.1,2.5,0,0
2026-03-15,0.0,0.0,0.0,16.7,Chennai (Coastal North),13.0827,80.2707,Tamil Nadu,0.0,2.5,0,0
2026-03-15,0.0,0.0,0.0,15.9,Nagapattinam (Delta Coast),10.7656,79.8424,Tamil Nadu,0.0,2.2,0,0
2026-03-15,0.6,0.6,3.0,15.1,Tiruchirappalli (Kaveri Basin),10.7905,78.7047,Tamil Nadu,0.6,0.7,0,0
2026-03-15,0.0,0.0,0.0,12.4,Coimbatore (Western Inland),11.0168,76.9558,Tamil Nadu,0.6,0.7,0,0
2026-03-15,0.1,0.1,1.0,15.3,Cuddalore (Coastal Central),11.748,79.7714,Tamil Nadu,0.7,0.7,0,0
2026-03-15,0.1,0.1,1.0,14.6,Nilgiris (Hill Station Zone),11.4102,76.695,Tamil Nadu,0.2,0.8,0,0
2026-03-15,2.1,2.1,5.0,15.2,Kanyakumari (Southern Coast),8.1833,77.4119,Tamil Nadu,2.3,2.9,0,0
2026-03-15,0.1,0.1,1.0,19.2,Madurai (Southern Plains),9.9252,78.1198,Tamil Nadu,2.3,3.0,0,0
2026-03-15,0.0,0.0,0.0,22.3,Salem (Northern Inland),11.6643,78.146,Tamil Nadu,2.2,3.0,0,0
2026-03-16,3.5,3.5,5.0,15.2,Kanyakumari (Southern Coast),8.1833,77.4119,Tamil Nadu,3.6,5.9,0,0
2026-03-16,1.6,1.6,4.0,13.6,Cuddalore (Coastal Central),11.748,79.7714,Tamil Nadu,5.1,7.5,0,0
2026-03-16,1.9,1.9,6.0,10.7,Nilgiris (Hill Station Zone),11.4102,76.695,Tamil Nadu,7.0,9.3,0,0
2026-03-16,0.0,0.0,0.0,15.0,Vellore (Palar Basin),12.9165,79.1325,Tamil Nadu,3.5,9.2,0,0
2026-03-16,0.0,0.0,0.0,19.0,Salem (Northern Inland),11.6643,78.146,Tamil Nadu,1.9,7.1,0,0
2026-03-16,0.5,0.5,4.0,14.2,Nagapattinam (Delta Coast),10.7656,79.8424,Tamil Nadu,0.5,7.5,0,0
2026-03-16,0.4,0.4,4.0,16.6,Chennai (Coastal North),13.0827,80.2707,Tamil Nadu,0.9,7.9,0,0
2026-03-16,0.0,0.0,0.0,16.5,Tiruchirappalli (Kaveri Basin),10.7905,78.7047,Tamil Nadu,0.9,4.4,0,0
2026-03-16,0.0,0.0,0.0,18.9,Madurai (Southern Plains),9.9252,78.1198,Tamil Nadu,0.4,2.8,0,0
2026-03-16,0.0,0.0,0.0,13.9,Coimbatore (Western Inland),11.0168,76.9558,Tamil Nadu,0.0,0.9,0,0
2026-03-17,0.0,0.0,0.0,15.4,Chennai (Coastal North),13.0827,80.2707,Tamil Nadu,0.0,0.9,0,0
2026-03-17,2.5,2.5,7.0,15.4,Tiruchirappalli (Kaveri Basin),10.7905,78.7047,Tamil Nadu,2.5,3.4,0,0
2026-03-17,12.0,12.0,6.0,11.1,Kanyakumari (Southern Coast),8.1833,77.4119,Tamil Nadu,14.5,14.9,0,0
2026-03-17,1.2,1.2,4.0,14.7,Coimbatore (Western Inland),11.0168,76.9558,Tamil Nadu,15.7,15.7,0,0
2026-03-17,0.7,0.7,3.0,15.9,Nagapattinam (Delta Coast),10.7656,79.8424,Tamil Nadu,13.9,16.4,0,0
2026-03-17,9.1,9.1,10.0,18.4,Madurai (Southern Plains),9.9252,78.1198,Tamil Nadu,11.0,25.5,0,0
2026-03-17,0.0,0.0,0.0,21.3,Salem (Northern Inland),11.6643,78.146,Tamil Nadu,9.8,25.5,0,0
2026-03-17,1.9,1.9,7.0,11.9,Nilgiris (Hill Station Zone),11.4102,76.695,Tamil Nadu,11.0,27.4,0,0
2026-03-17,0.5,0.5,5.0,16.6,Cuddalore (Coastal Central),11.748,79.7714,Tamil Nadu,2.4,25.4,0,0
2026-03-17,0.2,0.2,2.0,16.9,Vellore (Palar Basin),12.9165,79.1325,Tamil Nadu,2.6,13.6,0,0
2026-03-18,7.2,7.2,10.0,16.7,Madurai (Southern Plains),9.9252,78.1198,Tamil Nadu,7.9,19.6,0,0
2026-03-18,17.0,17.0,11.0,20.0,Tiruchirappalli (Kaveri Basin),10.7905,78.7047,Tamil Nadu,24.4,35.9,0,0
2026-03-18,0.9,0.9,9.0,15.0,Cuddalore (Coastal Central),11.748,79.7714,Tamil Nadu,25.1,27.7,0,0
2026-03-18,1.2,1.2,3.0,14.1,Coimbatore (Western Inland),11.0168,76.9558,Tamil Nadu,19.1,28.9,0,0
2026-03-18,23.0,23.0,11.0,25.8,Salem (Northern Inland),11.6643,78.146,Tamil Nadu,25.1,50.0,0,0
2026-03-18,0.6,0.6,4.0,14.5,Chennai (Coastal North),13.0827,80.2707,Tamil Nadu,24.8,50.1,0,0
2026-03-18,2.4,2.4,10.0,7.9,Nilgiris (Hill Station Zone),11.4102,76.695,Tamil Nadu,26.0,52.3,0,0
2026-03-18,0.9,0.9,5.0,12.8,Nagapattinam (Delta Coast),10.7656,79.8424,Tamil Nadu,3.9,46.0,0,0
2026-03-18,0.7,0.7,2.0,16.4,Vellore (Palar Basin),12.9165,79.1325,Tamil Nadu,4.0,29.7,0,0
2026-03-18,4.0,4.0,8.0,11.6,Kanyakumari (Southern Coast),8.1833,77.4119,Tamil Nadu,5.6,32.8,0,0
2026-03-19,4.0,4.0,5.0,15.7,Nagapattinam (Delta Coast),10.7656,79.8424,Tamil Nadu,8.7,35.6,0,0
2026-03-19,2.7,2.7,4.0,10.9,Kanyakumari (Southern Coast),8.1833,77.4119,Tamil Nadu,10.7,15.3,0,0
2026-03-19,5.3,5.3,4.0,22.1,Salem (Northern Inland),11.6643,78.146,Tamil Nadu,12.0,20.0,0,0
2026-03-19,4.3,4.3,9.0,13.3,Nilgiris (Hill Station Zone),11.4102,76.695,Tamil Nadu,12.3,21.9,0,0
2026-03-19,0.6,0.6,1.0,18.3,Vellore (Palar Basin),12.9165,79.1325,Tamil Nadu,10.2,21.6,0,0
2026-03-19,1.9,1.9,8.0,16.6,Madurai (Southern Plains),9.9252,78.1198,Tamil Nadu,6.8,22.8,0,0
2026-03-19,8.1,8.1,7.0,14.8,Cuddalore (Coastal Central),11.748,79.7714,Tamil Nadu,10.6,26.9,0,0
2026-03-19,7.7,7.7,7.0,17.5,Tiruchirappalli (Kaveri Basin),10.7905,78.7047,Tamil Nadu,17.7,30.6,0,0
2026-03-19,2.5,2.5,7.0,13.8,Chennai (Coastal North),13.0827,80.2707,Tamil Nadu,18.3,30.4,0,0
2026-03-19,0.9,0.9,2.0,16.4,Coimbatore (Western Inland),11.0168,76.9558,Tamil Nadu,11.1,26.0,0,0
2026-03-20,0.0,0.0,0.0,18.8,Vellore (Palar Basin),12.9165,79.1325,Tamil Nadu,3.4,21.7,0,0
2026-03-20,8.6,8.6,2.0,14.7,Nagapattinam (Delta Coast),10.7656,79.8424,Tamil Nadu,9.5,29.7,0,0
2026-03-20,5.4,5.4,7.0,10.2,Kanyakumari (Southern Coast),8.1833,77.4119,Tamil Nadu,14.0,33.2,0,0
2026-03-20,14.8,14.8,4.0,14.8,Tiruchirappalli (Kaveri Basin),10.7905,78.7047,Tamil Nadu,28.8,39.9,0,0
2026-03-20,0.1,0.1,1.0,21.5,Salem (Northern Inland),11.6643,78.146,Tamil Nadu,20.3,32.3,0,0
2026-03-20,0.0,0.0,0.0,12.5,Chennai (Coastal North),13.0827,80.2707,Tamil Nadu,14.9,29.8,0,0
2026-03-20,0.2,0.2,2.0,17.5,Coimbatore (Western Inland),11.0168,76.9558,Tamil Nadu,0.3,29.1,0,0
2026-03-20,0.3,0.3,2.0,14.2,Nilgiris (Hill Station Zone),11.4102,76.695,Tamil Nadu,0.5,29.4,0,0
2026-03-20,0.7,0.7,2.0,18.2,Madurai (Southern Plains),9.9252,78.1198,Tamil Nadu,1.2,21.5,0,0
2026-03-20,0.1,0.1,1.0,14.8,Cuddalore (Coastal Central),11.748,79.7714,Tamil Nadu,1.1,16.2,0,0
2026-03-21,0.0,0.0,0.0,17.4,Madurai (Southern Plains),9.9252,78.1198,Tamil Nadu,0.8,1.4,0,0
2026-03-21,1.0,1.0,3.0,11.1,Nilgiris (Hill Station Zone),11.4102,76.695,Tamil Nadu,1.1,2.3,0,0
2026-03-21,0.2,0.2,2.0,17.0,Cuddalore (Coastal Central),11.748,79.7714,Tamil Nadu,1.2,2.5,0,0
2026-03-21,3.3,3.3,6.0,14.1,Kanyakumari (Southern Coast),8.1833,77.4119,Tamil Nadu,4.5,5.6,0,0
2026-03-21,0.5,0.5,2.0,14.5,Coimbatore (Western Inland),11.0168,76.9558,Tamil Nadu,4.0,5.8,0,0
2026-03-21,0.0,0.0,0.0,19.1,Vellore (Palar Basin),12.9165,79.1325,Tamil Nadu,3.8,5.1,0,0
2026-03-21,0.7,0.7,2.0,16.0,Chennai (Coastal North),13.0827,80.2707,Tamil Nadu,1.2,5.7,0,0
2026-03-21,0.5,0.5,3.0,15.0,Tiruchirappalli (Kaveri Basin),10.7905,78.7047,Tamil Nadu,1.2,6.2,0,0
2026-03-21,0.2,0.2,2.0,22.4,Salem (Northern Inland),11.6643,78.146,Tamil Nadu,1.4,5.4,0,0
2026-03-21,0.4,0.4,3.0,15.9,Nagapattinam (Delta Coast),10.7656,79.8424,Tamil Nadu,1.1,5.6,0,0
2026-03-22,0.3,0.3,2.0,13.3,Tiruchirappalli (Kaveri Basin),10.7905,78.7047,Tamil Nadu,0.9,2.6,0,0
2026-03-22,0.0,0.0,0.0,15.7,Vellore (Palar Basin),12.9165,79.1325,Tamil Nadu,0.7,2.1,0,0
2026-03-22,0.3,0.3,3.0,15.3,Chennai (Coastal North),13.0827,80.2707,Tamil Nadu,0.6,2.4,0,0
2026-03-22,0.0,0.0,0.0,18.2,Salem (Northern Inland),11.6643,78.146,Tamil Nadu,0.3,1.7,0,0
2026-03-22,0.4,0.4,3.0,15.5,Nagapattinam (Delta Coast),10.7656,79.8424,Tamil Nadu,0.7,1.6,0,0
2026-03-22,0.6,0.6,3.0,13.9,Coimbatore (Western Inland),11.0168,76.9558,Tamil Nadu,1.0,2.0,0,0
2026-03-22,4.9,4.9,9.0,12.0,Nilgiris (Hill Station Zone),11.4102,76.695,Tamil Nadu,5.9,6.5,0,0
2026-03-22,0.5,0.5,2.0,14.5,Cuddalore (Coastal Central),11.748,79.7714,Tamil Nadu,6.0,6.7,0,0
2026-03-22,0.3,0.3,2.0,13.4,Madurai (Southern Plains),9.9252,78.1198,Tamil Nadu,5.7,7.0,0,0
2026-03-22,2.5,2.5,6.0,14.8,Kanyakumari (Southern Coast),8.1833,77.4119,Tamil Nadu,3.3,9.2,0,0
2026-03-23,0.0,0.0,0.0,15.9,Madurai (Southern Plains),9.9252,78.1198,Tamil Nadu,2.8,9.2,0,0
2026-03-23,0.9,0.9,6.0,12.2,Nilgiris (Hill Station Zone),11.4102,76.695,Tamil Nadu,3.4,9.7,0,0
2026-03-23,0.0,0.0,0.0,15.6,Chennai (Coastal North),13.0827,80.2707,Tamil Nadu,0.9,9.1,0,0
2026-03-23,0.3,0.3,3.0,16.1,Tiruchirappalli (Kaveri Basin),10.7905,78.7047,Tamil Nadu,1.2,4.5,0,0
2026-03-23,0.1,0.1,1.0,16.0,Nagapattinam (Delta Coast),10.7656,79.8424,Tamil Nadu,0.4,4.1,0,0
2026-03-23,3.0,3.0,4.0,14.9,Kanyakumari (Southern Coast),8.1833,77.4119,Tamil Nadu,3.4,6.8,0,0
2026-03-23,0.9,0.9,3.0,15.0,Cuddalore (Coastal Central),11.748,79.7714,Tamil Nadu,4.0,5.2,0,0
2026-03-23,0.5,0.5,3.0,13.0,Vellore (Palar Basin),12.9165,79.1325,Tamil Nadu,4.4,5.7,0,0
2026-03-23,0.0,0.0,0.0,16.6,Coimbatore (Western Inland),11.0168,76.9558,Tamil Nadu,1.4,4.8,0,0
2026-03-23,0.0,0.0,0.0,18.4,Salem (Northern Inland),11.6643,78.146,Tamil Nadu,0.5,4.8,0,0
2026-03-24,0.7,0.7,3.0,11.2,Kanyakumari (Southern Coast),8.1833,77.4119,Tamil Nadu,0.7,5.2,0,0
2026-03-24,0.0,0.0,0.0,16.1,Nagapattinam (Delta Coast),10.7656,79.8424,Tamil Nadu,0.7,5.1,0,0
2026-03-24,0.5,0.5,4.0,15.3,Chennai (Coastal North),13.0827,80.2707,Tamil Nadu,1.2,2.6,0,0
2026-03-24,0.6,0.6,4.0,15.2,Cuddalore (Coastal Central),11.748,79.7714,Tamil Nadu,1.1,2.3,0,0
2026-03-24,0.6,0.6,4.0,12.8,Nilgiris (Hill Station Zone),11.4102,76.695,Tamil Nadu,1.7,2.4,0,0
2026-03-24,0.0,0.0,0.0,19.3,Madurai (Southern Plains),9.9252,78.1198,Tamil Nadu,1.2,2.4,0,0
2026-03-24,0.0,0.0,0.0,17.9,Vellore (Palar Basin),12.9165,79.1325,Tamil Nadu,0.6,2.4,0,0
2026-03-24,0.0,0.0,0.0,13.8,Coimbatore (Western Inland),11.0168,76.9558,Tamil Nadu,0.0,1.7,0,0
2026-03-24,0.0,0.0,0.0,19.5,Salem (Northern Inland),11.6643,78.146,Tamil Nadu,0.0,1.7,0,0
2026-03-24,0.0,0.0,0.0,14.5,Tiruchirappalli (Kaveri Basin),10.7905,78.7047,Tamil Nadu,0.0,1.2,0,0
2026-03-25,0.0,0.0,0.0,14.9,Tiruchirappalli (Kaveri Basin),10.7905,78.7047,Tamil Nadu,0.0,0.6,0,0
2026-03-25,0.0,0.0,0.0,17.0,Vellore (Palar Basin),12.9165,79.1325,Tamil Nadu,0.0,0.0,0,0
2026-03-25,0.0,0.0,0.0,15.5,Coimbatore (Western Inland),11.0168,76.9558,Tamil Nadu,0.0,0.0,0,0
2026-03-25,0.0,0.0,0.0,17.5,Madurai (Southern Plains),9.9252,78.1198,Tamil Nadu,0.0,0.0,0,0
2026-03-25,0.0,0.0,0.0,13.1,Kanyakumari (Southern Coast),8.1833,77.4119,Tamil Nadu,0.0,0.0,0,0
2026-03-25,0.0,0.0,0.0,16.3,Chennai (Coastal North),13.0827,80.2707,Tamil Nadu,0.0,0.0,0,0
2026-03-25,1.1,1.1,3.0,14.9,Nilgiris (Hill Station Zone),11.4102,76.695,Tamil Nadu,1.1,1.1,0,0
2026-03-25,0.0,0.0,0.0,23.2,Salem (Northern Inland),11.6643,78.146,Tamil Nadu,1.1,1.1,0,0
2026-03-25,0.0,0.0,0.0,16.5,Cuddalore (Coastal Central),11.748,79.7714,Tamil Nadu,1.1,1.1,0,0
2026-03-25,0.0,0.0,0.0,16.5,Nagapattinam (Delta Coast),10.7656,79.8424,Tamil Nadu,0.0,1.1,0,0
2026-03-26,0.0,0.0,0.0,13.5,Chennai (Coastal North),13.0827,80.2707,Tamil Nadu,0.0,1.1,0,0
2026-03-26,0.0,0.0,0.0,16.1,Vellore (Palar Basin),12.9165,79.1325,Tamil Nadu,0.0,1.1,0,0
2026-03-26,0.0,0.0,0.0,17.9,Madurai (Southern Plains),9.9252,78.1198,Tamil Nadu,0.0,1.1,0,0
2026-03-26,0.0,0.0,0.0,15.7,Tiruchirappalli (Kaveri Basin),10.7905,78.7047,Tamil Nadu,0.0,0.0,0,0
2026-03-26,0.0,0.0,0.0,15.8,Nilgiris (Hill Station Zone),11.4102,76.695,Tamil Nadu,0.0,0.0,0,0
2026-03-26,0.0,0.0,0.0,19.2,Coimbatore (Western Inland),11.0168,76.9558,Tamil Nadu,0.0,0.0,0,0
2026-03-26,0.0,0.0,0.0,23.3,Kanyakumari (Southern Coast),8.1833,77.4119,Tamil Nadu,0.0,0.0,0,0
2026-03-26,0.1,0.1,1.0,14.4,Cuddalore (Coastal Central),11.748,79.7714,Tamil Nadu,0.1,0.1,0,0
2026-03-26,0.0,0.0,0.0,18.3,Salem (Northern Inland),11.6643,78.146,Tamil Nadu,0.1,0.1,0,0
2026-03-26,0.0,0.0,0.0,16.8,Nagapattinam (Delta Coast),10.7656,79.8424,Tamil Nadu,0.1,0.1,0,0
2026-03-27,0.0,0.0,0.0,14.6,Nilgiris (Hill Station Zone),11.4102,76.695,Tamil Nadu,0.0,0.1,0,0
2026-03-27,0.0,0.0,0.0,17.2,Salem (Northern Inland),11.6643,78.146,Tamil Nadu,0.0,0.1,0,0
2026-03-27,0.0,0.0,0.0,15.0,Nagapattinam (Delta Coast),10.7656,79.8424,Tamil Nadu,0.0,0.1,0,0
2026-03-27,0.0,0.0,0.0,13.3,Cuddalore (Coastal Central),11.748,79.7714,Tamil Nadu,0.0,0.1,0,0
2026-03-27,0.0,0.0,0.0,11.1,Tiruchirappalli (Kaveri Basin),10.7905,78.7047,Tamil Nadu,0.0,0.0,0,0
2026-03-27,0.5,0.5,2.0,17.0,Kanyakumari (Southern Coast),8.1833,77.4119,Tamil Nadu,0.5,0.5,0,0
2026-03-27,0.0,0.0,0.0,12.0,Vellore (Palar Basin),12.9165,79.1325,Tamil Nadu,0.5,0.5,0,0
2026-03-27,0.0,0.0,0.0,14.6,Chennai (Coastal North),13.0827,80.2707,Tamil Nadu,0.5,0.5,0,0
2026-03-27,0.0,0.0,0.0,13.2,Coimbatore (Western Inland),11.0168,76.9558,Tamil Nadu,0.0,0.5,0,0
2026-03-27,0.0,0.0,0.0,14.0,Madurai (Southern Plains),9.9252,78.1198,Tamil Nadu,0.0,0.5,0,0
2026-03-28,0.0,0.0,0.0,14.9,Vellore (Palar Basin),12.9165,79.1325,Tamil Nadu,0.0,0.5,0,0
2026-03-28,0.0,0.0,0.0,17.2,Tiruchirappalli (Kaveri Basin),10.7905,78.7047,Tamil Nadu,0.0,0.5,0,0
2026-03-28,0.0,0.0,0.0,18.5,Salem (Northern Inland),11.6643,78.146,Tamil Nadu,0.0,0.0,0,0
2026-03-28,0.8,0.8,4.0,14.9,Nilgiris (Hill Station Zone),11.4102,76.695,Tamil Nadu,0.8,0.8,0,0
2026-03-28,0.0,0.0,0.0,17.5,Coimbatore (Western Inland),11.0168,76.9558,Tamil Nadu,0.8,0.8,0,0
2026-03-28,4.9,4.9,6.0,19.3,Kanyakumari (Southern Coast),8.1833,77.4119,Tamil Nadu,5.7,5.7,0,0
2026-03-28,0.0,0.0,0.0,16.3,Madurai (Southern Plains),9.9252,78.1198,Tamil Nadu,4.9,5.7,0,0
2026-03-28,0.0,0.0,0.0,15.8,Cuddalore (Coastal Central),11.748,79.7714,Tamil Nadu,4.9,5.7,0,0
2026-03-28,0.0,0.0,0.0,17.3,Nagapattinam (Delta Coast),10.7656,79.8424,Tamil Nadu,0.0,5.7,0,0
2026-03-28,0.0,0.0,0.0,15.9,Chennai (Coastal North),13.0827,80.2707,Tamil Nadu,0.0,5.7,0,0
2026-03-29,0.0,0.0,0.0,14.7,Vellore (Palar Basin),12.9165,79.1325,Tamil Nadu,0.0,4.9,0,0
2026-03-29,0.0,0.0,0.0,13.5,Coimbatore (Western Inland),11.0168,76.9558,Tamil Nadu,0.0,4.9,0,0
2026-03-29,0.0,0.0,0.0,14.8,Tiruchirappalli (Kaveri Basin),10.7905,78.7047,Tamil Nadu,0.0,0.0,0,0
2026-03-29,0.0,0.0,0.0,18.7,Madurai (Southern Plains),9.9252,78.1198,Tamil Nadu,0.0,0.0,0,0
2026-03-29,1.8,1.8,4.0,14.1,Kanyakumari (Southern Coast),8.1833,77.4119,Tamil Nadu,1.8,1.8,0,0
2026-03-29,0.0,0.0,0.0,17.4,Cuddalore (Coastal Central),11.748,79.7714,Tamil Nadu,1.8,1.8,0,0
2026-03-29,0.0,0.0,0.0,18.8,Chennai (Coastal North),13.0827,80.2707,Tamil Nadu,1.8,1.8,0,0
2026-03-29,0.2,0.2,2.0,16.1,Nagapattinam (Delta Coast),10.7656,79.8424,Tamil Nadu,0.2,2.0,0,0
2026-03-29,0.9,0.9,6.0,13.4,Nilgiris (Hill Station Zone),11.4102,76.695,Tamil Nadu,1.1,2.9,0,0
2026-03-29,0.0,0.0,0.0,18.4,Salem (Northern Inland),11.6643,78.146,Tamil Nadu,1.1,2.9,0,0
2026-03-30,0.3,0.3,2.0,16.1,Tiruchirappalli (Kaveri Basin),10.7905,78.7047,Tamil Nadu,1.2,3.2,0,0
2026-03-30,0.0,0.0,0.0,16.1,Vellore (Palar Basin),12.9165,79.1325,Tamil Nadu,0.3,1.4,0,0
2026-03-30,0.2,0.2,2.0,12.1,Nilgiris (Hill Station Zone),11.4102,76.695,Tamil Nadu,0.5,1.6,0,0
2026-03-30,0.0,0.0,0.0,15.3,Cuddalore (Coastal Central),11.748,79.7714,Tamil Nadu,0.2,1.6,0,0
2026-03-30,0.0,0.0,0.0,18.4,Nagapattinam (Delta Coast),10.7656,79.8424,Tamil Nadu,0.2,1.4,0,0
2026-03-30,1.8,1.8,4.0,13.3,Kanyakumari (Southern Coast),8.1833,77.4119,Tamil Nadu,1.8,2.3,0,0
2026-03-30,0.0,0.0,0.0,18.2,Salem (Northern Inland),11.6643,78.146,Tamil Nadu,1.8,2.3,0,0
2026-03-30,0.0,0.0,0.0,18.8,Madurai (Southern Plains),9.9252,78.1198,Tamil Nadu,1.8,2.0,0,0
2026-03-30,0.0,0.0,0.0,15.0,Coimbatore (Western Inland),11.0168,76.9558,Tamil Nadu,0.0,2.0,0,0
2026-03-30,0.0,0.0,0.0,19.9,Chennai (Coastal North),13.0827,80.2707,Tamil Nadu,0.0,1.8,0,0
2026-03-31,0.0,0.0,0.0,23.5,Salem (Northern Inland),11.6643,78.146,Tamil Nadu,0.0,1.8,0,0
2026-03-31,0.0,0.0,0.0,16.5,Tiruchirappalli (Kaveri Basin),10.7905,78.7047,Tamil Nadu,0.0,1.8,0,0
2026-03-31,0.3,0.3,2.0,14.9,Nilgiris (Hill Station Zone),11.4102,76.695,Tamil Nadu,0.3,0.3,0,0
2026-03-31,0.4,0.4,3.0,16.6,Vellore (Palar Basin),12.9165,79.1325,Tamil Nadu,0.7,0.7,0,0
2026-03-31,0.0,0.0,0.0,16.5,Nagapattinam (Delta Coast),10.7656,79.8424,Tamil Nadu,0.7,0.7,0,0
2026-03-31,4.6,4.6,7.0,17.9,Kanyakumari (Southern Coast),8.1833,77.4119,Tamil Nadu,5.0,5.3,0,0
2026-03-31,0.0,0.0,0.0,16.2,Madurai (Southern Plains),9.9252,78.1198,Tamil Nadu,4.6,5.3,0,0
2026-03-31,0.0,0.0,0.0,15.0,Cuddalore (Coastal Central),11.748,79.7714,Tamil Nadu,4.6,5.3,0,0
2026-03-31,0.0,0.0,0.0,15.2,Chennai (Coastal North),13.0827,80.2707,Tamil Nadu,0.0,5.3,0,0
2026-03-31,0.0,0.0,0.0,14.9,Coimbatore (Western Inland),11.0168,76.9558,Tamil Nadu,0.0,5.0,0,0
2026-04-01,0.0,0.0,0.0,15.1,Nilgiris (Hill Station Zone),11.4102,76.695,Tamil Nadu,0.0,4.6,0,0
2026-04-01,0.0,0.0,0.0,21.3,Salem (Northern Inland),11.6643,78.146,Tamil Nadu,0.0,4.6,0,0
2026-04-01,0.0,0.0,0.0,14.2,Tiruchirappalli (Kaveri Basin),10.7905,78.7047,Tamil Nadu,0.0,0.0,0,0
2026-04-01,0.5,0.5,2.0,13.3,Coimbatore (Western Inland),11.0168,76.9558,Tamil Nadu,0.5,0.5,0,0
2026-04-01,0.0,0.0,0.0,16.4,Madurai (Southern Plains),9.9252,78.1198,Tamil Nadu,0.5,0.5,0,0
2026-04-01,0.0,0.0,0.0,14.6,Chennai (Coastal North),13.0827,80.2707,Tamil Nadu,0.5,0.5,0,0
2026-04-01,0.0,0.0,0.0,16.9,Vellore (Palar Basin),12.9165,79.1325,Tamil Nadu,0.0,0.5,0,0
2026-04-01,0.0,0.0,0.0,15.9,Kanyakumari (Southern Coast),8.1833,77.4119,Tamil Nadu,0.0,0.5,0,0
2026-04-01,0.0,0.0,0.0,15.0,Nagapattinam (Delta Coast),10.7656,79.8424,Tamil Nadu,0.0,0.5,0,0
2026-04-01,0.0,0.0,0.0,14.0,Cuddalore (Coastal Central),11.748,79.7714,Tamil Nadu,0.0,0.5,0,0
2026-04-02,0.0,0.0,0.0,13.9,Cuddalore (Coastal Central),11.748,79.7714,Tamil Nadu,0.0,0.0,0,0
2026-04-02,1.3,1.3,2.0,19.1,Coimbatore (Western Inland),11.0168,76.9558,Tamil Nadu,1.3,1.3,0,0
2026-04-02,0.0,0.0,0.0,18.0,Vellore (Palar Basin),12.9165,79.1325,Tamil Nadu,1.3,1.3,0,0
2026-04-02,3.5,3.5,6.0,9.9,Kanyakumari (Southern Coast),8.1833,77.4119,Tamil Nadu,4.8,4.8,0,0
2026-04-02,0.0,0.0,0.0,18.2,Tiruchirappalli (Kaveri Basin),10.7905,78.7047,Tamil Nadu,3.5,4.8,0,0
2026-04-02,0.0,0.0,0.0,18.9,Madurai (Southern Plains),9.9252,78.1198,Tamil Nadu,3.5,4.8,0,0
2026-04-02,0.0,0.0,0.0,21.6,Salem (Northern Inland),11.6643,78.146,Tamil Nadu,0.0,4.8,0,0
2026-04-02,0.0,0.0,0.0,14.8,Nagapattinam (Delta Coast),10.7656,79.8424,Tamil Nadu,0.0,4.8,0,0
2026-04-02,0.0,0.0,0.0,12.4,Nilgiris (Hill Station Zone),11.4102,76.695,Tamil Nadu,0.0,3.5,0,0
2026-04-02,0.0,0.0,0.0,14.5,Chennai (Coastal North),13.0827,80.2707,Tamil Nadu,0.0,3.5,0,0
2026-04-03,0.0,0.0,0.0,15.6,Coimbatore (Western Inland),11.0168,76.9558,Tamil Nadu,0.0,0.0,0,0
2026-04-03,0.2,0.2,2.0,21.2,Tiruchirappalli (Kaveri Basin),10.7905,78.7047,Tamil Nadu,0.2,0.2,0,0
2026-04-03,0.2,0.2,2.0,15.6,Nagapattinam (Delta Coast),10.7656,79.8424,Tamil Nadu,0.4,0.4,0,0
2026-04-03,0.8,0.8,4.0,13.4,Kanyakumari (Southern Coast),8.1833,77.4119,Tamil Nadu,1.2,1.2,0,0
2026-04-03,0.0,0.0,0.0,17.8,Cuddalore (Coastal Central),11.748,79.7714,Tamil Nadu,1.0,1.2,0,0
2026-04-03,1.0,1.0,4.0,17.5,Madurai (Southern Plains),9.9252,78.1198,Tamil Nadu,1.8,2.2,0,0
2026-04-03,3.3,3.3,6.0,11.3,Nilgiris (Hill Station Zone),11.4102,76.695,Tamil Nadu,4.3,5.5,0,0
2026-04-03,0.0,0.0,0.0,18.3,Chennai (Coastal North),13.0827,80.2707,Tamil Nadu,4.3,5.5,0,0
2026-04-03,0.0,0.0,0.0,18.6,Vellore (Palar Basin),12.9165,79.1325,Tamil Nadu,3.3,5.3,0,0
2026-04-03,0.0,0.0,0.0,16.3,Salem (Northern Inland),11.6643,78.146,Tamil Nadu,0.0,5.1,0,0
2026-04-04,0.2,0.2,1.0,20.5,Nagapattinam (Delta Coast),10.7656,79.8424,Tamil Nadu,0.2,4.5,0,0
2026-04-04,2.3,2.3,4.0,18.8,Kanyakumari (Southern Coast),8.1833,77.4119,Tamil Nadu,2.5,6.8,0,0
2026-04-04,0.9,0.9,3.0,15.1,Salem (Northern Inland),11.6643,78.146,Tamil Nadu,3.4,6.7,0,0
2026-04-04,0.5,0.5,1.0,17.5,Cuddalore (Coastal Central),11.748,79.7714,Tamil Nadu,3.7,3.9,0,0
2026-04-04,1.6,1.6,2.0,19.8,Chennai (Coastal North),13.0827,80.2707,Tamil Nadu,3.0,5.5,0,0
2026-04-04,5.7,5.7,14.0,8.5,Nilgiris (Hill Station Zone),11.4102,76.695,Tamil Nadu,7.8,11.2,0,0
2026-04-04,2.1,2.1,3.0,24.2,Madurai (Southern Plains),9.9252,78.1198,Tamil Nadu,9.4,13.3,0,0
2026-04-04,10.0,10.0,5.0,14.8,Coimbatore (Western Inland),11.0168,76.9558,Tamil Nadu,17.8,23.1,0,0
2026-04-04,0.1,0.1,1.0,19.5,Tiruchirappalli (Kaveri Basin),10.7905,78.7047,Tamil Nadu,12.2,20.9,0,0
2026-04-04,0.1,0.1,1.0,16.7,Vellore (Palar Basin),12.9165,79.1325,Tamil Nadu,10.2,20.1,0,0
2026-04-05,6.7,6.7,14.0,11.2,Nilgiris (Hill Station Zone),11.4102,76.695,Tamil Nadu,6.9,26.3,0,0
2026-04-05,0.0,0.0,0.0,17.3,Vellore (Palar Basin),12.9165,79.1325,Tamil Nadu,6.8,24.7,0,0
2026-04-05,0.2,0.2,1.0,16.0,Tiruchirappalli (Kaveri Basin),10.7905,78.7047,Tamil Nadu,6.9,19.2,0,0
2026-04-05,3.9,3.9,8.0,15.5,Coimbatore (Western Inland),11.0168,76.9558,Tamil Nadu,4.1,21.0,0,0
2026-04-05,1.1,1.1,2.0,15.8,Chennai (Coastal North),13.0827,80.2707,Tamil Nadu,5.2,12.1,0,0
2026-04-05,0.6,0.6,4.0,16.0,Nagapattinam (Delta Coast),10.7656,79.8424,Tamil Nadu,5.6,12.6,0,0
2026-04-05,0.5,0.5,3.0,12.3,Salem (Northern Inland),11.6643,78.146,Tamil Nadu,2.2,13.0,0,0
2026-04-05,0.6,0.6,2.0,12.4,Madurai (Southern Plains),9.9252,78.1198,Tamil Nadu,1.7,6.9,0,0
2026-04-05,6.8,6.8,2.0,20.5,Kanyakumari (Southern Coast),8.1833,77.4119,Tamil Nadu,7.9,13.7,0,0
2026-04-05,0.0,0.0,0.0,17.6,Cuddalore (Coastal Central),11.748,79.7714,Tamil Nadu,7.4,13.5,0,0
2026-04-06,3.4,3.4,1.0,17.4,Coimbatore (Western Inland),11.0168,76.9558,Tamil Nadu,10.2,13.0,0,0
2026-04-06,10.7,10.7,3.0,20.8,Kanyakumari (Southern Coast),8.1833,77.4119,Tamil Nadu,14.1,22.6,0,0
2026-04-06,1.5,1.5,3.0,11.1,Madurai (Southern Plains),9.9252,78.1198,Tamil Nadu,15.6,23.5,0,0
2026-04-06,0.1,0.1,1.0,15.6,Cuddalore (Coastal Central),11.748,79.7714,Tamil Nadu,12.3,23.1,0,0
2026-04-06,0.0,0.0,0.0,13.9,Vellore (Palar Basin),12.9165,79.1325,Tamil Nadu,1.6,22.5,0,0
2026-04-06,1.0,1.0,2.0,14.4,Tiruchirappalli (Kaveri Basin),10.7905,78.7047,Tamil Nadu,1.1,16.7,0,0
2026-04-06,0.0,0.0,0.0,13.2,Salem (Northern Inland),11.6643,78.146,Tamil Nadu,1.0,16.7,0,0
2026-04-06,0.5,0.5,2.0,15.0,Nagapattinam (Delta Coast),10.7656,79.8424,Tamil Nadu,1.5,13.8,0,0
2026-04-06,1.9,1.9,3.0,13.6,Chennai (Coastal North),13.0827,80.2707,Tamil Nadu,2.4,5.0,0,0
2026-04-06,4.2,4.2,7.0,12.6,Nilgiris (Hill Station Zone),11.4102,76.695,Tamil Nadu,6.6,7.7,0,0
2026-04-07,0.7,0.7,2.0,12.3,Nilgiris (Hill Station Zone),11.4102,76.695,Tamil Nadu,6.8,8.3,0,0
2026-04-07,2.5,2.5,3.0,17.6,Nagapattinam (Delta Coast),10.7656,79.8424,Tamil Nadu,7.4,10.8,0,0
2026-04-07,0.0,0.0,0.0,21.4,Kanyakumari (Southern Coast),8.1833,77.4119,Tamil Nadu,3.2,9.8,0,0
2026-04-07,0.0,0.0,0.0,12.6,Salem (Northern Inland),11.6643,78.146,Tamil Nadu,2.5,9.8,0,0
2026-04-07,0.0,0.0,0.0,19.3,Vellore (Palar Basin),12.9165,79.1325,Tamil Nadu,0.0,9.3,0,0
2026-04-07,0.0,0.0,0.0,18.2,Tiruchirappalli (Kaveri Basin),10.7905,78.7047,Tamil Nadu,0.0,7.4,0,0
2026-04-07,0.0,0.0,0.0,19.1,Cuddalore (Coastal Central),11.748,79.7714,Tamil Nadu,0.0,3.2,0,0
2026-04-07,0.8,0.8,3.0,11.5,Madurai (Southern Plains),9.9252,78.1198,Tamil Nadu,0.8,3.3,0,0
2026-04-07,0.6,0.6,2.0,16.9,Chennai (Coastal North),13.0827,80.2707,Tamil Nadu,1.4,1.4,0,0
2026-04-07,0.0,0.0,0.0,17.2,Coimbatore (Western Inland),11.0168,76.9558,Tamil Nadu,1.4,1.4,0,0
2026-04-08,1.3,1.3,2.0,18.3,Cuddalore (Coastal Central),11.748,79.7714,Tamil Nadu,1.9,2.7,0,0
2026-04-08,1.1,1.1,2.0,14.6,Tiruchirappalli (Kaveri Basin),10.7905,78.7047,Tamil Nadu,2.4,3.8,0,0
2026-04-08,0.0,0.0,0.0,17.3,Nilgiris (Hill Station Zone),11.4102,76.695,Tamil Nadu,2.4,3.8,0,0
2026-04-08,0.1,0.1,1.0,22.4,Vellore (Palar Basin),12.9165,79.1325,Tamil Nadu,1.2,3.9,0,0
2026-04-08,0.3,0.3,3.0,17.1,Nagapattinam (Delta Coast),10.7656,79.8424,Tamil Nadu,0.4,3.4,0,0
2026-04-08,0.1,0.1,1.0,18.1,Chennai (Coastal North),13.0827,80.2707,Tamil Nadu,0.5,2.9,0,0
2026-04-08,0.0,0.0,0.0,15.7,Salem (Northern Inland),11.6643,78.146,Tamil Nadu,0.4,2.9,0,0
2026-04-08,3.3,3.3,3.0,22.9,Madurai (Southern Plains),9.9252,78.1198,Tamil Nadu,3.4,4.9,0,0
2026-04-08,0.0,0.0,0.0,18.2,Coimbatore (Western Inland),11.0168,76.9558,Tamil Nadu,3.3,3.8,0,0
2026-04-08,1.1,1.1,2.0,17.5,Kanyakumari (Southern Coast),8.1833,77.4119,Tamil Nadu,4.4,4.9,0,0
2026-04-09,10.5,10.5,4.0,16.6,Tiruchirappalli (Kaveri Basin),10.7905,78.7047,Tamil Nadu,11.6,15.3,0,0
2026-04-09,3.7,3.7,4.0,17.5,Cuddalore (Coastal Central),11.748,79.7714,Tamil Nadu,15.3,18.7,0,0
2026-04-09,2.7,2.7,5.0,19.3,Nagapattinam (Delta Coast),10.7656,79.8424,Tamil Nadu,16.9,21.3,0,0
2026-04-09,0.1,0.1,1.0,15.1,Salem (Northern Inland),11.6643,78.146,Tamil Nadu,6.5,21.4,0,0
2026-04-09,6.1,6.1,9.0,14.4,Nilgiris (Hill Station Zone),11.4102,76.695,Tamil Nadu,8.9,24.2,0,0
2026-04-09,1.1,1.1,4.0,17.1,Chennai (Coastal North),13.0827,80.2707,Tamil Nadu,7.3,25.3,0,0
2026-04-09,0.4,0.4,3.0,16.8,Coimbatore (Western Inland),11.0168,76.9558,Tamil Nadu,7.6,24.6,0,0
2026-04-09,0.0,0.0,0.0,16.8,Madurai (Southern Plains),9.9252,78.1198,Tamil Nadu,1.5,14.1,0,0
2026-04-09,0.4,0.4,1.0,17.6,Vellore (Palar Basin),12.9165,79.1325,Tamil Nadu,0.8,10.8,0,0
2026-04-09,2.2,2.2,4.0,18.2,Kanyakumari (Southern Coast),8.1833,77.4119,Tamil Nadu,2.6,10.3,0,0
2026-04-10,1.8,1.8,8.0,12.6,Nilgiris (Hill Station Zone),11.4102,76.695,Tamil Nadu,4.4,12.0,0,0
2026-04-10,0.0,0.0,0.0,16.9,Tiruchirappalli (Kaveri Basin),10.7905,78.7047,Tamil Nadu,4.0,5.9,0,0
2026-04-10,0.1,0.1,1.0,19.7,Chennai (Coastal North),13.0827,80.2707,Tamil Nadu,1.9,4.9,0,0
2026-04-10,0.0,0.0,0.0,18.9,Madurai (Southern Plains),9.9252,78.1198,Tamil Nadu,0.1,4.5,0,0
2026-04-10,0.1,0.1,1.0,22.0,Salem (Northern Inland),11.6643,78.146,Tamil Nadu,0.2,4.6,0,0
2026-04-10,3.5,3.5,5.0,14.3,Kanyakumari (Southern Coast),8.1833,77.4119,Tamil Nadu,3.6,7.7,0,0
2026-04-10,0.0,0.0,0.0,16.5,Vellore (Palar Basin),12.9165,79.1325,Tamil Nadu,3.6,5.5,0,0
2026-04-10,0.1,0.1,1.0,11.1,Coimbatore (Western Inland),11.0168,76.9558,Tamil Nadu,3.6,3.8,0,0
2026-04-10,1.5,1.5,2.0,17.6,Nagapattinam (Delta Coast),10.7656,79.8424,Tamil Nadu,1.6,5.3,0,0
2026-04-10,0.1,0.1,1.0,17.7,Cuddalore (Coastal Central),11.748,79.7714,Tamil Nadu,1.7,5.3,0,0
2026-04-11,0.0,0.0,0.0,21.2,Salem (Northern Inland),11.6643,78.146,Tamil Nadu,1.6,5.3,0,0
2026-04-11,0.0,0.0,0.0,15.0,Nagapattinam (Delta Coast),10.7656,79.8424,Tamil Nadu,0.1,5.2,0,0
2026-04-11,0.0,0.0,0.0,14.1,Coimbatore (Western Inland),11.0168,76.9558,Tamil Nadu,0.0,1.7,0,0
2026-04-11,0.1,0.1,1.0,17.6,Madurai (Southern Plains),9.9252,78.1198,Tamil Nadu,0.1,1.8,0,0
2026-04-11,0.0,0.0,0.0,16.2,Chennai (Coastal North),13.0827,80.2707,Tamil Nadu,0.1,1.7,0,0
2026-04-11,0.1,0.1,1.0,13.6,Tiruchirappalli (Kaveri Basin),10.7905,78.7047,Tamil Nadu,0.2,0.3,0,0
2026-04-11,0.1,0.1,1.0,14.2,Cuddalore (Coastal Central),11.748,79.7714,Tamil Nadu,0.2,0.3,0,0
2026-04-11,0.0,0.0,0.0,17.6,Vellore (Palar Basin),12.9165,79.1325,Tamil Nadu,0.2,0.3,0,0
2026-04-11,3.5,3.5,6.0,15.5,Kanyakumari (Southern Coast),8.1833,77.4119,Tamil Nadu,3.6,3.8,0,0
2026-04-11,0.0,0.0,0.0,15.6,Nilgiris (Hill Station Zone),11.4102,76.695,Tamil Nadu,3.5,3.8,0,0
2026-04-12,0.0,0.0,0.0,16.2,Nilgiris (Hill Station Zone),11.4102,76.695,Tamil Nadu,3.5,3.7,0,0
2026-04-12,0.0,0.0,0.0,17.2,Cuddalore (Coastal Central),11.748,79.7714,Tamil Nadu,0.0,3.7,0,0
2026-04-12,0.0,0.0,0.0,15.7,Nagapattinam (Delta Coast),10.7656,79.8424,Tamil Nadu,0.0,3.6,0,0
2026-04-12,0.0,0.0,0.0,14.9,Vellore (Palar Basin),12.9165,79.1325,Tamil Nadu,0.0,3.5,0,0
2026-04-12,1.2,1.2,5.0,19.9,Kanyakumari (Southern Coast),8.1833,77.4119,Tamil Nadu,1.2,4.7,0,0
2026-04-12,0.0,0.0,0.0,18.7,Chennai (Coastal North),13.0827,80.2707,Tamil Nadu,1.2,1.2,0,0
2026-04-12,0.1,0.1,1.0,15.5,Madurai (Southern Plains),9.9252,78.1198,Tamil Nadu,1.3,1.3,0,0
2026-04-12,0.0,0.0,0.0,16.6,Salem (Northern Inland),11.6643,78.146,Tamil Nadu,0.1,1.3,0,0
2026-04-12,0.4,0.4,3.0,13.6,Tiruchirappalli (Kaveri Basin),10.7905,78.7047,Tamil Nadu,0.5,1.7,0,0
2026-04-12,0.1,0.1,1.0,16.2,Coimbatore (Western Inland),11.0168,76.9558,Tamil Nadu,0.5,1.8,0,0
2026-04-13,0.0,0.0,0.0,16.0,Tiruchirappalli (Kaveri Basin),10.7905,78.7047,Tamil Nadu,0.5,1.8,0,0
2026-04-13,0.0,0.0,0.0,17.8,Chennai (Coastal North),13.0827,80.2707,Tamil Nadu,0.1,0.6,0,0
2026-04-13,0.0,0.0,0.0,19.7,Madurai (Southern Plains),9.9252,78.1198,Tamil Nadu,0.0,0.6,0,0
2026-04-13,0.0,0.0,0.0,23.0,Salem (Northern Inland),11.6643,78.146,Tamil Nadu,0.0,0.5,0,0
2026-04-13,0.0,0.0,0.0,19.3,Vellore (Palar Basin),12.9165,79.1325,Tamil Nadu,0.0,0.5,0,0
2026-04-13,0.0,0.0,0.0,16.3,Nagapattinam (Delta Coast),10.7656,79.8424,Tamil Nadu,0.0,0.1,0,0
2026-04-13,0.0,0.0,0.0,18.6,Coimbatore (Western Inland),11.0168,76.9558,Tamil Nadu,0.0,0.0,0,0
2026-04-13,0.0,0.0,0.0,17.5,Nilgiris (Hill Station Zone),11.4102,76.695,Tamil Nadu,0.0,0.0,0,0
2026-04-13,1.1,1.1,6.0,11.9,Kanyakumari (Southern Coast),8.1833,77.4119,Tamil Nadu,1.1,1.1,0,0
2026-04-13,0.0,0.0,0.0,17.6,Cuddalore (Coastal Central),11.748,79.7714,Tamil Nadu,1.1,1.1,0,0
2026-04-14,0.0,0.0,0.0,19.1,Chennai (Coastal North),13.0827,80.2707,Tamil Nadu,1.1,1.1,0,0
2026-04-14,0.0,0.0,0.0,19.3,Madurai (Southern Plains),9.9252,78.1198,Tamil Nadu,0.0,1.1,0,0
2026-04-14,0.0,0.0,0.0,18.4,Nilgiris (Hill Station Zone),11.4102,76.695,Tamil Nadu,0.0,1.1,0,0
2026-04-14,0.3,0.3,3.0,13.0,Tiruchirappalli (Kaveri Basin),10.7905,78.7047,Tamil Nadu,0.3,1.4,0,0
2026-04-14,2.5,2.5,4.0,12.1,Kanyakumari (Southern Coast),8.1833,77.4119,Tamil Nadu,2.8,3.9,0,0
2026-04-14,0.0,0.0,0.0,15.4,Nagapattinam (Delta Coast),10.7656,79.8424,Tamil Nadu,2.8,2.8,0,0
2026-04-14,0.0,0.0,0.0,16.8,Salem (Northern Inland),11.6643,78.146,Tamil Nadu,2.5,2.8,0,0
2026-04-14,0.0,0.0,0.0,14.9,Coimbatore (Western Inland),11.0168,76.9558,Tamil Nadu,0.0,2.8,0,0
2026-04-14,0.0,0.0,0.0,14.9,Cuddalore (Coastal Central),11.748,79.7714,Tamil Nadu,0.0,2.8,0,0
2026-04-14,0.0,0.0,0.0,16.2,Vellore (Palar Basin),12.9165,79.1325,Tamil Nadu,0.0,2.8,0,0
2026-04-15,0.0,0.0,0.0,19.1,Nagapattinam (Delta Coast),10.7656,79.8424,Tamil Nadu,0.0,2.5,0,0
2026-04-15,0.0,0.0,0.0,16.6,Coimbatore (Western Inland),11.0168,76.9558,Tamil Nadu,0.0,0.0,0,0
2026-04-15,0.0,0.0,0.0,13.9,Tiruchirappalli (Kaveri Basin),10.7905,78.7047,Tamil Nadu,0.0,0.0,0,0
2026-04-15,0.0,0.0,0.0,17.1,Nilgiris (Hill Station Zone),11.4102,76.695,Tamil Nadu,0.0,0.0,0,0
2026-04-15,0.0,0.0,0.0,15.9,Cuddalore (Coastal Central),11.748,79.7714,Tamil Nadu,0.0,0.0,0,0
2026-04-15,2.2,2.2,5.0,14.4,Kanyakumari (Southern Coast),8.1833,77.4119,Tamil Nadu,2.2,2.2,0,0
2026-04-15,0.0,0.0,0.0,20.6,Chennai (Coastal North),13.0827,80.2707,Tamil Nadu,2.2,2.2,0,0
2026-04-15,0.0,0.0,0.0,16.8,Salem (Northern Inland),11.6643,78.146,Tamil Nadu,2.2,2.2,0,0
2026-04-15,0.0,0.0,0.0,15.2,Vellore (Palar Basin),12.9165,79.1325,Tamil Nadu,0.0,2.2,0,0
2026-04-15,0.0,0.0,0.0,18.1,Madurai (Southern Plains),9.9252,78.1198,Tamil Nadu,0.0,2.2,0,0
2026-04-16,0.0,0.0,0.0,20.7,Nagapattinam (Delta Coast),10.7656,79.8424,Tamil Nadu,0.0,2.2,0,0
2026-04-16,0.0,0.0,0.0,20.0,Chennai (Coastal North),13.0827,80.2707,Tamil Nadu,0.0,2.2,0,0
2026-04-16,7.9,7.9,4.0,14.3,Kanyakumari (Southern Coast),8.1833,77.4119,Tamil Nadu,7.9,7.9,0,0
2026-04-16,0.0,0.0,0.0,18.1,Madurai (Southern Plains),9.9252,78.1198,Tamil Nadu,7.9,7.9,0,0
2026-04-16,0.0,0.0,0.0,19.1,Nilgiris (Hill Station Zone),11.4102,76.695,Tamil Nadu,7.9,7.9,0,0
2026-04-16,0.0,0.0,0.0,19.7,Cuddalore (Coastal Central),11.748,79.7714,Tamil Nadu,0.0,7.9,0,0
2026-04-16,0.0,0.0,0.0,19.5,Salem (Northern Inland),11.6643,78.146,Tamil Nadu,0.0,7.9,0,0
2026-04-16,0.2,0.2,2.0,17.1,Vellore (Palar Basin),12.9165,79.1325,Tamil Nadu,0.2,8.1,0,0
2026-04-16,0.0,0.0,0.0,16.2,Coimbatore (Western Inland),11.0168,76.9558,Tamil Nadu,0.2,8.1,0,0
2026-04-16,0.0,0.0,0.0,14.9,Tiruchirappalli (Kaveri Basin),10.7905,78.7047,Tamil Nadu,0.2,0.2,0,0
2026-04-17,0.0,0.0,0.0,18.8,Madurai (Southern Plains),9.9252,78.1198,Tamil Nadu,0.0,0.2,0,0
2026-04-17,0.0,0.0,0.0,15.1,Vellore (Palar Basin),12.9165,79.1325,Tamil Nadu,0.0,0.2,0,0
2026-04-17,0.0,0.0,0.0,17.8,Cuddalore (Coastal Central),11.748,79.7714,Tamil Nadu,0.0,0.2,0,0
2026-04-17,0.0,0.0,0.0,14.6,Tiruchirappalli (Kaveri Basin),10.7905,78.7047,Tamil Nadu,0.0,0.2,0,0
2026-04-17,0.0,0.0,0.0,17.8,Nilgiris (Hill Station Zone),11.4102,76.695,Tamil Nadu,0.0,0.0,0,0
2026-04-17,0.0,0.0,0.0,19.1,Salem (Northern Inland),11.6643,78.146,Tamil Nadu,0.0,0.0,0,0
2026-04-17,0.0,0.0,0.0,16.3,Nagapattinam (Delta Coast),10.7656,79.8424,Tamil Nadu,0.0,0.0,0,0
2026-04-17,1.4,1.4,5.0,12.7,Kanyakumari (Southern Coast),8.1833,77.4119,Tamil Nadu,1.4,1.4,0,0
2026-04-17,0.0,0.0,0.0,19.6,Chennai (Coastal North),13.0827,80.2707,Tamil Nadu,1.4,1.4,0,0
2026-04-17,0.0,0.0,0.0,15.6,Coimbatore (Western Inland),11.0168,76.9558,Tamil Nadu,1.4,1.4,0,0
2026-04-18,0.0,0.0,0.0,19.9,Salem (Northern Inland),11.6643,78.146,Tamil Nadu,0.0,1.4,0,0
2026-04-18,0.0,0.0,0.0,16.1,Coimbatore (Western Inland),11.0168,76.9558,Tamil Nadu,0.0,1.4,0,0
2026-04-18,0.0,0.0,0.0,15.8,Tiruchirappalli (Kaveri Basin),10.7905,78.7047,Tamil Nadu,0.0,1.4,0,0
2026-04-18,0.0,0.0,0.0,17.4,Madurai (Southern Plains),9.9252,78.1198,Tamil Nadu,0.0,1.4,0,0
2026-04-18,0.0,0.0,0.0,19.7,Nilgiris (Hill Station Zone),11.4102,76.695,Tamil Nadu,0.0,0.0,0,0
2026-04-18,0.0,0.0,0.0,17.7,Nagapattinam (Delta Coast),10.7656,79.8424,Tamil Nadu,0.0,0.0,0,0
2026-04-18,0.0,0.0,0.0,15.4,Vellore (Palar Basin),12.9165,79.1325,Tamil Nadu,0.0,0.0,0,0
2026-04-18,0.0,0.0,0.0,17.6,Cuddalore (Coastal Central),11.748,79.7714,Tamil Nadu,0.0,0.0,0,0
2026-04-18,0.4,0.4,2.0,12.2,Kanyakumari (Southern Coast),8.1833,77.4119,Tamil Nadu,0.4,0.4,0,0
2026-04-18,0.0,0.0,0.0,19.4,Chennai (Coastal North),13.0827,80.2707,Tamil Nadu,0.4,0.4,0,0
2026-04-19,0.0,0.0,0.0,16.3,Madurai (Southern Plains),9.9252,78.1198,Tamil Nadu,0.4,0.4,0,0
2026-04-19,0.0,0.0,0.0,16.3,Coimbatore (Western Inland),11.0168,76.9558,Tamil Nadu,0.0,0.4,0,0
2026-04-19,0.0,0.0,0.0,19.1,Salem (Northern Inland),11.6643,78.146,Tamil Nadu,0.0,0.4,0,0
2026-04-19,4.7,4.7,5.0,13.5,Kanyakumari (Southern Coast),8.1833,77.4119,Tamil Nadu,4.7,5.1,0,0
2026-04-19,0.0,0.0,0.0,21.4,Chennai (Coastal North),13.0827,80.2707,Tamil Nadu,4.7,5.1,0,0
2026-04-19,0.0,0.0,0.0,21.3,Nagapattinam (Delta Coast),10.7656,79.8424,Tamil Nadu,4.7,4.7,0,0
2026-04-19,0.0,0.0,0.0,15.0,Vellore (Palar Basin),12.9165,79.1325,Tamil Nadu,0.0,4.7,0,0
2026-04-19,0.0,0.0,0.0,16.8,Nilgiris (Hill Station Zone),11.4102,76.695,Tamil Nadu,0.0,4.7,0,0
2026-04-19,0.0,0.0,0.0,17.7,Tiruchirappalli (Kaveri Basin),10.7905,78.7047,Tamil Nadu,0.0,4.7,0,0
2026-04-19,0.0,0.0,0.0,18.0,Cuddalore (Coastal Central),11.748,79.7714,Tamil Nadu,0.0,4.7,0,0
2026-04-20,0.0,0.0,0.0,17.2,Tiruchirappalli (Kaveri Basin),10.7905,78.7047,Tamil Nadu,0.0,0.0,0,0
2026-04-20,3.5,3.5,4.0,14.4,Kanyakumari (Southern Coast),8.1833,77.4119,Tamil Nadu,3.5,3.5,0,0
2026-04-20,0.0,0.0,0.0,17.2,Cuddalore (Coastal Central),11.748,79.7714,Tamil Nadu,3.5,3.5,0,0
2026-04-20,0.0,0.0,0.0,14.4,Coimbatore (Western Inland),11.0168,76.9558,Tamil Nadu,3.5,3.5,0,0
2026-04-20,0.0,0.0,0.0,20.7,Nagapattinam (Delta Coast),10.7656,79.8424,Tamil Nadu,0.0,3.5,0,0
2026-04-20,0.0,0.0,0.0,16.5,Madurai (Southern Plains),9.9252,78.1198,Tamil Nadu,0.0,3.5,0,0
2026-04-20,0.0,0.0,0.0,19.7,Salem (Northern Inland),11.6643,78.146,Tamil Nadu,0.0,3.5,0,0
2026-04-20,0.0,0.0,0.0,16.1,Nilgiris (Hill Station Zone),11.4102,76.695,Tamil Nadu,0.0,3.5,0,0
2026-04-20,0.2,0.2,2.0,20.8,Chennai (Coastal North),13.0827,80.2707,Tamil Nadu,0.2,0.2,0,0
2026-04-20,0.0,0.0,0.0,17.9,Vellore (Palar Basin),12.9165,79.1325,Tamil Nadu,0.2,0.2,0,0
2026-04-21,0.0,0.0,0.0,18.7,Vellore (Palar Basin),12.9165,79.1325,Tamil Nadu,0.2,0.2,0,0
2026-04-21,0.0,0.0,0.0,18.4,Cuddalore (Coastal Central),11.748,79.7714,Tamil Nadu,0.0,0.2,0,0
2026-04-21,0.8,0.8,1.0,25.3,Madurai (Southern Plains),9.9252,78.1198,Tamil Nadu,0.8,1.0,0,0
2026-04-21,0.0,0.0,0.0,14.3,Nilgiris (Hill Station Zone),11.4102,76.695,Tamil Nadu,0.8,1.0,0,0
2026-04-21,0.0,0.0,0.0,19.9,Tiruchirappalli (Kaveri Basin),10.7905,78.7047,Tamil Nadu,0.8,1.0,0,0
2026-04-21,0.0,0.0,0.0,17.7,Coimbatore (Western Inland),11.0168,76.9558,Tamil Nadu,0.0,0.8,0,0
2026-04-21,0.0,0.0,0.0,18.7,Chennai (Coastal North),13.0827,80.2707,Tamil Nadu,0.0,0.8,0,0
2026-04-21,3.5,3.5,8.0,14.4,Kanyakumari (Southern Coast),8.1833,77.4119,Tamil Nadu,3.5,4.3,0,0
2026-04-21,0.0,0.0,0.0,20.0,Salem (Northern Inland),11.6643,78.146,Tamil Nadu,3.5,4.3,0,0
2026-04-21,0.2,0.2,2.0,16.7,Nagapattinam (Delta Coast),10.7656,79.8424,Tamil Nadu,3.7,3.7,0,0
2026-04-22,0.0,0.0,0.0,14.1,Coimbatore (Western Inland),11.0168,76.9558,Tamil Nadu,0.2,3.7,0,0
2026-04-22,0.2,0.2,2.0,14.3,Tiruchirappalli (Kaveri Basin),10.7905,78.7047,Tamil Nadu,0.4,3.9,0,0
2026-04-22,0.2,0.2,2.0,16.2,Nagapattinam (Delta Coast),10.7656,79.8424,Tamil Nadu,0.4,4.1,0,0
2026-04-22,0.0,0.0,0.0,14.3,Vellore (Palar Basin),12.9165,79.1325,Tamil Nadu,0.4,4.1,0,0
2026-04-22,0.0,0.0,0.0,17.5,Chennai (Coastal North),13.0827,80.2707,Tamil Nadu,0.2,0.6,0,0
2026-04-22,0.0,0.0,0.0,15.8,Madurai (Southern Plains),9.9252,78.1198,Tamil Nadu,0.0,0.6,0,0
2026-04-22,0.8,0.8,5.0,15.8,Cuddalore (Coastal Central),11.748,79.7714,Tamil Nadu,0.8,1.2,0,0
2026-04-22,0.0,0.0,0.0,18.7,Salem (Northern Inland),11.6643,78.146,Tamil Nadu,0.8,1.2,0,0
2026-04-22,1.8,1.8,6.0,12.1,Kanyakumari (Southern Coast),8.1833,77.4119,Tamil Nadu,2.6,2.8,0,0
2026-04-22,0.0,0.0,0.0,14.6,Nilgiris (Hill Station Zone),11.4102,76.695,Tamil Nadu,1.8,2.6,0,0
2026-04-23,0.0,0.0,0.0,18.5,Chennai (Coastal North),13.0827,80.2707,Tamil Nadu,1.8,2.6,0,0
2026-04-23,0.0,0.0,0.0,20.3,Nilgiris (Hill Station Zone),11.4102,76.695,Tamil Nadu,0.0,2.6,0,0
2026-04-23,0.0,0.0,0.0,16.3,Madurai (Southern Plains),9.9252,78.1198,Tamil Nadu,0.0,2.6,0,0
2026-04-23,5.0,5.0,7.0,10.7,Kanyakumari (Southern Coast),8.1833,77.4119,Tamil Nadu,5.0,6.8,0,0
2026-04-23,0.0,0.0,0.0,16.5,Cuddalore (Coastal Central),11.748,79.7714,Tamil Nadu,5.0,6.8,0,0
2026-04-23,0.0,0.0,0.0,15.6,Vellore (Palar Basin),12.9165,79.1325,Tamil Nadu,5.0,5.0,0,0
2026-04-23,0.2,0.2,2.0,13.8,Tiruchirappalli (Kaveri Basin),10.7905,78.7047,Tamil Nadu,0.2,5.2,0,0
2026-04-23,0.0,0.0,0.0,18.9,Salem (Northern Inland),11.6643,78.146,Tamil Nadu,0.2,5.2,0,0
2026-04-23,0.0,0.0,0.0,15.5,Coimbatore (Western Inland),11.0168,76.9558,Tamil Nadu,0.2,5.2,0,0
2026-04-23,0.0,0.0,0.0,16.2,Nagapattinam (Delta Coast),10.7656,79.8424,Tamil Nadu,0.0,5.2,0,0
2026-04-24,0.0,0.0,0.0,16.0,Coimbatore (Western Inland),11.0168,76.9558,Tamil Nadu,0.0,0.2,0,0
2026-04-24,0.0,0.0,0.0,14.9,Vellore (Palar Basin),12.9165,79.1325,Tamil Nadu,0.0,0.2,0,0
2026-04-24,0.0,0.0,0.0,17.3,Salem (Northern Inland),11.6643,78.146,Tamil Nadu,0.0,0.2,0,0
2026-04-24,0.0,0.0,0.0,20.6,Nagapattinam (Delta Coast),10.7656,79.8424,Tamil Nadu,0.0,0.0,0,0
2026-04-24,0.4,0.4,3.0,14.3,Tiruchirappalli (Kaveri Basin),10.7905,78.7047,Tamil Nadu,0.4,0.4,0,0
2026-04-24,0.0,0.0,0.0,20.4,Chennai (Coastal North),13.0827,80.2707,Tamil Nadu,0.4,0.4,0,0
2026-04-24,0.0,0.0,0.0,15.9,Madurai (Southern Plains),9.9252,78.1198,Tamil Nadu,0.4,0.4,0,0
2026-04-24,0.5,0.5,4.0,16.2,Nilgiris (Hill Station Zone),11.4102,76.695,Tamil Nadu,0.5,0.9,0,0
2026-04-24,0.0,0.0,0.0,16.9,Cuddalore (Coastal Central),11.748,79.7714,Tamil Nadu,0.5,0.9,0,0
2026-04-24,6.5,6.5,10.0,12.7,Kanyakumari (Southern Coast),8.1833,77.4119,Tamil Nadu,7.0,7.4,0,0
2026-04-25,0.6,0.6,1.0,15.0,Kanyakumari (Southern Coast),8.1833,77.4119,Tamil Nadu,7.1,8.0,0,0
2026-04-25,0.0,0.0,0.0,17.2,Nagapattinam (Delta Coast),10.7656,79.8424,Tamil Nadu,7.1,7.6,0,0
2026-04-25,0.0,0.0,0.0,14.2,Tiruchirappalli (Kaveri Basin),10.7905,78.7047,Tamil Nadu,0.6,7.6,0,0
2026-04-25,0.0,0.0,0.0,19.8,Chennai (Coastal North),13.0827,80.2707,Tamil Nadu,0.0,7.6,0,0
2026-04-25,0.0,0.0,0.0,15.2,Vellore (Palar Basin),12.9165,79.1325,Tamil Nadu,0.0,7.1,0,0
2026-04-25,0.0,0.0,0.0,17.2,Cuddalore (Coastal Central),11.748,79.7714,Tamil Nadu,0.0,7.1,0,0
2026-04-25,0.0,0.0,0.0,16.0,Nilgiris (Hill Station Zone),11.4102,76.695,Tamil Nadu,0.0,0.6,0,0
2026-04-25,0.0,0.0,0.0,18.1,Salem (Northern Inland),11.6643,78.146,Tamil Nadu,0.0,0.0,0,0
2026-04-25,0.0,0.0,0.0,16.9,Madurai (Southern Plains),9.9252,78.1198,Tamil Nadu,0.0,0.0,0,0
2026-04-25,0.0,0.0,0.0,18.3,Coimbatore (Western Inland),11.0168,76.9558,Tamil Nadu,0.0,0.0,0,0
2026-04-26,0.0,0.0,0.0,15.9,Nagapattinam (Delta Coast),10.7656,79.8424,Tamil Nadu,0.0,0.0,0,0
2026-04-26,0.0,0.0,0.0,17.7,Cuddalore (Coastal Central),11.748,79.7714,Tamil Nadu,0.0,0.0,0,0
2026-04-26,0.0,0.0,0.0,14.9,Madurai (Southern Plains),9.9252,78.1198,Tamil Nadu,0.0,0.0,0,0
2026-04-26,0.0,0.0,0.0,16.7,Vellore (Palar Basin),12.9165,79.1325,Tamil Nadu,0.0,0.0,0,0
2026-04-26,0.0,0.0,0.0,14.0,Tiruchirappalli (Kaveri Basin),10.7905,78.7047,Tamil Nadu,0.0,0.0,0,0
2026-04-26,0.0,0.0,0.0,16.1,Salem (Northern Inland),11.6643,78.146,Tamil Nadu,0.0,0.0,0,0
2026-04-26,1.2,1.2,7.0,13.2,Kanyakumari (Southern Coast),8.1833,77.4119,Tamil Nadu,1.2,1.2,0,0
2026-04-26,0.0,0.0,0.0,15.5,Nilgiris (Hill Station Zone),11.4102,76.695,Tamil Nadu,1.2,1.2,0,0
2026-04-26,0.0,0.0,0.0,19.6,Chennai (Coastal North),13.0827,80.2707,Tamil Nadu,1.2,1.2,0,0
2026-04-26,0.0,0.0,0.0,14.5,Coimbatore (Western Inland),11.0168,76.9558,Tamil Nadu,0.0,1.2,0,0
2026-04-27,0.0,0.0,0.0,16.5,Coimbatore (Western Inland),11.0168,76.9558,Tamil Nadu,0.0,1.2,0,0
2026-04-27,0.0,0.0,0.0,15.4,Nilgiris (Hill Station Zone),11.4102,76.695,Tamil Nadu,0.0,1.2,0,0
2026-04-27,0.0,0.0,0.0,22.4,Chennai (Coastal North),13.0827,80.2707,Tamil Nadu,0.0,1.2,0,0
2026-04-27,0.0,0.0,0.0,20.5,Vellore (Palar Basin),12.9165,79.1325,Tamil Nadu,0.0,0.0,0,0
2026-04-27,0.0,0.0,0.0,20.9,Cuddalore (Coastal Central),11.748,79.7714,Tamil Nadu,0.0,0.0,0,0
2026-04-27,0.0,0.0,0.0,20.4,Nagapattinam (Delta Coast),10.7656,79.8424,Tamil Nadu,0.0,0.0,0,0
2026-04-27,0.0,0.0,0.0,23.4,Madurai (Southern Plains),9.9252,78.1198,Tamil Nadu,0.0,0.0,0,0
2026-04-27,2.2,2.2,6.0,14.0,Kanyakumari (Southern Coast),8.1833,77.4119,Tamil Nadu,2.2,2.2,0,0
2026-04-27,0.0,0.0,0.0,15.8,Salem (Northern Inland),11.6643,78.146,Tamil Nadu,2.2,2.2,0,0
2026-04-27,0.0,0.0,0.0,21.3,Tiruchirappalli (Kaveri Basin),10.7905,78.7047,Tamil Nadu,2.2,2.2,0,0
2026-04-28,0.0,0.0,0.0,22.8,Tiruchirappalli (Kaveri Basin),10.7905,78.7047,Tamil Nadu,0.0,2.2,0,0
2026-04-28,0.0,0.0,0.0,21.4,Chennai (Coastal North),13.0827,80.2707,Tamil Nadu,0.0,2.2,0,0
2026-04-28,1.8,1.8,3.0,16.2,Kanyakumari (Southern Coast),8.1833,77.4119,Tamil Nadu,1.8,4.0,0,0
2026-04-28,0.0,0.0,0.0,18.2,Vellore (Palar Basin),12.9165,79.1325,Tamil Nadu,1.8,4.0,0,0
2026-04-28,0.5,0.5,2.0,13.9,Nilgiris (Hill Station Zone),11.4102,76.695,Tamil Nadu,2.3,2.3,0,0
2026-04-28,0.0,0.0,0.0,10.9,Salem (Northern Inland),11.6643,78.146,Tamil Nadu,0.5,2.3,0,0
2026-04-28,0.1,0.1,1.0,19.7,Coimbatore (Western Inland),11.0168,76.9558,Tamil Nadu,0.6,2.4,0,0
2026-04-28,0.0,0.0,0.0,19.4,Cuddalore (Coastal Central),11.748,79.7714,Tamil Nadu,0.1,2.4,0,0
2026-04-28,0.2,0.2,2.0,18.7,Madurai (Southern Plains),9.9252,78.1198,Tamil Nadu,0.3,2.6,0,0
2026-04-28,0.0,0.0,0.0,17.3,Nagapattinam (Delta Coast),10.7656,79.8424,Tamil Nadu,0.2,0.8,0,0
2026-04-29,0.0,0.0,0.0,22.3,Chennai (Coastal North),13.0827,80.2707,Tamil Nadu,0.2,0.8,0,0
2026-04-29,0.0,0.0,0.0,17.0,Salem (Northern Inland),11.6643,78.146,Tamil Nadu,0.0,0.3,0,0
2026-04-29,0.0,0.0,0.0,18.9,Coimbatore (Western Inland),11.0168,76.9558,Tamil Nadu,0.0,0.3,0,0
2026-04-29,4.9,4.9,8.0,16.1,Kanyakumari (Southern Coast),8.1833,77.4119,Tamil Nadu,4.9,5.1,0,0
2026-04-29,1.2,1.2,2.0,18.5,Nagapattinam (Delta Coast),10.7656,79.8424,Tamil Nadu,6.1,6.3,0,0
2026-04-29,0.5,0.5,3.0,18.5,Madurai (Southern Plains),9.9252,78.1198,Tamil Nadu,6.6,6.6,0,0
2026-04-29,0.0,0.0,0.0,22.7,Cuddalore (Coastal Central),11.748,79.7714,Tamil Nadu,1.7,6.6,0,0
2026-04-29,0.0,0.0,0.0,18.3,Vellore (Palar Basin),12.9165,79.1325,Tamil Nadu,0.5,6.6,0,0
2026-04-29,0.0,0.0,0.0,20.2,Tiruchirappalli (Kaveri Basin),10.7905,78.7047,Tamil Nadu,0.0,6.6,0,0
2026-04-29,0.0,0.0,0.0,15.2,Nilgiris (Hill Station Zone),11.4102,76.695,Tamil Nadu,0.0,6.6,0,0
2026-04-30,0.0,0.0,0.0,18.1,Tiruchirappalli (Kaveri Basin),10.7905,78.7047,Tamil Nadu,0.0,1.7,0,0
2026-04-30,0.0,0.0,0.0,19.0,Nagapattinam (Delta Coast),10.7656,79.8424,Tamil Nadu,0.0,0.5,0,0
2026-04-30,0.2,0.2,1.0,17.6,Vellore (Palar Basin),12.9165,79.1325,Tamil Nadu,0.2,0.2,0,0
2026-04-30,0.0,0.0,0.0,21.8,Chennai (Coastal North),13.0827,80.2707,Tamil Nadu,0.2,0.2,0,0
2026-04-30,0.2,0.2,1.0,15.6,Salem (Northern Inland),11.6643,78.146,Tamil Nadu,0.4,0.4,0,0
2026-04-30,4.2,4.2,7.0,15.0,Kanyakumari (Southern Coast),8.1833,77.4119,Tamil Nadu,4.4,4.6,0,0
2026-04-30,0.1,0.1,1.0,24.0,Coimbatore (Western Inland),11.0168,76.9558,Tamil Nadu,4.5,4.7,0,0
2026-04-30,0.2,0.2,1.0,18.6,Madurai (Southern Plains),9.9252,78.1198,Tamil Nadu,4.5,4.9,0,0
2026-04-30,1.9,1.9,6.0,15.1,Nilgiris (Hill Station Zone),11.4102,76.695,Tamil Nadu,2.2,6.8,0,0
2026-04-30,0.0,0.0,0.0,24.5,Cuddalore (Coastal Central),11.748,79.7714,Tamil Nadu,2.1,6.6,0,0
2026-05-01,2.9,2.9,1.0,23.6,Vellore (Palar Basin),12.9165,79.1325,Tamil Nadu,4.8,9.5,0,0
2026-05-01,0.2,0.2,1.0,23.4,Madurai (Southern Plains),9.9252,78.1198,Tamil Nadu,3.1,9.5,0,0
2026-05-01,1.2,1.2,6.0,13.7,Nilgiris (Hill Station Zone),11.4102,76.695,Tamil Nadu,4.3,6.5,0,0
2026-05-01,0.0,0.0,0.0,20.0,Chennai (Coastal North),13.0827,80.2707,Tamil Nadu,1.4,6.4,0,0
2026-05-01,0.0,0.0,0.0,11.9,Salem (Northern Inland),11.6643,78.146,Tamil Nadu,1.2,6.2,0,0
2026-05-01,7.6,7.6,6.0,19.5,Kanyakumari (Southern Coast),8.1833,77.4119,Tamil Nadu,7.6,11.9,0,0
2026-05-01,0.0,0.0,0.0,21.6,Cuddalore (Coastal Central),11.748,79.7714,Tamil Nadu,7.6,11.9,0,0
2026-05-01,10.3,10.3,3.0,14.3,Coimbatore (Western Inland),11.0168,76.9558,Tamil Nadu,17.9,19.3,0,0
2026-05-01,0.0,0.0,0.0,17.7,Nagapattinam (Delta Coast),10.7656,79.8424,Tamil Nadu,10.3,19.1,0,0
2026-05-01,0.0,0.0,0.0,18.6,Tiruchirappalli (Kaveri Basin),10.7905,78.7047,Tamil Nadu,10.3,17.9,0,0
2026-05-02,0.0,0.0,0.0,26.0,Cuddalore (Coastal Central),11.748,79.7714,Tamil Nadu,0.0,17.9,0,0
2026-05-02,0.0,0.0,0.0,21.7,Vellore (Palar Basin),12.9165,79.1325,Tamil Nadu,0.0,17.9,0,0
2026-05-02,0.0,0.0,0.0,22.4,Chennai (Coastal North),13.0827,80.2707,Tamil Nadu,0.0,10.3,0,0
2026-05-02,5.8,5.8,6.0,20.6,Kanyakumari (Southern Coast),8.1833,77.4119,Tamil Nadu,5.8,16.1,0,0
2026-05-02,0.3,0.3,1.0,17.7,Coimbatore (Western Inland),11.0168,76.9558,Tamil Nadu,6.1,6.1,0,0
2026-05-02,0.3,0.3,1.0,10.6,Tiruchirappalli (Kaveri Basin),10.7905,78.7047,Tamil Nadu,6.4,6.4,0,0
2026-05-02,0.1,0.1,1.0,19.3,Nagapattinam (Delta Coast),10.7656,79.8424,Tamil Nadu,0.7,6.5,0,0
2026-05-02,6.1,6.1,7.0,12.9,Nilgiris (Hill Station Zone),11.4102,76.695,Tamil Nadu,6.5,12.6,0,0
2026-05-02,0.0,0.0,0.0,18.0,Salem (Northern Inland),11.6643,78.146,Tamil Nadu,6.2,12.6,0,0
2026-05-02,1.5,1.5,3.0,18.0,Madurai (Southern Plains),9.9252,78.1198,Tamil Nadu,7.6,14.1,0,0
2026-05-03,1.0,1.0,1.0,19.5,Kanyakumari (Southern Coast),8.1833,77.4119,Tamil Nadu,2.5,9.3,0,0
2026-05-03,0.0,0.0,0.0,19.4,Coimbatore (Western Inland),11.0168,76.9558,Tamil Nadu,2.5,9.0,0,0
2026-05-03,0.0,0.0,0.0,17.7,Salem (Northern Inland),11.6643,78.146,Tamil Nadu,1.0,8.7,0,0
2026-05-03,0.3,0.3,1.0,14.5,Madurai (Southern Plains),9.9252,78.1198,Tamil Nadu,0.3,8.9,0,0
2026-05-03,0.1,0.1,1.0,20.5,Chennai (Coastal North),13.0827,80.2707,Tamil Nadu,0.4,2.9,0,0
2026-05-03,0.0,0.0,0.0,16.6,Vellore (Palar Basin),12.9165,79.1325,Tamil Nadu,0.4,2.9,0,0
2026-05-03,0.5,0.5,4.0,16.4,Nilgiris (Hill Station Zone),11.4102,76.695,Tamil Nadu,0.6,1.9,0,0
2026-05-03,0.0,0.0,0.0,19.2,Cuddalore (Coastal Central),11.748,79.7714,Tamil Nadu,0.5,0.9,0,0
2026-05-03,0.1,0.1,1.0,17.2,Tiruchirappalli (Kaveri Basin),10.7905,78.7047,Tamil Nadu,0.6,1.0,0,0
2026-05-03,0.0,0.0,0.0,19.1,Nagapattinam (Delta Coast),10.7656,79.8424,Tamil Nadu,0.1,1.0,0,0
2026-05-04,0.0,0.0,0.0,20.5,Kanyakumari (Southern Coast),8.1833,77.4119,Tamil Nadu,0.1,0.7,0,0
2026-05-04,0.2,0.2,2.0,15.3,Coimbatore (Western Inland),11.0168,76.9558,Tamil Nadu,0.2,0.8,0,0
2026-05-04,3.5,3.5,9.0,13.3,Nilgiris (Hill Station Zone),11.4102,76.695,Tamil Nadu,3.7,4.3,0,0
2026-05-04,0.6,0.6,1.0,16.2,Tiruchirappalli (Kaveri Basin),10.7905,78.7047,Tamil Nadu,4.3,4.4,0,0
2026-05-04,7.3,7.3,3.0,20.0,Madurai (Southern Plains),9.9252,78.1198,Tamil Nadu,11.4,11.7,0,0
2026-05-04,0.1,0.1,1.0,17.2,Nagapattinam (Delta Coast),10.7656,79.8424,Tamil Nadu,8.0,11.7,0,0
2026-05-04,3.5,3.5,6.0,20.4,Cuddalore (Coastal Central),11.748,79.7714,Tamil Nadu,10.9,15.2,0,0
2026-05-04,7.0,7.0,4.0,17.2,Chennai (Coastal North),13.0827,80.2707,Tamil Nadu,10.6,22.2,0,0
2026-05-04,0.1,0.1,1.0,21.8,Vellore (Palar Basin),12.9165,79.1325,Tamil Nadu,10.6,22.1,0,0
2026-05-04,0.4,0.4,3.0,17.6,Salem (Northern Inland),11.6643,78.146,Tamil Nadu,7.5,19.0,0,0
2026-05-05,4.0,4.0,5.0,16.3,Nagapattinam (Delta Coast),10.7656,79.8424,Tamil Nadu,4.5,22.4,0,0
2026-05-05,0.0,0.0,0.0,13.7,Salem (Northern Inland),11.6643,78.146,Tamil Nadu,4.4,15.1,0,0
2026-05-05,12.2,12.2,5.0,11.1,Madurai (Southern Plains),9.9252,78.1198,Tamil Nadu,16.2,27.2,0,0
2026-05-05,0.3,0.3,3.0,13.8,Chennai (Coastal North),13.0827,80.2707,Tamil Nadu,12.5,24.0,0,0
2026-05-05,2.3,2.3,3.0,16.6,Kanyakumari (Southern Coast),8.1833,77.4119,Tamil Nadu,14.8,19.3,0,0
2026-05-05,2.1,2.1,5.0,19.8,Nilgiris (Hill Station Zone),11.4102,76.695,Tamil Nadu,4.7,21.3,0,0
2026-05-05,1.2,1.2,4.0,15.7,Tiruchirappalli (Kaveri Basin),10.7905,78.7047,Tamil Nadu,5.6,22.1,0,0
2026-05-05,24.8,24.8,8.0,15.6,Coimbatore (Western Inland),11.0168,76.9558,Tamil Nadu,28.1,42.9,0,0
2026-05-05,0.5,0.5,2.0,17.8,Cuddalore (Coastal Central),11.748,79.7714,Tamil Nadu,26.5,43.4,0,0
2026-05-05,0.0,0.0,0.0,16.6,Vellore (Palar Basin),12.9165,79.1325,Tamil Nadu,25.3,31.2,0,0
2026-05-06,2.7,2.7,8.0,14.8,Chennai (Coastal North),13.0827,80.2707,Tamil Nadu,3.2,33.6,0,0
2026-05-06,11.5,11.5,5.0,21.7,Salem (Northern Inland),11.6643,78.146,Tamil Nadu,14.2,42.8,0,0
2026-05-06,0.9,0.9,5.0,16.6,Cuddalore (Coastal Central),11.748,79.7714,Tamil Nadu,15.1,41.6,0,0
2026-05-06,17.1,17.1,8.0,13.5,Kanyakumari (Southern Coast),8.1833,77.4119,Tamil Nadu,29.5,57.5,0,0
2026-05-06,0.9,0.9,5.0,18.7,Tiruchirappalli (Kaveri Basin),10.7905,78.7047,Tamil Nadu,18.9,33.6,0,0
2026-05-06,7.0,7.0,9.0,14.3,Nilgiris (Hill Station Zone),11.4102,76.695,Tamil Nadu,25.0,40.1,0,0
2026-05-06,8.3,8.3,3.0,17.0,Madurai (Southern Plains),9.9252,78.1198,Tamil Nadu,16.2,48.4,0,0
2026-05-06,1.9,1.9,5.0,14.9,Nagapattinam (Delta Coast),10.7656,79.8424,Tamil Nadu,17.2,47.6,0,0
2026-05-06,6.4,6.4,5.0,14.9,Coimbatore (Western Inland),11.0168,76.9558,Tamil Nadu,16.6,42.5,0,0
2026-05-06,2.0,2.0,3.0,16.1,Vellore (Palar Basin),12.9165,79.1325,Tamil Nadu,10.3,43.6,0,0
2026-05-07,0.6,0.6,4.0,18.0,Salem (Northern Inland),11.6643,78.146,Tamil Nadu,9.0,27.1,0,0
2026-05-07,1.5,1.5,8.0,14.0,Nagapattinam (Delta Coast),10.7656,79.8424,Tamil Nadu,4.1,27.7,0,0
2026-05-07,0.0,0.0,0.0,14.1,Chennai (Coastal North),13.0827,80.2707,Tamil Nadu,2.1,20.7,0,0
2026-05-07,2.9,2.9,11.0,13.7,Nilgiris (Hill Station Zone),11.4102,76.695,Tamil Nadu,4.4,15.3,0,0
2026-05-07,1.3,1.3,3.0,13.1,Vellore (Palar Basin),12.9165,79.1325,Tamil Nadu,4.2,14.7,0,0
2026-05-07,3.5,3.5,3.0,13.0,Coimbatore (Western Inland),11.0168,76.9558,Tamil Nadu,7.7,11.8,0,0
2026-05-07,4.4,4.4,4.0,15.1,Cuddalore (Coastal Central),11.748,79.7714,Tamil Nadu,9.2,14.2,0,0
2026-05-07,3.9,3.9,4.0,12.0,Tiruchirappalli (Kaveri Basin),10.7905,78.7047,Tamil Nadu,11.8,17.5,0,0
2026-05-07,6.1,6.1,7.0,11.6,Kanyakumari (Southern Coast),8.1833,77.4119,Tamil Nadu,14.4,22.1,0,0
2026-05-07,9.0,9.0,6.0,11.5,Madurai (Southern Plains),9.9252,78.1198,Tamil Nadu,19.0,31.1,0,0
2026-05-08,4.2,4.2,11.0,20.7,Cuddalore (Coastal Central),11.748,79.7714,Tamil Nadu,19.3,32.4,0,0
2026-05-08,12.4,12.4,12.0,17.7,Nagapattinam (Delta Coast),10.7656,79.8424,Tamil Nadu,25.6,43.5,0,0
2026-05-08,6.7,6.7,6.0,16.5,Tiruchirappalli (Kaveri Basin),10.7905,78.7047,Tamil Nadu,23.3,46.7,0,0
2026-05-08,19.0,19.0,6.0,12.8,Coimbatore (Western Inland),11.0168,76.9558,Tamil Nadu,38.1,61.3,0,0
2026-05-08,2.4,2.4,5.0,20.4,Vellore (Palar Basin),12.9165,79.1325,Tamil Nadu,28.1,59.8,0,0
2026-05-08,5.4,5.4,13.0,16.3,Nilgiris (Hill Station Zone),11.4102,76.695,Tamil Nadu,26.8,59.1,0,0
2026-05-08,37.9,37.9,9.0,12.8,Kanyakumari (Southern Coast),8.1833,77.4119,Tamil Nadu,45.7,88.0,0,0
2026-05-08,2.6,2.6,9.0,17.3,Chennai (Coastal North),13.0827,80.2707,Tamil Nadu,45.9,86.4,0,0
2026-05-08,11.1,11.1,10.0,16.6,Madurai (Southern Plains),9.9252,78.1198,Tamil Nadu,51.6,85.1,0,0
2026-05-08,9.4,9.4,11.0,17.0,Salem (Northern Inland),11.6643,78.146,Tamil Nadu,23.1,87.8,0,0
2026-05-09,6.6,6.6,9.0,16.2,Vellore (Palar Basin),12.9165,79.1325,Tamil Nadu,27.1,75.4,0,0
2026-05-09,9.2,9.2,12.0,16.0,Tiruchirappalli (Kaveri Basin),10.7905,78.7047,Tamil Nadu,25.2,82.2,0,0
2026-05-09,4.1,4.1,11.0,13.4,Salem (Northern Inland),11.6643,78.146,Tamil Nadu,19.9,80.9,0,0
2026-05-09,18.1,18.1,23.0,16.2,Cuddalore (Coastal Central),11.748,79.7714,Tamil Nadu,31.4,61.1,0,0
2026-05-09,5.6,5.6,11.0,14.5,Nilgiris (Hill Station Zone),11.4102,76.695,Tamil Nadu,27.8,64.1,0,0
2026-05-09,14.9,14.9,11.0,13.8,Kanyakumari (Southern Coast),8.1833,77.4119,Tamil Nadu,38.6,67.9,0,0
2026-05-09,15.4,15.4,12.0,12.6,Madurai (Southern Plains),9.9252,78.1198,Tamil Nadu,35.9,73.9,0,0
2026-05-09,12.2,12.2,11.0,11.0,Coimbatore (Western Inland),11.0168,76.9558,Tamil Nadu,42.5,79.5,0,0
2026-05-09,8.3,8.3,14.0,11.4,Chennai (Coastal North),13.0827,80.2707,Tamil Nadu,35.9,78.6,0,0
2026-05-09,44.5,44.5,24.0,13.6,Nagapattinam (Delta Coast),10.7656,79.8424,Tamil Nadu,65.0,119.0,0,0
2026-05-10,0.3,0.3,2.0,15.7,Vellore (Palar Basin),12.9165,79.1325,Tamil Nadu,53.1,101.2,0,0
2026-05-10,0.9,0.9,3.0,11.9,Coimbatore (Western Inland),11.0168,76.9558,Tamil Nadu,45.7,96.5,0,0
2026-05-10,0.6,0.6,4.0,13.2,Salem (Northern Inland),11.6643,78.146,Tamil Nadu,1.8,82.2,0,0
2026-05-10,0.2,0.2,2.0,17.0,Nilgiris (Hill Station Zone),11.4102,76.695,Tamil Nadu,1.7,67.0,0,0
2026-05-10,5.9,5.9,10.0,17.4,Tiruchirappalli (Kaveri Basin),10.7905,78.7047,Tamil Nadu,6.7,60.7,0,0
2026-05-10,0.0,0.0,0.0,11.5,Madurai (Southern Plains),9.9252,78.1198,Tamil Nadu,6.1,52.4,0,0
2026-05-10,11.2,11.2,12.0,18.3,Cuddalore (Coastal Central),11.748,79.7714,Tamil Nadu,17.1,19.1,0,0
2026-05-10,15.7,15.7,10.0,8.8,Kanyakumari (Southern Coast),8.1833,77.4119,Tamil Nadu,26.9,34.5,0,0
2026-05-10,0.8,0.8,6.0,15.0,Chennai (Coastal North),13.0827,80.2707,Tamil Nadu,27.7,34.4,0,0
2026-05-10,10.2,10.2,13.0,15.4,Nagapattinam (Delta Coast),10.7656,79.8424,Tamil Nadu,26.7,44.0,0,0
2026-05-11,1.1,1.1,3.0,13.6,Coimbatore (Western Inland),11.0168,76.9558,Tamil Nadu,12.1,44.9,0,0
2026-05-11,0.2,0.2,1.0,14.7,Madurai (Southern Plains),9.9252,78.1198,Tamil Nadu,11.5,39.2,0,0
2026-05-11,0.3,0.3,3.0,14.2,Chennai (Coastal North),13.0827,80.2707,Tamil Nadu,1.6,39.5,0,0
2026-05-11,0.6,0.6,5.0,19.2,Nilgiris (Hill Station Zone),11.4102,76.695,Tamil Nadu,1.1,28.9,0,0
2026-05-11,0.2,0.2,2.0,12.8,Tiruchirappalli (Kaveri Basin),10.7905,78.7047,Tamil Nadu,1.1,13.4,0,0
2026-05-11,0.2,0.2,2.0,14.5,Salem (Northern Inland),11.6643,78.146,Tamil Nadu,1.0,12.8,0,0
2026-05-11,1.0,1.0,6.0,13.1,Cuddalore (Coastal Central),11.748,79.7714,Tamil Nadu,1.4,3.6,0,0
2026-05-11,0.0,0.0,0.0,13.1,Vellore (Palar Basin),12.9165,79.1325,Tamil Nadu,1.2,2.5,0,0
2026-05-11,1.4,1.4,5.0,16.7,Kanyakumari (Southern Coast),8.1833,77.4119,Tamil Nadu,2.4,3.7,0,0
2026-05-11,0.8,0.8,8.0,10.6,Nagapattinam (Delta Coast),10.7656,79.8424,Tamil Nadu,2.2,4.2,0,0
2026-05-12,0.1,0.1,1.0,17.0,Nilgiris (Hill Station Zone),11.4102,76.695,Tamil Nadu,2.3,3.7,0,0
2026-05-12,0.2,0.2,1.0,12.4,Salem (Northern Inland),11.6643,78.146,Tamil Nadu,1.1,3.7,0,0
2026-05-12,0.3,0.3,3.0,16.6,Chennai (Coastal North),13.0827,80.2707,Tamil Nadu,0.6,3.8,0,0
2026-05-12,0.2,0.2,1.0,12.5,Coimbatore (Western Inland),11.0168,76.9558,Tamil Nadu,0.7,3.0,0,0
2026-05-12,3.7,3.7,10.0,18.0,Nagapattinam (Delta Coast),10.7656,79.8424,Tamil Nadu,4.2,6.7,0,0
2026-05-12,0.2,0.2,2.0,17.5,Madurai (Southern Plains),9.9252,78.1198,Tamil Nadu,4.1,5.5,0,0
2026-05-12,0.0,0.0,0.0,15.0,Vellore (Palar Basin),12.9165,79.1325,Tamil Nadu,3.9,4.7,0,0
2026-05-12,4.9,4.9,5.0,15.7,Kanyakumari (Southern Coast),8.1833,77.4119,Tamil Nadu,5.1,9.5,0,0
2026-05-12,1.9,1.9,6.0,15.7,Cuddalore (Coastal Central),11.748,79.7714,Tamil Nadu,6.8,11.2,0,0
2026-05-12,0.0,0.0,0.0,13.0,Tiruchirappalli (Kaveri Basin),10.7905,78.7047,Tamil Nadu,6.8,10.9,0,0
2026-05-13,0.0,0.0,0.0,16.4,Nilgiris (Hill Station Zone),11.4102,76.695,Tamil Nadu,1.9,10.7,0,0
2026-05-13,0.1,0.1,1.0,17.4,Coimbatore (Western Inland),11.0168,76.9558,Tamil Nadu,0.1,7.1,0,0
2026-05-13,0.0,0.0,0.0,19.9,Kanyakumari (Southern Coast),8.1833,77.4119,Tamil Nadu,0.1,6.9,0,0
2026-05-13,0.0,0.0,0.0,13.9,Tiruchirappalli (Kaveri Basin),10.7905,78.7047,Tamil Nadu,0.1,6.9,0,0
2026-05-13,0.9,0.9,5.0,11.5,Salem (Northern Inland),11.6643,78.146,Tamil Nadu,0.9,2.9,0,0
2026-05-13,0.0,0.0,0.0,18.0,Chennai (Coastal North),13.0827,80.2707,Tamil Nadu,0.9,1.0,0,0
2026-05-13,0.0,0.0,0.0,8.7,Madurai (Southern Plains),9.9252,78.1198,Tamil Nadu,0.9,1.0,0,0
2026-05-13,0.0,0.0,0.0,13.8,Vellore (Palar Basin),12.9165,79.1325,Tamil Nadu,0.0,1.0,0,0
2026-05-13,0.4,0.4,3.0,14.7,Nagapattinam (Delta Coast),10.7656,79.8424,Tamil Nadu,0.4,1.3,0,0
2026-05-13,0.4,0.4,2.0,14.4,Cuddalore (Coastal Central),11.748,79.7714,Tamil Nadu,0.8,1.7,0,0
2026-05-14,9.2,9.2,6.0,13.8,Nagapattinam (Delta Coast),10.7656,79.8424,Tamil Nadu,10.0,10.9,0,0
2026-05-14,0.2,0.2,1.0,12.7,Tiruchirappalli (Kaveri Basin),10.7905,78.7047,Tamil Nadu,9.8,10.2,0,0
2026-05-14,0.6,0.6,3.0,17.2,Coimbatore (Western Inland),11.0168,76.9558,Tamil Nadu,10.0,10.8,0,0
2026-05-14,3.7,3.7,5.0,17.8,Nilgiris (Hill Station Zone),11.4102,76.695,Tamil Nadu,4.5,14.5,0,0
2026-05-14,0.5,0.5,1.0,10.0,Madurai (Southern Plains),9.9252,78.1198,Tamil Nadu,4.8,15.0,0,0
2026-05-14,1.3,1.3,3.0,14.3,Cuddalore (Coastal Central),11.748,79.7714,Tamil Nadu,5.5,15.9,0,0
2026-05-14,0.9,0.9,3.0,12.6,Salem (Northern Inland),11.6643,78.146,Tamil Nadu,2.7,16.4,0,0
2026-05-14,0.6,0.6,4.0,16.1,Chennai (Coastal North),13.0827,80.2707,Tamil Nadu,2.8,7.8,0,0
2026-05-14,0.0,0.0,0.0,13.0,Vellore (Palar Basin),12.9165,79.1325,Tamil Nadu,1.5,7.6,0,0
2026-05-14,0.6,0.6,3.0,23.5,Kanyakumari (Southern Coast),8.1833,77.4119,Tamil Nadu,1.2,7.6,0,0
2026-05-15,0.0,0.0,0.0,14.2,Vellore (Palar Basin),12.9165,79.1325,Tamil Nadu,0.6,3.9,0,0
2026-05-15,1.4,1.4,6.0,17.7,Kanyakumari (Southern Coast),8.1833,77.4119,Tamil Nadu,2.0,4.8,0,0
2026-05-15,27.6,27.6,13.0,16.4,Nagapattinam (Delta Coast),10.7656,79.8424,Tamil Nadu,29.0,31.1,0,0
2026-05-15,2.8,2.8,4.0,11.5,Madurai (Southern Plains),9.9252,78.1198,Tamil Nadu,31.8,33.0,0,0
2026-05-15,6.0,6.0,12.0,15.6,Chennai (Coastal North),13.0827,80.2707,Tamil Nadu,36.4,38.4,0,0
2026-05-15,2.0,2.0,7.0,16.7,Nilgiris (Hill Station Zone),11.4102,76.695,Tamil Nadu,10.8,40.4,0,0
2026-05-15,1.7,1.7,6.0,12.7,Salem (Northern Inland),11.6643,78.146,Tamil Nadu,9.7,41.5,0,0
2026-05-15,6.2,6.2,5.0,15.6,Tiruchirappalli (Kaveri Basin),10.7905,78.7047,Tamil Nadu,9.9,47.7,0,0
2026-05-15,33.8,33.8,16.0,16.3,Cuddalore (Coastal Central),11.748,79.7714,Tamil Nadu,41.7,80.1,0,0
2026-05-15,1.6,1.6,3.0,14.3,Coimbatore (Western Inland),11.0168,76.9558,Tamil Nadu,41.6,54.1,0,0
2026-05-16,2.9,2.9,2.0,12.9,Chennai (Coastal North),13.0827,80.2707,Tamil Nadu,38.3,54.2,0,0
2026-05-16,5.9,5.9,12.0,12.6,Nagapattinam (Delta Coast),10.7656,79.8424,Tamil Nadu,10.4,54.1,0,0
2026-05-16,0.7,0.7,4.0,11.2,Salem (Northern Inland),11.6643,78.146,Tamil Nadu,9.5,52.8,0,0
2026-05-16,1.5,1.5,4.0,19.1,Coimbatore (Western Inland),11.0168,76.9558,Tamil Nadu,8.1,52.6,0,0
2026-05-16,0.0,0.0,0.0,11.6,Tiruchirappalli (Kaveri Basin),10.7905,78.7047,Tamil Nadu,2.2,46.4,0,0
2026-05-16,0.0,0.0,0.0,18.9,Vellore (Palar Basin),12.9165,79.1325,Tamil Nadu,1.5,12.6,0,0
2026-05-16,4.2,4.2,10.0,13.2,Cuddalore (Coastal Central),11.748,79.7714,Tamil Nadu,4.2,15.2,0,0
2026-05-16,3.8,3.8,7.0,22.9,Kanyakumari (Southern Coast),8.1833,77.4119,Tamil Nadu,8.0,16.1,0,0
2026-05-16,3.4,3.4,11.0,18.5,Nilgiris (Hill Station Zone),11.4102,76.695,Tamil Nadu,11.4,13.6,0,0
2026-05-16,0.4,0.4,2.0,12.0,Madurai (Southern Plains),9.9252,78.1198,Tamil Nadu,7.6,13.3,0,0
2026-05-17,12.0,12.0,6.0,20.2,Kanyakumari (Southern Coast),8.1833,77.4119,Tamil Nadu,15.8,23.8,0,0
2026-05-17,1.0,1.0,8.0,22.6,Cuddalore (Coastal Central),11.748,79.7714,Tamil Nadu,13.4,24.8,0,0
2026-05-17,1.6,1.6,5.0,12.9,Salem (Northern Inland),11.6643,78.146,Tamil Nadu,14.6,26.4,0,0
2026-05-17,0.7,0.7,4.0,18.4,Coimbatore (Western Inland),11.0168,76.9558,Tamil Nadu,3.3,22.9,0,0
2026-05-17,2.5,2.5,8.0,18.1,Nagapattinam (Delta Coast),10.7656,79.8424,Tamil Nadu,4.8,21.6,0,0
2026-05-17,2.3,2.3,8.0,13.9,Nilgiris (Hill Station Zone),11.4102,76.695,Tamil Nadu,5.5,20.5,0,0
2026-05-17,0.6,0.6,6.0,15.1,Vellore (Palar Basin),12.9165,79.1325,Tamil Nadu,5.4,20.7,0,0
2026-05-17,5.1,5.1,8.0,17.6,Chennai (Coastal North),13.0827,80.2707,Tamil Nadu,8.0,13.8,0,0
2026-05-17,3.3,3.3,9.0,21.4,Tiruchirappalli (Kaveri Basin),10.7905,78.7047,Tamil Nadu,9.0,16.1,0,0
2026-05-17,10.7,10.7,4.0,14.2,Madurai (Southern Plains),9.9252,78.1198,Tamil Nadu,19.1,25.2,0,0
2026-05-18,0.9,0.9,2.0,14.4,Madurai (Southern Plains),9.9252,78.1198,Tamil Nadu,14.9,25.4,0,0
2026-05-18,1.2,1.2,5.0,18.0,Chennai (Coastal North),13.0827,80.2707,Tamil Nadu,12.8,24.1,0,0
2026-05-18,3.2,3.2,7.0,15.7,Salem (Northern Inland),11.6643,78.146,Tamil Nadu,5.3,25.0,0,0
2026-05-18,2.7,2.7,7.0,13.9,Vellore (Palar Basin),12.9165,79.1325,Tamil Nadu,7.1,27.1,0,0
2026-05-18,0.1,0.1,1.0,18.4,Cuddalore (Coastal Central),11.748,79.7714,Tamil Nadu,6.0,22.1,0,0
2026-05-18,2.5,2.5,9.0,21.2,Nagapattinam (Delta Coast),10.7656,79.8424,Tamil Nadu,5.3,21.3,0,0
2026-05-18,1.2,1.2,5.0,14.4,Tiruchirappalli (Kaveri Basin),10.7905,78.7047,Tamil Nadu,3.8,11.8,0,0
2026-05-18,3.2,3.2,5.0,20.9,Coimbatore (Western Inland),11.0168,76.9558,Tamil Nadu,6.9,14.1,0,0
2026-05-18,0.9,0.9,7.0,20.8,Kanyakumari (Southern Coast),8.1833,77.4119,Tamil Nadu,5.3,13.8,0,0
2026-05-18,17.1,17.1,19.0,5.8,Nilgiris (Hill Station Zone),11.4102,76.695,Tamil Nadu,21.2,27.7,0,0
2026-05-19,0.0,0.0,0.0,21.7,Coimbatore (Western Inland),11.0168,76.9558,Tamil Nadu,18.0,25.0,0,0
2026-05-19,0.2,0.2,1.0,13.0,Chennai (Coastal North),13.0827,80.2707,Tamil Nadu,17.3,25.1,0,0
2026-05-19,6.8,6.8,22.0,19.5,Kanyakumari (Southern Coast),8.1833,77.4119,Tamil Nadu,7.0,29.4,0,0
2026-05-19,0.6,0.6,3.0,17.0,Madurai (Southern Plains),9.9252,78.1198,Tamil Nadu,7.6,28.8,0,0
2026-05-19,24.7,24.7,14.0,4.6,Nilgiris (Hill Station Zone),11.4102,76.695,Tamil Nadu,32.1,50.3,0,0
2026-05-19,0.8,0.8,1.0,23.3,Nagapattinam (Delta Coast),10.7656,79.8424,Tamil Nadu,26.1,50.2,0,0
2026-05-19,0.6,0.6,2.0,17.2,Cuddalore (Coastal Central),11.748,79.7714,Tamil Nadu,26.1,33.7,0,0
2026-05-19,1.8,1.8,3.0,15.1,Salem (Northern Inland),11.6643,78.146,Tamil Nadu,3.2,35.5,0,0
2026-05-19,0.4,0.4,3.0,18.0,Vellore (Palar Basin),12.9165,79.1325,Tamil Nadu,2.8,35.7,0,0
2026-05-19,1.4,1.4,4.0,16.7,Tiruchirappalli (Kaveri Basin),10.7905,78.7047,Tamil Nadu,3.6,30.3,0,0
2026-05-20,1.1,1.1,4.0,8.3,Nilgiris (Hill Station Zone),11.4102,76.695,Tamil Nadu,2.9,30.8,0,0
2026-05-20,0.1,0.1,1.0,17.4,Cuddalore (Coastal Central),11.748,79.7714,Tamil Nadu,2.6,6.2,0,0
2026-05-20,2.6,2.6,4.0,10.5,Salem (Northern Inland),11.6643,78.146,Tamil Nadu,3.8,8.0,0,0
2026-05-20,0.0,0.0,0.0,22.4,Tiruchirappalli (Kaveri Basin),10.7905,78.7047,Tamil Nadu,2.7,7.4,0,0
2026-05-20,0.5,0.5,3.0,19.1,Nagapattinam (Delta Coast),10.7656,79.8424,Tamil Nadu,3.1,6.1,0,0
2026-05-20,0.4,0.4,2.0,22.2,Coimbatore (Western Inland),11.0168,76.9558,Tamil Nadu,0.9,6.1,0,0
2026-05-20,1.4,1.4,3.0,24.1,Madurai (Southern Plains),9.9252,78.1198,Tamil Nadu,2.3,6.1,0,0
2026-05-20,0.2,0.2,2.0,22.0,Vellore (Palar Basin),12.9165,79.1325,Tamil Nadu,2.0,5.2,0,0
2026-05-20,1.9,1.9,14.0,23.1,Kanyakumari (Southern Coast),8.1833,77.4119,Tamil Nadu,3.5,7.0,0,0
2026-05-20,0.0,0.0,0.0,17.0,Chennai (Coastal North),13.0827,80.2707,Tamil Nadu,2.1,4.4,0,0
2026-05-21,0.1,0.1,1.0,20.1,Madurai (Southern Plains),9.9252,78.1198,Tamil Nadu,2.0,4.5,0,0
2026-05-21,2.1,2.1,7.0,8.7,Nilgiris (Hill Station Zone),11.4102,76.695,Tamil Nadu,2.2,6.1,0,0
2026-05-21,0.2,0.2,2.0,20.9,Salem (Northern Inland),11.6643,78.146,Tamil Nadu,2.4,5.9,0,0
2026-05-21,0.0,0.0,0.0,24.4,Nagapattinam (Delta Coast),10.7656,79.8424,Tamil Nadu,2.3,4.5,0,0
2026-05-21,0.1,0.1,1.0,18.4,Tiruchirappalli (Kaveri Basin),10.7905,78.7047,Tamil Nadu,0.3,4.4,0,0
2026-05-21,0.0,0.0,0.0,16.3,Chennai (Coastal North),13.0827,80.2707,Tamil Nadu,0.1,2.5,0,0
2026-05-21,0.4,0.4,1.0,22.2,Vellore (Palar Basin),12.9165,79.1325,Tamil Nadu,0.5,2.9,0,0
2026-05-21,0.0,0.0,0.0,20.5,Cuddalore (Coastal Central),11.748,79.7714,Tamil Nadu,0.4,2.8,0,0
2026-05-21,2.3,2.3,9.0,22.6,Kanyakumari (Southern Coast),8.1833,77.4119,Tamil Nadu,2.7,3.0,0,0
2026-05-21,1.2,1.2,5.0,20.6,Coimbatore (Western Inland),11.0168,76.9558,Tamil Nadu,3.5,4.0,0,0
2026-05-22,0.0,0.0,0.0,17.7,Chennai (Coastal North),13.0827,80.2707,Tamil Nadu,3.5,4.0,0,0
2026-05-22,0.0,0.0,0.0,21.4,Cuddalore (Coastal Central),11.748,79.7714,Tamil Nadu,1.2,3.9,0,0
2026-05-22,0.0,0.0,0.0,22.4,Nagapattinam (Delta Coast),10.7656,79.8424,Tamil Nadu,0.0,3.9,0,0
2026-05-22,1.1,1.1,2.0,22.3,Coimbatore (Western Inland),11.0168,76.9558,Tamil Nadu,1.1,4.6,0,0
2026-05-22,0.2,0.2,1.0,22.2,Madurai (Southern Plains),9.9252,78.1198,Tamil Nadu,1.3,4.8,0,0
2026-05-22,0.0,0.0,0.0,23.4,Tiruchirappalli (Kaveri Basin),10.7905,78.7047,Tamil Nadu,1.3,2.5,0,0
2026-05-22,1.8,1.8,7.0,29.1,Kanyakumari (Southern Coast),8.1833,77.4119,Tamil Nadu,2.0,3.1,0,0
2026-05-22,6.7,6.7,10.0,10.1,Nilgiris (Hill Station Zone),11.4102,76.695,Tamil Nadu,8.5,9.8,0,0
2026-05-22,0.8,0.8,3.0,22.9,Vellore (Palar Basin),12.9165,79.1325,Tamil Nadu,9.3,10.6,0,0
2026-05-22,1.5,1.5,3.0,12.6,Salem (Northern Inland),11.6643,78.146,Tamil Nadu,9.0,12.1,0,0
2026-05-23,4.5,4.5,5.0,13.2,Madurai (Southern Plains),9.9252,78.1198,Tamil Nadu,6.8,15.5,0,0
2026-05-23,1.0,1.0,2.0,16.8,Nagapattinam (Delta Coast),10.7656,79.8424,Tamil Nadu,7.0,16.3,0,0
2026-05-23,0.0,0.0,0.0,21.7,Cuddalore (Coastal Central),11.748,79.7714,Tamil Nadu,5.5,16.3,0,0
2026-05-23,5.0,5.0,9.0,10.6,Nilgiris (Hill Station Zone),11.4102,76.695,Tamil Nadu,6.0,19.5,0,0
2026-05-23,1.2,1.2,3.0,12.8,Salem (Northern Inland),11.6643,78.146,Tamil Nadu,6.2,14.0,0,0
2026-05-23,0.0,0.0,0.0,18.3,Chennai (Coastal North),13.0827,80.2707,Tamil Nadu,6.2,13.2,0,0
2026-05-23,1.9,1.9,6.0,26.2,Kanyakumari (Southern Coast),8.1833,77.4119,Tamil Nadu,3.1,13.6,0,0
2026-05-23,0.4,0.4,2.0,22.7,Vellore (Palar Basin),12.9165,79.1325,Tamil Nadu,2.3,9.5,0,0
2026-05-23,3.2,3.2,7.0,17.8,Coimbatore (Western Inland),11.0168,76.9558,Tamil Nadu,5.5,11.7,0,0
2026-05-23,1.5,1.5,3.0,23.0,Tiruchirappalli (Kaveri Basin),10.7905,78.7047,Tamil Nadu,5.1,13.2,0,0
2026-05-24,4.9,4.9,4.0,22.9,Vellore (Palar Basin),12.9165,79.1325,Tamil Nadu,9.6,13.1,0,0
2026-05-24,0.0,0.0,0.0,23.2,Nagapattinam (Delta Coast),10.7656,79.8424,Tamil Nadu,6.4,11.9,0,0
2026-05-24,7.2,7.2,9.0,17.4,Salem (Northern Inland),11.6643,78.146,Tamil Nadu,12.1,19.1,0,0
2026-05-24,1.3,1.3,3.0,23.9,Madurai (Southern Plains),9.9252,78.1198,Tamil Nadu,8.5,18.5,0,0
2026-05-24,4.9,4.9,8.0,18.9,Coimbatore (Western Inland),11.0168,76.9558,Tamil Nadu,13.4,23.0,0,0
2026-05-24,4.5,4.5,6.0,14.3,Cuddalore (Coastal Central),11.748,79.7714,Tamil Nadu,10.7,24.3,0,0
2026-05-24,6.7,6.7,9.0,10.9,Nilgiris (Hill Station Zone),11.4102,76.695,Tamil Nadu,16.1,29.5,0,0
2026-05-24,2.4,2.4,4.0,23.8,Chennai (Coastal North),13.0827,80.2707,Tamil Nadu,13.6,27.0,0,0
2026-05-24,3.0,3.0,7.0,30.2,Kanyakumari (Southern Coast),8.1833,77.4119,Tamil Nadu,12.1,30.0,0,0
2026-05-24,0.0,0.0,0.0,25.2,Tiruchirappalli (Kaveri Basin),10.7905,78.7047,Tamil Nadu,5.4,22.8,0,0
2026-05-25,0.0,0.0,0.0,21.1,Tiruchirappalli (Kaveri Basin),10.7905,78.7047,Tamil Nadu,3.0,21.5,0,0
2026-05-25,0.1,0.1,1.0,19.3,Cuddalore (Coastal Central),11.748,79.7714,Tamil Nadu,0.1,16.7,0,0
2026-05-25,3.6,3.6,4.0,18.9,Nagapattinam (Delta Coast),10.7656,79.8424,Tamil Nadu,3.7,15.8,0,0
2026-05-25,0.4,0.4,2.0,10.8,Salem (Northern Inland),11.6643,78.146,Tamil Nadu,4.1,9.5,0,0
2026-05-25,9.3,9.3,13.0,10.0,Nilgiris (Hill Station Zone),11.4102,76.695,Tamil Nadu,13.3,16.4,0,0
2026-05-25,0.7,0.7,2.0,17.3,Chennai (Coastal North),13.0827,80.2707,Tamil Nadu,10.4,14.1,0,0
2026-05-25,8.3,8.3,9.0,22.0,Kanyakumari (Southern Coast),8.1833,77.4119,Tamil Nadu,18.3,22.4,0,0
2026-05-25,8.5,8.5,7.0,22.2,Coimbatore (Western Inland),11.0168,76.9558,Tamil Nadu,17.5,30.9,0,0
2026-05-25,0.0,0.0,0.0,15.5,Madurai (Southern Plains),9.9252,78.1198,Tamil Nadu,16.8,30.8,0,0
2026-05-25,1.1,1.1,4.0,27.6,Vellore (Palar Basin),12.9165,79.1325,Tamil Nadu,9.6,28.3,0,0
2026-05-26,0.7,0.7,3.0,18.6,Vellore (Palar Basin),12.9165,79.1325,Tamil Nadu,1.8,28.6,0,0
2026-05-26,0.6,0.6,2.0,19.7,Coimbatore (Western Inland),11.0168,76.9558,Tamil Nadu,2.4,19.9,0,0
2026-05-26,3.7,3.7,1.0,11.7,Madurai (Southern Plains),9.9252,78.1198,Tamil Nadu,5.0,22.9,0,0
2026-05-26,0.2,0.2,1.0,19.1,Tiruchirappalli (Kaveri Basin),10.7905,78.7047,Tamil Nadu,4.5,14.8,0,0
2026-05-26,0.1,0.1,1.0,14.6,Salem (Northern Inland),11.6643,78.146,Tamil Nadu,4.0,6.4,0,0
2026-05-26,7.1,7.1,10.0,23.2,Kanyakumari (Southern Coast),8.1833,77.4119,Tamil Nadu,7.4,13.5,0,0
2026-05-26,0.0,0.0,0.0,20.6,Cuddalore (Coastal Central),11.748,79.7714,Tamil Nadu,7.2,12.4,0,0
2026-05-26,0.0,0.0,0.0,20.0,Nagapattinam (Delta Coast),10.7656,79.8424,Tamil Nadu,7.1,11.7,0,0
2026-05-26,0.7,0.7,2.0,16.0,Chennai (Coastal North),13.0827,80.2707,Tamil Nadu,0.7,11.8,0,0
2026-05-26,6.3,6.3,7.0,8.4,Nilgiris (Hill Station Zone),11.4102,76.695,Tamil Nadu,7.0,14.4,0,0
2026-05-27,6.0,6.0,5.0,19.6,Coimbatore (Western Inland),11.0168,76.9558,Tamil Nadu,13.0,20.2,0,0
2026-05-27,0.1,0.1,1.0,17.8,Tiruchirappalli (Kaveri Basin),10.7905,78.7047,Tamil Nadu,12.4,20.2,0,0
2026-05-27,0.7,0.7,2.0,18.7,Vellore (Palar Basin),12.9165,79.1325,Tamil Nadu,6.8,13.8,0,0
2026-05-27,0.1,0.1,1.0,20.3,Nagapattinam (Delta Coast),10.7656,79.8424,Tamil Nadu,0.9,13.9,0,0
2026-05-27,2.2,2.2,7.0,12.2,Nilgiris (Hill Station Zone),11.4102,76.695,Tamil Nadu,3.0,16.1,0,0
2026-05-27,0.0,0.0,0.0,18.2,Cuddalore (Coastal Central),11.748,79.7714,Tamil Nadu,2.3,15.4,0,0
2026-05-27,5.7,5.7,7.0,23.9,Kanyakumari (Southern Coast),8.1833,77.4119,Tamil Nadu,7.9,14.8,0,0
2026-05-27,3.8,3.8,3.0,13.0,Salem (Northern Inland),11.6643,78.146,Tamil Nadu,9.5,12.6,0,0
2026-05-27,0.6,0.6,3.0,11.9,Madurai (Southern Plains),9.9252,78.1198,Tamil Nadu,10.1,13.1,0,0
2026-05-27,0.0,0.0,0.0,16.5,Chennai (Coastal North),13.0827,80.2707,Tamil Nadu,4.4,12.4,0,0
2026-05-28,2.6,2.6,6.0,21.3,Coimbatore (Western Inland),11.0168,76.9558,Tamil Nadu,3.2,14.9,0,0
2026-05-28,0.4,0.4,2.0,18.0,Vellore (Palar Basin),12.9165,79.1325,Tamil Nadu,3.0,13.1,0,0
2026-05-28,4.2,4.2,10.0,20.9,Kanyakumari (Southern Coast),8.1833,77.4119,Tamil Nadu,7.2,17.3,0,0
2026-05-28,0.1,0.1,1.0,14.9,Salem (Northern Inland),11.6643,78.146,Tamil Nadu,4.7,11.7,0,0
2026-05-28,1.5,1.5,6.0,14.6,Madurai (Southern Plains),9.9252,78.1198,Tamil Nadu,5.8,9.4,0,0
2026-05-28,0.0,0.0,0.0,17.0,Chennai (Coastal North),13.0827,80.2707,Tamil Nadu,1.6,8.8,0,0
2026-05-28,0.3,0.3,1.0,21.5,Nagapattinam (Delta Coast),10.7656,79.8424,Tamil Nadu,1.8,9.1,0,0
2026-05-28,6.1,6.1,7.0,10.9,Nilgiris (Hill Station Zone),11.4102,76.695,Tamil Nadu,6.4,12.6,0,0
2026-05-28,0.0,0.0,0.0,19.6,Cuddalore (Coastal Central),11.748,79.7714,Tamil Nadu,6.4,12.2,0,0
2026-05-28,0.0,0.0,0.0,16.8,Tiruchirappalli (Kaveri Basin),10.7905,78.7047,Tamil Nadu,6.1,8.0,0,0
2026-05-29,0.0,0.0,0.0,17.7,Cuddalore (Coastal Central),11.748,79.7714,Tamil Nadu,0.0,7.9,0,0
2026-05-29,0.4,0.4,1.0,22.5,Nagapattinam (Delta Coast),10.7656,79.8424,Tamil Nadu,0.4,6.8,0,0
2026-05-29,2.1,2.1,2.0,14.8,Madurai (Southern Plains),9.9252,78.1198,Tamil Nadu,2.5,8.9,0,0
2026-05-29,5.4,5.4,10.0,22.0,Kanyakumari (Southern Coast),8.1833,77.4119,Tamil Nadu,7.9,14.0,0,0
2026-05-29,0.0,0.0,0.0,16.6,Chennai (Coastal North),13.0827,80.2707,Tamil Nadu,7.5,7.9,0,0
2026-05-29,0.0,0.0,0.0,21.4,Tiruchirappalli (Kaveri Basin),10.7905,78.7047,Tamil Nadu,5.4,7.9,0,0
2026-05-29,0.3,0.3,2.0,21.1,Coimbatore (Western Inland),11.0168,76.9558,Tamil Nadu,0.3,8.2,0,0
2026-05-29,0.0,0.0,0.0,19.1,Vellore (Palar Basin),12.9165,79.1325,Tamil Nadu,0.3,8.2,0,0
2026-05-29,2.3,2.3,8.0,11.2,Nilgiris (Hill Station Zone),11.4102,76.695,Tamil Nadu,2.6,10.1,0,0
2026-05-29,12.4,12.4,4.0,23.9,Salem (Northern Inland),11.6643,78.146,Tamil Nadu,14.7,20.4,0,0
2026-05-30,5.0,5.0,9.0,10.2,Nilgiris (Hill Station Zone),11.4102,76.695,Tamil Nadu,19.7,20.0,0,0
2026-05-30,0.9,0.9,3.0,21.6,Kanyakumari (Southern Coast),8.1833,77.4119,Tamil Nadu,18.3,20.9,0,0
2026-05-30,0.6,0.6,2.0,26.8,Cuddalore (Coastal Central),11.748,79.7714,Tamil Nadu,6.5,21.5,0,0
2026-05-30,0.4,0.4,1.0,13.0,Salem (Northern Inland),11.6643,78.146,Tamil Nadu,1.9,21.6,0,0
2026-05-30,1.7,1.7,3.0,20.5,Vellore (Palar Basin),12.9165,79.1325,Tamil Nadu,2.7,23.3,0,0
2026-05-30,0.7,0.7,2.0,21.0,Chennai (Coastal North),13.0827,80.2707,Tamil Nadu,2.8,21.7,0,0
2026-05-30,1.0,1.0,1.0,13.1,Madurai (Southern Plains),9.9252,78.1198,Tamil Nadu,3.4,10.3,0,0
2026-05-30,4.4,4.4,6.0,17.7,Coimbatore (Western Inland),11.0168,76.9558,Tamil Nadu,6.1,9.7,0,0
2026-05-30,0.0,0.0,0.0,18.5,Tiruchirappalli (Kaveri Basin),10.7905,78.7047,Tamil Nadu,5.4,8.8,0,0
2026-05-30,0.3,0.3,1.0,19.7,Nagapattinam (Delta Coast),10.7656,79.8424,Tamil Nadu,4.7,8.5,0,0
2026-05-31,0.0,0.0,0.0,11.7,Vellore (Palar Basin),12.9165,79.1325,Tamil Nadu,0.3,8.1,0,0
2026-05-31,3.2,3.2,11.0,11.0,Nilgiris (Hill Station Zone),11.4102,76.695,Tamil Nadu,3.5,9.6,0,0
2026-05-31,4.5,4.5,5.0,15.5,Coimbatore (Western Inland),11.0168,76.9558,Tamil Nadu,7.7,13.4,0,0
2026-05-31,0.0,0.0,0.0,15.6,Tiruchirappalli (Kaveri Basin),10.7905,78.7047,Tamil Nadu,7.7,12.4,0,0
2026-05-31,1.6,1.6,5.0,20.6,Kanyakumari (Southern Coast),8.1833,77.4119,Tamil Nadu,6.1,9.6,0,0
2026-05-31,0.5,0.5,2.0,14.8,Madurai (Southern Plains),9.9252,78.1198,Tamil Nadu,2.1,10.1,0,0
2026-05-31,0.8,0.8,2.0,15.0,Salem (Northern Inland),11.6643,78.146,Tamil Nadu,2.9,10.6,0,0
2026-05-31,0.4,0.4,1.0,19.8,Cuddalore (Coastal Central),11.748,79.7714,Tamil Nadu,1.7,11.0,0,0
2026-05-31,1.0,1.0,3.0,20.3,Nagapattinam (Delta Coast),10.7656,79.8424,Tamil Nadu,2.2,8.8,0,0
2026-05-31,0.9,0.9,5.0,13.7,Chennai (Coastal North),13.0827,80.2707,Tamil Nadu,2.3,5.2,0,0
2026-06-01,0.3,0.3,2.0,18.8,Vellore (Palar Basin),12.9165,79.1325,Tamil Nadu,2.2,5.5,0,0
2026-06-01,35.6,35.6,13.0,8.0,Nilgiris (Hill Station Zone),11.4102,76.695,Tamil Nadu,36.8,39.5,0,0
2026-06-01,0.8,0.8,4.0,18.5,Nagapattinam (Delta Coast),10.7656,79.8424,Tamil Nadu,36.7,39.8,0,0
2026-06-01,0.3,0.3,2.0,15.4,Cuddalore (Coastal Central),11.748,79.7714,Tamil Nadu,36.7,39.3,0,0
2026-06-01,2.1,2.1,3.0,16.0,Tiruchirappalli (Kaveri Basin),10.7905,78.7047,Tamil Nadu,3.2,41.0,0,0
2026-06-01,1.0,1.0,5.0,17.1,Chennai (Coastal North),13.0827,80.2707,Tamil Nadu,3.4,41.0,0,0
2026-06-01,5.4,5.4,9.0,19.3,Kanyakumari (Southern Coast),8.1833,77.4119,Tamil Nadu,8.5,45.5,0,0
2026-06-01,0.7,0.7,1.0,14.9,Madurai (Southern Plains),9.9252,78.1198,Tamil Nadu,7.1,45.9,0,0
2026-06-01,6.5,6.5,10.0,11.1,Salem (Northern Inland),11.6643,78.146,Tamil Nadu,12.6,16.8,0,0
2026-06-01,2.5,2.5,8.0,16.7,Coimbatore (Western Inland),11.0168,76.9558,Tamil Nadu,9.7,18.5,0,0
2026-06-02,0.8,0.8,5.0,15.3,Salem (Northern Inland),11.6643,78.146,Tamil Nadu,9.8,19.0,0,0
2026-06-02,1.9,1.9,4.0,16.6,Madurai (Southern Plains),9.9252,78.1198,Tamil Nadu,5.2,18.8,0,0
2026-06-02,7.4,7.4,8.0,20.3,Coimbatore (Western Inland),11.0168,76.9558,Tamil Nadu,10.1,25.2,0,0
2026-06-02,0.0,0.0,0.0,23.2,Nagapattinam (Delta Coast),10.7656,79.8424,Tamil Nadu,9.3,19.8,0,0
2026-06-02,10.6,10.6,9.0,9.6,Nilgiris (Hill Station Zone),11.4102,76.695,Tamil Nadu,18.0,29.7,0,0
2026-06-02,3.6,3.6,10.0,21.7,Kanyakumari (Southern Coast),8.1833,77.4119,Tamil Nadu,14.2,26.8,0,0
2026-06-02,0.0,0.0,0.0,20.9,Cuddalore (Coastal Central),11.748,79.7714,Tamil Nadu,14.2,24.3,0,0
2026-06-02,3.4,3.4,8.0,17.4,Chennai (Coastal North),13.0827,80.2707,Tamil Nadu,7.0,26.9,0,0
2026-06-02,0.4,0.4,3.0,12.5,Vellore (Palar Basin),12.9165,79.1325,Tamil Nadu,3.8,25.4,0,0
2026-06-02,1.2,1.2,4.0,17.0,Tiruchirappalli (Kaveri Basin),10.7905,78.7047,Tamil Nadu,5.0,19.2,0,0
2026-06-03,18.1,18.1,14.0,11.7,Nilgiris (Hill Station Zone),11.4102,76.695,Tamil Nadu,19.7,37.3,0,0
2026-06-03,2.3,2.3,7.0,18.8,Salem (Northern Inland),11.6643,78.146,Tamil Nadu,21.6,29.0,0,0
2026-06-03,1.4,1.4,5.0,17.0,Cuddalore (Coastal Central),11.748,79.7714,Tamil Nadu,21.8,26.8,0,0
2026-06-03,0.4,0.4,2.0,29.0,Tiruchirappalli (Kaveri Basin),10.7905,78.7047,Tamil Nadu,4.1,27.2,0,0
2026-06-03,0.0,0.0,0.0,25.4,Madurai (Southern Plains),9.9252,78.1198,Tamil Nadu,1.8,23.8,0,0
2026-06-03,1.5,1.5,5.0,14.9,Chennai (Coastal North),13.0827,80.2707,Tamil Nadu,1.9,24.9,0,0
2026-06-03,1.8,1.8,6.0,20.9,Nagapattinam (Delta Coast),10.7656,79.8424,Tamil Nadu,3.3,25.5,0,0
2026-06-03,19.3,19.3,24.0,25.4,Kanyakumari (Southern Coast),8.1833,77.4119,Tamil Nadu,22.6,26.7,0,0
2026-06-03,8.8,8.8,9.0,23.5,Coimbatore (Western Inland),11.0168,76.9558,Tamil Nadu,29.9,33.2,0,0
2026-06-03,8.5,8.5,4.0,17.5,Vellore (Palar Basin),12.9165,79.1325,Tamil Nadu,36.6,40.3,0,0
2026-06-04,2.9,2.9,3.0,17.6,Chennai (Coastal North),13.0827,80.2707,Tamil Nadu,20.2,42.8,0,0
2026-06-04,2.2,2.2,4.0,17.2,Salem (Northern Inland),11.6643,78.146,Tamil Nadu,13.6,45.0,0,0
2026-06-04,2.5,2.5,12.0,9.5,Nilgiris (Hill Station Zone),11.4102,76.695,Tamil Nadu,7.6,46.0,0,0
2026-06-04,0.4,0.4,3.0,22.8,Cuddalore (Coastal Central),11.748,79.7714,Tamil Nadu,5.1,44.6,0,0
2026-06-04,2.8,2.8,9.0,24.0,Coimbatore (Western Inland),11.0168,76.9558,Tamil Nadu,5.7,28.1,0,0
2026-06-04,0.9,0.9,4.0,20.1,Nagapattinam (Delta Coast),10.7656,79.8424,Tamil Nadu,4.1,20.2,0,0
2026-06-04,2.7,2.7,7.0,21.1,Madurai (Southern Plains),9.9252,78.1198,Tamil Nadu,6.4,14.4,0,0
2026-06-04,0.6,0.6,4.0,20.9,Tiruchirappalli (Kaveri Basin),10.7905,78.7047,Tamil Nadu,4.2,12.1,0,0
2026-06-04,0.3,0.3,2.0,22.3,Vellore (Palar Basin),12.9165,79.1325,Tamil Nadu,3.6,10.2,0,0
2026-06-04,18.6,18.6,24.0,22.5,Kanyakumari (Southern Coast),8.1833,77.4119,Tamil Nadu,19.5,26.3,0,0
2026-06-05,1.0,1.0,4.0,28.2,Vellore (Palar Basin),12.9165,79.1325,Tamil Nadu,19.9,26.9,0,0
2026-06-05,0.8,0.8,1.0,23.8,Coimbatore (Western Inland),11.0168,76.9558,Tamil Nadu,20.4,24.9,0,0
2026-06-05,0.1,0.1,1.0,23.3,Cuddalore (Coastal Central),11.748,79.7714,Tamil Nadu,1.9,24.1,0,0
2026-06-05,0.0,0.0,0.0,28.7,Madurai (Southern Plains),9.9252,78.1198,Tamil Nadu,0.9,21.4,0,0
2026-06-05,0.0,0.0,0.0,29.4,Tiruchirappalli (Kaveri Basin),10.7905,78.7047,Tamil Nadu,0.1,20.8,0,0
2026-06-05,1.5,1.5,8.0,13.0,Nilgiris (Hill Station Zone),11.4102,76.695,Tamil Nadu,1.5,22.0,0,0
2026-06-05,0.4,0.4,3.0,20.5,Nagapattinam (Delta Coast),10.7656,79.8424,Tamil Nadu,1.9,3.8,0,0
2026-06-05,9.8,9.8,21.0,26.8,Kanyakumari (Southern Coast),8.1833,77.4119,Tamil Nadu,11.7,12.6,0,0
2026-06-05,1.0,1.0,3.0,19.7,Chennai (Coastal North),13.0827,80.2707,Tamil Nadu,11.2,12.8,0,0
2026-06-05,2.1,2.1,3.0,16.1,Salem (Northern Inland),11.6643,78.146,Tamil Nadu,12.9,14.8,0,0
2026-06-06,2.5,2.5,8.0,21.8,Salem (Northern Inland),11.6643,78.146,Tamil Nadu,5.6,17.3,0,0
2026-06-06,1.3,1.3,3.0,20.7,Nagapattinam (Delta Coast),10.7656,79.8424,Tamil Nadu,5.9,18.6,0,0
2026-06-06,10.8,10.8,11.0,20.2,Coimbatore (Western Inland),11.0168,76.9558,Tamil Nadu,14.6,27.9,0,0
2026-06-06,0.1,0.1,1.0,28.3,Tiruchirappalli (Kaveri Basin),10.7905,78.7047,Tamil Nadu,12.2,27.6,0,0
2026-06-06,0.1,0.1,1.0,31.0,Madurai (Southern Plains),9.9252,78.1198,Tamil Nadu,11.0,17.9,0,0
2026-06-06,0.2,0.2,1.0,21.9,Cuddalore (Coastal Central),11.748,79.7714,Tamil Nadu,0.4,17.1,0,0
2026-06-06,0.0,0.0,0.0,17.2,Chennai (Coastal North),13.0827,80.2707,Tamil Nadu,0.3,15.0,0,0
2026-06-06,13.2,13.2,23.0,25.1,Kanyakumari (Southern Coast),8.1833,77.4119,Tamil Nadu,13.4,25.7,0,0
2026-06-06,16.4,16.4,13.0,6.9,Nilgiris (Hill Station Zone),11.4102,76.695,Tamil Nadu,29.6,40.8,0,0
2026-06-06,0.4,0.4,2.0,19.6,Vellore (Palar Basin),12.9165,79.1325,Tamil Nadu,30.0,30.4,0,0
2026-06-07,2.0,2.0,5.0,32.2,Madurai (Southern Plains),9.9252,78.1198,Tamil Nadu,18.8,32.3,0,0
2026-06-07,4.9,4.9,5.0,16.4,Chennai (Coastal North),13.0827,80.2707,Tamil Nadu,7.3,37.1,0,0
2026-06-07,1.8,1.8,5.0,19.7,Salem (Northern Inland),11.6643,78.146,Tamil Nadu,8.7,38.7,0,0
2026-06-07,2.2,2.2,9.0,24.7,Coimbatore (Western Inland),11.0168,76.9558,Tamil Nadu,8.9,40.9,0,0
2026-06-07,0.9,0.9,2.0,22.2,Vellore (Palar Basin),12.9165,79.1325,Tamil Nadu,4.9,28.6,0,0
2026-06-07,0.4,0.4,2.0,22.2,Cuddalore (Coastal Central),11.748,79.7714,Tamil Nadu,3.5,12.6,0,0
2026-06-07,23.8,23.8,23.0,24.6,Kanyakumari (Southern Coast),8.1833,77.4119,Tamil Nadu,25.1,36.0,0,0
2026-06-07,1.0,1.0,3.0,23.6,Tiruchirappalli (Kaveri Basin),10.7905,78.7047,Tamil Nadu,25.2,35.0,0,0
2026-06-07,5.4,5.4,14.0,10.0,Nilgiris (Hill Station Zone),11.4102,76.695,Tamil Nadu,30.2,35.5,0,0
2026-06-07,1.1,1.1,2.0,27.3,Nagapattinam (Delta Coast),10.7656,79.8424,Tamil Nadu,7.5,34.8,0,0
2026-06-08,0.4,0.4,3.0,22.0,Vellore (Palar Basin),12.9165,79.1325,Tamil Nadu,6.9,33.0,0,0
2026-06-08,15.4,15.4,24.0,24.7,Kanyakumari (Southern Coast),8.1833,77.4119,Tamil Nadu,16.9,47.5,0,0
2026-06-08,1.1,1.1,7.0,23.2,Coimbatore (Western Inland),11.0168,76.9558,Tamil Nadu,16.9,48.2,0,0
2026-06-08,0.0,0.0,0.0,31.0,Tiruchirappalli (Kaveri Basin),10.7905,78.7047,Tamil Nadu,16.5,24.4,0,0
2026-06-08,0.0,0.0,0.0,27.0,Nagapattinam (Delta Coast),10.7656,79.8424,Tamil Nadu,1.1,23.4,0,0
2026-06-08,1.5,1.5,9.0,12.5,Nilgiris (Hill Station Zone),11.4102,76.695,Tamil Nadu,1.5,19.5,0,0
2026-06-08,0.1,0.1,1.0,19.5,Salem (Northern Inland),11.6643,78.146,Tamil Nadu,1.6,18.5,0,0
2026-06-08,0.0,0.0,0.0,25.8,Madurai (Southern Plains),9.9252,78.1198,Tamil Nadu,1.6,18.1,0,0
2026-06-08,0.3,0.3,2.0,17.8,Chennai (Coastal North),13.0827,80.2707,Tamil Nadu,0.4,3.0,0,0
2026-06-08,0.0,0.0,0.0,21.1,Cuddalore (Coastal Central),11.748,79.7714,Tamil Nadu,0.3,1.9,0,0
2026-06-09,0.5,0.5,1.0,26.2,Madurai (Southern Plains),9.9252,78.1198,Tamil Nadu,0.8,2.4,0,0
2026-06-09,8.9,8.9,18.0,18.2,Nilgiris (Hill Station Zone),11.4102,76.695,Tamil Nadu,9.4,11.3,0,0
2026-06-09,0.9,0.9,3.0,26.8,Vellore (Palar Basin),12.9165,79.1325,Tamil Nadu,10.3,10.7,0,0
2026-06-09,6.2,6.2,17.0,21.3,Coimbatore (Western Inland),11.0168,76.9558,Tamil Nadu,16.0,16.8,0,0
2026-06-09,0.5,0.5,3.0,18.6,Salem (Northern Inland),11.6643,78.146,Tamil Nadu,7.6,17.3,0,0
2026-06-09,1.9,1.9,4.0,21.6,Chennai (Coastal North),13.0827,80.2707,Tamil Nadu,8.6,18.9,0,0
2026-06-09,0.1,0.1,1.0,29.1,Nagapattinam (Delta Coast),10.7656,79.8424,Tamil Nadu,2.5,19.0,0,0
2026-06-09,0.1,0.1,1.0,20.5,Cuddalore (Coastal Central),11.748,79.7714,Tamil Nadu,2.1,18.6,0,0
2026-06-09,12.6,12.6,24.0,25.8,Kanyakumari (Southern Coast),8.1833,77.4119,Tamil Nadu,12.8,22.3,0,0
2026-06-09,0.0,0.0,0.0,34.8,Tiruchirappalli (Kaveri Basin),10.7905,78.7047,Tamil Nadu,12.7,21.4,0,0
2026-06-10,0.5,0.5,2.0,16.5,Nilgiris (Hill Station Zone),11.4102,76.695,Tamil Nadu,13.1,15.7,0,0
2026-06-10,0.9,0.9,3.0,15.8,Salem (Northern Inland),11.6643,78.146,Tamil Nadu,1.4,16.1,0,0
2026-06-10,0.0,0.0,0.0,23.2,Coimbatore (Western Inland),11.0168,76.9558,Tamil Nadu,1.4,14.2,0,0
2026-06-10,0.4,0.4,2.0,23.1,Cuddalore (Coastal Central),11.748,79.7714,Tamil Nadu,1.3,14.5,0,0
2026-06-10,0.0,0.0,0.0,25.4,Tiruchirappalli (Kaveri Basin),10.7905,78.7047,Tamil Nadu,0.4,14.4,0,0
2026-06-10,0.1,0.1,1.0,21.0,Madurai (Southern Plains),9.9252,78.1198,Tamil Nadu,0.5,1.9,0,0
2026-06-10,17.3,17.3,22.0,21.9,Kanyakumari (Southern Coast),8.1833,77.4119,Tamil Nadu,17.4,19.2,0,0
2026-06-10,0.9,0.9,5.0,21.2,Chennai (Coastal North),13.0827,80.2707,Tamil Nadu,18.3,19.6,0,0
2026-06-10,0.0,0.0,0.0,23.6,Nagapattinam (Delta Coast),10.7656,79.8424,Tamil Nadu,18.2,18.7,0,0
2026-06-10,0.2,0.2,2.0,25.2,Vellore (Palar Basin),12.9165,79.1325,Tamil Nadu,1.1,18.9,0,0
2026-06-11,3.0,3.0,5.0,15.3,Madurai (Southern Plains),9.9252,78.1198,Tamil Nadu,3.2,21.5,0,0
2026-06-11,16.5,16.5,23.0,20.7,Kanyakumari (Southern Coast),8.1833,77.4119,Tamil Nadu,19.7,38.0,0,0
2026-06-11,0.7,0.7,4.0,24.7,Nagapattinam (Delta Coast),10.7656,79.8424,Tamil Nadu,20.2,38.6,0,0
2026-06-11,3.8,3.8,9.0,17.0,Nilgiris (Hill Station Zone),11.4102,76.695,Tamil Nadu,21.0,25.1,0,0
2026-06-11,1.7,1.7,3.0,21.1,Vellore (Palar Basin),12.9165,79.1325,Tamil Nadu,6.2,25.9,0,0
2026-06-11,3.7,3.7,4.0,13.2,Salem (Northern Inland),11.6643,78.146,Tamil Nadu,9.2,29.6,0,0
2026-06-11,4.0,4.0,6.0,16.2,Chennai (Coastal North),13.0827,80.2707,Tamil Nadu,9.4,33.4,0,0
2026-06-11,0.4,0.4,2.0,17.8,Cuddalore (Coastal Central),11.748,79.7714,Tamil Nadu,8.1,30.8,0,0
2026-06-11,1.2,1.2,4.0,19.1,Tiruchirappalli (Kaveri Basin),10.7905,78.7047,Tamil Nadu,5.6,15.5,0,0
2026-06-11,3.2,3.2,4.0,19.5,Coimbatore (Western Inland),11.0168,76.9558,Tamil Nadu,4.8,18.0,0,0
2026-06-12,0.0,0.0,0.0,27.1,Madurai (Southern Plains),9.9252,78.1198,Tamil Nadu,4.4,14.2,0,0
2026-06-12,3.3,3.3,6.0,15.4,Chennai (Coastal North),13.0827,80.2707,Tamil Nadu,6.5,15.8,0,0
2026-06-12,1.3,1.3,5.0,23.0,Nagapattinam (Delta Coast),10.7656,79.8424,Tamil Nadu,4.6,13.4,0,0
2026-06-12,1.9,1.9,4.0,16.8,Salem (Northern Inland),11.6643,78.146,Tamil Nadu,6.5,11.3,0,0
2026-06-12,11.8,11.8,10.0,17.7,Vellore (Palar Basin),12.9165,79.1325,Tamil Nadu,15.0,22.7,0,0
2026-06-12,5.6,5.6,8.0,20.1,Cuddalore (Coastal Central),11.748,79.7714,Tamil Nadu,19.3,27.1,0,0
2026-06-12,0.4,0.4,1.0,18.8,Coimbatore (Western Inland),11.0168,76.9558,Tamil Nadu,17.8,24.3,0,0
2026-06-12,15.0,15.0,22.0,20.2,Kanyakumari (Southern Coast),8.1833,77.4119,Tamil Nadu,21.0,39.3,0,0
2026-06-12,15.8,15.8,16.0,8.8,Nilgiris (Hill Station Zone),11.4102,76.695,Tamil Nadu,31.2,51.8,0,0
2026-06-12,0.7,0.7,3.0,26.4,Tiruchirappalli (Kaveri Basin),10.7905,78.7047,Tamil Nadu,31.5,51.2,0,0
2026-06-13,1.4,1.4,6.0,14.9,Chennai (Coastal North),13.0827,80.2707,Tamil Nadu,17.9,50.7,0,0
2026-06-13,5.1,5.1,12.0,15.2,Salem (Northern Inland),11.6643,78.146,Tamil Nadu,7.2,44.0,0,0
2026-06-13,1.9,1.9,6.0,23.8,Nagapattinam (Delta Coast),10.7656,79.8424,Tamil Nadu,8.4,40.3,0,0
2026-06-13,18.0,18.0,19.0,20.9,Kanyakumari (Southern Coast),8.1833,77.4119,Tamil Nadu,25.0,57.9,0,0
2026-06-13,2.3,2.3,4.0,19.2,Madurai (Southern Plains),9.9252,78.1198,Tamil Nadu,22.2,45.2,0,0
2026-06-13,4.8,4.8,10.0,20.2,Coimbatore (Western Inland),11.0168,76.9558,Tamil Nadu,25.1,34.2,0,0
2026-06-13,3.2,3.2,14.0,14.3,Nilgiris (Hill Station Zone),11.4102,76.695,Tamil Nadu,10.3,36.7,0,0
2026-06-13,1.1,1.1,4.0,19.8,Vellore (Palar Basin),12.9165,79.1325,Tamil Nadu,9.1,36.4,0,0
2026-06-13,6.9,6.9,8.0,21.1,Cuddalore (Coastal Central),11.748,79.7714,Tamil Nadu,11.2,38.2,0,0
2026-06-13,1.1,1.1,3.0,22.8,Tiruchirappalli (Kaveri Basin),10.7905,78.7047,Tamil Nadu,9.1,37.4,0,0
2026-06-14,4.8,4.8,4.0,13.6,Salem (Northern Inland),11.6643,78.146,Tamil Nadu,12.8,24.2,0,0
2026-06-14,3.8,3.8,4.0,23.1,Vellore (Palar Basin),12.9165,79.1325,Tamil Nadu,9.7,25.7,0,0
2026-06-14,1.9,1.9,4.0,27.4,Tiruchirappalli (Kaveri Basin),10.7905,78.7047,Tamil Nadu,10.5,22.8,0,0
2026-06-14,4.8,4.8,7.0,18.2,Cuddalore (Coastal Central),11.748,79.7714,Tamil Nadu,10.5,24.4,0,0
2026-06-14,1.2,1.2,8.0,24.1,Kanyakumari (Southern Coast),8.1833,77.4119,Tamil Nadu,7.9,24.5,0,0
2026-06-14,7.8,7.8,8.0,17.5,Nagapattinam (Delta Coast),10.7656,79.8424,Tamil Nadu,13.8,25.4,0,0
2026-06-14,2.1,2.1,4.0,19.0,Coimbatore (Western Inland),11.0168,76.9558,Tamil Nadu,11.1,26.4,0,0
2026-06-14,0.9,0.9,2.0,16.7,Madurai (Southern Plains),9.9252,78.1198,Tamil Nadu,10.8,22.5,0,0
2026-06-14,0.4,0.4,3.0,17.1,Chennai (Coastal North),13.0827,80.2707,Tamil Nadu,3.4,19.1,0,0
2026-06-14,0.6,0.6,5.0,12.6,Nilgiris (Hill Station Zone),11.4102,76.695,Tamil Nadu,1.9,17.8,0,0
2026-06-15,1.7,1.7,5.0,13.8,Chennai (Coastal North),13.0827,80.2707,Tamil Nadu,2.7,14.7,0,0
2026-06-15,0.2,0.2,2.0,18.0,Cuddalore (Coastal Central),11.748,79.7714,Tamil Nadu,2.5,13.7,0,0
2026-06-15,0.0,0.0,0.0,20.2,Vellore (Palar Basin),12.9165,79.1325,Tamil Nadu,1.9,5.9,0,0
2026-06-15,3.3,3.3,6.0,19.2,Coimbatore (Western Inland),11.0168,76.9558,Tamil Nadu,3.5,7.1,0,0
2026-06-15,0.1,0.1,1.0,16.5,Nilgiris (Hill Station Zone),11.4102,76.695,Tamil Nadu,3.4,6.3,0,0
2026-06-15,0.0,0.0,0.0,16.6,Salem (Northern Inland),11.6643,78.146,Tamil Nadu,3.4,5.9,0,0
2026-06-15,1.8,1.8,5.0,22.7,Kanyakumari (Southern Coast),8.1833,77.4119,Tamil Nadu,1.9,7.1,0,0
2026-06-15,0.6,0.6,4.0,11.3,Madurai (Southern Plains),9.9252,78.1198,Tamil Nadu,2.4,6.0,0,0
2026-06-15,2.1,2.1,5.0,17.1,Nagapattinam (Delta Coast),10.7656,79.8424,Tamil Nadu,4.5,7.9,0,0
2026-06-15,0.7,0.7,3.0,18.5,Tiruchirappalli (Kaveri Basin),10.7905,78.7047,Tamil Nadu,3.4,8.6,0,0
2026-06-16,0.4,0.4,4.0,22.5,Kanyakumari (Southern Coast),8.1833,77.4119,Tamil Nadu,3.2,5.7,0,0
2026-06-16,0.0,0.0,0.0,18.6,Tiruchirappalli (Kaveri Basin),10.7905,78.7047,Tamil Nadu,1.1,5.6,0,0
2026-06-16,0.4,0.4,3.0,12.7,Salem (Northern Inland),11.6643,78.146,Tamil Nadu,0.8,6.0,0,0
2026-06-16,1.0,1.0,4.0,14.2,Chennai (Coastal North),13.0827,80.2707,Tamil Nadu,1.4,5.2,0,0
2026-06-16,0.0,0.0,0.0,13.5,Nilgiris (Hill Station Zone),11.4102,76.695,Tamil Nadu,1.4,4.6,0,0
2026-06-16,0.3,0.3,2.0,19.3,Nagapattinam (Delta Coast),10.7656,79.8424,Tamil Nadu,1.3,2.8,0,0
2026-06-16,2.2,2.2,2.0,18.0,Vellore (Palar Basin),12.9165,79.1325,Tamil Nadu,2.5,4.3,0,0
2026-06-16,0.3,0.3,3.0,16.0,Madurai (Southern Plains),9.9252,78.1198,Tamil Nadu,2.8,4.2,0,0
2026-06-16,2.7,2.7,6.0,16.3,Coimbatore (Western Inland),11.0168,76.9558,Tamil Nadu,5.2,6.9,0,0
2026-06-16,0.0,0.0,0.0,18.0,Cuddalore (Coastal Central),11.748,79.7714,Tamil Nadu,3.0,6.5,0,0
2026-06-17,2.8,2.8,5.0,18.0,Cuddalore (Coastal Central),11.748,79.7714,Tamil Nadu,5.5,8.3,0,0
2026-06-17,2.9,2.9,5.0,18.9,Tiruchirappalli (Kaveri Basin),10.7905,78.7047,Tamil Nadu,5.7,11.2,0,0
2026-06-17,0.1,0.1,1.0,15.9,Chennai (Coastal North),13.0827,80.2707,Tamil Nadu,5.8,11.0,0,0
2026-06-17,1.9,1.9,2.0,14.2,Madurai (Southern Plains),9.9252,78.1198,Tamil Nadu,4.9,10.7,0,0
2026-06-17,5.3,5.3,13.0,9.7,Nilgiris (Hill Station Zone),11.4102,76.695,Tamil Nadu,7.3,15.7,0,0
2026-06-17,2.0,2.0,9.0,9.0,Salem (Northern Inland),11.6643,78.146,Tamil Nadu,9.2,15.0,0,0
2026-06-17,2.6,2.6,4.0,18.2,Coimbatore (Western Inland),11.0168,76.9558,Tamil Nadu,9.9,17.6,0,0
2026-06-17,2.0,2.0,5.0,19.6,Nagapattinam (Delta Coast),10.7656,79.8424,Tamil Nadu,6.6,16.8,0,0
2026-06-17,0.2,0.2,2.0,25.4,Kanyakumari (Southern Coast),8.1833,77.4119,Tamil Nadu,4.8,14.1,0,0
2026-06-17,1.3,1.3,3.0,15.5,Vellore (Palar Basin),12.9165,79.1325,Tamil Nadu,3.5,15.3,0,0
2026-06-18,25.9,25.9,22.0,6.9,Nilgiris (Hill Station Zone),11.4102,76.695,Tamil Nadu,27.4,39.3,0,0
2026-06-18,1.0,1.0,3.0,15.2,Madurai (Southern Plains),9.9252,78.1198,Tamil Nadu,28.2,35.0,0,0
2026-06-18,5.8,5.8,8.0,22.6,Kanyakumari (Southern Coast),8.1833,77.4119,Tamil Nadu,32.7,38.8,0,0
2026-06-18,2.6,2.6,7.0,12.1,Coimbatore (Western Inland),11.0168,76.9558,Tamil Nadu,9.4,38.8,0,0
2026-06-18,7.3,7.3,9.0,20.4,Tiruchirappalli (Kaveri Basin),10.7905,78.7047,Tamil Nadu,15.7,44.1,0,0
2026-06-18,8.6,8.6,15.0,22.3,Nagapattinam (Delta Coast),10.7656,79.8424,Tamil Nadu,18.5,52.5,0,0
2026-06-18,4.6,4.6,6.0,18.0,Chennai (Coastal North),13.0827,80.2707,Tamil Nadu,20.5,55.8,0,0
2026-06-18,10.6,10.6,16.0,15.7,Salem (Northern Inland),11.6643,78.146,Tamil Nadu,23.8,40.5,0,0
2026-06-18,3.6,3.6,8.0,25.6,Cuddalore (Coastal Central),11.748,79.7714,Tamil Nadu,18.8,43.1,0,0
2026-06-18,6.6,6.6,12.0,22.9,Vellore (Palar Basin),12.9165,79.1325,Tamil Nadu,20.8,43.9,0,0
2026-06-19,0.0,0.0,0.0,20.5,Kanyakumari (Southern Coast),8.1833,77.4119,Tamil Nadu,10.2,41.3,0,0
2026-06-19,1.7,1.7,5.0,11.7,Coimbatore (Western Inland),11.0168,76.9558,Tamil Nadu,8.3,35.7,0,0
2026-06-19,3.6,3.6,10.0,18.2,Nagapattinam (Delta Coast),10.7656,79.8424,Tamil Nadu,5.3,30.7,0,0
2026-06-19,8.7,8.7,5.0,18.4,Tiruchirappalli (Kaveri Basin),10.7905,78.7047,Tamil Nadu,14.0,34.8,0,0
2026-06-19,4.2,4.2,5.0,11.2,Salem (Northern Inland),11.6643,78.146,Tamil Nadu,16.5,28.4,0,0
2026-06-19,0.6,0.6,3.0,14.6,Vellore (Palar Basin),12.9165,79.1325,Tamil Nadu,13.5,25.4,0,0
2026-06-19,21.1,21.1,6.0,24.1,Cuddalore (Coastal Central),11.748,79.7714,Tamil Nadu,25.9,39.9,0,0
2026-06-19,8.9,8.9,19.0,4.9,Nilgiris (Hill Station Zone),11.4102,76.695,Tamil Nadu,30.6,48.8,0,0
2026-06-19,5.8,5.8,7.0,13.6,Chennai (Coastal North),13.0827,80.2707,Tamil Nadu,35.8,52.9,0,0
2026-06-19,3.1,3.1,5.0,11.6,Madurai (Southern Plains),9.9252,78.1198,Tamil Nadu,17.8,52.4,0,0
2026-06-20,6.4,6.4,6.0,15.4,Cuddalore (Coastal Central),11.748,79.7714,Tamil Nadu,15.3,50.1,0,0
2026-06-20,1.9,1.9,6.0,14.9,Vellore (Palar Basin),12.9165,79.1325,Tamil Nadu,11.4,47.8,0,0
2026-06-20,0.1,0.1,1.0,11.6,Madurai (Southern Plains),9.9252,78.1198,Tamil Nadu,8.4,47.3,0,0
2026-06-20,4.0,4.0,6.0,14.8,Chennai (Coastal North),13.0827,80.2707,Tamil Nadu,6.0,30.2,0,0
2026-06-20,0.0,0.0,0.0,19.0,Kanyakumari (Southern Coast),8.1833,77.4119,Tamil Nadu,4.1,21.3,0,0
2026-06-20,0.5,0.5,4.0,15.6,Coimbatore (Western Inland),11.0168,76.9558,Tamil Nadu,4.5,16.0,0,0
2026-06-20,1.5,1.5,3.0,10.0,Salem (Northern Inland),11.6643,78.146,Tamil Nadu,2.0,14.4,0,0
2026-06-20,11.6,11.6,14.0,15.0,Tiruchirappalli (Kaveri Basin),10.7905,78.7047,Tamil Nadu,13.6,19.6,0,0
2026-06-20,1.6,1.6,7.0,10.0,Nilgiris (Hill Station Zone),11.4102,76.695,Tamil Nadu,14.7,19.3,0,0
2026-06-20,2.7,2.7,6.0,17.9,Nagapattinam (Delta Coast),10.7656,79.8424,Tamil Nadu,15.9,21.9,0,0
2026-06-21,0.2,0.2,1.0,14.5,Salem (Northern Inland),11.6643,78.146,Tamil Nadu,4.5,18.1,0,0
2026-06-21,3.8,3.8,7.0,13.6,Chennai (Coastal North),13.0827,80.2707,Tamil Nadu,6.7,21.9,0,0
2026-06-21,34.5,34.5,15.0,7.0,Nilgiris (Hill Station Zone),11.4102,76.695,Tamil Nadu,38.5,55.9,0,0
2026-06-21,0.7,0.7,6.0,14.3,Tiruchirappalli (Kaveri Basin),10.7905,78.7047,Tamil Nadu,39.0,55.1,0,0
2026-06-21,0.9,0.9,1.0,13.9,Madurai (Southern Plains),9.9252,78.1198,Tamil Nadu,36.1,44.4,0,0
2026-06-21,0.2,0.2,2.0,17.2,Cuddalore (Coastal Central),11.748,79.7714,Tamil Nadu,1.8,43.0,0,0
2026-06-21,7.1,7.1,7.0,12.8,Vellore (Palar Basin),12.9165,79.1325,Tamil Nadu,8.2,47.4,0,0
2026-06-21,2.1,2.1,6.0,16.4,Nagapattinam (Delta Coast),10.7656,79.8424,Tamil Nadu,9.4,49.3,0,0
2026-06-21,4.0,4.0,10.0,21.2,Kanyakumari (Southern Coast),8.1833,77.4119,Tamil Nadu,13.2,49.5,0,0
2026-06-21,2.1,2.1,7.0,18.5,Coimbatore (Western Inland),11.0168,76.9558,Tamil Nadu,8.2,17.1,0,0
2026-06-22,6.8,6.8,4.0,20.6,Tiruchirappalli (Kaveri Basin),10.7905,78.7047,Tamil Nadu,12.9,23.2,0,0
2026-06-22,11.1,11.1,14.0,23.1,Kanyakumari (Southern Coast),8.1833,77.4119,Tamil Nadu,20.0,33.4,0,0
2026-06-22,1.7,1.7,4.0,13.9,Vellore (Palar Basin),12.9165,79.1325,Tamil Nadu,19.6,34.9,0,0
2026-06-22,4.5,4.5,5.0,19.1,Madurai (Southern Plains),9.9252,78.1198,Tamil Nadu,17.3,32.3,0,0
2026-06-22,1.7,1.7,6.0,15.3,Chennai (Coastal North),13.0827,80.2707,Tamil Nadu,7.9,31.9,0,0
2026-06-22,3.7,3.7,8.0,21.1,Coimbatore (Western Inland),11.0168,76.9558,Tamil Nadu,9.9,31.6,0,0
2026-06-22,23.3,23.3,18.0,8.8,Nilgiris (Hill Station Zone),11.4102,76.695,Tamil Nadu,28.7,52.8,0,0
2026-06-22,1.0,1.0,3.0,17.7,Cuddalore (Coastal Central),11.748,79.7714,Tamil Nadu,28.0,47.0,0,0
2026-06-22,2.0,2.0,8.0,19.0,Nagapattinam (Delta Coast),10.7656,79.8424,Tamil Nadu,26.3,37.9,0,0
2026-06-22,16.7,16.7,6.0,17.7,Salem (Northern Inland),11.6643,78.146,Tamil Nadu,19.7,52.9,0,0
2026-06-23,1.7,1.7,4.0,15.0,Chennai (Coastal North),13.0827,80.2707,Tamil Nadu,20.4,50.1,0,0
2026-06-23,1.0,1.0,3.0,25.4,Kanyakumari (Southern Coast),8.1833,77.4119,Tamil Nadu,19.4,49.4,0,0
2026-06-23,2.3,2.3,6.0,13.2,Nilgiris (Hill Station Zone),11.4102,76.695,Tamil Nadu,5.0,48.0,0,0
2026-06-23,1.5,1.5,5.0,22.4,Vellore (Palar Basin),12.9165,79.1325,Tamil Nadu,4.8,26.2,0,0
2026-06-23,0.0,0.0,0.0,14.0,Madurai (Southern Plains),9.9252,78.1198,Tamil Nadu,3.8,25.2,0,0
2026-06-23,0.1,0.1,1.0,22.8,Nagapattinam (Delta Coast),10.7656,79.8424,Tamil Nadu,1.6,23.3,0,0
2026-06-23,0.0,0.0,0.0,23.8,Tiruchirappalli (Kaveri Basin),10.7905,78.7047,Tamil Nadu,0.1,6.6,0,0
2026-06-23,0.9,0.9,3.0,19.0,Salem (Northern Inland),11.6643,78.146,Tamil Nadu,1.0,5.8,0,0
2026-06-23,2.1,2.1,3.0,17.6,Cuddalore (Coastal Central),11.748,79.7714,Tamil Nadu,3.0,6.9,0,0
2026-06-23,0.2,0.2,2.0,19.7,Coimbatore (Western Inland),11.0168,76.9558,Tamil Nadu,3.2,4.8,0,0
2026-06-24,0.6,0.6,5.0,17.4,Coimbatore (Western Inland),11.0168,76.9558,Tamil Nadu,2.9,3.9,0,0
2026-06-24,3.0,3.0,5.0,25.2,Kanyakumari (Southern Coast),8.1833,77.4119,Tamil Nadu,3.8,6.9,0,0
2026-06-24,0.2,0.2,1.0,22.3,Nagapattinam (Delta Coast),10.7656,79.8424,Tamil Nadu,3.8,7.0,0,0
2026-06-24,0.0,0.0,0.0,20.9,Cuddalore (Coastal Central),11.748,79.7714,Tamil Nadu,3.2,7.0,0,0
2026-06-24,0.4,0.4,3.0,15.7,Salem (Northern Inland),11.6643,78.146,Tamil Nadu,0.6,6.5,0,0
2026-06-24,0.8,0.8,2.0,22.9,Tiruchirappalli (Kaveri Basin),10.7905,78.7047,Tamil Nadu,1.2,5.2,0,0
2026-06-24,0.9,0.9,4.0,15.0,Chennai (Coastal North),13.0827,80.2707,Tamil Nadu,2.1,5.9,0,0
2026-06-24,3.3,3.3,7.0,16.7,Nilgiris (Hill Station Zone),11.4102,76.695,Tamil Nadu,5.0,8.6,0,0
2026-06-24,2.6,2.6,4.0,17.3,Vellore (Palar Basin),12.9165,79.1325,Tamil Nadu,6.8,8.2,0,0
2026-06-24,2.9,2.9,7.0,12.6,Madurai (Southern Plains),9.9252,78.1198,Tamil Nadu,8.8,10.9,0,0
2026-06-25,0.6,0.6,3.0,21.0,Tiruchirappalli (Kaveri Basin),10.7905,78.7047,Tamil Nadu,6.1,11.5,0,0
2026-06-25,0.5,0.5,3.0,12.6,Madurai (Southern Plains),9.9252,78.1198,Tamil Nadu,4.0,11.6,0,0
2026-06-25,1.4,1.4,4.0,15.2,Nilgiris (Hill Station Zone),11.4102,76.695,Tamil Nadu,2.5,12.2,0,0
2026-06-25,1.1,1.1,5.0,23.3,Kanyakumari (Southern Coast),8.1833,77.4119,Tamil Nadu,3.0,12.4,0,0
2026-06-25,1.1,1.1,3.0,22.0,Nagapattinam (Delta Coast),10.7656,79.8424,Tamil Nadu,3.6,10.2,0,0
2026-06-25,1.8,1.8,5.0,16.8,Salem (Northern Inland),11.6643,78.146,Tamil Nadu,4.0,9.4,0,0
2026-06-25,2.6,2.6,4.0,15.3,Chennai (Coastal North),13.0827,80.2707,Tamil Nadu,5.5,9.1,0,0
2026-06-25,2.2,2.2,4.0,20.7,Vellore (Palar Basin),12.9165,79.1325,Tamil Nadu,6.6,10.7,0,0
2026-06-25,2.1,2.1,3.0,23.0,Coimbatore (Western Inland),11.0168,76.9558,Tamil Nadu,6.9,12.3,0,0
2026-06-25,1.1,1.1,5.0,19.9,Cuddalore (Coastal Central),11.748,79.7714,Tamil Nadu,5.4,12.0,0,0
2026-06-26,1.5,1.5,9.0,27.2,Kanyakumari (Southern Coast),8.1833,77.4119,Tamil Nadu,4.7,12.4,0,0
2026-06-26,0.0,0.0,0.0,16.1,Chennai (Coastal North),13.0827,80.2707,Tamil Nadu,2.6,11.3,0,0
2026-06-26,6.0,6.0,7.0,20.0,Coimbatore (Western Inland),11.0168,76.9558,Tamil Nadu,7.5,15.5,0,0
2026-06-26,0.8,0.8,4.0,16.5,Madurai (Southern Plains),9.9252,78.1198,Tamil Nadu,6.8,13.7,0,0
2026-06-26,0.4,0.4,3.0,17.6,Nagapattinam (Delta Coast),10.7656,79.8424,Tamil Nadu,7.2,11.9,0,0
2026-06-26,1.8,1.8,4.0,17.8,Vellore (Palar Basin),12.9165,79.1325,Tamil Nadu,3.0,11.6,0,0
2026-06-26,2.4,2.4,4.0,14.2,Salem (Northern Inland),11.6643,78.146,Tamil Nadu,4.6,12.9,0,0
2026-06-26,2.5,2.5,7.0,15.1,Nilgiris (Hill Station Zone),11.4102,76.695,Tamil Nadu,6.7,13.9,0,0
2026-06-26,0.4,0.4,4.0,17.1,Tiruchirappalli (Kaveri Basin),10.7905,78.7047,Tamil Nadu,5.3,14.3,0,0
2026-06-26,0.3,0.3,2.0,23.4,Cuddalore (Coastal Central),11.748,79.7714,Tamil Nadu,3.2,8.6,0,0
2026-06-27,2.6,2.6,7.0,24.6,Kanyakumari (Southern Coast),8.1833,77.4119,Tamil Nadu,3.3,10.4,0,0
2026-06-27,0.7,0.7,5.0,21.9,Cuddalore (Coastal Central),11.748,79.7714,Tamil Nadu,3.6,10.7,0,0
2026-06-27,6.6,6.6,9.0,17.3,Chennai (Coastal North),13.0827,80.2707,Tamil Nadu,9.9,15.5,0,0
2026-06-27,4.9,4.9,8.0,11.4,Salem (Northern Inland),11.6643,78.146,Tamil Nadu,12.2,18.0,0,0
2026-06-27,0.2,0.2,2.0,17.5,Tiruchirappalli (Kaveri Basin),10.7905,78.7047,Tamil Nadu,11.7,15.7,0,0
2026-06-27,1.8,1.8,7.0,17.6,Nagapattinam (Delta Coast),10.7656,79.8424,Tamil Nadu,6.9,17.1,0,0
2026-06-27,3.5,3.5,4.0,20.2,Coimbatore (Western Inland),11.0168,76.9558,Tamil Nadu,5.5,20.3,0,0
2026-06-27,1.5,1.5,4.0,18.2,Madurai (Southern Plains),9.9252,78.1198,Tamil Nadu,6.8,19.2,0,0
2026-06-27,3.1,3.1,5.0,19.6,Vellore (Palar Basin),12.9165,79.1325,Tamil Nadu,8.1,21.6,0,0
2026-06-27,1.9,1.9,7.0,12.5,Nilgiris (Hill Station Zone),11.4102,76.695,Tamil Nadu,6.5,16.9,0,0
2026-06-28,3.0,3.0,6.0,26.4,Madurai (Southern Plains),9.9252,78.1198,Tamil Nadu,8.0,15.0,0,0
2026-06-28,24.5,24.5,12.0,15.7,Chennai (Coastal North),13.0827,80.2707,Tamil Nadu,29.4,39.3,0,0
2026-06-28,9.2,9.2,4.0,11.8,Salem (Northern Inland),11.6643,78.146,Tamil Nadu,36.7,46.7,0,0
2026-06-28,9.8,9.8,9.0,11.4,Nilgiris (Hill Station Zone),11.4102,76.695,Tamil Nadu,43.5,53.0,0,0
2026-06-28,5.8,5.8,6.0,22.3,Nagapattinam (Delta Coast),10.7656,79.8424,Tamil Nadu,24.8,57.3,0,0
2026-06-28,0.8,0.8,4.0,25.8,Coimbatore (Western Inland),11.0168,76.9558,Tamil Nadu,16.4,55.0,0,0
2026-06-28,3.2,3.2,5.0,14.8,Vellore (Palar Basin),12.9165,79.1325,Tamil Nadu,9.8,56.3,0,0
2026-06-28,3.3,3.3,8.0,20.4,Cuddalore (Coastal Central),11.748,79.7714,Tamil Nadu,7.3,56.6,0,0
2026-06-28,21.2,21.2,7.0,21.1,Tiruchirappalli (Kaveri Basin),10.7905,78.7047,Tamil Nadu,27.7,53.3,0,0
2026-06-28,0.8,0.8,6.0,29.5,Kanyakumari (Southern Coast),8.1833,77.4119,Tamil Nadu,25.3,44.9,0,0
2026-06-29,2.7,2.7,7.0,20.1,Madurai (Southern Plains),9.9252,78.1198,Tamil Nadu,24.7,37.8,0,0
2026-06-29,1.8,1.8,7.0,25.7,Vellore (Palar Basin),12.9165,79.1325,Tamil Nadu,5.3,33.8,0,0
2026-06-29,1.8,1.8,3.0,26.3,Tiruchirappalli (Kaveri Basin),10.7905,78.7047,Tamil Nadu,6.3,34.8,0,0
2026-06-29,1.7,1.7,5.0,22.8,Nagapattinam (Delta Coast),10.7656,79.8424,Tamil Nadu,5.3,33.3,0,0
2026-06-29,0.2,0.2,2.0,32.8,Kanyakumari (Southern Coast),8.1833,77.4119,Tamil Nadu,3.7,30.2,0,0
2026-06-29,1.6,1.6,6.0,22.1,Cuddalore (Coastal Central),11.748,79.7714,Tamil Nadu,3.5,10.6,0,0
2026-06-29,0.6,0.6,4.0,27.2,Coimbatore (Western Inland),11.0168,76.9558,Tamil Nadu,2.4,10.4,0,0
2026-06-29,1.7,1.7,8.0,16.6,Chennai (Coastal North),13.0827,80.2707,Tamil Nadu,3.9,9.4,0,0
2026-06-29,1.0,1.0,7.0,16.8,Nilgiris (Hill Station Zone),11.4102,76.695,Tamil Nadu,3.3,8.6,0,0
2026-06-29,15.2,15.2,9.0,16.6,Salem (Northern Inland),11.6643,78.146,Tamil Nadu,17.9,22.0,0,0
2026-06-30,0.3,0.3,2.0,32.2,Tiruchirappalli (Kaveri Basin),10.7905,78.7047,Tamil Nadu,16.5,20.6,0,0
2026-06-30,8.5,8.5,7.0,21.0,Madurai (Southern Plains),9.9252,78.1198,Tamil Nadu,24.0,28.9,0,0
2026-06-30,2.5,2.5,3.0,25.4,Nagapattinam (Delta Coast),10.7656,79.8424,Tamil Nadu,11.3,29.8,0,0
2026-06-30,0.6,0.6,4.0,25.8,Coimbatore (Western Inland),11.0168,76.9558,Tamil Nadu,11.6,29.8,0,0
2026-06-30,1.2,1.2,4.0,23.2,Salem (Northern Inland),11.6643,78.146,Tamil Nadu,4.3,29.3,0,0
2026-06-30,1.9,1.9,3.0,18.7,Cuddalore (Coastal Central),11.748,79.7714,Tamil Nadu,3.7,30.2,0,0
2026-06-30,2.9,2.9,4.0,15.7,Chennai (Coastal North),13.0827,80.2707,Tamil Nadu,6.0,17.9,0,0
2026-06-30,1.6,1.6,3.0,23.4,Vellore (Palar Basin),12.9165,79.1325,Tamil Nadu,6.4,19.2,0,0
2026-06-30,7.6,7.6,10.0,17.3,Nilgiris (Hill Station Zone),11.4102,76.695,Tamil Nadu,12.1,18.3,0,0
2026-06-30,0.7,0.7,5.0,28.6,Kanyakumari (Southern Coast),8.1833,77.4119,Tamil Nadu,9.9,16.5,0,0
2026-07-01,0.3,0.3,2.0,21.7,Chennai (Coastal North),13.0827,80.2707,Tamil Nadu,8.6,16.2,0,0
2026-07-01,0.6,0.6,3.0,26.6,Madurai (Southern Plains),9.9252,78.1198,Tamil Nadu,1.6,15.6,0,0
2026-07-01,0.3,0.3,3.0,27.0,Kanyakumari (Southern Coast),8.1833,77.4119,Tamil Nadu,1.2,14.0,0,0
2026-07-01,3.9,3.9,12.0,15.9,Nilgiris (Hill Station Zone),11.4102,76.695,Tamil Nadu,4.8,15.0,0,0
2026-07-01,0.0,0.0,0.0,32.6,Tiruchirappalli (Kaveri Basin),10.7905,78.7047,Tamil Nadu,4.2,13.4,0,0
2026-07-01,2.6,2.6,7.0,16.1,Salem (Northern Inland),11.6643,78.146,Tamil Nadu,6.5,8.4,0,0
2026-07-01,3.2,3.2,6.0,15.3,Cuddalore (Coastal Central),11.748,79.7714,Tamil Nadu,5.8,10.9,0,0
2026-07-01,0.8,0.8,5.0,25.4,Vellore (Palar Basin),12.9165,79.1325,Tamil Nadu,6.6,11.4,0,0
2026-07-01,1.5,1.5,6.0,24.8,Coimbatore (Western Inland),11.0168,76.9558,Tamil Nadu,5.5,12.3,0,0
2026-07-01,1.1,1.1,3.0,27.3,Nagapattinam (Delta Coast),10.7656,79.8424,Tamil Nadu,3.4,13.1,0,0
2026-07-02,0.3,0.3,2.0,20.7,Vellore (Palar Basin),12.9165,79.1325,Tamil Nadu,2.9,9.5,0,0
2026-07-02,0.4,0.4,4.0,26.1,Coimbatore (Western Inland),11.0168,76.9558,Tamil Nadu,1.8,9.9,0,0
2026-07-02,0.0,0.0,0.0,22.1,Nagapattinam (Delta Coast),10.7656,79.8424,Tamil Nadu,0.7,7.3,0,0
2026-07-02,0.0,0.0,0.0,30.2,Tiruchirappalli (Kaveri Basin),10.7905,78.7047,Tamil Nadu,0.4,4.1,0,0
2026-07-02,0.0,0.0,0.0,14.6,Salem (Northern Inland),11.6643,78.146,Tamil Nadu,0.0,3.3,0,0
2026-07-02,5.5,5.5,14.0,14.9,Nilgiris (Hill Station Zone),11.4102,76.695,Tamil Nadu,5.5,7.3,0,0
2026-07-02,0.1,0.1,1.0,25.1,Madurai (Southern Plains),9.9252,78.1198,Tamil Nadu,5.6,6.3,0,0
2026-07-02,3.0,3.0,12.0,28.4,Kanyakumari (Southern Coast),8.1833,77.4119,Tamil Nadu,8.6,9.0,0,0
2026-07-02,0.1,0.1,1.0,18.6,Chennai (Coastal North),13.0827,80.2707,Tamil Nadu,3.2,8.7,0,0
2026-07-02,0.1,0.1,1.0,13.7,Cuddalore (Coastal Central),11.748,79.7714,Tamil Nadu,3.2,8.8,0,0
2026-07-03,2.3,2.3,12.0,26.8,Kanyakumari (Southern Coast),8.1833,77.4119,Tamil Nadu,2.5,11.1,0,0
2026-07-03,1.3,1.3,5.0,31.1,Madurai (Southern Plains),9.9252,78.1198,Tamil Nadu,3.7,12.4,0,0
2026-07-03,6.9,6.9,11.0,22.4,Coimbatore (Western Inland),11.0168,76.9558,Tamil Nadu,10.5,13.8,0,0
2026-07-03,3.7,3.7,8.0,20.0,Cuddalore (Coastal Central),11.748,79.7714,Tamil Nadu,11.9,17.4,0,0
2026-07-03,1.0,1.0,5.0,23.0,Chennai (Coastal North),13.0827,80.2707,Tamil Nadu,11.6,15.4,0,0
2026-07-03,1.1,1.1,5.0,24.9,Nagapattinam (Delta Coast),10.7656,79.8424,Tamil Nadu,5.8,16.4,0,0
2026-07-03,1.1,1.1,3.0,25.8,Vellore (Palar Basin),12.9165,79.1325,Tamil Nadu,3.2,17.4,0,0
2026-07-03,2.8,2.8,8.0,36.0,Tiruchirappalli (Kaveri Basin),10.7905,78.7047,Tamil Nadu,5.0,17.9,0,0
2026-07-03,18.6,18.6,10.0,23.6,Salem (Northern Inland),11.6643,78.146,Tamil Nadu,22.5,35.2,0,0
2026-07-03,10.3,10.3,23.0,19.2,Nilgiris (Hill Station Zone),11.4102,76.695,Tamil Nadu,31.7,38.6,0,0
2026-07-04,0.9,0.9,6.0,25.9,Vellore (Palar Basin),12.9165,79.1325,Tamil Nadu,29.8,35.8,0,0
2026-07-04,3.3,3.3,6.0,30.7,Nagapattinam (Delta Coast),10.7656,79.8424,Tamil Nadu,14.5,38.1,0,0
2026-07-04,2.2,2.2,5.0,18.7,Cuddalore (Coastal Central),11.748,79.7714,Tamil Nadu,6.4,39.2,0,0
2026-07-04,5.8,5.8,10.0,18.2,Chennai (Coastal North),13.0827,80.2707,Tamil Nadu,11.3,43.9,0,0
2026-07-04,7.9,7.9,10.0,24.0,Coimbatore (Western Inland),11.0168,76.9558,Tamil Nadu,15.9,49.0,0,0
2026-07-04,5.1,5.1,10.0,14.1,Salem (Northern Inland),11.6643,78.146,Tamil Nadu,18.8,35.5,0,0
2026-07-04,1.0,1.0,5.0,30.9,Tiruchirappalli (Kaveri Basin),10.7905,78.7047,Tamil Nadu,14.0,26.2,0,0
2026-07-04,3.0,3.0,7.0,21.9,Madurai (Southern Plains),9.9252,78.1198,Tamil Nadu,9.1,28.3,0,0
2026-07-04,3.6,3.6,16.0,30.4,Kanyakumari (Southern Coast),8.1833,77.4119,Tamil Nadu,7.6,28.6,0,0
2026-07-04,11.7,11.7,20.0,20.3,Nilgiris (Hill Station Zone),11.4102,76.695,Tamil Nadu,18.3,38.1,0,0
2026-07-05,3.0,3.0,16.0,20.1,Nilgiris (Hill Station Zone),11.4102,76.695,Tamil Nadu,18.3,35.3,0,0
2026-07-05,0.0,0.0,0.0,27.9,Vellore (Palar Basin),12.9165,79.1325,Tamil Nadu,14.7,27.4,0,0
2026-07-05,0.0,0.0,0.0,37.3,Tiruchirappalli (Kaveri Basin),10.7905,78.7047,Tamil Nadu,3.0,22.3,0,0
2026-07-05,0.3,0.3,3.0,33.8,Kanyakumari (Southern Coast),8.1833,77.4119,Tamil Nadu,0.3,21.6,0,0
2026-07-05,0.8,0.8,7.0,24.5,Coimbatore (Western Inland),11.0168,76.9558,Tamil Nadu,1.1,19.4,0,0
2026-07-05,0.0,0.0,0.0,22.7,Cuddalore (Coastal Central),11.748,79.7714,Tamil Nadu,1.1,15.8,0,0
2026-07-05,0.0,0.0,0.0,31.0,Madurai (Southern Plains),9.9252,78.1198,Tamil Nadu,0.8,4.1,0,0
2026-07-05,0.1,0.1,1.0,25.9,Nagapattinam (Delta Coast),10.7656,79.8424,Tamil Nadu,0.1,1.2,0,0
2026-07-05,0.3,0.3,3.0,18.0,Salem (Northern Inland),11.6643,78.146,Tamil Nadu,0.4,1.5,0,0
2026-07-05,0.0,0.0,0.0,21.3,Chennai (Coastal North),13.0827,80.2707,Tamil Nadu,0.4,1.5,0,0
2026-07-06,0.0,0.0,0.0,28.1,Vellore (Palar Basin),12.9165,79.1325,Tamil Nadu,0.3,1.2,0,0
2026-07-06,0.1,0.1,1.0,32.9,Kanyakumari (Southern Coast),8.1833,77.4119,Tamil Nadu,0.1,0.5,0,0
2026-07-06,0.0,0.0,0.0,34.8,Tiruchirappalli (Kaveri Basin),10.7905,78.7047,Tamil Nadu,0.1,0.5,0,0
2026-07-06,2.8,2.8,20.0,19.2,Nilgiris (Hill Station Zone),11.4102,76.695,Tamil Nadu,2.9,3.3,0,0
2026-07-06,0.0,0.0,0.0,31.4,Madurai (Southern Plains),9.9252,78.1198,Tamil Nadu,2.8,3.2,0,0
2026-07-06,0.0,0.0,0.0,26.3,Chennai (Coastal North),13.0827,80.2707,Tamil Nadu,2.8,2.9,0,0
2026-07-06,0.1,0.1,1.0,23.2,Nagapattinam (Delta Coast),10.7656,79.8424,Tamil Nadu,0.1,3.0,0,0
2026-07-06,0.3,0.3,1.0,17.9,Salem (Northern Inland),11.6643,78.146,Tamil Nadu,0.4,3.3,0,0
2026-07-06,0.0,0.0,0.0,23.2,Cuddalore (Coastal Central),11.748,79.7714,Tamil Nadu,0.4,3.2,0,0
2026-07-06,2.0,2.0,15.0,25.3,Coimbatore (Western Inland),11.0168,76.9558,Tamil Nadu,2.3,5.2,0,0
2026-07-07,1.7,1.7,14.0,25.6,Coimbatore (Western Inland),11.0168,76.9558,Tamil Nadu,3.7,4.1,0,0
2026-07-07,0.1,0.1,1.0,16.9,Salem (Northern Inland),11.6643,78.146,Tamil Nadu,3.8,4.2,0,0
2026-07-07,0.0,0.0,0.0,20.5,Nagapattinam (Delta Coast),10.7656,79.8424,Tamil Nadu,1.8,4.2,0,0
2026-07-07,0.2,0.2,2.0,16.9,Cuddalore (Coastal Central),11.748,79.7714,Tamil Nadu,0.3,4.3,0,0
2026-07-07,4.0,4.0,18.0,23.2,Nilgiris (Hill Station Zone),11.4102,76.695,Tamil Nadu,4.2,8.0,0,0
2026-07-07,0.0,0.0,0.0,25.6,Madurai (Southern Plains),9.9252,78.1198,Tamil Nadu,4.2,8.0,0,0
2026-07-07,0.4,0.4,3.0,26.2,Vellore (Palar Basin),12.9165,79.1325,Tamil Nadu,4.4,6.4,0,0
2026-07-07,0.0,0.0,0.0,34.8,Tiruchirappalli (Kaveri Basin),10.7905,78.7047,Tamil Nadu,0.4,4.7,0,0
2026-07-07,0.9,0.9,7.0,29.5,Kanyakumari (Southern Coast),8.1833,77.4119,Tamil Nadu,1.3,5.5,0,0
2026-07-07,0.5,0.5,2.0,23.5,Chennai (Coastal North),13.0827,80.2707,Tamil Nadu,1.4,6.0,0,0
2026-07-08,0.4,0.4,3.0,23.3,Vellore (Palar Basin),12.9165,79.1325,Tamil Nadu,1.8,6.2,0,0
2026-07-08,1.3,1.3,4.0,20.9,Madurai (Southern Plains),9.9252,78.1198,Tamil Nadu,2.2,3.5,0,0
2026-07-08,0.2,0.2,1.0,21.2,Chennai (Coastal North),13.0827,80.2707,Tamil Nadu,1.9,3.7,0,0
2026-07-08,0.5,0.5,2.0,18.7,Salem (Northern Inland),11.6643,78.146,Tamil Nadu,2.0,3.8,0,0
2026-07-08,4.2,4.2,6.0,20.2,Coimbatore (Western Inland),11.0168,76.9558,Tamil Nadu,4.9,8.0,0,0
2026-07-08,16.0,16.0,11.0,20.2,Nilgiris (Hill Station Zone),11.4102,76.695,Tamil Nadu,20.7,23.1,0,0
2026-07-08,4.6,4.6,6.0,30.1,Tiruchirappalli (Kaveri Basin),10.7905,78.7047,Tamil Nadu,24.8,27.2,0,0
2026-07-08,2.3,2.3,4.0,23.3,Nagapattinam (Delta Coast),10.7656,79.8424,Tamil Nadu,22.9,29.1,0,0
2026-07-08,4.9,4.9,14.0,31.4,Kanyakumari (Southern Coast),8.1833,77.4119,Tamil Nadu,11.8,32.7,0,0
2026-07-08,0.4,0.4,3.0,16.7,Cuddalore (Coastal Central),11.748,79.7714,Tamil Nadu,7.6,32.9,0,0
2026-07-09,3.9,3.9,8.0,21.6,Vellore (Palar Basin),12.9165,79.1325,Tamil Nadu,9.2,36.3,0,0
2026-07-09,1.5,1.5,5.0,18.6,Coimbatore (Western Inland),11.0168,76.9558,Tamil Nadu,5.8,33.6,0,0
2026-07-09,1.7,1.7,7.0,12.4,Salem (Northern Inland),11.6643,78.146,Tamil Nadu,7.1,19.3,0,0
2026-07-09,8.6,8.6,8.0,8.5,Nilgiris (Hill Station Zone),11.4102,76.695,Tamil Nadu,11.8,23.3,0,0
2026-07-09,1.2,1.2,3.0,14.1,Madurai (Southern Plains),9.9252,78.1198,Tamil Nadu,11.5,22.2,0,0
2026-07-09,1.2,1.2,2.0,30.6,Kanyakumari (Southern Coast),8.1833,77.4119,Tamil Nadu,11.0,18.5,0,0
2026-07-09,2.7,2.7,11.0,21.2,Nagapattinam (Delta Coast),10.7656,79.8424,Tamil Nadu,5.1,20.8,0,0
2026-07-09,0.6,0.6,2.0,18.7,Cuddalore (Coastal Central),11.748,79.7714,Tamil Nadu,4.5,17.5,0,0
2026-07-09,5.2,5.2,9.0,16.6,Chennai (Coastal North),13.0827,80.2707,Tamil Nadu,8.5,21.2,0,0
2026-07-09,0.3,0.3,3.0,24.3,Tiruchirappalli (Kaveri Basin),10.7905,78.7047,Tamil Nadu,6.1,19.8,0,0
2026-07-10,4.2,4.2,13.0,15.2,Nagapattinam (Delta Coast),10.7656,79.8424,Tamil Nadu,9.7,15.4,0,0
2026-07-10,5.1,5.1,7.0,17.5,Madurai (Southern Plains),9.9252,78.1198,Tamil Nadu,9.6,19.3,0,0
2026-07-10,3.8,3.8,9.0,25.9,Kanyakumari (Southern Coast),8.1833,77.4119,Tamil Nadu,13.1,21.9,0,0
2026-07-10,5.6,5.6,8.0,25.1,Tiruchirappalli (Kaveri Basin),10.7905,78.7047,Tamil Nadu,14.5,24.8,0,0
2026-07-10,14.2,14.2,8.0,17.4,Coimbatore (Western Inland),11.0168,76.9558,Tamil Nadu,23.6,38.4,0,0
2026-07-10,2.9,2.9,5.0,17.6,Chennai (Coastal North),13.0827,80.2707,Tamil Nadu,22.7,36.1,0,0
2026-07-10,2.0,2.0,5.0,18.5,Cuddalore (Coastal Central),11.748,79.7714,Tamil Nadu,19.1,37.8,0,0
2026-07-10,5.8,5.8,6.0,14.9,Salem (Northern Inland),11.6643,78.146,Tamil Nadu,10.7,39.4,0,0
2026-07-10,0.4,0.4,4.0,18.8,Vellore (Palar Basin),12.9165,79.1325,Tamil Nadu,8.2,34.7,0,0
2026-07-10,5.2,5.2,9.0,11.9,Nilgiris (Hill Station Zone),11.4102,76.695,Tamil Nadu,11.4,36.1,0,0
2026-07-11,1.2,1.2,4.0,22.1,Nagapattinam (Delta Coast),10.7656,79.8424,Tamil Nadu,6.8,31.7,0,0
2026-07-11,1.7,1.7,4.0,11.8,Salem (Northern Inland),11.6643,78.146,Tamil Nadu,8.1,19.2,0,0
2026-07-11,5.6,5.6,6.0,19.7,Coimbatore (Western Inland),11.0168,76.9558,Tamil Nadu,8.5,21.9,0,0
2026-07-11,1.8,1.8,3.0,20.9,Tiruchirappalli (Kaveri Basin),10.7905,78.7047,Tamil Nadu,9.1,21.7,0,0
2026-07-11,0.5,0.5,2.0,13.0,Chennai (Coastal North),13.0827,80.2707,Tamil Nadu,7.9,16.4,0,0
2026-07-11,0.8,0.8,4.0,10.1,Madurai (Southern Plains),9.9252,78.1198,Tamil Nadu,3.1,16.8,0,0
2026-07-11,0.6,0.6,4.0,26.5,Kanyakumari (Southern Coast),8.1833,77.4119,Tamil Nadu,1.9,12.2,0,0
2026-07-11,4.0,4.0,6.0,14.2,Nilgiris (Hill Station Zone),11.4102,76.695,Tamil Nadu,5.4,15.0,0,0
2026-07-11,0.0,0.0,0.0,19.6,Vellore (Palar Basin),12.9165,79.1325,Tamil Nadu,4.6,13.3,0,0
2026-07-11,0.2,0.2,2.0,19.8,Cuddalore (Coastal Central),11.748,79.7714,Tamil Nadu,4.2,7.9,0,0
2026-07-12,0.0,0.0,0.0,21.8,Nagapattinam (Delta Coast),10.7656,79.8424,Tamil Nadu,0.2,6.1,0,0
2026-07-12,0.1,0.1,1.0,19.5,Madurai (Southern Plains),9.9252,78.1198,Tamil Nadu,0.3,5.7,0,0
2026-07-12,0.0,0.0,0.0,24.0,Coimbatore (Western Inland),11.0168,76.9558,Tamil Nadu,0.1,4.9,0,0
2026-07-12,0.0,0.0,0.0,19.3,Vellore (Palar Basin),12.9165,79.1325,Tamil Nadu,0.1,4.3,0,0
2026-07-12,0.0,0.0,0.0,21.5,Cuddalore (Coastal Central),11.748,79.7714,Tamil Nadu,0.0,0.3,0,0
2026-07-12,0.0,0.0,0.0,26.3,Tiruchirappalli (Kaveri Basin),10.7905,78.7047,Tamil Nadu,0.0,0.3,0,0
2026-07-12,0.0,0.0,0.0,14.3,Chennai (Coastal North),13.0827,80.2707,Tamil Nadu,0.0,0.1,0,0
2026-07-12,0.0,0.0,0.0,13.3,Nilgiris (Hill Station Zone),11.4102,76.695,Tamil Nadu,0.0,0.1,0,0
2026-07-12,0.0,0.0,0.0,10.7,Salem (Northern Inland),11.6643,78.146,Tamil Nadu,0.0,0.0,0,0
2026-07-12,0.1,0.1,1.0,28.8,Kanyakumari (Southern Coast),8.1833,77.4119,Tamil Nadu,0.1,0.1,0,0
2026-07-13,0.1,0.1,1.0,23.3,Coimbatore (Western Inland),11.0168,76.9558,Tamil Nadu,0.2,0.2,0,0
2026-07-13,0.0,0.0,0.0,16.8,Chennai (Coastal North),13.0827,80.2707,Tamil Nadu,0.2,0.2,0,0
2026-07-13,0.0,0.0,0.0,20.5,Nagapattinam (Delta Coast),10.7656,79.8424,Tamil Nadu,0.1,0.2,0,0
2026-07-13,0.0,0.0,0.0,21.8,Cuddalore (Coastal Central),11.748,79.7714,Tamil Nadu,0.0,0.2,0,0
2026-07-13,0.0,0.0,0.0,13.0,Madurai (Southern Plains),9.9252,78.1198,Tamil Nadu,0.0,0.2,0,0
2026-07-13,0.0,0.0,0.0,23.9,Tiruchirappalli (Kaveri Basin),10.7905,78.7047,Tamil Nadu,0.0,0.2,0,0
2026-07-13,0.1,0.1,1.0,30.0,Kanyakumari (Southern Coast),8.1833,77.4119,Tamil Nadu,0.1,0.2,0,0
2026-07-13,0.0,0.0,0.0,20.3,Vellore (Palar Basin),12.9165,79.1325,Tamil Nadu,0.1,0.1,0,0
2026-07-13,0.0,0.0,0.0,13.7,Nilgiris (Hill Station Zone),11.4102,76.695,Tamil Nadu,0.1,0.1,0,0
2026-07-13,0.0,0.0,0.0,12.2,Salem (Northern Inland),11.6643,78.146,Tamil Nadu,0.0,0.1,0,0
2026-07-14,0.0,0.0,0.0,29.0,Kanyakumari (Southern Coast),8.1833,77.4119,Tamil Nadu,0.0,0.1,0,0
2026-07-14,0.0,0.0,0.0,21.9,Cuddalore (Coastal Central),11.748,79.7714,Tamil Nadu,0.0,0.1,0,0
2026-07-14,0.0,0.0,0.0,13.6,Nilgiris (Hill Station Zone),11.4102,76.695,Tamil Nadu,0.0,0.1,0,0
2026-07-14,0.0,0.0,0.0,12.7,Salem (Northern Inland),11.6643,78.146,Tamil Nadu,0.0,0.0,0,0
2026-07-14,0.0,0.0,0.0,21.1,Nagapattinam (Delta Coast),10.7656,79.8424,Tamil Nadu,0.0,0.0,0,0
2026-07-14,0.0,0.0,0.0,20.7,Tiruchirappalli (Kaveri Basin),10.7905,78.7047,Tamil Nadu,0.0,0.0,0,0
2026-07-14,0.0,0.0,0.0,13.7,Chennai (Coastal North),13.0827,80.2707,Tamil Nadu,0.0,0.0,0,0
2026-07-14,0.0,0.0,0.0,23.9,Coimbatore (Western Inland),11.0168,76.9558,Tamil Nadu,0.0,0.0,0,0
2026-07-14,0.0,0.0,0.0,21.8,Vellore (Palar Basin),12.9165,79.1325,Tamil Nadu,0.0,0.0,0,0
2026-07-14,0.0,0.0,0.0,16.6,Madurai (Southern Plains),9.9252,78.1198,Tamil Nadu,0.0,0.0,0,0
2026-07-15,0.0,0.0,0.0,24.6,Cuddalore (Coastal Central),11.748,79.7714,Tamil Nadu,0.0,0.0,0,0
2026-07-15,0.0,0.0,0.0,9.3,Nilgiris (Hill Station Zone),11.4102,76.695,Tamil Nadu,0.0,0.0,0,0
2026-07-15,0.0,0.0,0.0,27.8,Kanyakumari (Southern Coast),8.1833,77.4119,Tamil Nadu,0.0,0.0,0,0
2026-07-15,0.0,0.0,0.0,20.5,Vellore (Palar Basin),12.9165,79.1325,Tamil Nadu,0.0,0.0,0,0
2026-07-15,1.4,1.4,2.0,14.0,Madurai (Southern Plains),9.9252,78.1198,Tamil Nadu,1.4,1.4,0,0
2026-07-15,0.0,0.0,0.0,14.3,Chennai (Coastal North),13.0827,80.2707,Tamil Nadu,1.4,1.4,0,0
2026-07-15,0.0,0.0,0.0,8.9,Salem (Northern Inland),11.6643,78.146,Tamil Nadu,1.4,1.4,0,0
2026-07-15,0.0,0.0,0.0,21.7,Tiruchirappalli (Kaveri Basin),10.7905,78.7047,Tamil Nadu,0.0,1.4,0,0
2026-07-15,0.0,0.0,0.0,21.7,Nagapattinam (Delta Coast),10.7656,79.8424,Tamil Nadu,0.0,1.4,0,0
2026-07-15,0.0,0.0,0.0,21.2,Coimbatore (Western Inland),11.0168,76.9558,Tamil Nadu,0.0,1.4,0,0
2026-07-16,0.8,0.8,5.0,20.5,Coimbatore (Western Inland),11.0168,76.9558,Tamil Nadu,0.8,2.2,0,0
2026-07-16,0.1,0.1,1.0,24.7,Kanyakumari (Southern Coast),8.1833,77.4119,Tamil Nadu,0.9,0.9,0,0
2026-07-16,0.1,0.1,1.0,17.6,Chennai (Coastal North),13.0827,80.2707,Tamil Nadu,1.0,1.0,0,0
2026-07-16,0.0,0.0,0.0,20.4,Vellore (Palar Basin),12.9165,79.1325,Tamil Nadu,0.2,1.0,0,0
2026-07-16,0.2,0.2,2.0,23.7,Nagapattinam (Delta Coast),10.7656,79.8424,Tamil Nadu,0.3,1.2,0,0
2026-07-16,0.1,0.1,1.0,9.7,Nilgiris (Hill Station Zone),11.4102,76.695,Tamil Nadu,0.3,1.3,0,0
2026-07-16,0.0,0.0,0.0,23.5,Cuddalore (Coastal Central),11.748,79.7714,Tamil Nadu,0.3,1.3,0,0
2026-07-16,0.2,0.2,1.0,20.5,Madurai (Southern Plains),9.9252,78.1198,Tamil Nadu,0.3,0.7,0,0
2026-07-16,0.0,0.0,0.0,12.0,Salem (Northern Inland),11.6643,78.146,Tamil Nadu,0.2,0.6,0,0
2026-07-16,0.4,0.4,2.0,20.9,Tiruchirappalli (Kaveri Basin),10.7905,78.7047,Tamil Nadu,0.6,0.9,0,0
2026-07-17,2.1,2.1,14.0,26.1,Kanyakumari (Southern Coast),8.1833,77.4119,Tamil Nadu,2.5,3.0,0,0
2026-07-17,0.2,0.2,1.0,20.9,Coimbatore (Western Inland),11.0168,76.9558,Tamil Nadu,2.7,3.0,0,0
2026-07-17,2.4,2.4,9.0,20.1,Cuddalore (Coastal Central),11.748,79.7714,Tamil Nadu,4.7,5.3,0,0
2026-07-17,2.4,2.4,10.0,13.9,Nilgiris (Hill Station Zone),11.4102,76.695,Tamil Nadu,5.0,7.7,0,0
2026-07-17,4.1,4.1,4.0,17.7,Salem (Northern Inland),11.6643,78.146,Tamil Nadu,8.9,11.6,0,0
2026-07-17,1.9,1.9,5.0,23.9,Nagapattinam (Delta Coast),10.7656,79.8424,Tamil Nadu,8.4,13.5,0,0
2026-07-17,8.4,8.4,11.0,21.5,Vellore (Palar Basin),12.9165,79.1325,Tamil Nadu,14.4,21.5,0,0
2026-07-17,0.0,0.0,0.0,21.6,Madurai (Southern Plains),9.9252,78.1198,Tamil Nadu,10.3,19.4,0,0
2026-07-17,4.0,4.0,8.0,17.3,Chennai (Coastal North),13.0827,80.2707,Tamil Nadu,12.4,23.2,0,0
2026-07-17,0.4,0.4,1.0,28.9,Tiruchirappalli (Kaveri Basin),10.7905,78.7047,Tamil Nadu,4.4,21.2,0,0
2026-07-18,1.7,1.7,3.0,9.0,Madurai (Southern Plains),9.9252,78.1198,Tamil Nadu,6.1,20.5,0,0
2026-07-18,2.6,2.6,7.0,26.3,Kanyakumari (Southern Coast),8.1833,77.4119,Tamil Nadu,4.7,19.0,0,0
2026-07-18,0.6,0.6,4.0,17.8,Nilgiris (Hill Station Zone),11.4102,76.695,Tamil Nadu,4.9,17.7,0,0
2026-07-18,1.1,1.1,4.0,15.0,Salem (Northern Inland),11.6643,78.146,Tamil Nadu,4.3,10.4,0,0
2026-07-18,7.8,7.8,6.0,18.3,Coimbatore (Western Inland),11.0168,76.9558,Tamil Nadu,9.5,18.2,0,0
2026-07-18,0.4,0.4,1.0,19.5,Nagapattinam (Delta Coast),10.7656,79.8424,Tamil Nadu,9.3,14.6,0,0
2026-07-18,0.4,0.4,3.0,17.7,Cuddalore (Coastal Central),11.748,79.7714,Tamil Nadu,8.6,14.6,0,0
2026-07-18,2.3,2.3,6.0,13.1,Chennai (Coastal North),13.0827,80.2707,Tamil Nadu,3.1,15.2,0,0
2026-07-18,0.7,0.7,2.0,23.2,Tiruchirappalli (Kaveri Basin),10.7905,78.7047,Tamil Nadu,3.4,13.3,0,0
2026-07-18,4.6,4.6,7.0,18.4,Vellore (Palar Basin),12.9165,79.1325,Tamil Nadu,7.6,17.3,0,0
