rainfall_mm,river_level_m,soil_moisture,wind_speed_kmph,temperature_c,population_density,elevation_m,infrastructure_vulnerability,road_accessibility,distance_to_water_body,primary_disaster,secondary_disaster,severity
107.4,7.92,0.9,62.9,31.9,2102.0,250.9,0.81,0.11,11.68,Cyclone,Infrastructure Failure,High
120.5,1.4,0.95,51.8,25.9,1659.0,2275.9,0.11,0.24,2.19,Landslide Trigger,Landslide,High
3.4,1.44,0.13,8.5,36.3,4657.0,149.6,0.92,0.45,24.38,Extreme Heat,Fire,Critical
22.3,3.29,0.31,14.0,19.7,1505.0,328.8,0.66,0.11,5.87,Earthquake,Fire,Medium
119.5,9.78,0.49,25.4,28.4,2221.0,132.4,0.32,0.56,0.75,Heavy Rain,Flood,High
315.3,3.73,0.74,32.7,19.7,2241.0,503.0,0.12,0.46,2.26,Heavy Rain,Flood,High
151.1,9.9,0.43,28.8,23.5,3621.0,582.8,0.75,0.83,4.64,Heavy Rain,Flood,High
115.3,4.23,0.89,59.5,26.5,2251.0,1142.9,0.72,0.49,3.73,Landslide Trigger,Landslide,High
38.7,3.43,0.33,30.8,23.1,4700.0,755.7,0.16,0.23,9.63,Earthquake,Fire,Medium
14.3,0.85,0.22,25.3,40.9,2674.0,587.4,0.38,0.65,7.29,Extreme Heat,Fire,High
96.6,7.64,0.51,22.5,20.6,1177.0,154.4,0.88,0.92,6.62,Heavy Rain,Flood,High
177.1,1.86,0.67,50.9,19.1,6068.0,574.0,0.77,0.21,8.79,Landslide Trigger,Landslide,High
10.1,0.94,0.12,35.6,37.5,6645.0,251.7,0.76,0.61,2.02,Extreme Heat,Fire,Critical
297.6,3.87,0.67,25.8,19.1,231.0,394.0,0.31,0.24,7.37,Heavy Rain,Flood,High
128.6,10.68,0.67,31.0,27.1,1899.0,132.0,0.59,0.95,3.95,Heavy Rain,Flood,High
303.9,6.08,0.88,17.7,18.4,2387.0,171.5,0.6,0.87,2.79,Heavy Rain,Flood,High
167.7,5.51,0.33,63.3,28.1,661.0,178.1,0.07,0.45,10.09,Cyclone,Fire,Medium
94.1,1.9,0.73,70.6,28.7,1628.0,116.0,0.77,0.4,2.16,Cyclone,Infrastructure Failure,High
232.7,2.5,0.76,82.5,29.5,1668.0,228.5,0.11,0.07,11.16,Cyclone,Landslide,Medium
322.9,7.22,0.85,20.5,22.1,3627.0,33.8,0.89,0.29,7.7,Heavy Rain,Flood,Critical
48.9,2.87,0.31,30.4,33.9,1140.0,1952.4,0.3,0.92,15.04,Earthquake,Fire,Medium
53.4,8.94,0.81,38.0,29.9,363.0,256.4,0.45,0.28,2.79,Heavy Rain,Flood,High
163.3,10.01,0.94,18.4,22.5,410.0,743.6,0.2,0.59,0.59,Heavy Rain,Flood,High
70.6,9.24,0.57,107.6,24.7,4551.0,191.0,0.73,0.57,7.98,Cyclone,Infrastructure Failure,High
274.2,8.04,0.75,65.3,22.1,1795.0,88.9,0.41,0.85,8.0,Cyclone,Flood,Medium
13.4,2.32,0.14,29.2,37.8,1440.0,187.7,0.44,0.8,6.25,Extreme Heat,Fire,High
89.6,9.11,0.71,23.0,23.9,1920.0,247.0,0.2,0.15,4.81,Heavy Rain,Flood,High
177.6,8.72,0.51,129.6,29.2,2776.0,373.0,0.64,0.86,9.87,Cyclone,Infrastructure Failure,High
32.0,1.64,0.16,29.8,31.0,2095.0,274.6,0.16,0.93,11.96,Earthquake,Fire,Medium
120.8,3.11,0.75,43.2,18.4,449.0,530.4,0.21,0.56,4.31,Heavy Rain,Flood,Medium
23.7,3.78,0.56,34.5,20.2,1466.0,2134.9,0.1,0.1,9.19,Earthquake,Landslide,Medium
278.4,6.62,0.53,37.6,21.0,5651.0,466.3,0.79,0.48,2.94,Heavy Rain,Flood,High
165.8,5.76,0.87,24.8,20.5,2206.0,76.9,0.81,0.25,3.79,Heavy Rain,Flood,High
131.4,5.85,0.88,32.3,20.4,504.0,1006.6,0.89,0.67,14.06,Landslide Trigger,Landslide,High
167.6,1.2,0.72,33.3,16.3,2743.0,1712.8,0.69,0.11,14.6,Landslide Trigger,Landslide,High
6.3,0.73,0.23,37.8,43.3,2660.0,87.6,0.41,0.8,10.16,Extreme Heat,Fire,High
250.0,6.39,0.52,84.3,23.2,3705.0,145.2,0.64,0.11,5.02,Cyclone,Infrastructure Failure,High
180.4,4.14,0.49,47.2,18.5,6867.0,341.2,0.55,0.26,1.43,Heavy Rain,Flood,High
40.2,3.06,0.63,11.6,32.7,3329.0,2058.8,0.62,0.41,18.41,Earthquake,Landslide,Medium
233.1,5.75,0.71,100.7,30.0,5826.0,330.7,0.54,0.81,1.84,Cyclone,Infrastructure Failure,High
192.3,5.91,0.93,21.3,28.1,1280.0,392.4,0.57,0.34,4.16,Heavy Rain,Flood,High
40.6,3.68,0.3,152.9,32.6,1458.0,161.1,0.65,0.77,8.77,Cyclone,Infrastructure Failure,High
362.4,6.1,0.85,22.0,29.9,3548.0,30.4,0.67,0.16,4.87,Heavy Rain,Flood,Critical
265.2,2.09,0.79,25.0,18.3,659.0,1492.9,0.2,0.43,6.84,Landslide Trigger,Landslide,High
299.9,10.58,0.45,27.7,19.2,3052.0,23.1,0.2,0.26,5.33,Heavy Rain,Flood,High
1.9,3.42,0.64,9.1,19.6,1841.0,1917.1,0.1,0.09,18.6,Earthquake,Landslide,Medium
185.0,4.64,0.32,115.4,22.1,231.0,316.0,0.58,0.41,3.75,Cyclone,Infrastructure Failure,High
292.9,5.85,0.47,127.4,25.0,2654.0,362.2,0.1,0.43,4.56,Cyclone,Flood,Medium
254.7,7.95,0.43,81.5,31.0,2013.0,372.5,0.35,0.83,1.23,Cyclone,Flood,Medium
77.6,4.4,0.84,12.3,23.9,1706.0,359.3,0.53,0.2,2.74,Heavy Rain,Disease Outbreak,High
177.3,5.83,0.85,21.9,16.1,1780.0,936.3,0.66,0.1,6.06,Landslide Trigger,Landslide,High
0.5,1.28,0.26,11.8,43.0,7333.0,248.6,0.32,0.26,22.38,Extreme Heat,Fire,High
138.7,2.44,0.81,52.2,23.4,644.0,2048.7,0.71,0.37,6.56,Landslide Trigger,Landslide,High
201.1,2.62,0.54,59.7,16.2,5153.0,2376.8,0.64,0.57,14.68,Landslide Trigger,Landslide,High
69.3,1.51,0.38,23.6,23.2,2758.0,969.1,0.82,0.23,7.28,Earthquake,Fire,Medium
264.3,5.13,0.88,40.0,24.9,231.0,432.4,0.85,0.94,12.46,Landslide Trigger,Landslide,High
147.0,4.39,0.84,21.4,28.4,12486.0,91.2,0.66,0.81,1.1,Heavy Rain,Disease Outbreak,High
157.0,8.59,0.74,37.1,26.2,1133.0,464.5,0.74,0.25,3.49,Heavy Rain,Flood,High
278.5,4.6,0.76,43.6,20.6,3080.0,57.4,0.81,0.09,1.13,Heavy Rain,Flood,Critical
228.2,4.23,0.59,148.2,25.7,372.0,188.8,0.28,0.08,0.26,Cyclone,Infrastructure Failure,High
200.5,4.91,0.63,76.6,25.3,266.0,267.2,0.85,0.57,11.59,Cyclone,Infrastructure Failure,High
236.1,7.0,0.44,14.0,25.2,1770.0,279.4,0.18,0.69,7.35,Heavy Rain,Flood,Medium
4.4,1.55,0.26,36.5,45.1,9436.0,615.2,0.32,0.05,17.63,Extreme Heat,Fire,Critical
103.4,3.24,0.7,120.2,28.5,1351.0,11.4,0.65,0.55,8.77,Cyclone,Infrastructure Failure,High
163.1,3.71,0.45,47.4,29.0,1745.0,523.3,0.71,0.75,0.92,Heavy Rain,Flood,Medium
61.9,1.5,0.73,93.9,24.8,6195.0,10.1,0.91,0.56,6.53,Cyclone,Infrastructure Failure,High
219.8,3.27,0.72,27.1,25.3,419.0,317.1,0.33,0.14,2.0,Heavy Rain,Flood,Medium
2.7,2.47,0.18,23.6,46.2,5456.0,896.1,0.34,0.33,15.4,Extreme Heat,Fire,High
182.9,8.55,0.8,24.2,19.6,2865.0,509.6,0.67,0.68,1.11,Heavy Rain,Flood,High
220.8,6.24,0.73,47.9,22.7,1171.0,773.3,0.45,0.61,1.36,Landslide Trigger,Landslide,Medium
12.7,0.89,0.09,38.7,35.5,2594.0,441.1,0.13,0.1,15.47,Extreme Heat,Fire,High
84.8,7.77,0.72,20.5,25.7,2306.0,657.9,0.67,0.28,0.43,Heavy Rain,Flood,High
151.6,8.02,0.92,46.4,25.0,3378.0,586.9,0.47,0.22,2.98,Heavy Rain,Flood,High
10.5,1.61,0.16,36.9,34.3,4755.0,297.9,0.68,0.35,3.31,Extreme Heat,Fire,High
10.1,1.29,0.28,20.9,39.8,511.0,842.6,0.58,0.92,7.77,Extreme Heat,Fire,High
5.7,0.62,0.15,22.7,36.3,2023.0,599.1,0.37,0.41,24.95,Extreme Heat,Fire,High
1.7,2.27,0.17,18.6,43.2,303.0,409.0,0.78,0.9,16.91,Extreme Heat,Fire,High
264.1,11.09,0.49,31.5,25.2,1420.0,469.6,0.16,0.4,3.27,Heavy Rain,Flood,High
73.9,7.37,0.43,65.6,28.1,2853.0,240.1,0.36,0.77,10.48,Cyclone,Infrastructure Failure,Medium
228.3,3.21,0.73,50.9,22.8,626.0,244.1,0.44,0.59,1.23,Heavy Rain,Flood,Medium
59.3,6.64,0.85,41.4,25.6,3282.0,560.4,0.8,0.76,7.68,Landslide Trigger,Landslide,Medium
22.2,3.79,0.21,31.3,34.4,232.0,430.9,0.41,0.51,14.72,Earthquake,Fire,Medium
186.8,8.99,0.7,105.7,30.9,13050.0,380.5,0.13,0.78,0.36,Cyclone,Infrastructure Failure,High
142.5,3.69,0.66,39.0,22.6,7546.0,53.1,0.39,0.24,4.84,Heavy Rain,Disease Outbreak,High
149.5,1.89,0.79,138.5,28.5,2689.0,144.5,0.79,0.62,9.62,Cyclone,Infrastructure Failure,High
241.8,6.29,0.55,151.0,28.0,3244.0,244.0,0.56,0.22,2.72,Cyclone,Infrastructure Failure,High
0.9,1.71,0.28,23.3,37.2,1966.0,606.5,0.2,0.22,3.84,Extreme Heat,Fire,High
16.2,1.85,0.18,16.9,25.2,5947.0,1089.1,0.18,0.51,8.27,Earthquake,Fire,Medium
54.9,1.43,0.76,40.5,26.3,260.0,1515.7,0.14,0.09,14.44,Landslide Trigger,Landslide,High
80.0,5.83,0.69,64.3,32.4,357.0,337.7,0.2,0.16,3.63,Cyclone,Infrastructure Failure,Medium
90.7,7.17,0.54,26.1,29.9,592.0,550.6,0.39,0.55,7.6,Heavy Rain,Flood,Medium
1.2,0.51,0.25,27.5,39.8,178.0,450.9,0.35,0.21,11.56,Extreme Heat,Fire,High
1.5,2.41,0.23,30.5,38.4,426.0,366.0,0.21,0.77,7.45,Extreme Heat,Fire,Medium
54.2,2.41,0.39,32.7,16.5,4981.0,653.3,0.94,0.27,7.65,Earthquake,Infrastructure Failure,High
13.1,2.16,0.12,19.0,39.7,5237.0,880.8,0.35,0.71,6.16,Extreme Heat,Fire,High
143.4,6.13,0.8,136.4,31.5,583.0,28.5,0.42,0.54,8.34,Cyclone,Infrastructure Failure,Medium
138.7,5.66,0.9,72.8,29.4,653.0,161.4,0.9,0.84,1.68,Cyclone,Infrastructure Failure,High
274.9,9.43,0.42,93.8,29.4,1517.0,196.1,0.58,0.57,5.08,Cyclone,Infrastructure Failure,High
103.3,6.75,0.72,35.7,20.5,1502.0,596.4,0.75,0.56,0.3,Heavy Rain,Flood,High
136.2,8.75,0.73,45.8,26.8,557.0,492.0,0.29,0.43,3.96,Heavy Rain,Flood,High
247.8,7.12,0.57,10.3,24.0,178.0,235.6,0.58,0.9,5.9,Heavy Rain,Flood,High
14.0,2.15,0.2,23.8,26.0,7360.0,925.8,0.23,0.07,10.91,Earthquake,Fire,Medium
262.6,6.12,0.83,116.7,30.9,7915.0,174.7,0.56,0.21,9.02,Cyclone,Infrastructure Failure,High
102.6,3.09,0.45,89.1,28.1,3158.0,237.3,0.12,0.13,5.18,Cyclone,Infrastructure Failure,Medium
81.2,4.11,0.6,27.7,19.6,3454.0,2023.7,0.65,0.77,1.19,Landslide Trigger,Landslide,High
357.8,2.68,0.49,49.9,23.5,3737.0,456.0,0.89,0.95,5.34,Heavy Rain,Flood,High
224.4,3.8,0.83,64.7,24.5,898.0,359.5,0.17,0.82,3.15,Cyclone,Flood,Medium
7.5,1.85,0.12,31.5,44.6,853.0,295.1,0.93,0.63,11.45,Extreme Heat,Fire,Critical
358.4,5.23,0.85,44.5,26.3,548.0,772.9,0.65,0.71,3.21,Heavy Rain,Flood,High
239.8,4.36,0.69,24.0,23.1,946.0,519.7,0.41,0.29,5.99,Heavy Rain,Flood,High
115.5,9.55,0.93,26.7,27.0,746.0,718.6,0.91,0.39,6.78,Heavy Rain,Flood,High
161.9,3.06,0.68,14.9,21.0,6767.0,260.4,0.32,0.82,6.49,Heavy Rain,Flood,Medium
245.7,5.59,0.57,46.1,27.2,2322.0,1765.1,0.63,0.51,5.64,Landslide Trigger,Landslide,High
1.8,1.12,0.29,35.1,35.9,3574.0,858.1,0.73,0.78,9.56,Extreme Heat,Fire,High
75.7,1.6,0.58,9.0,29.1,1030.0,1645.3,0.84,0.2,13.88,Earthquake,Landslide,Medium
52.9,5.3,0.72,53.2,19.4,2647.0,736.6,0.22,0.7,12.71,Landslide Trigger,Landslide,Medium
7.7,1.71,0.19,34.0,45.6,5941.0,644.3,0.65,0.68,4.42,Extreme Heat,Fire,High
169.8,10.41,0.82,15.1,22.9,10516.0,710.2,0.66,0.62,0.47,Heavy Rain,Flood,Critical
104.9,2.49,0.93,28.4,24.9,134.0,1186.2,0.54,0.93,2.95,Landslide Trigger,Landslide,Medium
129.7,4.36,0.51,109.5,26.8,2368.0,352.6,0.17,0.93,6.12,Cyclone,Infrastructure Failure,Medium
3.7,0.65,0.25,25.8,39.8,797.0,391.5,0.79,0.63,20.06,Extreme Heat,Fire,High
140.6,3.75,0.62,48.8,21.2,17563.0,1041.7,0.44,0.88,9.34,Landslide Trigger,Landslide,High
123.2,1.94,0.42,99.8,24.4,6043.0,5.1,0.72,0.2,10.99,Cyclone,Infrastructure Failure,High
89.7,3.11,0.82,51.8,23.2,1473.0,104.1,0.39,0.61,4.15,Heavy Rain,Flood,Medium
287.2,3.5,0.42,54.7,20.8,227.0,52.5,0.4,0.77,1.6,Heavy Rain,Flood,Medium
122.1,5.05,0.71,108.3,31.5,4917.0,347.1,0.46,0.94,0.22,Cyclone,Infrastructure Failure,Medium
7.2,2.47,0.28,13.7,41.5,428.0,893.1,0.69,0.36,21.72,Extreme Heat,Fire,High
41.7,3.42,0.61,51.8,18.7,1277.0,2055.0,0.27,0.26,1.01,Landslide Trigger,Landslide,High
72.5,4.18,0.72,23.1,23.0,7642.0,307.7,0.49,0.35,7.02,Heavy Rain,Flood,High
58.8,9.13,0.34,88.3,25.3,4992.0,131.6,0.16,0.62,2.06,Cyclone,Infrastructure Failure,Medium
63.4,2.06,0.85,78.1,31.0,10056.0,220.1,0.27,0.82,1.03,Cyclone,Infrastructure Failure,Medium
105.7,10.19,0.41,33.0,27.2,5581.0,748.5,0.85,0.23,7.28,Heavy Rain,Flood,High
143.8,5.1,0.62,27.7,24.5,687.0,136.3,0.33,0.5,5.56,Heavy Rain,Flood,Medium
245.0,7.42,0.69,74.8,28.0,1808.0,39.5,0.09,0.3,4.59,Cyclone,Flood,Medium
269.4,6.72,0.66,16.9,16.5,587.0,1184.4,0.74,0.15,14.27,Landslide Trigger,Landslide,High
294.9,4.55,0.77,92.5,28.9,9001.0,80.8,0.88,0.85,1.84,Cyclone,Infrastructure Failure,High
198.9,7.97,0.34,91.8,25.5,614.0,256.1,0.59,0.78,4.34,Cyclone,Infrastructure Failure,Medium
5.7,0.76,0.11,13.3,38.2,3911.0,585.7,0.38,0.79,15.82,Extreme Heat,Fire,High
85.1,5.25,0.78,77.1,23.2,3785.0,354.1,0.07,0.67,4.18,Cyclone,Flood,Medium
115.9,1.33,0.78,25.8,19.4,1232.0,561.2,0.13,0.87,3.06,Landslide Trigger,Landslide,Medium
41.5,3.9,0.56,28.8,27.0,837.0,723.4,0.72,0.54,14.52,Landslide Trigger,Landslide,Medium
341.9,7.49,0.71,18.8,20.0,1589.0,734.0,0.73,0.35,2.69,Heavy Rain,Flood,Critical
287.1,7.4,0.66,143.7,22.5,924.0,106.5,0.72,0.88,5.63,Cyclone,Infrastructure Failure,High
144.4,4.24,0.88,102.3,27.4,2793.0,143.9,0.74,0.78,10.92,Cyclone,Infrastructure Failure,High
162.8,6.4,0.89,26.3,27.5,4431.0,753.4,0.77,0.81,5.02,Heavy Rain,Flood,High
180.4,2.96,0.63,40.3,23.4,3323.0,601.7,0.22,0.72,2.92,Heavy Rain,Flood,Medium
43.7,1.21,0.3,27.5,24.7,4118.0,514.5,0.91,0.43,19.38,Earthquake,Fire,High
158.3,8.68,0.62,127.2,24.8,838.0,181.5,0.05,0.09,1.57,Cyclone,Flood,Medium
372.5,4.68,0.78,47.8,24.6,3034.0,131.0,0.71,0.74,5.85,Heavy Rain,Flood,High
371.9,7.66,0.6,39.2,18.8,1371.0,718.9,0.78,0.59,1.04,Heavy Rain,Flood,High
134.5,3.84,0.89,30.3,26.2,6119.0,576.3,0.21,0.44,11.88,Landslide Trigger,Landslide,High
104.6,8.86,0.71,38.6,20.4,1344.0,177.3,0.55,0.82,0.43,Heavy Rain,Flood,High
270.1,6.42,0.95,42.4,29.2,274.0,426.8,0.7,0.16,2.15,Heavy Rain,Flood,Critical
111.7,5.76,0.64,117.1,23.8,11302.0,155.0,0.7,0.88,7.44,Cyclone,Infrastructure Failure,High
222.9,4.55,0.59,45.0,22.7,2507.0,1604.9,0.35,0.52,7.86,Landslide Trigger,Landslide,High
115.2,9.75,0.51,13.8,23.2,1137.0,530.1,0.55,0.36,3.56,Heavy Rain,Flood,High
74.6,3.73,0.4,14.8,29.7,1412.0,128.9,0.88,0.06,10.02,Earthquake,Fire,High
8.3,1.98,0.2,8.0,47.6,964.0,475.8,0.49,0.44,16.13,Extreme Heat,Fire,High
74.7,3.46,0.89,20.8,20.3,305.0,408.9,0.57,0.16,6.17,Heavy Rain,Disease Outbreak,High
0.5,0.61,0.3,9.1,34.6,1074.0,405.4,0.43,0.09,21.41,Extreme Heat,Fire,High
151.3,6.12,0.64,91.6,25.5,435.0,47.1,0.74,0.92,4.46,Cyclone,Infrastructure Failure,High
77.6,3.53,0.45,26.0,20.7,2205.0,1406.2,0.73,0.3,9.66,Earthquake,Landslide,Medium
25.4,3.74,0.18,19.6,33.3,1019.0,1362.3,0.36,0.82,11.38,Earthquake,Fire,Medium
181.0,5.62,0.36,61.5,32.6,366.0,153.9,0.66,0.89,7.28,Cyclone,Infrastructure Failure,Medium
240.0,3.64,0.74,44.5,22.9,7444.0,705.1,0.61,0.17,5.22,Heavy Rain,Flood,High
4.6,0.9,0.32,31.6,43.5,4620.0,284.9,0.48,0.25,6.23,Extreme Heat,Fire,High
196.5,1.82,0.5,104.5,23.6,547.0,393.9,0.23,0.74,2.59,Cyclone,Infrastructure Failure,Medium
190.4,7.59,0.41,11.5,23.3,390.0,655.2,0.53,0.87,7.09,Heavy Rain,Flood,Medium
178.0,9.97,0.48,52.1,27.0,1545.0,753.7,0.89,0.3,5.45,Heavy Rain,Flood,High
26.6,2.95,0.53,32.9,19.1,311.0,1765.7,0.4,0.3,15.03,Earthquake,Landslide,Medium
24.4,3.94,0.47,26.5,34.5,1924.0,861.0,0.83,0.21,16.23,Earthquake,Fire,Medium
362.7,4.47,0.59,44.0,22.7,4440.0,490.5,0.26,0.1,3.61,Heavy Rain,Flood,High
111.0,5.29,0.4,93.7,26.4,7003.0,27.7,0.19,0.59,7.04,Cyclone,Infrastructure Failure,Medium
269.4,6.27,0.81,28.5,24.1,3565.0,15.8,0.08,0.38,5.56,Heavy Rain,Flood,High
78.3,1.97,0.4,32.3,29.3,6493.0,1301.5,0.46,0.48,16.16,Earthquake,Fire,Medium
177.4,11.2,0.8,13.7,28.4,2653.0,389.6,0.43,0.84,0.64,Heavy Rain,Flood,High
16.3,3.39,0.43,6.6,34.4,2128.0,1152.1,0.82,0.32,6.53,Earthquake,Fire,Medium
82.0,2.53,0.48,134.1,27.2,1395.0,94.9,0.9,0.36,2.08,Cyclone,Infrastructure Failure,Critical
277.1,3.91,0.58,55.1,20.4,265.0,1819.3,0.14,0.7,14.77,Landslide Trigger,Landslide,Medium
143.0,4.16,0.42,11.0,27.3,3080.0,116.2,0.44,0.07,3.79,Heavy Rain,Disease Outbreak,High
241.5,1.58,0.76,144.9,26.8,1678.0,216.5,0.85,0.85,5.78,Cyclone,Infrastructure Failure,High
160.8,8.04,0.94,53.3,24.1,10311.0,367.7,0.18,0.57,2.3,Heavy Rain,Flood,High
107.8,2.67,0.69,59.9,14.8,637.0,1557.1,0.45,0.51,2.16,Landslide Trigger,Landslide,High
102.1,2.9,0.54,28.6,27.5,2807.0,2289.4,0.87,0.06,5.69,Landslide Trigger,Landslide,Critical
317.5,11.04,0.45,17.3,29.5,1053.0,434.7,0.45,0.67,0.21,Heavy Rain,Flood,High
58.7,3.98,0.29,21.1,25.7,12235.0,922.1,0.82,0.5,4.21,Earthquake,Fire,High
9.0,0.95,0.21,29.3,41.2,1583.0,891.5,0.74,0.2,16.06,Extreme Heat,Fire,Critical
30.8,1.71,0.37,28.5,24.7,1440.0,1757.1,0.78,0.26,11.95,Earthquake,Fire,Medium
90.6,5.54,0.46,60.9,29.1,11013.0,206.9,0.56,0.83,5.4,Cyclone,Infrastructure Failure,High
96.0,7.62,0.9,36.2,26.6,2059.0,303.9,0.41,0.83,0.83,Heavy Rain,Flood,High
130.5,11.2,0.96,21.1,22.2,1975.0,717.5,0.34,0.52,7.74,Heavy Rain,Flood,High
205.1,2.64,0.84,17.3,14.7,1314.0,1172.6,0.49,0.34,5.95,Landslide Trigger,Landslide,High
86.1,2.86,0.95,33.5,20.2,985.0,1553.1,0.66,0.69,14.77,Landslide Trigger,Landslide,High
48.6,0.81,0.49,6.9,26.9,5997.0,1640.1,0.08,0.81,5.01,Earthquake,Fire,Low
154.3,3.24,0.38,150.6,22.8,3198.0,83.6,0.54,0.16,4.24,Cyclone,Infrastructure Failure,High
108.2,3.41,0.43,99.1,29.7,1687.0,90.9,0.93,0.91,4.46,Cyclone,Infrastructure Failure,High
12.0,0.98,0.07,16.1,37.7,6353.0,465.2,0.81,0.37,19.89,Extreme Heat,Fire,Critical
204.9,2.88,0.53,46.6,14.1,3883.0,1218.4,0.74,0.32,5.61,Landslide Trigger,Landslide,High
234.8,2.76,0.71,47.7,23.7,3574.0,2374.7,0.6,0.87,4.15,Landslide Trigger,Landslide,High
2.3,2.0,0.22,14.6,40.6,7134.0,313.7,0.56,0.62,15.32,Extreme Heat,Fire,High
41.5,0.68,0.27,19.8,21.2,1347.0,440.8,0.28,0.47,10.58,Earthquake,Fire,Low
94.0,10.85,0.9,41.8,19.3,4772.0,622.9,0.15,0.63,6.48,Heavy Rain,Flood,High
325.3,7.7,0.77,30.6,24.3,372.0,37.2,0.44,0.31,5.15,Heavy Rain,Flood,High
170.9,1.8,0.82,50.8,16.3,6809.0,608.6,0.53,0.47,3.04,Landslide Trigger,Landslide,High
8.5,2.77,0.58,29.8,27.5,262.0,211.8,0.28,0.17,3.14,Earthquake,Fire,Medium
135.8,5.97,0.95,37.5,28.0,4361.0,571.2,0.3,0.63,0.99,Heavy Rain,Flood,High
162.5,11.48,0.55,22.6,29.2,4235.0,29.5,0.8,0.93,5.6,Heavy Rain,Flood,High
78.0,0.73,0.56,24.4,27.9,13043.0,326.0,0.87,0.45,13.35,Earthquake,Fire,High
63.2,5.76,0.88,41.6,23.5,2126.0,53.5,0.89,0.63,3.47,Heavy Rain,Flood,High
152.8,7.23,0.44,53.8,22.3,3771.0,387.5,0.65,0.69,2.91,Heavy Rain,Flood,High
102.4,4.03,0.38,122.3,22.4,7188.0,241.1,0.45,0.46,10.45,Cyclone,Infrastructure Failure,High
6.2,2.85,0.56,12.3,23.4,992.0,1853.5,0.55,0.22,17.67,Earthquake,Landslide,Medium
8.2,3.69,0.56,27.8,16.0,1441.0,1864.0,0.54,0.13,9.32,Earthquake,Landslide,Medium
299.7,7.74,0.51,18.5,20.2,5971.0,55.0,0.07,0.09,4.74,Heavy Rain,Flood,High
8.6,2.14,0.15,17.2,42.3,4352.0,261.3,0.61,0.57,2.61,Extreme Heat,Fire,High
294.8,8.58,0.52,25.9,19.5,6360.0,112.6,0.92,0.62,5.44,Heavy Rain,Flood,Critical
79.7,2.35,0.79,115.0,28.8,5855.0,313.7,0.1,0.72,8.47,Cyclone,Infrastructure Failure,Medium
12.8,1.07,0.24,16.0,47.4,683.0,49.4,0.69,0.21,15.34,Extreme Heat,Fire,Critical
18.8,2.23,0.61,11.4,17.9,7870.0,1681.8,0.18,0.63,10.51,Earthquake,Landslide,Medium
3.5,0.81,0.26,25.8,44.6,1764.0,292.3,0.94,0.31,12.3,Extreme Heat,Fire,Critical
23.6,1.74,0.43,12.6,33.3,450.0,621.2,0.64,0.87,18.02,Earthquake,Fire,Medium
13.5,3.89,0.38,33.4,28.5,1258.0,698.4,0.13,0.18,4.58,Earthquake,Fire,Medium
84.5,6.31,0.86,16.4,19.6,429.0,518.3,0.2,0.88,1.66,Heavy Rain,Flood,Medium
251.8,4.33,0.69,111.0,29.4,1090.0,274.7,0.09,0.46,7.58,Cyclone,Flood,Medium
344.0,7.63,0.88,54.6,20.0,12611.0,556.5,0.94,0.67,5.43,Heavy Rain,Flood,Critical
130.4,9.69,0.46,45.1,28.9,1900.0,312.4,0.44,0.33,5.08,Heavy Rain,Flood,High
222.9,6.62,0.93,22.9,26.2,323.0,1874.9,0.29,0.87,4.54,Landslide Trigger,Landslide,High
201.0,7.27,0.45,128.3,22.3,605.0,153.3,0.79,0.26,7.56,Cyclone,Infrastructure Failure,High
196.5,3.43,0.77,19.8,14.2,5582.0,2219.1,0.95,0.24,4.77,Landslide Trigger,Landslide,Critical
21.2,2.82,0.63,32.5,25.1,12233.0,1759.5,0.92,0.2,3.58,Earthquake,Disease Outbreak,High
4.5,0.7,0.13,33.6,39.3,12848.0,97.8,0.62,0.42,9.87,Extreme Heat,Fire,Critical
75.0,9.39,0.79,86.7,22.8,2882.0,27.4,0.89,0.5,1.53,Cyclone,Infrastructure Failure,High
67.4,2.06,0.5,27.0,18.5,335.0,826.6,0.38,0.53,13.11,Earthquake,Fire,Low
299.0,5.3,0.79,101.0,30.8,1794.0,240.2,0.59,0.62,10.65,Cyclone,Infrastructure Failure,High
187.7,3.8,0.45,10.8,28.5,4362.0,196.8,0.34,0.51,1.77,Heavy Rain,Flood,High
2.4,2.42,0.31,35.2,39.7,128.0,690.9,0.07,0.58,5.31,Extreme Heat,Fire,Medium
200.3,7.16,0.4,29.0,26.6,949.0,359.7,0.78,0.58,5.88,Heavy Rain,Flood,High
119.6,4.63,0.76,47.3,23.0,3641.0,214.1,0.45,0.49,6.95,Heavy Rain,Flood,High
16.3,2.69,0.33,34.9,24.6,8055.0,1094.7,0.77,0.46,11.75,Earthquake,Fire,High
287.2,7.78,0.69,18.7,23.6,1407.0,204.2,0.91,0.53,7.33,Heavy Rain,Flood,High
191.6,4.26,0.56,31.9,15.4,4916.0,1645.9,0.25,0.2,7.26,Landslide Trigger,Landslide,High
137.5,6.56,0.83,33.9,21.2,3613.0,568.4,0.31,0.58,14.78,Landslide Trigger,Landslide,Medium
66.3,6.8,0.58,44.2,17.4,3681.0,1835.1,0.6,0.85,11.88,Landslide Trigger,Landslide,Medium
51.2,4.15,0.45,153.9,26.3,863.0,294.4,0.27,0.3,8.25,Cyclone,Infrastructure Failure,Medium
185.7,4.61,0.41,49.6,29.6,123.0,279.8,0.66,0.79,2.77,Heavy Rain,Flood,High
75.2,1.96,0.86,42.7,14.6,1572.0,1645.1,0.74,0.78,5.32,Landslide Trigger,Landslide,High
138.1,9.08,0.54,133.3,27.3,393.0,359.5,0.89,0.79,10.9,Cyclone,Infrastructure Failure,High
229.9,2.21,0.87,53.3,18.0,620.0,2304.5,0.53,0.57,1.7,Landslide Trigger,Landslide,High
194.8,1.1,0.94,17.0,16.0,8715.0,428.0,0.65,0.79,8.94,Landslide Trigger,Landslide,High
43.2,4.25,0.71,37.5,15.0,4736.0,1768.9,0.49,0.18,8.05,Landslide Trigger,Landslide,High
263.9,4.05,0.91,37.6,19.9,342.0,770.2,0.61,0.28,4.2,Heavy Rain,Flood,High
247.0,8.04,0.89,107.7,27.0,2633.0,302.6,0.54,0.13,1.68,Cyclone,Flood,High
140.3,6.12,0.89,19.5,15.3,542.0,925.4,0.7,0.14,13.25,Landslide Trigger,Landslide,High
198.2,4.35,0.77,82.2,29.0,6721.0,98.1,0.16,0.83,8.59,Cyclone,Flood,Medium
245.9,3.64,0.65,17.2,26.4,2358.0,609.5,0.78,0.89,0.94,Heavy Rain,Flood,High
41.1,3.83,0.42,16.8,32.0,2257.0,1109.9,0.81,0.8,9.97,Earthquake,Fire,Medium
136.8,3.0,0.73,40.8,17.3,1401.0,1987.9,0.15,0.26,7.81,Landslide Trigger,Landslide,High
75.9,1.57,0.23,18.8,21.1,2614.0,125.6,0.55,0.37,7.14,Earthquake,Fire,Medium
35.8,3.88,0.34,12.7,19.9,838.0,1034.2,0.69,0.07,15.43,Earthquake,Fire,Medium
188.2,9.48,0.6,35.4,20.5,6225.0,596.2,0.23,0.84,0.51,Heavy Rain,Flood,High
28.2,3.03,0.31,32.2,17.5,374.0,433.8,0.23,0.9,10.37,Earthquake,Fire,Low
274.4,3.26,0.92,39.5,17.8,14568.0,1804.8,0.29,0.65,10.22,Landslide Trigger,Landslide,High
67.2,3.52,0.4,55.0,27.6,1242.0,631.5,0.19,0.31,4.13,Heavy Rain,Flood,Medium
131.5,7.55,0.62,67.4,22.2,8759.0,45.4,0.62,0.77,4.98,Cyclone,Infrastructure Failure,High
151.9,3.17,0.55,54.4,25.0,2238.0,736.2,0.61,0.9,8.17,Landslide Trigger,Landslide,Medium
8.7,1.58,0.07,7.2,36.6,4212.0,48.6,0.17,0.8,19.1,Extreme Heat,Fire,High
12.4,1.55,0.27,16.2,20.1,13893.0,1101.2,0.1,0.18,8.74,Earthquake,Disease Outbreak,High
0.8,1.75,0.07,34.3,41.2,699.0,483.8,0.23,0.34,14.92,Extreme Heat,Fire,High
190.2,3.18,0.37,152.2,22.2,1229.0,322.1,0.17,0.18,9.48,Cyclone,Infrastructure Failure,High
280.2,8.29,0.85,52.2,26.3,6008.0,133.1,0.24,0.12,2.02,Heavy Rain,Flood,Critical
10.5,1.31,0.33,27.8,35.3,1416.0,854.1,0.41,0.1,7.95,Extreme Heat,Fire,High
7.4,0.75,0.17,17.3,44.8,1561.0,726.8,0.39,0.19,5.53,Extreme Heat,Fire,High
231.6,5.24,0.59,31.5,15.5,13745.0,1656.4,0.75,0.4,2.7,Landslide Trigger,Landslide,High
178.9,6.47,0.75,22.9,19.3,3466.0,2086.3,0.83,0.85,10.02,Landslide Trigger,Landslide,High
278.3,2.26,0.63,130.3,30.3,5209.0,244.7,0.7,0.13,2.08,Cyclone,Infrastructure Failure,Critical
155.2,2.89,0.5,61.7,26.4,3585.0,222.2,0.8,0.24,7.47,Cyclone,Infrastructure Failure,High
1.8,2.2,0.1,39.1,45.8,428.0,460.8,0.32,0.62,24.57,Extreme Heat,Fire,High
28.0,3.75,0.18,21.5,26.8,1551.0,1453.4,0.81,0.23,5.86,Earthquake,Fire,High
12.4,1.63,0.28,30.0,36.9,1911.0,520.6,0.92,0.46,21.96,Extreme Heat,Fire,High
2.1,1.28,0.34,16.2,46.2,378.0,795.5,0.7,0.33,10.05,Extreme Heat,Fire,Critical
227.9,3.66,0.72,50.0,19.4,1565.0,1286.3,0.52,0.78,6.27,Landslide Trigger,Landslide,High
127.7,5.69,0.7,85.6,25.1,2855.0,373.7,0.63,0.08,8.71,Cyclone,Infrastructure Failure,High
196.9,5.58,0.63,94.1,22.9,1781.0,81.4,0.47,0.1,11.41,Cyclone,Infrastructure Failure,High
62.4,8.95,0.71,32.9,20.9,774.0,598.4,0.46,0.31,1.43,Heavy Rain,Flood,High
19.8,2.76,0.48,29.7,23.4,12619.0,207.1,0.59,0.69,6.2,Earthquake,Fire,Medium
52.4,7.16,0.42,35.6,29.0,2061.0,775.1,0.9,0.66,4.37,Heavy Rain,Flood,Medium
47.5,5.23,0.44,104.6,27.0,674.0,234.9,0.5,0.8,4.35,Cyclone,Infrastructure Failure,Medium
209.3,4.21,0.86,146.7,24.3,5726.0,20.6,0.92,0.85,8.92,Cyclone,Infrastructure Failure,Critical
248.2,7.27,0.42,21.1,23.5,4443.0,506.5,0.3,0.56,4.5,Heavy Rain,Flood,High
7.1,1.95,0.53,25.8,34.8,1379.0,647.5,0.45,0.82,10.47,Earthquake,Fire,Medium
275.8,10.44,0.52,49.3,18.7,1309.0,712.0,0.51,0.9,2.7,Heavy Rain,Flood,High
65.8,5.67,0.9,27.8,20.4,8004.0,345.6,0.74,0.5,3.15,Heavy Rain,Flood,High
14.8,1.43,0.07,14.2,40.1,4759.0,158.1,0.29,0.58,23.79,Extreme Heat,Fire,High
224.8,9.03,0.83,108.9,30.5,490.0,227.0,0.16,0.53,6.68,Cyclone,Flood,Medium
138.7,2.69,0.82,11.5,25.1,2219.0,436.0,0.11,0.55,7.75,Heavy Rain,Flood,Medium
257.1,9.47,0.56,90.4,32.0,1765.0,80.5,0.09,0.36,7.42,Cyclone,Flood,Medium
4.0,1.87,0.33,14.4,45.4,334.0,68.7,0.89,0.74,14.38,Extreme Heat,Fire,High
267.1,9.92,0.78,53.6,26.6,498.0,740.5,0.53,0.16,4.19,Heavy Rain,Flood,High
47.4,2.19,0.46,5.3,18.9,1648.0,1106.4,0.43,0.69,19.06,Earthquake,Fire,Medium
249.3,5.19,0.64,19.8,29.6,184.0,113.2,0.25,0.75,3.04,Heavy Rain,Flood,High
116.4,3.22,0.68,10.4,19.0,7994.0,648.0,0.82,0.66,6.19,Heavy Rain,Flood,High
44.1,7.76,0.81,135.9,27.6,4256.0,97.0,0.93,0.19,10.16,Cyclone,Infrastructure Failure,Critical
90.9,3.19,0.78,77.8,22.7,5871.0,399.4,0.38,0.81,0.4,Cyclone,Infrastructure Failure,Medium
44.4,3.66,0.61,5.3,16.5,7113.0,588.3,0.46,0.6,13.72,Earthquake,Disease Outbreak,Medium
2.8,2.11,0.34,14.4,40.9,2336.0,95.8,0.18,0.45,14.86,Extreme Heat,Fire,Medium
120.2,4.13,0.77,15.4,24.7,274.0,1826.0,0.73,0.91,6.13,Landslide Trigger,Landslide,High
94.8,4.09,0.41,114.8,23.7,2728.0,145.7,0.4,0.43,8.39,Cyclone,Infrastructure Failure,Medium
181.8,1.55,0.35,143.7,22.9,1110.0,284.2,0.38,0.56,11.05,Cyclone,Infrastructure Failure,High
13.2,2.38,0.27,8.0,43.4,261.0,381.1,0.22,0.76,12.83,Extreme Heat,Fire,Medium
199.8,5.21,0.62,48.4,27.0,1029.0,225.1,0.88,0.57,1.03,Heavy Rain,Flood,High
174.0,6.27,0.52,136.7,27.8,2563.0,51.1,0.89,0.33,1.64,Cyclone,Infrastructure Failure,Critical
336.9,9.38,0.54,11.6,19.2,1585.0,585.5,0.5,0.7,1.68,Heavy Rain,Flood,High
87.4,6.16,0.68,34.3,27.8,3878.0,145.6,0.55,0.68,6.48,Heavy Rain,Flood,Medium
138.9,1.83,0.81,38.6,23.0,2933.0,1076.0,0.13,0.45,13.7,Landslide Trigger,Landslide,Medium
11.3,2.09,0.2,36.3,37.7,7351.0,381.3,0.67,0.82,22.67,Extreme Heat,Fire,High
7.1,3.53,0.31,10.3,19.8,1337.0,948.6,0.17,0.32,5.77,Earthquake,Fire,Low
184.5,5.03,0.51,130.9,31.8,4466.0,303.9,0.19,0.17,4.05,Cyclone,Infrastructure Failure,Medium
164.1,9.77,0.54,12.8,19.6,1034.0,688.4,0.55,0.52,5.11,Heavy Rain,Flood,High
266.3,4.6,0.9,23.9,26.3,1487.0,22.7,0.54,0.12,3.04,Heavy Rain,Flood,High
310.7,4.46,0.79,46.1,24.7,1506.0,595.3,0.78,0.32,5.33,Heavy Rain,Flood,Critical
184.2,7.46,0.53,88.8,27.1,2620.0,328.1,0.65,0.86,11.17,Cyclone,Infrastructure Failure,High
1.5,0.96,0.26,33.8,46.0,1943.0,385.3,0.26,0.31,4.05,Extreme Heat,Fire,High
61.8,0.76,0.56,17.8,26.9,401.0,242.8,0.92,0.78,7.41,Earthquake,Fire,Medium
201.7,4.51,0.94,25.5,19.9,112.0,454.9,0.26,0.89,7.56,Heavy Rain,Flood,Medium
81.1,1.68,0.76,53.8,20.7,346.0,2389.1,0.94,0.42,10.51,Landslide Trigger,Landslide,High
4.3,1.62,0.14,8.0,34.0,2818.0,415.6,0.95,0.31,21.25,Extreme Heat,Fire,Critical
22.4,1.06,0.23,13.6,30.9,946.0,1997.4,0.84,0.35,19.53,Earthquake,Fire,High
9.0,3.55,0.47,9.9,23.6,2033.0,667.6,0.94,0.1,15.0,Earthquake,Fire,Medium
125.9,5.36,0.6,90.0,30.0,5333.0,350.5,0.82,0.55,11.27,Cyclone,Infrastructure Failure,High
322.5,5.23,0.63,24.3,23.6,1301.0,235.6,0.14,0.52,7.7,Heavy Rain,Flood,High
45.4,2.38,0.43,104.1,26.8,1878.0,320.9,0.35,0.33,8.9,Cyclone,Infrastructure Failure,Medium
11.6,0.6,0.05,32.8,40.7,8726.0,135.2,0.82,0.69,7.42,Extreme Heat,Fire,Critical
209.1,7.18,0.97,53.5,20.6,869.0,650.8,0.66,0.41,1.66,Heavy Rain,Flood,High
357.4,3.3,0.7,51.3,28.8,3189.0,133.7,0.19,0.92,3.0,Heavy Rain,Flood,High
351.9,4.0,0.47,13.8,28.9,2006.0,163.0,0.59,0.11,3.39,Heavy Rain,Flood,High
124.8,10.88,0.93,45.2,18.2,1130.0,268.3,0.87,0.62,5.06,Heavy Rain,Flood,High
57.3,6.45,0.94,18.5,21.5,734.0,1006.7,0.57,0.91,6.5,Landslide Trigger,Landslide,High
7.5,0.67,0.24,16.9,46.0,779.0,402.5,0.74,0.29,6.44,Extreme Heat,Fire,High
237.2,3.15,0.49,104.2,32.4,1519.0,373.0,0.18,0.51,2.56,Cyclone,Infrastructure Failure,Medium
202.0,10.61,0.94,27.3,23.9,112.0,718.0,0.34,0.43,6.47,Heavy Rain,Flood,High
92.0,3.1,0.32,121.1,24.9,5281.0,25.7,0.82,0.48,2.85,Cyclone,Infrastructure Failure,Critical
142.3,9.32,0.42,80.5,25.2,7835.0,73.2,0.6,0.42,4.61,Cyclone,Infrastructure Failure,High
358.4,2.94,0.52,35.5,25.4,3452.0,41.3,0.68,0.62,3.28,Heavy Rain,Flood,High
116.6,2.25,0.56,72.2,32.4,4752.0,192.7,0.5,0.33,3.88,Cyclone,Infrastructure Failure,High
249.2,8.44,0.7,64.5,28.2,931.0,306.5,0.84,0.07,1.72,Cyclone,Infrastructure Failure,High
60.2,2.16,0.37,5.2,31.4,3719.0,823.6,0.68,0.91,11.27,Earthquake,Fire,Medium
42.5,1.9,0.63,24.3,21.0,1539.0,321.9,0.64,0.47,17.01,Earthquake,Fire,Medium
115.6,7.92,0.44,28.6,24.6,5731.0,354.5,0.74,0.08,6.01,Heavy Rain,Flood,High
82.4,5.79,0.86,139.3,31.3,2136.0,124.8,0.19,0.08,5.21,Cyclone,Infrastructure Failure,Medium
75.8,1.34,0.27,7.5,33.6,7862.0,1296.4,0.36,0.61,13.67,Earthquake,Fire,Medium
40.5,2.99,0.8,132.8,25.9,101.0,153.8,0.27,0.24,6.45,Cyclone,Infrastructure Failure,Medium
100.1,5.84,0.63,23.6,21.1,362.0,2131.3,0.37,0.72,4.38,Landslide Trigger,Landslide,Medium
44.1,3.36,0.63,28.8,27.1,13398.0,1110.7,0.4,0.19,1.76,Earthquake,Disease Outbreak,High
270.0,5.06,0.74,36.4,23.3,2005.0,670.5,0.53,0.65,2.19,Heavy Rain,Flood,High
308.7,6.05,0.77,16.8,29.2,166.0,312.6,0.23,0.49,5.86,Heavy Rain,Flood,High
70.3,2.35,0.61,19.5,24.8,1008.0,307.5,0.86,0.87,16.25,Earthquake,Fire,Medium
361.3,7.18,0.79,45.0,19.6,2303.0,484.8,0.19,0.21,0.37,Heavy Rain,Flood,Critical
29.2,2.01,0.46,7.2,25.1,3346.0,442.6,0.55,0.71,11.91,Earthquake,Fire,Medium
120.5,5.59,0.7,36.8,23.1,3184.0,436.7,0.33,0.13,10.16,Landslide Trigger,Landslide,High
7.3,3.73,0.49,8.8,22.1,243.0,1323.8,0.26,0.85,16.88,Earthquake,Fire,Low
32.5,3.11,0.88,118.3,24.9,998.0,31.5,0.84,0.42,0.44,Cyclone,Infrastructure Failure,High
57.6,3.71,0.35,10.7,25.3,318.0,2002.4,0.67,0.56,16.28,Earthquake,Fire,Medium
275.0,2.48,0.62,143.5,26.5,1143.0,195.4,0.34,0.9,0.94,Cyclone,Infrastructure Failure,Medium
106.3,5.19,0.7,75.4,27.4,3249.0,296.7,0.65,0.16,10.42,Cyclone,Infrastructure Failure,High
267.0,1.8,0.86,26.9,27.1,891.0,1839.9,0.45,0.61,11.55,Landslide Trigger,Landslide,High
237.9,2.33,0.88,144.6,25.0,2083.0,330.0,0.33,0.57,6.27,Cyclone,Infrastructure Failure,Medium
215.2,3.47,0.79,46.5,24.0,2061.0,503.9,0.29,0.27,13.04,Landslide Trigger,Landslide,High
155.9,6.32,0.67,48.7,15.4,4809.0,1352.1,0.24,0.5,14.88,Landslide Trigger,Landslide,High
127.1,6.19,0.85,44.7,20.7,1629.0,738.6,0.5,0.59,4.78,Heavy Rain,Flood,High
234.8,6.88,0.69,17.9,27.8,4750.0,438.0,0.89,0.9,1.14,Heavy Rain,Flood,High
171.8,3.72,0.7,15.1,29.2,1770.0,155.0,0.39,0.77,2.1,Heavy Rain,Flood,Medium
200.6,4.04,0.55,32.9,19.8,4114.0,493.2,0.89,0.87,4.57,Heavy Rain,Flood,Medium
362.2,4.7,0.48,23.6,28.7,473.0,777.9,0.9,0.43,6.89,Heavy Rain,Flood,High
0.7,2.05,0.17,21.3,21.8,6599.0,1067.9,0.65,0.44,12.65,Earthquake,Fire,High
320.4,10.65,0.47,33.9,21.4,6456.0,47.2,0.2,0.78,5.38,Heavy Rain,Flood,High
260.4,8.81,0.46,145.9,25.5,244.0,223.2,0.7,0.45,0.7,Cyclone,Infrastructure Failure,High
3.8,0.88,0.25,5.0,45.3,1662.0,89.7,0.49,0.37,6.4,Extreme Heat,Fire,High
155.8,11.18,0.77,11.1,23.2,418.0,701.3,0.73,0.6,2.48,Heavy Rain,Flood,High
8.6,0.61,0.09,26.8,36.9,1167.0,463.6,0.9,0.81,14.53,Extreme Heat,Fire,High
288.4,3.2,0.46,32.2,19.9,2239.0,782.8,0.38,0.63,1.35,Heavy Rain,Flood,High
92.6,6.37,0.56,49.9,18.5,1230.0,731.8,0.76,0.08,6.68,Heavy Rain,Flood,High
77.3,2.34,0.3,15.9,16.3,3505.0,2177.1,0.45,0.9,1.75,Earthquake,Fire,Medium
19.7,2.36,0.39,26.1,16.4,4388.0,466.6,0.22,0.57,5.08,Earthquake,Fire,Medium
91.7,6.17,0.93,38.3,18.9,1101.0,868.1,0.64,0.53,1.7,Landslide Trigger,Landslide,High
14.2,1.29,0.26,22.1,41.2,2136.0,255.6,0.69,0.9,12.46,Extreme Heat,Fire,High
4.9,0.58,0.2,24.1,36.4,9427.0,689.2,0.23,0.84,24.65,Extreme Heat,Fire,High
282.5,6.58,0.71,48.2,23.8,2869.0,304.8,0.22,0.86,4.0,Heavy Rain,Flood,High
272.5,8.2,0.46,37.2,19.5,1750.0,72.2,0.58,0.13,4.27,Heavy Rain,Flood,High
6.5,0.85,0.35,24.6,43.6,12018.0,306.4,0.31,0.43,4.18,Extreme Heat,Fire,High
9.7,0.55,0.29,23.8,37.9,7313.0,74.2,0.67,0.27,5.74,Extreme Heat,Fire,Critical
55.7,5.14,0.76,33.2,19.1,11393.0,833.6,0.21,0.59,10.37,Landslide Trigger,Landslide,Medium
144.5,5.07,0.45,138.4,27.3,742.0,219.6,0.13,0.69,3.73,Cyclone,Infrastructure Failure,Medium
83.0,7.02,0.53,99.5,27.2,1286.0,150.2,0.65,0.65,1.3,Cyclone,Infrastructure Failure,High
4.3,1.42,0.11,12.4,34.3,926.0,809.1,0.3,0.16,6.85,Extreme Heat,Fire,High
202.6,2.1,0.38,121.3,25.7,1046.0,284.6,0.64,0.15,6.73,Cyclone,Infrastructure Failure,High
168.7,3.62,0.62,42.2,26.2,1760.0,2397.8,0.25,0.28,9.51,Landslide Trigger,Landslide,High
155.1,3.2,0.92,31.6,19.2,3467.0,1167.1,0.6,0.35,12.71,Landslide Trigger,Landslide,High
250.8,1.81,0.82,108.7,26.4,141.0,201.4,0.83,0.45,8.04,Cyclone,Infrastructure Failure,High
5.1,0.78,0.18,22.4,39.7,10516.0,617.2,0.59,0.78,11.68,Extreme Heat,Fire,High
1.6,1.29,0.15,24.9,46.1,6178.0,88.9,0.24,0.65,3.67,Extreme Heat,Fire,High
229.1,10.0,0.47,15.8,24.7,1367.0,757.6,0.6,0.89,3.38,Heavy Rain,Flood,High
240.9,6.97,0.51,20.1,22.5,975.0,2041.2,0.76,0.1,4.99,Landslide Trigger,Landslide,Critical
129.7,5.55,0.64,129.2,25.9,2638.0,247.0,0.63,0.28,7.07,Cyclone,Infrastructure Failure,High
1.3,0.74,0.12,22.5,45.8,1483.0,637.1,0.41,0.4,20.15,Extreme Heat,Fire,High
81.8,1.99,0.65,154.0,23.8,1032.0,23.4,0.8,0.68,9.38,Cyclone,Infrastructure Failure,High
267.0,3.45,0.8,35.9,22.8,2369.0,1299.2,0.53,0.78,3.64,Landslide Trigger,Landslide,High
228.6,6.81,0.37,128.5,27.5,282.0,358.2,0.79,0.08,11.05,Cyclone,Infrastructure Failure,Critical
171.2,7.38,0.49,43.6,18.1,4110.0,143.2,0.87,0.68,4.69,Heavy Rain,Flood,High
201.2,3.37,0.5,20.4,21.5,4298.0,1750.3,0.52,0.12,6.84,Landslide Trigger,Landslide,High
113.4,10.06,0.82,50.3,19.4,138.0,792.3,0.95,0.3,1.75,Heavy Rain,Flood,High
210.4,2.91,0.65,145.9,25.5,3237.0,269.8,0.35,0.24,2.34,Cyclone,Infrastructure Failure,High
115.2,2.07,0.91,32.9,17.4,4465.0,1296.8,0.92,0.44,5.49,Landslide Trigger,Landslide,High
246.6,4.4,0.57,46.1,21.2,1958.0,1701.2,0.86,0.73,13.46,Landslide Trigger,Landslide,High
39.1,2.61,0.31,34.5,28.3,3224.0,144.3,0.1,0.07,7.21,Earthquake,Fire,Medium
36.0,1.66,0.37,12.9,18.3,815.0,1531.7,0.34,0.58,10.78,Earthquake,Landslide,Low
49.5,2.68,0.34,137.2,30.3,3642.0,302.6,0.48,0.63,8.62,Cyclone,Infrastructure Failure,High
62.7,8.09,0.85,32.5,22.3,3877.0,229.2,0.83,0.36,5.18,Heavy Rain,Flood,High
237.8,5.99,0.83,110.1,27.7,10800.0,233.3,0.12,0.1,9.02,Cyclone,Disease Outbreak,High
75.0,2.35,0.46,19.5,16.9,1295.0,1701.4,0.33,0.8,15.2,Earthquake,Landslide,Medium
1.1,2.26,0.13,25.8,47.1,3843.0,616.7,0.36,0.3,11.53,Extreme Heat,Fire,High
15.0,2.0,0.24,17.4,34.7,4694.0,47.3,0.53,0.81,14.75,Extreme Heat,Fire,High
0.5,1.23,0.12,20.7,35.0,8276.0,859.6,0.43,0.94,7.13,Extreme Heat,Fire,High
232.8,10.88,0.4,43.7,28.8,1868.0,120.4,0.89,0.54,0.86,Heavy Rain,Flood,High
172.4,2.63,0.3,137.0,23.0,849.0,255.4,0.65,0.12,10.98,Cyclone,Infrastructure Failure,High
249.2,3.98,0.83,23.6,23.6,4431.0,483.6,0.32,0.65,1.45,Heavy Rain,Flood,High
72.7,7.0,0.38,100.4,24.7,6931.0,300.6,0.85,0.23,3.22,Cyclone,Infrastructure Failure,Critical
195.7,2.2,0.53,127.8,29.3,1620.0,251.8,0.14,0.7,3.46,Cyclone,Infrastructure Failure,Medium
160.9,5.25,0.61,29.6,18.7,5304.0,451.5,0.86,0.52,5.77,Landslide Trigger,Landslide,High
153.0,1.75,0.83,61.2,32.4,8356.0,198.2,0.07,0.57,4.17,Cyclone,Disease Outbreak,Medium
231.1,4.47,0.65,39.4,26.7,675.0,10.6,0.26,0.29,7.5,Heavy Rain,Flood,Medium
62.5,3.61,0.97,24.2,19.4,6270.0,94.5,0.28,0.07,5.78,Heavy Rain,Disease Outbreak,High
3.3,0.61,0.08,20.1,37.2,9132.0,474.0,0.87,0.56,7.83,Extreme Heat,Fire,Critical
28.4,1.83,0.36,26.8,24.0,1410.0,1892.0,0.55,0.14,18.94,Earthquake,Landslide,Medium
116.2,6.22,0.52,49.4,19.9,3867.0,370.0,0.39,0.83,4.89,Heavy Rain,Flood,Medium
237.5,6.46,0.44,30.9,27.8,2280.0,495.5,0.16,0.06,6.67,Heavy Rain,Flood,Medium
4.5,1.9,0.29,15.4,40.9,942.0,390.6,0.17,0.23,11.44,Extreme Heat,Fire,High
68.3,4.28,0.41,38.2,21.8,1458.0,778.8,0.37,0.06,1.63,Heavy Rain,Flood,High
12.6,0.56,0.33,36.2,41.5,1666.0,498.4,0.63,0.09,17.04,Extreme Heat,Fire,High
0.8,1.41,0.21,36.1,35.5,1703.0,743.9,0.33,0.41,6.83,Extreme Heat,Fire,High
99.7,7.03,0.86,29.9,23.9,2258.0,680.5,0.28,0.85,5.68,Heavy Rain,Flood,Medium
240.4,4.49,0.56,46.1,18.5,5188.0,793.8,0.41,0.49,1.13,Heavy Rain,Flood,High
251.4,3.48,0.75,17.2,14.0,514.0,889.6,0.15,0.42,10.53,Landslide Trigger,Landslide,High
204.9,7.2,0.41,67.6,32.3,6472.0,108.0,0.75,0.2,10.25,Cyclone,Infrastructure Failure,High
251.9,7.65,0.66,92.0,24.9,2916.0,53.1,0.37,0.48,6.17,Cyclone,Flood,Medium
5.5,1.78,0.32,10.7,39.3,4277.0,144.0,0.89,0.3,16.37,Extreme Heat,Fire,Critical
268.1,1.38,0.78,17.6,26.5,5800.0,1459.6,0.19,0.08,10.37,Landslide Trigger,Landslide,High
250.9,2.89,0.56,36.1,22.4,207.0,461.9,0.43,0.86,4.85,Landslide Trigger,Flood,Medium
14.7,1.77,0.1,36.7,41.2,4633.0,155.3,0.71,0.69,23.2,Extreme Heat,Fire,High
84.1,3.19,0.71,80.9,26.8,2032.0,313.9,0.76,0.8,9.43,Cyclone,Infrastructure Failure,High
266.1,4.56,0.56,24.2,19.4,2044.0,225.8,0.87,0.14,1.76,Heavy Rain,Flood,High
10.8,1.87,0.08,37.3,42.0,1052.0,340.1,0.67,0.09,19.4,Extreme Heat,Fire,Critical
67.2,2.07,0.47,11.6,28.5,3177.0,1710.3,0.46,0.85,9.99,Earthquake,Fire,Medium
164.4,8.23,0.78,99.0,24.5,927.0,165.4,0.52,0.78,9.93,Cyclone,Infrastructure Failure,Medium
124.8,4.85,0.61,19.9,25.1,6282.0,597.9,0.36,0.93,4.8,Landslide Trigger,Landslide,Medium
373.3,4.91,0.42,41.7,23.4,201.0,89.6,0.83,0.17,5.69,Heavy Rain,Flood,High
64.4,2.91,0.88,125.9,30.8,955.0,162.1,0.48,0.55,4.1,Cyclone,Infrastructure Failure,High
258.5,4.81,0.95,17.6,29.6,1398.0,21.7,0.45,0.56,3.9,Heavy Rain,Flood,High
147.6,4.82,0.74,125.2,31.2,2916.0,103.7,0.38,0.49,7.35,Cyclone,Infrastructure Failure,High
153.5,3.78,0.52,14.7,26.2,4286.0,532.0,0.1,0.85,7.61,Heavy Rain,Flood,Medium
334.7,6.49,0.74,53.9,24.4,778.0,725.2,0.45,0.58,0.76,Heavy Rain,Flood,High
319.4,11.39,0.63,12.1,27.6,2285.0,487.5,0.72,0.74,1.67,Heavy Rain,Flood,Critical
40.0,1.57,0.64,24.9,23.2,987.0,653.0,0.2,0.53,14.89,Earthquake,Landslide,Low
4.3,1.76,0.09,27.9,38.0,8779.0,20.2,0.83,0.26,4.92,Extreme Heat,Fire,Critical
62.3,2.63,0.64,16.2,28.6,10721.0,186.6,0.54,0.31,8.53,Earthquake,Disease Outbreak,High
68.9,5.22,0.8,31.8,27.3,8225.0,444.4,0.34,0.28,5.25,Landslide Trigger,Landslide,High
174.2,8.09,0.36,149.6,30.7,1655.0,76.6,0.41,0.75,8.57,Cyclone,Infrastructure Failure,High
367.7,3.64,0.64,31.6,22.5,3802.0,296.9,0.44,0.23,0.51,Heavy Rain,Flood,High
235.8,5.82,0.72,28.4,22.9,4296.0,976.3,0.09,0.14,4.3,Landslide Trigger,Landslide,High
52.2,3.88,0.44,54.8,21.5,8903.0,127.9,0.52,0.38,2.0,Heavy Rain,Disease Outbreak,High
249.6,3.37,0.65,24.3,19.3,1194.0,1033.4,0.57,0.11,10.48,Landslide Trigger,Landslide,High
113.1,6.17,0.94,27.0,26.0,293.0,211.5,0.32,0.19,1.1,Heavy Rain,Flood,High
81.8,5.56,0.51,40.1,19.3,1303.0,1413.1,0.32,0.71,8.88,Landslide Trigger,Landslide,Medium
337.5,4.23,0.46,50.4,22.2,530.0,445.5,0.58,0.52,2.94,Heavy Rain,Flood,High
88.7,3.71,0.87,41.6,15.4,5136.0,1496.0,0.62,0.19,10.84,Landslide Trigger,Landslide,High
221.7,6.92,0.31,99.1,25.7,2960.0,269.4,0.87,0.77,2.67,Cyclone,Infrastructure Failure,High
261.1,6.87,0.5,43.0,19.8,12788.0,2119.7,0.6,0.76,4.53,Landslide Trigger,Landslide,High
78.2,4.15,0.84,11.0,27.8,1554.0,21.0,0.6,0.68,5.29,Heavy Rain,Flood,High
27.4,0.88,0.18,22.7,25.4,1857.0,1645.7,0.41,0.07,10.68,Earthquake,Fire,Medium
120.5,6.86,0.9,29.8,22.2,158.0,2094.6,0.12,0.51,7.18,Landslide Trigger,Landslide,High
291.7,7.05,0.34,78.0,30.5,3409.0,337.4,0.08,0.8,7.45,Cyclone,Flood,Medium
63.1,1.41,0.5,11.4,15.8,1419.0,482.4,0.43,0.51,4.39,Earthquake,Landslide,Low
38.1,1.45,0.16,23.2,22.9,4495.0,692.1,0.82,0.5,17.47,Earthquake,Fire,High
65.4,7.07,0.42,101.9,22.7,7569.0,331.0,0.83,0.47,1.6,Cyclone,Infrastructure Failure,Critical
59.5,2.67,0.55,18.0,30.7,2232.0,1044.3,0.47,0.76,18.88,Earthquake,Fire,Medium
65.7,2.44,0.24,19.0,34.4,207.0,1668.9,0.47,0.63,16.41,Earthquake,Fire,Medium
239.2,1.3,0.89,39.7,16.8,2522.0,1034.5,0.1,0.19,4.95,Landslide Trigger,Landslide,High
318.2,3.69,0.54,30.4,24.2,5092.0,613.3,0.61,0.15,3.63,Heavy Rain,Flood,High
101.6,6.43,0.63,43.5,25.0,923.0,316.6,0.57,0.43,1.45,Heavy Rain,Flood,High
163.6,2.02,0.8,53.4,17.6,1397.0,1383.0,0.59,0.13,14.66,Landslide Trigger,Landslide,High
185.4,1.54,0.94,47.2,25.0,2013.0,1808.2,0.82,0.91,9.26,Landslide Trigger,Landslide,High
164.7,8.95,0.65,111.1,27.0,985.0,87.7,0.51,0.39,0.14,Cyclone,Infrastructure Failure,High
35.9,3.93,0.33,18.6,17.7,2806.0,153.1,0.73,0.18,15.73,Earthquake,Fire,Medium
238.7,4.78,0.53,10.5,19.6,13728.0,254.3,0.33,0.17,1.02,Heavy Rain,Disease Outbreak,High
115.7,7.79,0.44,48.8,29.5,172.0,204.9,0.63,0.42,3.66,Heavy Rain,Flood,High
102.9,3.15,0.69,99.5,24.0,6361.0,277.2,0.16,0.76,6.82,Cyclone,Infrastructure Failure,Medium
211.8,2.42,0.72,101.9,32.4,1640.0,60.9,0.91,0.35,7.75,Cyclone,Infrastructure Failure,High
77.0,3.66,0.29,29.1,34.9,2450.0,593.2,0.32,0.06,9.3,Earthquake,Fire,Medium
122.6,5.04,0.66,17.7,28.5,3460.0,566.9,0.64,0.91,0.77,Heavy Rain,Flood,Medium
40.7,2.49,0.93,56.9,24.1,2408.0,1931.5,0.26,0.21,2.28,Landslide Trigger,Landslide,High
234.5,1.81,0.72,57.2,16.6,2695.0,2356.0,0.2,0.33,14.92,Landslide Trigger,Landslide,High
34.0,1.58,0.29,34.2,18.1,3002.0,1626.7,0.87,0.31,1.01,Earthquake,Infrastructure Failure,Medium
80.1,6.71,0.73,125.4,25.5,8317.0,104.6,0.46,0.81,11.48,Cyclone,Infrastructure Failure,High
152.1,4.9,0.39,100.5,27.9,4965.0,13.9,0.66,0.62,5.38,Cyclone,Infrastructure Failure,High
13.6,0.54,0.22,32.6,41.6,7093.0,305.0,0.47,0.84,5.13,Extreme Heat,Fire,High
46.9,2.86,0.55,24.8,23.0,1597.0,1154.3,0.4,0.14,16.26,Earthquake,Landslide,Medium
351.8,3.32,0.78,28.6,22.9,2982.0,546.8,0.74,0.8,0.63,Heavy Rain,Flood,High
80.9,6.38,0.8,54.7,20.8,7465.0,1484.1,0.45,0.3,13.87,Landslide Trigger,Landslide,High
5.9,1.28,0.14,14.4,46.1,707.0,81.5,0.36,0.11,17.59,Extreme Heat,Fire,High
104.8,5.61,0.91,25.0,20.5,4704.0,1340.6,0.51,0.65,13.23,Landslide Trigger,Landslide,High
12.7,0.52,0.17,36.8,44.4,1468.0,497.7,0.52,0.64,14.18,Extreme Heat,Fire,High
33.5,3.0,0.58,9.6,24.0,1020.0,927.2,0.63,0.84,14.06,Earthquake,Fire,Medium
142.9,8.79,0.9,70.1,24.6,429.0,380.4,0.06,0.19,11.5,Cyclone,Flood,Medium
279.0,2.08,0.73,53.2,14.3,6445.0,1609.0,0.31,0.67,4.88,Landslide Trigger,Landslide,High
201.8,2.33,0.52,33.4,18.0,2054.0,2018.0,0.6,0.59,12.21,Landslide Trigger,Landslide,High
323.0,6.33,0.56,21.9,24.4,406.0,364.8,0.7,0.24,3.58,Heavy Rain,Flood,High
115.0,6.21,0.53,36.3,22.5,828.0,364.6,0.19,0.84,4.34,Heavy Rain,Flood,Medium
147.1,4.8,0.32,107.3,28.1,725.0,225.7,0.28,0.78,8.51,Cyclone,Infrastructure Failure,Medium
14.2,0.77,0.2,12.5,34.8,4060.0,306.4,0.53,0.18,5.3,Extreme Heat,Fire,High
42.2,5.85,0.58,42.3,18.7,391.0,1571.0,0.25,0.22,5.42,Landslide Trigger,Landslide,Medium
191.2,8.42,0.55,10.5,24.2,2949.0,488.5,0.47,0.57,7.71,Heavy Rain,Flood,High
74.2,3.4,0.31,12.1,20.3,2339.0,1134.5,0.11,0.7,15.14,Earthquake,Fire,Low
247.6,3.82,0.7,100.5,31.8,3863.0,338.9,0.85,0.5,6.35,Cyclone,Infrastructure Failure,High
115.2,5.52,0.6,32.5,26.1,874.0,1848.8,0.37,0.31,6.65,Landslide Trigger,Landslide,High
2.6,1.99,0.13,20.9,39.4,367.0,884.2,0.13,0.58,11.0,Extreme Heat,Fire,High
9.0,1.34,0.18,6.9,41.2,451.0,464.2,0.16,0.14,5.44,Extreme Heat,Fire,High
194.6,3.07,0.45,76.5,32.5,1370.0,342.6,0.24,0.49,2.84,Cyclone,Infrastructure Failure,Medium
35.3,6.87,0.61,145.4,23.8,535.0,322.6,0.41,0.2,9.52,Cyclone,Infrastructure Failure,High
134.1,4.87,0.72,28.5,29.4,939.0,109.8,0.75,0.36,7.79,Heavy Rain,Flood,High
97.2,10.22,0.58,39.6,24.8,4317.0,382.7,0.13,0.65,4.02,Heavy Rain,Flood,High
255.0,1.35,0.56,47.2,20.1,2362.0,1207.1,0.16,0.48,2.92,Landslide Trigger,Landslide,High
11.5,1.02,0.19,39.7,43.6,4773.0,760.4,0.09,0.16,11.54,Extreme Heat,Fire,High
88.7,3.41,0.89,30.6,23.2,1514.0,1818.6,0.57,0.36,9.21,Landslide Trigger,Landslide,High
60.1,6.96,0.56,18.3,26.3,1377.0,1003.7,0.4,0.29,10.1,Landslide Trigger,Landslide,Medium
27.4,1.94,0.51,20.3,33.9,2908.0,140.0,0.88,0.09,10.56,Earthquake,Fire,High
8.6,2.21,0.12,35.7,34.3,3526.0,664.6,0.45,0.09,23.46,Extreme Heat,Fire,High
260.8,3.82,0.51,46.0,20.7,313.0,648.7,0.57,0.61,4.0,Landslide Trigger,Landslide,Medium
7.6,2.13,0.31,26.5,34.2,2768.0,631.8,0.63,0.37,11.61,Extreme Heat,Fire,High
352.6,3.71,0.79,10.2,29.1,1396.0,98.9,0.39,0.24,0.85,Heavy Rain,Flood,High
188.0,5.04,0.32,90.4,30.9,3933.0,277.4,0.33,0.14,8.73,Cyclone,Infrastructure Failure,High
139.9,9.99,0.97,32.2,18.1,2865.0,120.6,0.12,0.9,2.64,Heavy Rain,Flood,Medium
127.6,6.48,0.86,49.0,22.5,3271.0,1653.6,0.55,0.94,9.93,Landslide Trigger,Landslide,High
58.6,3.22,0.59,11.5,16.7,5755.0,1088.2,0.45,0.56,10.77,Earthquake,Landslide,Medium
223.9,2.84,0.76,47.3,19.9,674.0,479.5,0.16,0.93,4.79,Heavy Rain,Flood,Medium
31.5,1.3,0.24,25.0,27.2,7268.0,1433.6,0.4,0.33,2.67,Earthquake,Fire,High
37.0,1.87,0.58,32.9,21.1,8647.0,1907.5,0.27,0.57,15.85,Earthquake,Landslide,Medium
104.1,8.09,0.3,113.7,25.7,6203.0,132.5,0.6,0.82,7.77,Cyclone,Infrastructure Failure,High
137.3,7.18,0.66,10.5,24.7,4365.0,532.6,0.56,0.11,4.78,Heavy Rain,Flood,High
9.3,2.59,0.29,7.4,23.6,4178.0,1241.8,0.63,0.35,7.25,Earthquake,Fire,Medium
233.8,6.69,0.68,112.6,22.1,9245.0,280.1,0.79,0.58,4.57,Cyclone,Infrastructure Failure,Critical
3.8,0.91,0.15,21.7,38.1,12272.0,473.1,0.15,0.89,5.8,Extreme Heat,Fire,High
276.7,5.7,0.73,101.4,28.9,2863.0,139.5,0.5,0.57,3.68,Cyclone,Infrastructure Failure,High
108.8,3.2,0.54,17.4,17.5,5464.0,548.5,0.08,0.64,2.45,Landslide Trigger,Landslide,Medium
21.8,3.55,0.39,14.2,25.4,489.0,871.2,0.95,0.43,11.72,Earthquake,Fire,Medium
27.9,2.99,0.33,30.0,24.1,6089.0,1597.1,0.71,0.24,3.04,Earthquake,Fire,High
74.9,2.9,0.95,26.6,20.4,2811.0,460.0,0.91,0.52,6.56,Landslide Trigger,Landslide,High
251.2,5.88,0.32,89.9,28.3,930.0,380.5,0.25,0.23,10.32,Cyclone,Infrastructure Failure,Medium
354.4,10.17,0.85,27.7,24.1,2350.0,376.8,0.08,0.17,2.1,Heavy Rain,Flood,High
342.6,9.27,0.65,33.3,22.4,4711.0,595.2,0.7,0.23,6.3,Heavy Rain,Flood,Critical
5.1,1.44,0.15,31.4,38.6,12605.0,141.6,0.25,0.6,11.18,Extreme Heat,Fire,High
34.6,0.75,0.39,26.1,25.3,389.0,1925.0,0.89,0.39,6.49,Earthquake,Fire,Medium
8.6,2.08,0.15,30.1,35.9,5435.0,276.3,0.25,0.7,5.33,Extreme Heat,Fire,High
361.3,7.25,0.71,30.7,21.9,13758.0,385.8,0.89,0.83,4.86,Heavy Rain,Flood,Critical
343.4,6.71,0.78,50.3,22.7,3041.0,769.8,0.69,0.91,3.38,Heavy Rain,Flood,High
130.7,9.22,0.7,22.1,27.3,1348.0,446.3,0.48,0.61,5.32,Heavy Rain,Flood,High
139.3,3.09,0.88,108.6,30.1,1773.0,167.4,0.42,0.54,4.33,Cyclone,Infrastructure Failure,Medium
43.5,2.24,0.22,19.9,18.4,3072.0,321.2,0.64,0.41,18.72,Earthquake,Fire,Medium
275.4,6.6,0.76,95.0,32.6,705.0,329.1,0.29,0.31,10.26,Cyclone,Flood,Medium
103.1,8.34,0.32,67.2,25.0,5217.0,83.9,0.56,0.06,2.86,Cyclone,Infrastructure Failure,High
143.0,3.45,0.55,45.4,23.8,100.0,1841.8,0.91,0.78,11.2,Landslide Trigger,Landslide,High
274.1,1.63,0.86,136.9,31.2,10394.0,41.8,0.66,0.56,8.89,Cyclone,Infrastructure Failure,Critical
285.3,5.04,0.66,105.3,32.3,3816.0,35.1,0.76,0.57,6.06,Cyclone,Infrastructure Failure,High
13.6,2.38,0.07,19.1,34.3,7834.0,309.9,0.81,0.16,14.35,Extreme Heat,Fire,Critical
55.1,6.21,0.62,85.3,31.9,7172.0,371.3,0.4,0.71,4.89,Cyclone,Infrastructure Failure,Medium
38.1,0.93,0.61,18.6,29.7,439.0,839.4,0.5,0.67,1.36,Earthquake,Fire,Low
120.3,5.17,0.82,46.7,20.9,2015.0,2229.8,0.23,0.33,7.85,Landslide Trigger,Landslide,High
50.2,4.8,0.61,28.7,24.8,693.0,1054.4,0.75,0.17,4.39,Landslide Trigger,Landslide,High
199.7,7.06,0.8,38.5,27.7,1152.0,45.4,0.18,0.31,2.44,Heavy Rain,Flood,High
114.3,4.13,0.81,32.1,24.1,2593.0,1072.3,0.07,0.12,5.06,Landslide Trigger,Landslide,High
142.9,9.04,0.73,68.4,31.3,5593.0,294.3,0.41,0.25,7.37,Cyclone,Flood,High
219.0,7.44,0.71,35.4,29.4,5273.0,722.8,0.9,0.14,7.02,Heavy Rain,Flood,Critical
101.6,5.46,0.81,108.0,30.2,4311.0,59.9,0.2,0.37,3.1,Cyclone,Infrastructure Failure,Medium
103.6,3.1,0.83,31.6,21.8,1578.0,599.9,0.63,0.7,12.27,Landslide Trigger,Landslide,Medium
86.6,8.58,0.67,100.7,24.0,846.0,377.2,0.35,0.78,9.09,Cyclone,Infrastructure Failure,Medium
217.8,7.63,0.56,128.1,26.3,12037.0,88.4,0.33,0.46,7.63,Cyclone,Infrastructure Failure,High
53.9,2.4,0.57,27.9,16.2,6482.0,2196.6,0.64,0.82,15.3,Earthquake,Landslide,Medium
87.1,5.63,0.91,19.1,18.9,668.0,632.6,0.82,0.67,6.7,Heavy Rain,Flood,High
221.6,9.97,0.64,18.7,21.4,5341.0,409.1,0.76,0.57,4.3,Heavy Rain,Flood,High
307.7,4.23,0.43,49.3,18.9,1785.0,204.9,0.84,0.32,5.59,Heavy Rain,Flood,High
53.9,5.21,0.74,26.9,24.4,1089.0,702.5,0.47,0.54,7.31,Heavy Rain,Flood,Medium
363.2,11.49,0.54,42.7,22.5,2075.0,16.4,0.49,0.07,0.17,Heavy Rain,Flood,Critical
276.7,5.15,0.72,23.5,20.0,2549.0,331.7,0.23,0.51,1.93,Heavy Rain,Flood,High
12.6,2.85,0.53,8.3,24.4,1083.0,202.4,0.52,0.52,12.37,Earthquake,Fire,Medium
355.0,7.44,0.74,28.1,29.4,6050.0,624.0,0.44,0.8,2.35,Heavy Rain,Flood,High
252.2,3.01,0.72,87.6,25.3,936.0,122.1,0.05,0.69,8.73,Cyclone,Flood,Medium
81.1,1.63,0.61,32.1,20.7,4129.0,489.1,0.34,0.34,14.59,Landslide Trigger,Landslide,Medium
151.1,6.51,0.39,77.9,31.5,6660.0,106.2,0.65,0.36,4.62,Cyclone,Infrastructure Failure,High
54.7,0.57,0.52,19.6,31.3,7779.0,2102.5,0.51,0.37,18.59,Earthquake,Landslide,Medium
203.5,8.71,0.91,19.3,29.0,6892.0,654.0,0.3,0.15,7.83,Heavy Rain,Flood,High
87.0,5.12,0.76,46.2,28.8,760.0,502.8,0.14,0.38,0.14,Heavy Rain,Flood,Medium
215.4,2.89,0.6,18.1,25.8,1886.0,376.8,0.91,0.24,4.01,Heavy Rain,Flood,High
220.5,9.12,0.72,51.8,22.5,3105.0,376.3,0.31,0.19,0.8,Heavy Rain,Flood,High
229.7,7.29,0.44,41.4,25.5,4177.0,159.3,0.53,0.41,3.81,Heavy Rain,Flood,High
156.4,7.99,0.94,40.2,18.9,418.0,373.9,0.94,0.9,7.14,Heavy Rain,Flood,High
75.8,10.9,0.61,48.0,23.0,4866.0,358.3,0.08,0.58,5.11,Heavy Rain,Flood,High
111.6,5.61,0.6,31.1,22.0,209.0,94.8,0.47,0.91,1.25,Heavy Rain,Flood,Medium
61.2,9.07,0.74,120.6,29.1,2349.0,331.6,0.68,0.58,1.37,Cyclone,Infrastructure Failure,High
324.8,3.15,0.8,34.0,22.5,7192.0,278.8,0.5,0.79,5.0,Heavy Rain,Flood,High
138.6,2.32,0.34,64.9,26.2,4446.0,138.2,0.1,0.25,8.64,Cyclone,Fire,Medium
104.1,5.88,0.39,72.7,32.4,1770.0,322.7,0.37,0.76,2.25,Cyclone,Infrastructure Failure,Medium
40.8,0.95,0.52,16.9,20.3,1445.0,857.3,0.27,0.41,10.46,Earthquake,Fire,Low
56.3,9.45,0.5,12.0,25.8,2277.0,621.4,0.23,0.71,6.53,Heavy Rain,Flood,Medium
10.5,0.99,0.32,8.7,47.8,9037.0,777.0,0.7,0.22,17.82,Extreme Heat,Fire,Critical
35.4,0.75,0.34,27.2,22.7,6683.0,760.1,0.09,0.4,12.31,Earthquake,Fire,Medium
102.2,8.76,0.46,39.9,21.4,160.0,167.1,0.44,0.07,7.5,Heavy Rain,Flood,High
156.1,4.01,0.65,20.9,19.3,2521.0,1744.5,0.58,0.23,11.95,Landslide Trigger,Landslide,High
109.0,1.97,0.61,25.1,21.3,796.0,1525.4,0.63,0.79,14.23,Landslide Trigger,Landslide,Medium
234.9,4.8,0.55,11.8,21.7,892.0,598.2,0.69,0.75,0.48,Heavy Rain,Flood,High
200.3,8.78,0.63,17.2,22.8,328.0,468.2,0.51,0.35,7.59,Heavy Rain,Flood,High
7.6,0.55,0.14,33.7,41.8,1232.0,416.5,0.39,0.8,8.57,Extreme Heat,Fire,High
14.5,1.38,0.17,34.6,40.0,4454.0,505.8,0.53,0.78,7.31,Extreme Heat,Fire,High
307.6,4.44,0.82,46.0,22.2,2018.0,146.4,0.37,0.55,0.12,Heavy Rain,Flood,High
112.1,10.24,0.55,20.2,23.8,1115.0,404.1,0.2,0.7,1.8,Heavy Rain,Flood,High
237.9,5.2,0.73,129.9,23.5,832.0,386.6,0.22,0.16,9.87,Cyclone,Infrastructure Failure,Medium
67.4,7.49,0.58,134.4,30.2,159.0,243.8,0.33,0.62,8.27,Cyclone,Infrastructure Failure,Medium
0.7,0.62,0.58,25.5,20.3,1273.0,1529.1,0.08,0.89,16.06,Earthquake,Landslide,Low
123.2,2.35,0.6,133.0,24.4,15422.0,111.4,0.23,0.57,2.99,Cyclone,Infrastructure Failure,High
279.8,2.68,0.88,150.0,31.7,4679.0,89.7,0.94,0.21,7.65,Cyclone,Infrastructure Failure,Critical
11.5,1.18,0.1,19.7,45.1,17158.0,429.1,0.41,0.6,14.36,Extreme Heat,Fire,Critical
170.5,6.04,0.8,52.2,24.5,859.0,617.0,0.5,0.07,0.8,Heavy Rain,Flood,High
133.4,7.16,0.41,21.9,24.2,3417.0,462.8,0.42,0.89,7.41,Heavy Rain,Flood,Medium
11.8,0.9,0.09,28.7,41.8,3240.0,714.9,0.94,0.53,18.99,Extreme Heat,Fire,Critical
67.1,5.97,0.62,50.0,27.4,2074.0,1793.6,0.38,0.37,9.34,Landslide Trigger,Landslide,High
201.8,7.51,0.71,78.8,27.4,2561.0,317.7,0.74,0.65,5.76,Cyclone,Infrastructure Failure,High
140.5,8.66,0.4,154.6,23.3,999.0,10.9,0.71,0.78,10.69,Cyclone,Infrastructure Failure,High
333.5,11.42,0.57,42.0,19.4,1567.0,331.4,0.58,0.5,6.8,Heavy Rain,Flood,High
204.4,9.28,0.33,114.5,31.5,2731.0,195.1,0.35,0.19,1.03,Cyclone,Infrastructure Failure,High
259.2,5.67,0.86,136.6,29.6,804.0,7.0,0.87,0.21,5.19,Cyclone,Infrastructure Failure,Critical
144.4,7.15,0.55,19.4,25.2,1590.0,80.3,0.7,0.55,0.56,Heavy Rain,Flood,High
189.5,7.59,0.61,52.1,18.7,5313.0,542.0,0.22,0.32,7.14,Heavy Rain,Flood,High
223.6,2.17,0.79,128.3,30.0,3744.0,44.6,0.8,0.09,8.64,Cyclone,Infrastructure Failure,Critical
57.6,5.86,0.49,35.1,29.0,101.0,319.3,0.2,0.08,6.78,Heavy Rain,Flood,Medium
118.6,8.77,0.36,117.6,27.0,863.0,375.7,0.08,0.44,1.56,Cyclone,Infrastructure Failure,Medium
141.7,10.33,0.75,37.6,24.4,18000.0,82.6,0.8,0.85,3.62,Heavy Rain,Flood,Critical
252.3,2.32,0.44,60.3,25.3,3718.0,47.9,0.84,0.72,5.73,Cyclone,Infrastructure Failure,High
359.7,2.99,0.41,39.8,21.5,1106.0,210.3,0.51,0.45,2.71,Heavy Rain,Flood,High
163.0,5.04,0.68,26.3,16.3,4623.0,1098.9,0.65,0.26,11.39,Landslide Trigger,Landslide,High
47.0,2.5,0.39,21.5,24.8,472.0,1265.7,0.72,0.17,14.59,Earthquake,Fire,Medium
5.3,3.92,0.63,6.8,23.9,5774.0,450.4,0.91,0.62,10.22,Earthquake,Infrastructure Failure,Medium
5.3,1.71,0.14,36.8,46.2,1211.0,511.2,0.08,0.78,9.47,Extreme Heat,Fire,High
151.6,4.1,0.58,137.8,23.4,9482.0,343.8,0.41,0.25,10.78,Cyclone,Infrastructure Failure,High
173.3,5.5,0.5,37.3,23.7,3404.0,693.9,0.74,0.73,0.35,Heavy Rain,Flood,High
269.2,7.33,0.86,91.6,27.5,979.0,10.6,0.14,0.28,0.18,Cyclone,Flood,Medium
14.2,0.6,0.6,5.2,29.7,7246.0,377.1,0.64,0.66,18.33,Earthquake,Fire,High
0.1,2.47,0.31,36.3,43.2,1203.0,323.4,0.56,0.14,22.55,Extreme Heat,Fire,High
278.9,2.63,0.43,113.0,30.4,103.0,249.6,0.73,0.94,2.86,Cyclone,Infrastructure Failure,High
317.3,6.64,0.92,28.4,24.3,4876.0,386.9,0.52,0.34,3.64,Heavy Rain,Flood,Critical
135.2,2.84,0.74,20.3,19.8,4564.0,526.5,0.5,0.85,5.48,Heavy Rain,Flood,Medium
282.8,7.96,0.68,88.9,32.8,1968.0,113.3,0.1,0.93,2.51,Cyclone,Flood,Medium
47.1,2.45,0.48,19.9,15.6,1825.0,1366.5,0.73,0.25,14.61,Earthquake,Landslide,Medium
17.7,1.06,0.34,30.4,31.6,4183.0,873.1,0.27,0.2,12.19,Earthquake,Fire,Medium
292.5,6.44,0.89,92.1,29.7,2395.0,92.9,0.34,0.2,3.21,Cyclone,Flood,High
103.1,1.21,0.82,37.1,15.3,3134.0,743.4,0.13,0.73,2.44,Landslide Trigger,Landslide,Medium
1.6,1.37,0.6,26.6,16.5,6103.0,1815.4,0.59,0.66,10.37,Earthquake,Landslide,Medium
377.9,4.59,0.76,30.7,18.5,3451.0,21.4,0.56,0.55,1.04,Heavy Rain,Flood,High
60.5,6.72,0.94,27.9,25.5,2444.0,626.1,0.82,0.4,6.29,Heavy Rain,Flood,High
343.3,4.66,0.56,12.4,27.5,944.0,339.5,0.86,0.8,1.91,Heavy Rain,Flood,High
232.7,8.04,0.68,27.6,29.0,1452.0,109.2,0.5,0.46,3.41,Heavy Rain,Flood,High
221.2,3.76,0.7,20.9,20.2,1884.0,61.2,0.61,0.7,6.12,Heavy Rain,Flood,High
274.2,6.73,0.62,26.9,25.7,6747.0,400.9,0.2,0.17,6.81,Heavy Rain,Flood,High
258.0,5.21,0.41,50.0,20.7,4702.0,744.1,0.23,0.26,5.77,Heavy Rain,Flood,High
222.0,4.05,0.58,24.5,19.9,685.0,172.1,0.08,0.62,6.33,Heavy Rain,Flood,Medium
274.2,2.99,0.55,40.7,26.7,1311.0,1968.1,0.54,0.13,9.72,Landslide Trigger,Landslide,High
274.1,9.03,0.96,21.7,18.2,5100.0,441.0,0.22,0.29,5.68,Heavy Rain,Flood,Critical
168.4,4.14,0.82,105.0,30.8,1394.0,234.3,0.8,0.3,9.3,Cyclone,Infrastructure Failure,High
177.4,3.21,0.59,90.2,24.9,5054.0,387.0,0.94,0.07,2.0,Cyclone,Infrastructure Failure,Critical
207.8,2.52,0.52,33.1,27.1,2327.0,423.5,0.84,0.13,9.23,Landslide Trigger,Landslide,High
274.9,8.62,0.79,52.4,27.9,1724.0,43.2,0.33,0.46,3.82,Heavy Rain,Flood,High
133.7,4.96,0.89,68.4,32.1,5774.0,194.7,0.37,0.44,7.52,Cyclone,Infrastructure Failure,Medium
138.3,3.25,0.93,52.3,15.5,432.0,616.2,0.61,0.18,6.99,Landslide Trigger,Landslide,High
165.4,1.04,0.65,45.5,20.8,1523.0,2356.5,0.09,0.81,13.24,Landslide Trigger,Landslide,Medium
13.7,2.14,0.09,39.9,37.6,960.0,657.3,0.87,0.33,22.88,Extreme Heat,Fire,Critical
372.2,5.03,0.95,12.4,26.5,909.0,430.4,0.69,0.22,3.88,Heavy Rain,Flood,Critical
232.4,4.78,0.95,11.3,20.4,948.0,201.4,0.49,0.84,3.37,Heavy Rain,Flood,High
57.0,2.53,0.19,25.8,18.3,1827.0,1740.7,0.37,0.82,5.75,Earthquake,Fire,Medium
70.4,4.39,0.57,46.7,26.7,8494.0,1269.2,0.52,0.49,7.83,Landslide Trigger,Landslide,High
46.3,2.91,0.2,29.6,23.7,1614.0,205.5,0.14,0.62,15.94,Earthquake,Fire,Medium
70.4,3.61,0.63,31.0,15.0,1560.0,867.5,0.59,0.6,16.55,Earthquake,Landslide,Medium
170.5,10.64,0.69,30.9,30.0,2403.0,399.9,0.78,0.75,1.51,Heavy Rain,Flood,High
11.8,1.92,0.13,35.2,46.5,11983.0,190.9,0.83,0.85,5.0,Extreme Heat,Fire,Critical
342.5,7.38,0.77,34.5,18.6,3439.0,598.9,0.5,0.49,4.09,Heavy Rain,Flood,High
76.4,3.73,0.4,78.6,32.7,2958.0,65.5,0.6,0.19,3.3,Cyclone,Infrastructure Failure,High
244.3,7.78,0.44,87.4,32.3,375.0,331.1,0.43,0.55,8.4,Cyclone,Flood,Medium
80.6,5.09,0.66,91.1,30.6,5938.0,337.0,0.14,0.8,3.95,Cyclone,Infrastructure Failure,Medium
100.4,3.25,0.77,31.2,28.9,2323.0,296.9,0.46,0.36,2.37,Heavy Rain,Disease Outbreak,High
278.9,9.34,0.89,53.8,21.2,3717.0,575.7,0.48,0.94,3.21,Heavy Rain,Flood,High
58.3,3.83,0.57,32.1,31.3,1580.0,1037.2,0.07,0.52,5.78,Earthquake,Landslide,Medium
216.7,7.23,0.96,51.0,19.9,1531.0,301.4,0.77,0.52,3.45,Heavy Rain,Flood,Critical
45.8,3.49,0.55,9.0,29.3,264.0,986.2,0.49,0.37,6.6,Earthquake,Fire,Medium
133.0,8.75,0.85,21.0,18.6,8953.0,680.5,0.61,0.34,0.18,Heavy Rain,Flood,High
96.5,1.57,0.44,73.1,28.7,2954.0,70.8,0.32,0.08,6.39,Cyclone,Infrastructure Failure,High
40.1,1.71,0.74,90.2,30.8,2402.0,175.5,0.69,0.3,5.49,Cyclone,Infrastructure Failure,High
90.1,7.5,0.59,29.9,25.8,2614.0,400.4,0.72,0.69,5.0,Heavy Rain,Flood,High
174.2,6.93,0.82,101.1,26.5,336.0,306.9,0.85,0.08,7.03,Cyclone,Infrastructure Failure,High
297.0,9.33,0.95,12.4,25.2,403.0,348.0,0.56,0.48,2.71,Heavy Rain,Flood,Critical
84.5,8.01,0.83,44.5,28.9,6518.0,333.5,0.32,0.19,7.63,Heavy Rain,Disease Outbreak,High
144.5,3.41,0.76,41.3,24.5,6353.0,1419.8,0.33,0.92,2.47,Landslide Trigger,Landslide,Medium
61.8,9.17,0.35,81.9,22.5,1922.0,283.5,0.89,0.58,10.22,Cyclone,Infrastructure Failure,High
9.5,2.19,0.14,17.4,46.7,7528.0,812.8,0.16,0.79,24.46,Extreme Heat,Fire,High
185.2,11.42,0.67,34.9,24.4,7332.0,264.2,0.77,0.18,0.69,Heavy Rain,Flood,Critical
62.1,2.69,0.35,12.6,32.2,3110.0,1555.4,0.13,0.48,11.41,Earthquake,Fire,Medium
2.9,0.92,0.25,36.9,39.7,6658.0,202.8,0.72,0.83,16.92,Extreme Heat,Fire,Critical
42.9,3.13,0.22,15.4,22.8,6736.0,1149.3,0.17,0.21,18.65,Earthquake,Fire,Medium
126.6,3.83,0.67,145.8,32.6,2484.0,263.2,0.24,0.52,10.07,Cyclone,Infrastructure Failure,Medium
179.9,7.44,0.43,95.0,26.0,4602.0,384.0,0.73,0.29,5.38,Cyclone,Infrastructure Failure,High
184.4,8.65,0.59,149.8,24.4,6122.0,34.3,0.94,0.66,10.71,Cyclone,Infrastructure Failure,Critical
264.8,5.96,0.89,40.6,19.4,2577.0,2269.1,0.45,0.56,7.05,Landslide Trigger,Landslide,High
7.1,0.6,0.31,20.6,42.2,1001.0,142.5,0.68,0.14,2.08,Extreme Heat,Fire,High
258.1,2.29,0.59,23.2,14.2,3147.0,1943.6,0.22,0.31,13.25,Landslide Trigger,Landslide,High
207.1,11.09,0.54,42.9,23.3,336.0,245.3,0.77,0.27,3.7,Heavy Rain,Flood,Critical
10.9,0.64,0.34,11.8,46.4,2180.0,732.3,0.7,0.38,24.26,Extreme Heat,Fire,High
84.2,3.66,0.58,59.2,15.3,2572.0,1578.4,0.65,0.15,9.77,Landslide Trigger,Landslide,High
233.2,5.08,0.95,44.3,29.7,796.0,39.7,0.06,0.27,2.35,Heavy Rain,Flood,High
274.0,4.58,0.7,50.0,26.3,2047.0,321.8,0.21,0.62,3.04,Heavy Rain,Flood,Medium
5.5,2.2,0.28,26.4,39.1,2232.0,204.7,0.25,0.23,19.85,Extreme Heat,Fire,High
13.2,3.22,0.26,20.8,24.0,6574.0,1296.2,0.46,0.06,17.67,Earthquake,Fire,High
6.4,1.71,0.22,27.8,36.2,4543.0,589.0,0.36,0.69,6.2,Extreme Heat,Fire,High
65.8,6.17,0.81,20.2,27.5,1496.0,508.3,0.48,0.59,4.74,Heavy Rain,Flood,High
7.1,1.9,0.18,12.1,37.0,4522.0,25.1,0.76,0.23,8.92,Extreme Heat,Fire,Critical
366.5,7.02,0.93,41.8,26.7,128.0,77.2,0.69,0.36,1.84,Heavy Rain,Flood,High
309.6,5.55,0.88,15.9,20.1,1472.0,279.3,0.74,0.14,3.33,Heavy Rain,Flood,Critical
165.9,10.04,0.44,52.4,29.8,1591.0,80.0,0.75,0.59,2.4,Heavy Rain,Flood,High
9.7,2.02,0.09,34.2,43.9,3956.0,528.1,0.23,0.44,22.46,Extreme Heat,Fire,High
39.5,0.69,0.63,8.9,28.9,8378.0,1138.4,0.82,0.52,1.49,Earthquake,Disease Outbreak,High
91.8,2.47,0.52,84.3,27.6,7161.0,386.7,0.64,0.48,6.94,Cyclone,Infrastructure Failure,High
260.7,5.27,0.82,87.7,23.4,7137.0,342.8,0.89,0.1,7.09,Cyclone,Infrastructure Failure,Critical
160.2,3.25,0.79,50.7,17.9,562.0,1513.6,0.78,0.6,10.92,Landslide Trigger,Landslide,High
286.4,4.22,0.36,108.1,22.9,4581.0,388.0,0.52,0.38,0.56,Cyclone,Infrastructure Failure,High
1.0,1.74,0.23,14.8,46.7,2611.0,287.6,0.14,0.89,12.34,Extreme Heat,Fire,High
131.1,2.15,0.53,117.0,27.7,1171.0,279.3,0.79,0.12,0.76,Cyclone,Infrastructure Failure,High
261.0,2.24,0.8,94.3,28.7,878.0,65.4,0.17,0.33,0.89,Cyclone,Flood,Medium
168.9,6.21,0.77,122.3,28.7,1813.0,167.7,0.81,0.26,5.74,Cyclone,Infrastructure Failure,High
31.5,6.71,0.42,144.6,31.4,2287.0,35.3,0.6,0.3,1.37,Cyclone,Infrastructure Failure,High
10.8,1.69,0.15,5.9,44.5,1845.0,209.0,0.57,0.84,21.19,Extreme Heat,Fire,High
263.2,4.47,0.43,133.6,26.8,806.0,80.9,0.07,0.07,10.86,Cyclone,Infrastructure Failure,Medium
255.4,8.46,0.58,24.4,22.1,8569.0,547.3,0.25,0.95,0.56,Heavy Rain,Flood,High
81.2,5.63,0.6,18.6,26.2,3978.0,2117.5,0.55,0.82,6.65,Landslide Trigger,Landslide,High
115.1,5.69,0.59,93.6,31.8,2853.0,70.5,0.64,0.23,1.88,Cyclone,Infrastructure Failure,High
135.5,9.07,0.45,123.5,30.1,4370.0,182.0,0.46,0.56,11.26,Cyclone,Infrastructure Failure,High
206.2,4.55,0.9,31.1,18.2,241.0,827.7,0.83,0.66,1.53,Landslide Trigger,Landslide,High
52.8,2.65,0.57,19.4,32.4,3938.0,822.8,0.28,0.56,18.61,Earthquake,Fire,Medium
225.9,3.74,0.74,24.2,18.6,6804.0,759.4,0.66,0.37,5.17,Heavy Rain,Flood,High
163.0,5.05,0.94,26.4,26.2,8668.0,2248.2,0.41,0.91,10.39,Landslide Trigger,Landslide,High
56.2,0.65,0.6,19.5,24.2,2127.0,1267.9,0.8,0.06,3.84,Earthquake,Landslide,High
103.7,1.52,0.55,129.2,30.8,1040.0,378.3,0.88,0.75,7.34,Cyclone,Infrastructure Failure,High
239.6,8.76,0.94,42.1,22.4,1663.0,573.3,0.42,0.2,0.42,Heavy Rain,Flood,Critical
0.3,0.77,0.25,33.1,47.8,8954.0,324.8,0.2,0.7,15.79,Extreme Heat,Fire,High
60.4,0.81,0.58,29.4,15.7,1404.0,245.8,0.51,0.53,1.93,Earthquake,Fire,Medium
102.3,8.79,0.52,64.3,25.3,1124.0,214.8,0.17,0.79,4.96,Cyclone,Flood,Medium
279.1,2.98,0.68,42.8,24.1,2727.0,1184.1,0.46,0.63,13.67,Landslide Trigger,Landslide,High
14.3,2.09,0.06,16.6,40.6,5701.0,296.8,0.71,0.94,18.1,Extreme Heat,Fire,High
139.9,10.37,0.84,26.3,26.8,2532.0,92.2,0.31,0.64,6.34,Heavy Rain,Flood,High
203.2,3.18,0.32,101.2,28.3,2508.0,351.3,0.73,0.45,11.15,Cyclone,Infrastructure Failure,High
296.2,4.34,0.62,38.5,18.2,1730.0,580.7,0.45,0.82,6.7,Heavy Rain,Flood,Medium
11.6,1.08,0.15,28.8,41.9,7468.0,162.8,0.67,0.94,9.13,Extreme Heat,Fire,Critical
303.1,10.98,0.53,44.7,18.2,1463.0,539.9,0.83,0.82,3.81,Heavy Rain,Flood,High
1.8,2.63,0.33,17.5,31.6,734.0,716.2,0.65,0.65,18.92,Earthquake,Fire,Medium
3.8,1.15,0.3,31.7,38.6,849.0,489.9,0.49,0.13,3.42,Extreme Heat,Fire,High
242.4,5.31,0.93,46.2,27.2,12167.0,1509.0,0.63,0.08,9.4,Landslide Trigger,Landslide,Critical
225.4,8.74,0.78,115.5,29.4,3621.0,396.1,0.31,0.63,1.18,Cyclone,Flood,Medium
9.1,0.81,0.11,26.8,35.8,1368.0,253.4,0.49,0.9,21.21,Extreme Heat,Fire,High
125.0,6.01,0.75,44.0,28.8,929.0,733.2,0.07,0.4,6.24,Heavy Rain,Flood,Medium
2.1,1.92,0.25,6.5,45.7,3628.0,238.9,0.44,0.45,11.94,Extreme Heat,Fire,High
71.7,6.11,0.84,51.2,23.0,9254.0,344.6,0.29,0.45,5.65,Heavy Rain,Disease Outbreak,High
244.9,6.38,0.37,119.6,24.1,6785.0,206.5,0.47,0.3,6.4,Cyclone,Infrastructure Failure,High
3.5,2.25,0.1,19.9,36.6,1484.0,700.5,0.37,0.82,12.91,Extreme Heat,Fire,High
232.7,8.96,0.92,50.6,21.9,1613.0,762.4,0.86,0.3,0.3,Heavy Rain,Flood,Critical
140.1,5.22,0.76,29.7,26.7,832.0,717.0,0.89,0.29,5.43,Heavy Rain,Flood,High
2.2,0.68,0.22,9.0,35.9,3066.0,284.0,0.79,0.74,8.48,Extreme Heat,Fire,High
3.9,0.99,0.34,5.3,46.3,1441.0,195.8,0.45,0.69,23.79,Extreme Heat,Fire,High
47.0,1.61,0.43,26.9,15.8,552.0,74.1,0.65,0.24,9.7,Earthquake,Infrastructure Failure,Medium
34.6,1.19,0.42,8.5,15.5,591.0,159.9,0.69,0.11,19.13,Earthquake,Fire,Medium
59.2,5.57,0.58,150.4,32.4,2042.0,312.9,0.37,0.9,7.27,Cyclone,Infrastructure Failure,Medium
249.0,7.71,0.53,12.1,29.3,490.0,257.9,0.8,0.07,3.6,Heavy Rain,Flood,High
255.2,2.62,0.83,129.3,23.8,728.0,228.5,0.82,0.41,3.82,Cyclone,Infrastructure Failure,High
181.5,4.03,0.62,49.2,22.4,601.0,761.8,0.21,0.83,7.58,Heavy Rain,Flood,Medium
134.3,1.03,0.63,41.9,25.2,8267.0,666.8,0.73,0.58,2.55,Landslide Trigger,Landslide,High
61.5,2.0,0.53,16.2,19.9,12847.0,1617.4,0.36,0.88,8.97,Earthquake,Disease Outbreak,Medium
281.9,3.43,0.78,101.1,32.1,2113.0,182.8,0.26,0.23,8.96,Cyclone,Flood,Medium
144.9,7.54,0.66,125.4,25.1,5544.0,195.2,0.94,0.42,0.63,Cyclone,Infrastructure Failure,Critical
42.6,2.02,0.8,42.5,25.0,3827.0,907.8,0.34,0.54,11.69,Landslide Trigger,Landslide,Medium
98.6,6.57,0.91,29.0,28.1,2884.0,476.3,0.51,0.41,1.62,Heavy Rain,Flood,High
9.6,1.96,0.19,8.0,23.3,1608.0,706.6,0.73,0.53,18.59,Earthquake,Fire,Medium
220.1,3.58,0.87,110.4,31.1,3684.0,149.2,0.06,0.48,1.29,Cyclone,Flood,Medium
15.4,2.7,0.64,18.9,31.3,8629.0,1141.7,0.85,0.76,10.42,Earthquake,Fire,High
147.8,7.41,0.53,30.0,23.8,1814.0,667.0,0.07,0.83,7.18,Heavy Rain,Flood,Medium
81.8,4.73,0.51,33.0,27.8,1274.0,601.4,0.86,0.83,6.93,Landslide Trigger,Fire,Medium
97.0,1.49,0.79,30.1,23.4,3811.0,464.2,0.24,0.82,2.87,Landslide Trigger,Landslide,Medium
4.7,1.25,0.65,18.0,29.1,4244.0,442.7,0.33,0.8,12.59,Earthquake,Disease Outbreak,Low
48.3,1.86,0.43,22.3,18.3,1739.0,915.9,0.73,0.48,7.53,Earthquake,Fire,Medium
265.7,2.76,0.69,50.4,21.6,1727.0,1494.1,0.29,0.95,1.75,Landslide Trigger,Landslide,Medium
4.6,2.27,0.25,16.9,41.6,659.0,759.7,0.36,0.35,22.32,Extreme Heat,Fire,High
63.9,7.88,0.9,27.2,26.9,587.0,505.9,0.69,0.82,3.07,Heavy Rain,Flood,High
54.9,0.56,0.26,7.1,26.4,5931.0,1676.4,0.55,0.67,3.1,Earthquake,Fire,Medium
77.7,0.79,0.6,8.8,22.9,2359.0,1880.6,0.58,0.69,18.22,Earthquake,Landslide,Medium
254.8,2.47,0.79,105.7,27.0,9384.0,172.4,0.54,0.91,6.16,Cyclone,Infrastructure Failure,High
2.7,1.95,0.29,28.8,42.5,5617.0,517.0,0.16,0.81,21.8,Extreme Heat,Fire,High
139.4,2.52,0.9,34.4,25.3,2289.0,926.8,0.14,0.73,1.06,Landslide Trigger,Landslide,Medium
106.3,3.66,0.54,27.9,24.9,8081.0,703.2,0.66,0.78,10.06,Landslide Trigger,Landslide,Medium
59.4,3.51,0.84,127.9,29.0,246.0,267.2,0.76,0.66,5.03,Cyclone,Infrastructure Failure,High
206.0,10.6,0.59,23.2,28.5,548.0,639.6,0.24,0.64,4.17,Heavy Rain,Flood,High
132.4,6.02,0.94,51.3,19.3,685.0,1977.4,0.08,0.4,5.92,Landslide Trigger,Landslide,High
13.6,0.98,0.11,38.9,34.4,222.0,711.5,0.88,0.18,9.39,Extreme Heat,Fire,Critical
232.1,4.97,0.44,12.2,19.4,2227.0,66.4,0.36,0.43,6.11,Heavy Rain,Flood,High
262.9,6.46,0.83,54.8,18.5,3227.0,1162.2,0.48,0.41,9.59,Landslide Trigger,Landslide,High
276.7,5.93,0.7,47.7,17.8,1751.0,600.3,0.06,0.78,5.93,Landslide Trigger,Landslide,Medium
127.0,6.14,0.34,76.6,31.8,18000.0,245.4,0.38,0.32,11.41,Cyclone,Infrastructure Failure,High
68.7,4.0,0.46,28.9,30.6,5828.0,814.0,0.67,0.07,11.91,Earthquake,Fire,High
120.9,2.66,0.44,146.0,22.4,3170.0,91.8,0.53,0.25,3.78,Cyclone,Infrastructure Failure,High
104.2,4.63,0.69,22.2,29.4,4281.0,376.5,0.35,0.64,0.56,Heavy Rain,Flood,Medium
105.5,6.07,0.76,148.2,24.9,8483.0,137.3,0.86,0.13,5.62,Cyclone,Infrastructure Failure,Critical
2.0,1.49,0.08,17.1,36.1,18000.0,579.7,0.39,0.59,23.84,Extreme Heat,Fire,Critical
332.6,3.56,0.8,28.4,20.5,3904.0,328.2,0.28,0.33,0.7,Heavy Rain,Flood,High
62.7,8.42,0.6,114.4,28.3,4474.0,167.1,0.16,0.14,2.39,Cyclone,Infrastructure Failure,Medium
221.7,3.17,0.48,105.1,26.9,3409.0,284.9,0.69,0.31,7.52,Cyclone,Infrastructure Failure,High
117.0,5.0,0.48,153.6,31.0,240.0,70.0,0.27,0.15,0.17,Cyclone,Infrastructure Failure,Medium
168.0,6.15,0.84,24.7,19.6,5947.0,1415.8,0.87,0.51,12.34,Landslide Trigger,Landslide,Critical
217.5,2.39,0.64,83.6,26.7,272.0,255.4,0.06,0.07,3.16,Cyclone,Flood,Medium
32.3,2.38,0.44,81.0,32.9,2624.0,125.9,0.82,0.66,1.62,Cyclone,Infrastructure Failure,High
4.4,1.62,0.26,30.5,43.3,2868.0,786.3,0.44,0.63,22.01,Extreme Heat,Fire,High
250.9,1.55,0.9,77.4,27.2,2173.0,349.5,0.17,0.41,2.78,Cyclone,Flood,Medium
108.5,5.77,0.62,54.7,29.9,270.0,100.7,0.08,0.14,5.84,Heavy Rain,Disease Outbreak,Medium
290.7,9.03,0.42,75.4,24.6,902.0,208.6,0.73,0.33,6.88,Cyclone,Infrastructure Failure,High
354.3,8.41,0.65,45.5,27.8,8894.0,239.5,0.2,0.09,2.78,Heavy Rain,Flood,Critical
199.8,9.71,0.85,51.4,24.4,4922.0,89.1,0.13,0.21,4.75,Heavy Rain,Flood,High
33.3,6.25,0.83,123.7,32.8,5484.0,29.9,0.33,0.93,10.85,Cyclone,Infrastructure Failure,Medium
107.7,8.61,0.83,132.0,28.2,1512.0,52.4,0.76,0.73,6.43,Cyclone,Infrastructure Failure,High
258.5,1.09,0.87,57.2,25.1,167.0,660.4,0.62,0.62,2.14,Landslide Trigger,Landslide,High
296.5,4.68,0.5,119.3,31.1,1880.0,375.0,0.62,0.82,9.66,Cyclone,Infrastructure Failure,High
39.2,1.26,0.23,5.0,29.4,1232.0,288.9,0.55,0.41,5.63,Earthquake,Fire,Medium
54.0,0.69,0.21,20.0,21.7,7334.0,686.0,0.67,0.16,2.27,Earthquake,Fire,High
71.5,11.27,0.8,28.8,26.4,2180.0,607.5,0.44,0.06,6.26,Heavy Rain,Flood,High
74.1,2.61,0.25,32.6,33.3,18000.0,2176.7,0.27,0.81,17.61,Earthquake,Fire,High
321.6,4.58,0.46,54.1,21.6,168.0,698.0,0.47,0.26,0.13,Heavy Rain,Flood,High
205.6,4.39,0.54,22.3,19.4,1822.0,771.2,0.13,0.49,12.09,Landslide Trigger,Landslide,Medium
80.0,3.66,0.54,48.7,29.1,1118.0,662.7,0.54,0.7,2.74,Heavy Rain,Flood,Medium
298.2,2.55,0.33,126.0,31.2,9954.0,339.3,0.51,0.87,8.17,Cyclone,Infrastructure Failure,High
369.4,10.12,0.58,18.8,24.6,437.0,367.9,0.28,0.73,7.03,Heavy Rain,Flood,High
62.8,2.92,0.68,43.0,16.2,8065.0,2121.2,0.47,0.3,7.27,Landslide Trigger,Landslide,High
68.3,1.53,0.62,70.2,26.3,716.0,237.8,0.75,0.9,3.38,Cyclone,Infrastructure Failure,Medium
8.0,1.04,0.63,6.1,34.6,1275.0,60.0,0.89,0.34,17.6,Earthquake,Fire,Medium
265.9,3.22,0.54,44.8,24.3,6624.0,743.1,0.45,0.93,3.49,Heavy Rain,Flood,High
14.4,1.16,0.32,34.7,36.9,5899.0,569.4,0.21,0.11,3.67,Extreme Heat,Fire,High
182.1,7.69,0.9,53.8,23.3,2765.0,57.8,0.45,0.33,6.02,Heavy Rain,Flood,High
160.6,3.03,0.85,39.5,26.3,6194.0,1487.1,0.55,0.24,4.34,Landslide Trigger,Landslide,High
255.8,5.72,0.89,30.4,26.7,13184.0,85.5,0.78,0.19,3.23,Heavy Rain,Flood,Critical
141.7,5.47,0.78,44.1,27.0,1939.0,412.8,0.16,0.56,6.51,Heavy Rain,Flood,Medium
364.3,9.64,0.74,39.1,29.2,12205.0,348.4,0.83,0.34,2.72,Heavy Rain,Flood,Critical
155.2,4.82,0.39,151.0,26.4,2640.0,350.8,0.07,0.74,2.35,Cyclone,Infrastructure Failure,Medium
46.5,2.69,0.18,11.3,16.5,2772.0,671.2,0.6,0.54,12.92,Earthquake,Fire,Medium
140.1,4.7,0.48,48.2,25.4,6704.0,157.3,0.72,0.64,1.5,Heavy Rain,Flood,High
6.1,1.02,0.34,32.9,38.2,1228.0,765.9,0.43,0.22,19.46,Extreme Heat,Fire,High
60.0,7.28,0.46,137.9,33.0,5283.0,35.3,0.76,0.73,5.73,Cyclone,Infrastructure Failure,High
124.2,5.13,0.66,152.5,25.6,14553.0,369.6,0.65,0.47,3.31,Cyclone,Infrastructure Failure,Critical
195.6,3.68,0.46,70.8,23.3,3097.0,142.3,0.14,0.82,9.18,Cyclone,Infrastructure Failure,Low
192.4,9.19,0.7,76.6,27.2,148.0,261.2,0.17,0.28,0.44,Cyclone,Flood,Medium
34.4,2.21,0.22,25.2,26.9,359.0,683.1,0.4,0.19,1.26,Earthquake,Fire,Medium
174.4,8.15,0.72,20.4,22.1,4578.0,495.1,0.55,0.38,6.9,Heavy Rain,Flood,High
170.5,10.41,0.42,54.5,26.0,3077.0,548.1,0.49,0.15,0.4,Heavy Rain,Flood,High
106.7,6.34,0.75,33.6,15.0,3146.0,1828.2,0.51,0.44,10.84,Landslide Trigger,Landslide,High
182.4,2.4,0.93,41.5,18.4,664.0,1299.4,0.31,0.66,12.28,Landslide Trigger,Landslide,High
115.2,7.84,0.38,132.5,22.8,2886.0,10.0,0.37,0.26,10.79,Cyclone,Infrastructure Failure,High
253.6,7.08,0.98,54.2,25.6,3771.0,359.9,0.14,0.35,3.98,Heavy Rain,Flood,High
6.0,0.76,0.25,19.6,30.7,375.0,1093.8,0.55,0.29,7.37,Earthquake,Fire,Medium
196.0,9.32,0.37,80.2,27.2,7412.0,387.6,0.35,0.94,9.28,Cyclone,Flood,Medium
83.9,2.98,0.9,51.7,19.1,453.0,99.6,0.24,0.92,0.36,Heavy Rain,Flood,Medium
270.4,9.51,0.85,34.1,27.6,2735.0,480.7,0.53,0.79,2.58,Heavy Rain,Flood,High
14.7,1.32,0.28,8.5,44.9,1544.0,346.8,0.6,0.16,2.91,Extreme Heat,Fire,High
73.9,0.77,0.62,26.2,21.6,3044.0,890.1,0.65,0.4,15.08,Earthquake,Landslide,Medium
211.0,11.41,0.52,28.8,21.5,1207.0,614.4,0.12,0.06,6.14,Heavy Rain,Flood,High
191.1,6.19,0.97,31.1,21.1,3026.0,714.1,0.14,0.39,3.98,Heavy Rain,Flood,High
361.6,7.81,0.6,38.2,28.9,10297.0,226.5,0.21,0.7,4.09,Heavy Rain,Flood,High
49.2,2.88,0.33,14.4,28.7,767.0,513.4,0.06,0.92,8.97,Earthquake,Fire,Low
192.5,11.22,0.48,36.4,20.4,482.0,634.2,0.87,0.23,6.29,Heavy Rain,Flood,High
252.3,11.37,0.91,53.0,22.1,2321.0,93.4,0.76,0.19,1.59,Heavy Rain,Flood,Critical
9.9,1.15,0.15,28.2,40.5,5093.0,734.6,0.11,0.22,5.59,Extreme Heat,Fire,High
266.5,10.19,0.55,24.7,24.4,4854.0,177.1,0.18,0.47,6.51,Heavy Rain,Flood,High
62.0,1.68,0.47,6.5,27.2,1505.0,378.2,0.3,0.81,16.78,Earthquake,Fire,Low
66.5,6.07,0.61,22.8,28.9,4113.0,603.2,0.52,0.86,0.6,Heavy Rain,Flood,Medium
153.3,7.67,0.69,32.0,23.5,2021.0,172.4,0.91,0.28,6.07,Heavy Rain,Flood,High
275.3,10.97,0.78,49.2,27.9,644.0,294.5,0.53,0.26,4.84,Heavy Rain,Flood,High
11.2,1.56,0.17,14.4,48.0,884.0,83.1,0.92,0.93,3.0,Extreme Heat,Fire,Critical
197.2,6.28,0.6,58.7,16.0,2824.0,602.3,0.75,0.38,2.57,Landslide Trigger,Landslide,High
14.7,1.37,0.1,21.3,43.5,2981.0,752.4,0.29,0.63,12.55,Extreme Heat,Fire,High
296.2,1.89,0.83,113.4,24.8,1390.0,382.2,0.21,0.27,5.85,Cyclone,Infrastructure Failure,Medium
66.6,2.65,0.61,12.0,17.4,18000.0,63.1,0.68,0.33,10.65,Earthquake,Disease Outbreak,High
339.4,9.54,0.41,46.8,21.6,2123.0,128.2,0.43,0.31,1.89,Heavy Rain,Flood,High
106.8,9.36,0.97,45.0,21.6,570.0,203.4,0.55,0.59,1.82,Heavy Rain,Flood,High
209.3,5.08,0.63,29.9,23.5,1601.0,1098.9,0.29,0.13,3.98,Landslide Trigger,Landslide,High
323.9,10.18,0.53,12.9,26.9,312.0,177.1,0.25,0.76,3.21,Heavy Rain,Flood,High
315.5,4.36,0.59,16.0,18.9,2600.0,793.8,0.74,0.81,5.28,Heavy Rain,Flood,High
316.2,2.65,0.51,39.5,22.5,10136.0,786.2,0.23,0.83,5.36,Heavy Rain,Flood,Medium
156.0,11.41,0.49,33.2,27.5,13842.0,351.8,0.43,0.59,3.8,Heavy Rain,Flood,Critical
68.0,10.08,0.78,28.2,18.2,104.0,477.4,0.6,0.22,0.2,Heavy Rain,Flood,High
15.4,2.79,0.18,14.4,18.0,4186.0,1297.4,0.28,0.13,13.57,Earthquake,Fire,Medium
51.2,4.91,0.87,80.7,24.8,3745.0,44.9,0.63,0.83,7.31,Cyclone,Infrastructure Failure,Medium
156.7,1.81,0.63,44.8,22.6,3346.0,1462.0,0.84,0.58,10.56,Landslide Trigger,Landslide,High
11.7,1.0,0.25,36.6,39.4,296.0,705.6,0.57,0.17,18.67,Extreme Heat,Fire,High
291.2,7.99,0.37,71.6,28.5,2596.0,141.2,0.4,0.14,0.52,Cyclone,Flood,High
314.6,10.74,0.84,47.0,20.6,4735.0,218.2,0.9,0.7,1.75,Heavy Rain,Flood,Critical
268.0,6.61,0.53,100.4,22.8,1946.0,17.4,0.55,0.55,8.38,Cyclone,Infrastructure Failure,High
22.2,2.17,0.39,16.7,31.4,7328.0,1020.0,0.83,0.85,12.47,Earthquake,Fire,High
139.1,2.81,0.55,22.5,28.9,565.0,522.9,0.19,0.62,0.75,Heavy Rain,Flood,Medium
58.8,3.51,0.62,11.1,21.2,7976.0,566.7,0.57,0.71,7.82,Earthquake,Fire,Medium
162.3,1.73,0.34,111.1,29.9,5426.0,90.1,0.42,0.72,8.69,Cyclone,Infrastructure Failure,Medium
32.3,2.87,0.53,34.8,21.9,830.0,933.7,0.67,0.88,4.15,Earthquake,Fire,Medium
136.5,2.94,0.47,103.2,25.2,125.0,97.3,0.54,0.76,8.86,Cyclone,Infrastructure Failure,Medium
137.9,7.93,0.79,39.5,23.4,4646.0,283.8,0.34,0.14,6.7,Heavy Rain,Flood,High
57.2,1.57,0.77,17.3,18.7,4711.0,1906.4,0.72,0.27,5.12,Landslide Trigger,Landslide,High
10.9,2.0,0.17,12.4,41.3,708.0,830.8,0.66,0.43,16.71,Extreme Heat,Fire,High
245.2,9.11,0.7,46.6,26.7,5884.0,495.9,0.89,0.17,1.29,Heavy Rain,Flood,Critical
157.2,2.55,0.85,47.5,16.0,5207.0,2154.1,0.46,0.35,3.53,Landslide Trigger,Landslide,High
72.7,2.84,0.7,112.3,23.3,4457.0,49.5,0.69,0.1,0.96,Cyclone,Infrastructure Failure,High
174.5,1.51,0.92,55.8,23.8,5743.0,2252.4,0.56,0.33,12.36,Landslide Trigger,Landslide,Critical
3.3,1.15,0.24,11.0,37.6,2943.0,431.9,0.88,0.72,7.36,Extreme Heat,Fire,High
209.9,6.16,0.59,77.7,31.8,4536.0,103.2,0.21,0.38,1.19,Cyclone,Flood,Medium
59.3,3.73,0.5,12.4,25.9,6743.0,671.2,0.24,0.34,3.05,Heavy Rain,Disease Outbreak,Medium
99.7,8.09,0.64,37.6,27.1,8859.0,441.1,0.32,0.37,5.06,Heavy Rain,Disease Outbreak,High
223.8,6.39,0.41,95.7,27.1,8365.0,170.7,0.74,0.48,2.22,Cyclone,Infrastructure Failure,High
54.4,3.64,0.22,12.5,25.9,13336.0,1767.9,0.46,0.37,1.69,Earthquake,Fire,High
146.6,4.07,0.86,53.0,23.0,2199.0,762.4,0.66,0.44,6.61,Heavy Rain,Flood,High
234.4,3.02,0.8,12.4,27.8,1351.0,661.7,0.48,0.59,1.97,Heavy Rain,Flood,High
4.3,1.68,0.14,6.9,34.0,10517.0,109.0,0.43,0.51,20.22,Extreme Heat,Fire,High
75.2,4.31,0.57,42.5,27.1,176.0,791.4,0.39,0.15,11.7,Landslide Trigger,Landslide,Medium
125.2,2.89,0.52,99.7,25.3,1738.0,264.4,0.22,0.29,11.03,Cyclone,Infrastructure Failure,Medium
331.8,7.64,0.66,16.7,23.4,6995.0,230.0,0.13,0.51,7.55,Heavy Rain,Flood,High
124.3,6.2,0.91,33.7,22.0,3235.0,174.2,0.47,0.25,6.42,Heavy Rain,Flood,High
160.3,11.14,0.7,28.0,24.3,730.0,625.4,0.58,0.65,2.79,Heavy Rain,Flood,High
211.1,6.29,0.67,18.4,27.4,3612.0,1270.0,0.54,0.23,9.73,Landslide Trigger,Landslide,High
299.2,9.73,0.72,32.0,19.4,1291.0,76.3,0.91,0.76,2.78,Heavy Rain,Flood,Critical
52.8,2.31,0.23,34.4,22.5,6729.0,279.9,0.85,0.06,10.38,Earthquake,Fire,High
342.5,4.94,0.42,48.2,28.4,5467.0,481.0,0.76,0.85,4.64,Heavy Rain,Flood,High
44.2,3.89,0.65,8.5,32.0,3138.0,1124.6,0.1,0.51,8.36,Earthquake,Disease Outbreak,Medium
69.7,1.25,0.36,33.2,23.6,2445.0,820.5,0.62,0.77,9.37,Earthquake,Fire,Medium
6.8,2.13,0.21,16.8,43.2,286.0,651.6,0.2,0.31,14.84,Extreme Heat,Fire,High
143.3,8.56,0.41,44.0,21.2,878.0,254.9,0.85,0.13,4.27,Heavy Rain,Flood,High
196.6,10.14,0.76,23.2,23.0,7256.0,568.3,0.36,0.95,7.79,Heavy Rain,Flood,High
51.2,2.75,0.88,19.0,18.7,4297.0,197.3,0.61,0.26,3.47,Heavy Rain,Disease Outbreak,High
160.8,6.56,0.87,29.5,27.8,215.0,1817.2,0.2,0.71,1.87,Landslide Trigger,Landslide,Medium
84.1,4.07,0.54,56.4,18.8,120.0,2216.3,0.47,0.07,14.23,Landslide Trigger,Landslide,High
72.7,2.31,0.19,8.3,22.7,6571.0,2071.5,0.38,0.09,14.17,Earthquake,Fire,Medium
77.9,0.56,0.62,16.1,15.2,10885.0,1531.7,0.19,0.21,19.63,Earthquake,Disease Outbreak,High
45.2,2.73,0.52,10.4,34.2,2585.0,1423.3,0.42,0.93,17.09,Earthquake,Fire,Medium
242.1,10.3,0.95,40.4,24.6,817.0,12.8,0.22,0.28,0.42,Heavy Rain,Flood,High
113.2,3.16,0.69,19.4,14.6,1979.0,1747.9,0.62,0.79,8.52,Landslide Trigger,Landslide,High
145.5,6.63,0.87,139.8,26.7,2731.0,259.7,0.93,0.52,2.21,Cyclone,Infrastructure Failure,High
280.5,4.76,0.9,115.0,22.5,206.0,236.8,0.79,0.3,3.37,Cyclone,Infrastructure Failure,High
245.1,3.81,0.42,152.5,26.0,2731.0,242.5,0.87,0.66,7.36,Cyclone,Infrastructure Failure,Critical
183.2,10.26,0.51,34.5,29.4,3492.0,504.1,0.81,0.9,6.55,Heavy Rain,Flood,High
140.1,4.03,0.68,41.6,20.7,11202.0,13.2,0.68,0.41,2.81,Heavy Rain,Disease Outbreak,High
2.9,1.21,0.1,8.7,46.7,279.0,897.9,0.35,0.47,5.77,Extreme Heat,Fire,High
117.6,5.21,0.52,44.8,26.6,7772.0,511.6,0.92,0.21,3.16,Heavy Rain,Disease Outbreak,High
17.8,2.34,0.2,18.1,26.6,2602.0,1172.5,0.91,0.24,7.29,Earthquake,Fire,High
266.1,2.89,0.44,34.8,19.3,2763.0,27.7,0.68,0.23,1.45,Heavy Rain,Flood,High
210.4,2.96,0.67,99.1,29.2,114.0,398.0,0.85,0.11,11.26,Cyclone,Infrastructure Failure,Critical
364.5,5.04,0.62,14.1,19.3,3119.0,584.1,0.69,0.74,7.56,Heavy Rain,Flood,High
101.0,1.86,0.3,93.3,24.7,525.0,29.6,0.87,0.18,2.24,Cyclone,Infrastructure Failure,High
8.1,1.69,0.21,8.5,38.5,769.0,65.1,0.56,0.67,11.1,Extreme Heat,Fire,High
225.6,6.41,0.62,47.9,20.6,1839.0,590.0,0.32,0.47,6.08,Heavy Rain,Flood,High
7.5,0.66,0.21,10.6,25.1,8855.0,1875.6,0.91,0.91,5.48,Earthquake,Fire,High
256.1,4.41,0.34,114.0,28.1,2371.0,340.7,0.36,0.22,11.95,Cyclone,Infrastructure Failure,High
0.4,2.28,0.43,29.7,25.1,5971.0,2020.4,0.18,0.82,12.93,Earthquake,Landslide,Medium
202.0,2.02,0.59,56.7,14.5,3600.0,1325.1,0.81,0.37,5.39,Landslide Trigger,Landslide,High
6.4,2.46,0.29,36.4,40.1,4129.0,226.0,0.15,0.29,11.47,Extreme Heat,Fire,High
65.4,6.39,0.88,11.1,26.1,3886.0,746.7,0.93,0.92,1.97,Heavy Rain,Flood,High
127.5,3.4,0.49,41.6,26.7,695.0,542.6,0.57,0.49,2.76,Heavy Rain,Flood,Medium
290.5,6.47,0.6,23.2,20.5,1463.0,219.9,0.08,0.22,0.85,Heavy Rain,Flood,High
59.7,1.64,0.48,26.5,26.6,4394.0,2111.2,0.91,0.83,1.41,Earthquake,Fire,Medium
105.4,5.44,0.5,37.1,26.5,3857.0,260.5,0.43,0.82,4.36,Heavy Rain,Flood,High
238.3,2.02,0.67,82.4,28.1,1759.0,383.0,0.31,0.26,10.56,Cyclone,Infrastructure Failure,Medium
42.6,0.9,0.42,5.0,21.5,4257.0,522.9,0.36,0.13,19.45,Earthquake,Disease Outbreak,Medium
169.5,3.21,0.62,139.4,28.8,8487.0,255.3,0.89,0.51,6.54,Cyclone,Infrastructure Failure,Critical
4.6,1.42,0.11,27.3,41.0,2190.0,110.9,0.85,0.56,6.55,Extreme Heat,Fire,Critical
274.9,5.55,0.73,30.1,25.9,1223.0,50.0,0.34,0.91,4.0,Heavy Rain,Flood,High
110.3,5.3,0.7,48.8,23.0,1287.0,597.7,0.4,0.37,6.87,Heavy Rain,Flood,High
12.5,0.59,0.14,28.8,41.9,804.0,403.9,0.44,0.5,14.42,Extreme Heat,Fire,High
273.3,3.59,0.82,121.2,22.2,18000.0,291.2,0.84,0.32,0.52,Cyclone,Infrastructure Failure,Critical
20.6,1.84,0.33,16.2,21.4,6086.0,1385.4,0.78,0.48,4.12,Earthquake,Fire,Medium
260.2,3.48,0.31,118.8,27.0,11313.0,229.0,0.62,0.74,10.8,Cyclone,Infrastructure Failure,Critical
77.7,3.95,0.83,29.4,23.4,755.0,253.8,0.61,0.21,4.9,Heavy Rain,Flood,High
1.0,1.16,0.12,36.1,34.8,2199.0,175.4,0.09,0.06,14.62,Extreme Heat,Fire,High
14.8,1.82,0.16,21.5,37.7,6961.0,323.5,0.22,0.81,16.93,Extreme Heat,Fire,High
9.7,1.25,0.17,9.2,33.3,10379.0,1037.8,0.84,0.73,2.48,Earthquake,Fire,High
358.0,4.48,0.89,41.0,28.4,4865.0,639.6,0.29,0.35,2.84,Heavy Rain,Flood,High
8.6,3.77,0.3,20.6,22.8,4924.0,2113.8,0.82,0.44,7.37,Earthquake,Fire,Medium
132.1,7.48,0.85,131.7,24.5,2847.0,355.9,0.8,0.22,4.71,Cyclone,Infrastructure Failure,High
308.9,7.87,0.92,17.7,23.0,481.0,667.9,0.94,0.3,0.25,Heavy Rain,Flood,Critical
274.1,2.1,0.67,48.9,23.2,6034.0,1562.2,0.26,0.45,8.42,Landslide Trigger,Landslide,High
101.3,7.86,0.55,25.0,23.7,3806.0,31.1,0.44,0.83,0.83,Heavy Rain,Flood,Medium
206.7,1.05,0.78,19.2,24.9,3774.0,2383.0,0.26,0.44,8.44,Landslide Trigger,Landslide,High
261.1,2.84,0.46,102.3,29.8,418.0,153.5,0.38,0.69,11.14,Cyclone,Infrastructure Failure,Medium
124.6,8.41,0.5,12.5,19.5,5192.0,744.7,0.35,0.58,4.46,Heavy Rain,Flood,High
163.6,9.07,0.75,129.4,22.5,8512.0,222.1,0.28,0.29,5.66,Cyclone,Infrastructure Failure,High
138.7,2.46,0.56,53.6,21.8,1160.0,2122.7,0.54,0.12,12.64,Landslide Trigger,Landslide,High
13.7,1.31,0.17,15.6,40.4,5249.0,241.5,0.8,0.32,10.62,Extreme Heat,Fire,Critical
7.0,2.25,0.07,36.1,37.1,2676.0,617.1,0.82,0.14,15.4,Extreme Heat,Fire,Critical
27.8,2.38,0.56,11.5,31.1,4653.0,909.2,0.13,0.51,4.59,Earthquake,Disease Outbreak,Medium
5.1,1.75,0.45,21.7,23.1,2047.0,972.5,0.91,0.82,5.31,Earthquake,Fire,Medium
2.2,0.56,0.33,23.4,41.5,2204.0,707.0,0.92,0.65,9.24,Extreme Heat,Fire,High
100.7,3.7,0.52,44.5,21.5,695.0,26.9,0.06,0.26,7.56,Heavy Rain,Flood,Medium
93.5,4.88,0.85,143.5,27.0,993.0,167.3,0.1,0.9,6.7,Cyclone,Infrastructure Failure,Low
111.6,4.29,0.67,32.1,18.2,3784.0,126.9,0.26,0.43,3.09,Heavy Rain,Flood,Medium
173.8,6.33,0.65,21.0,20.8,1869.0,1893.4,0.07,0.08,2.54,Landslide Trigger,Landslide,High
155.9,2.79,0.89,42.1,20.4,232.0,1215.9,0.85,0.95,7.96,Landslide Trigger,Landslide,High
109.9,3.58,0.48,39.7,25.9,2011.0,679.9,0.6,0.67,6.04,Heavy Rain,Flood,Medium
7.7,1.45,0.24,24.5,43.0,3394.0,559.3,0.52,0.66,18.54,Extreme Heat,Fire,High
147.9,2.45,0.5,40.2,22.3,1704.0,2344.1,0.23,0.11,6.06,Landslide Trigger,Landslide,High
305.0,4.75,0.75,40.9,23.7,1173.0,702.3,0.86,0.83,3.61,Heavy Rain,Flood,High
13.1,0.59,0.19,13.6,34.4,7126.0,1250.8,0.46,0.33,8.09,Earthquake,Fire,High
265.9,6.1,0.89,38.1,25.1,13302.0,758.7,0.31,0.76,9.03,Landslide Trigger,Landslide,High
211.9,2.86,0.84,17.6,25.6,1204.0,77.7,0.25,0.17,7.58,Heavy Rain,Flood,High
75.7,2.99,0.52,20.0,24.5,1007.0,286.5,0.93,0.77,11.64,Earthquake,Fire,Medium
186.3,3.86,0.86,15.5,20.3,5050.0,177.1,0.33,0.13,4.5,Heavy Rain,Flood,High
151.5,5.49,0.6,24.9,27.3,5375.0,2308.3,0.22,0.24,14.87,Landslide Trigger,Landslide,High
121.7,2.91,0.94,50.5,24.1,5730.0,771.9,0.2,0.83,13.73,Landslide Trigger,Landslide,Medium
105.3,1.49,0.8,44.4,15.3,3730.0,1037.7,0.71,0.24,14.9,Landslide Trigger,Landslide,High
51.3,3.72,0.45,82.3,24.1,5593.0,232.0,0.22,0.47,4.0,Cyclone,Infrastructure Failure,Medium
43.3,3.89,0.53,59.0,25.1,2972.0,1380.2,0.73,0.22,2.21,Landslide Trigger,Landslide,High
8.5,2.13,0.28,33.1,46.3,2792.0,845.2,0.76,0.68,11.33,Extreme Heat,Fire,Critical
298.8,1.61,0.51,86.7,24.9,383.0,92.9,0.72,0.67,8.54,Cyclone,Infrastructure Failure,High
3.8,1.01,0.24,31.7,46.3,2887.0,769.9,0.87,0.78,24.19,Extreme Heat,Fire,High
345.2,2.6,0.96,31.3,27.6,1113.0,110.5,0.31,0.16,3.23,Heavy Rain,Flood,High
64.5,0.53,0.31,10.2,26.8,2244.0,596.6,0.64,0.16,5.92,Earthquake,Fire,Medium
107.9,4.72,0.96,27.9,25.2,346.0,200.8,0.08,0.47,3.97,Heavy Rain,Flood,Medium
181.6,3.73,0.8,54.7,22.7,5799.0,503.4,0.47,0.71,7.71,Heavy Rain,Flood,High
92.3,7.11,0.56,17.3,23.1,2050.0,113.5,0.53,0.18,5.62,Heavy Rain,Flood,High
11.2,2.54,0.64,7.9,20.7,6777.0,1919.3,0.52,0.42,2.37,Earthquake,Landslide,High
113.6,3.88,0.48,144.1,30.0,1051.0,269.5,0.61,0.46,9.61,Cyclone,Infrastructure Failure,High
11.7,1.12,0.24,35.9,39.6,1459.0,78.6,0.66,0.91,13.87,Extreme Heat,Fire,High
210.3,6.7,0.78,14.7,21.0,143.0,736.0,0.23,0.66,5.39,Heavy Rain,Flood,High
236.4,8.22,0.48,148.4,28.1,519.0,280.1,0.92,0.16,7.2,Cyclone,Infrastructure Failure,Critical
98.8,8.01,0.67,139.6,27.7,218.0,153.9,0.82,0.26,11.07,Cyclone,Infrastructure Failure,High
12.7,0.78,0.22,36.1,40.6,4368.0,677.0,0.88,0.45,20.51,Extreme Heat,Fire,Critical
76.7,1.88,0.45,73.6,28.1,217.0,78.1,0.8,0.58,0.56,Cyclone,Infrastructure Failure,High
28.6,3.63,0.19,34.4,27.3,4712.0,444.4,0.44,0.83,13.9,Earthquake,Fire,Medium
76.2,2.67,0.54,24.5,17.3,1884.0,2235.3,0.53,0.86,2.09,Landslide Trigger,Landslide,Medium
79.8,3.14,0.64,28.6,34.3,1745.0,1570.6,0.63,0.37,2.52,Earthquake,Landslide,Medium
140.2,7.7,0.94,11.6,27.2,8642.0,581.0,0.74,0.52,7.72,Heavy Rain,Flood,High
117.4,7.41,0.84,50.3,27.5,1392.0,164.3,0.06,0.23,4.84,Heavy Rain,Flood,High
67.2,6.06,0.62,27.8,27.4,1168.0,1158.2,0.16,0.14,1.13,Landslide Trigger,Landslide,High
75.6,7.84,0.51,26.3,28.3,2305.0,345.2,0.41,0.73,7.33,Heavy Rain,Flood,Medium
57.6,1.54,0.8,36.9,25.1,3004.0,2232.5,0.5,0.93,6.44,Landslide Trigger,Landslide,High
254.4,8.79,0.45,133.4,24.9,162.0,87.5,0.92,0.18,11.34,Cyclone,Infrastructure Failure,High
236.7,2.66,0.66,24.8,22.2,150.0,1096.2,0.11,0.14,10.2,Landslide Trigger,Landslide,High
6.3,2.13,0.32,13.6,42.0,1783.0,696.2,0.52,0.17,8.64,Extreme Heat,Fire,High
46.2,1.92,0.79,18.3,16.7,781.0,1075.7,0.87,0.07,2.09,Landslide Trigger,Landslide,High
206.4,4.58,0.7,115.9,24.5,5633.0,339.6,0.42,0.94,5.95,Cyclone,Infrastructure Failure,Medium
11.6,2.43,0.2,21.6,44.6,1356.0,794.7,0.77,0.24,24.18,Extreme Heat,Fire,High
177.3,2.94,0.51,148.5,23.6,512.0,254.8,0.34,0.56,7.16,Cyclone,Infrastructure Failure,Medium
80.5,7.9,0.88,80.4,24.1,1158.0,184.7,0.07,0.54,9.0,Cyclone,Flood,Medium
76.5,1.87,0.36,34.1,28.9,11855.0,1596.2,0.67,0.86,11.69,Earthquake,Fire,High
207.9,5.41,0.63,28.7,25.0,1018.0,993.4,0.79,0.15,8.88,Landslide Trigger,Landslide,High
239.1,4.62,0.59,39.4,18.0,309.0,1046.9,0.94,0.08,5.92,Landslide Trigger,Landslide,High
9.9,1.24,0.24,17.5,43.4,487.0,661.7,0.64,0.3,17.88,Extreme Heat,Fire,High
37.8,4.82,0.56,104.4,29.8,300.0,127.0,0.67,0.56,3.85,Cyclone,Infrastructure Failure,High
124.3,7.14,0.62,104.6,27.6,1191.0,256.4,0.18,0.19,7.95,Cyclone,Infrastructure Failure,Medium
9.6,2.25,0.17,10.9,44.6,3087.0,752.6,0.82,0.06,22.25,Extreme Heat,Fire,Critical
85.4,3.33,0.81,13.1,24.0,6639.0,383.4,0.2,0.37,2.55,Heavy Rain,Disease Outbreak,High
305.5,2.77,0.79,46.7,29.2,2925.0,702.3,0.12,0.28,2.62,Heavy Rain,Flood,High
55.4,4.02,0.83,93.0,28.2,11276.0,176.2,0.32,0.61,5.56,Cyclone,Infrastructure Failure,High
188.6,3.05,0.68,46.6,19.2,4726.0,65.0,0.7,0.56,1.31,Heavy Rain,Flood,High
204.5,10.49,0.84,46.5,27.8,6500.0,517.7,0.88,0.07,3.72,Heavy Rain,Flood,Critical
67.0,11.13,0.56,49.3,22.7,645.0,104.1,0.27,0.49,0.74,Heavy Rain,Flood,High
281.5,11.38,0.66,33.3,24.3,128.0,436.2,0.05,0.14,4.19,Heavy Rain,Flood,High
83.5,8.84,0.52,50.3,29.1,1115.0,781.0,0.51,0.21,7.52,Heavy Rain,Flood,High
233.5,6.33,0.89,34.5,24.6,4578.0,595.2,0.43,0.95,1.56,Landslide Trigger,Flood,Medium
56.3,8.35,0.59,138.6,31.0,9674.0,366.8,0.19,0.12,3.64,Cyclone,Infrastructure Failure,High
146.5,8.13,0.58,138.8,30.0,301.0,87.7,0.86,0.32,11.39,Cyclone,Infrastructure Failure,High
40.0,1.98,0.24,15.7,18.9,2249.0,488.4,0.77,0.56,4.55,Earthquake,Fire,Medium
344.8,8.23,0.8,40.0,23.4,6388.0,554.6,0.75,0.27,0.65,Heavy Rain,Flood,Critical
224.3,1.08,0.6,17.9,24.9,114.0,1911.7,0.5,0.68,12.39,Landslide Trigger,Landslide,High
2.3,1.8,0.08,11.3,40.7,755.0,595.1,0.23,0.26,5.35,Extreme Heat,Fire,High
124.8,6.06,0.78,29.7,27.3,260.0,578.2,0.84,0.12,1.1,Heavy Rain,Flood,High
70.1,1.68,0.68,115.3,32.9,1587.0,355.3,0.32,0.19,4.99,Cyclone,Infrastructure Failure,Medium
73.1,1.79,0.55,25.8,18.3,14147.0,2323.2,0.39,0.46,9.1,Landslide Trigger,Landslide,High
117.9,2.1,0.57,57.5,27.8,1863.0,489.8,0.22,0.38,3.1,Landslide Trigger,Landslide,Medium
64.9,5.15,0.46,93.4,23.0,1376.0,174.1,0.84,0.81,11.8,Cyclone,Infrastructure Failure,High
76.2,3.27,0.48,30.7,16.5,4797.0,1045.1,0.92,0.75,19.8,Earthquake,Infrastructure Failure,Medium
338.7,8.86,0.84,33.5,29.1,3677.0,661.8,0.32,0.08,6.77,Heavy Rain,Flood,Critical
264.6,4.52,0.64,21.7,25.6,3415.0,2073.0,0.38,0.32,12.4,Landslide Trigger,Landslide,High
52.8,10.0,0.45,38.4,24.0,203.0,426.1,0.75,0.1,7.42,Heavy Rain,Flood,High
49.2,3.58,0.53,50.5,21.4,3135.0,458.1,0.78,0.44,1.57,Landslide Trigger,Infrastructure Failure,Medium
44.4,3.3,0.46,11.7,27.3,3204.0,1400.8,0.92,0.23,14.95,Earthquake,Fire,Medium
76.1,2.38,0.49,8.0,22.6,231.0,1704.2,0.54,0.13,14.43,Earthquake,Landslide,Medium
298.9,8.68,0.31,141.6,32.1,1967.0,144.7,0.64,0.36,8.66,Cyclone,Infrastructure Failure,High
156.4,6.32,0.48,47.4,22.2,2297.0,326.1,0.54,0.91,7.16,Heavy Rain,Flood,Medium
342.6,4.03,0.67,53.7,22.5,488.0,303.5,0.72,0.74,1.64,Heavy Rain,Flood,High
369.8,9.46,0.54,11.8,29.8,7665.0,279.0,0.58,0.24,2.56,Heavy Rain,Flood,Critical
343.4,11.44,0.45,48.8,22.7,11703.0,424.0,0.29,0.24,7.33,Heavy Rain,Flood,Critical
1.2,1.62,0.05,19.4,35.0,5870.0,376.6,0.24,0.35,2.92,Extreme Heat,Fire,High
264.9,7.47,0.43,66.8,29.9,1986.0,159.3,0.36,0.46,9.22,Cyclone,Flood,Medium
297.0,10.62,0.43,33.6,18.4,1536.0,380.0,0.89,0.62,7.09,Heavy Rain,Flood,High
264.2,5.54,0.55,25.4,19.5,2140.0,740.2,0.91,0.44,7.93,Landslide Trigger,Landslide,High
228.6,6.65,0.9,24.4,20.9,1532.0,1095.5,0.79,0.46,6.6,Landslide Trigger,Landslide,High
165.7,6.89,0.53,37.0,24.8,976.0,702.3,0.83,0.34,9.56,Landslide Trigger,Landslide,High
119.0,4.59,0.58,27.8,19.8,3029.0,1107.3,0.56,0.64,8.35,Landslide Trigger,Landslide,High
151.6,3.64,0.84,48.3,21.1,2539.0,331.6,0.64,0.09,4.04,Heavy Rain,Disease Outbreak,High
224.8,2.0,0.58,138.6,27.0,7143.0,63.9,0.74,0.42,11.82,Cyclone,Infrastructure Failure,Critical
2.8,2.38,0.21,34.8,38.8,2461.0,315.1,0.18,0.25,24.67,Extreme Heat,Fire,High
38.6,0.65,0.38,17.6,30.6,738.0,813.1,0.58,0.13,19.67,Earthquake,Fire,Medium
292.2,11.45,0.88,35.0,23.8,14592.0,669.7,0.41,0.94,7.49,Heavy Rain,Flood,Critical
2.3,1.01,0.08,14.5,44.8,3291.0,770.6,0.51,0.69,19.91,Extreme Heat,Fire,High
179.0,10.07,0.79,41.4,24.4,1636.0,709.3,0.75,0.49,2.09,Heavy Rain,Flood,High
343.4,5.62,0.61,50.0,23.6,1136.0,417.7,0.64,0.16,2.73,Heavy Rain,Flood,High
267.4,7.73,0.41,125.9,28.6,1783.0,77.9,0.68,0.62,3.35,Cyclone,Infrastructure Failure,High
42.6,3.19,0.53,23.5,30.7,3154.0,768.7,0.79,0.54,17.74,Earthquake,Fire,Medium
17.5,2.4,0.34,25.9,24.5,3792.0,1847.6,0.25,0.94,13.88,Earthquake,Fire,Medium
327.8,9.6,0.59,34.1,19.6,2677.0,435.4,0.63,0.4,1.25,Heavy Rain,Flood,Critical
159.7,6.25,0.55,50.6,16.4,4735.0,473.4,0.41,0.84,3.6,Landslide Trigger,Landslide,Medium
223.2,2.7,0.82,15.0,27.5,4684.0,142.8,0.91,0.38,2.83,Heavy Rain,Flood,High
323.7,4.22,0.87,39.6,20.3,1645.0,249.0,0.23,0.63,1.14,Heavy Rain,Flood,High
278.7,1.07,0.75,40.8,26.8,2142.0,1412.0,0.29,0.1,8.61,Landslide Trigger,Landslide,High
138.1,1.32,0.75,28.8,21.5,7298.0,668.6,0.22,0.36,14.06,Landslide Trigger,Landslide,High
187.2,1.57,0.66,26.3,26.8,2451.0,2105.0,0.89,0.89,9.12,Landslide Trigger,Landslide,High
14.5,0.75,0.1,28.7,41.6,7108.0,36.2,0.83,0.37,3.43,Extreme Heat,Fire,Critical
71.3,2.58,0.55,17.8,17.3,2662.0,982.5,0.15,0.94,9.69,Earthquake,Landslide,Low
19.5,1.19,0.41,21.1,23.8,3111.0,1709.6,0.7,0.07,10.82,Earthquake,Landslide,Medium
238.3,10.46,0.41,28.2,29.1,12875.0,289.0,0.23,0.11,3.72,Heavy Rain,Flood,Critical
262.0,8.45,0.58,108.8,31.2,155.0,296.7,0.48,0.82,3.26,Cyclone,Infrastructure Failure,Medium
271.9,9.15,0.83,115.1,26.9,2572.0,311.1,0.13,0.88,8.9,Cyclone,Flood,Medium
200.3,5.77,0.77,40.3,20.5,761.0,671.2,0.42,0.71,2.39,Heavy Rain,Flood,High
14.5,2.12,0.33,9.9,35.0,5734.0,510.8,0.65,0.92,8.68,Extreme Heat,Fire,High
98.8,5.39,0.6,82.7,28.5,1542.0,180.1,0.07,0.52,5.42,Cyclone,Infrastructure Failure,Medium
160.6,2.51,0.58,22.5,22.7,3873.0,114.2,0.62,0.77,4.11,Heavy Rain,Flood,Medium
199.2,7.17,0.87,29.2,26.4,4670.0,353.3,0.21,0.35,3.4,Heavy Rain,Flood,High
17.9,1.76,0.27,22.4,31.0,14463.0,1741.2,0.58,0.41,7.93,Earthquake,Fire,High
325.7,9.07,0.83,18.8,23.6,3781.0,690.8,0.58,0.81,4.08,Heavy Rain,Flood,High
108.3,4.45,0.56,46.1,24.2,1814.0,485.7,0.16,0.43,10.46,Landslide Trigger,Landslide,Medium
82.4,4.82,0.53,130.1,30.5,8657.0,244.8,0.67,0.08,0.37,Cyclone,Infrastructure Failure,Critical
251.1,3.1,0.65,104.3,26.6,351.0,356.4,0.9,0.88,5.3,Cyclone,Infrastructure Failure,High
54.8,2.14,0.2,28.7,16.5,658.0,197.5,0.06,0.43,11.21,Earthquake,Fire,Low
2.1,0.82,0.07,12.2,44.0,2360.0,731.9,0.08,0.11,12.41,Extreme Heat,Fire,High
99.5,5.85,0.74,117.5,26.3,1547.0,51.7,0.71,0.51,9.39,Cyclone,Infrastructure Failure,High
59.1,3.68,0.61,21.1,25.2,2059.0,621.2,0.16,0.44,18.78,Earthquake,Landslide,Low
10.2,2.26,0.43,15.1,16.4,5942.0,2078.5,0.38,0.73,15.69,Earthquake,Landslide,Medium
210.2,4.31,0.47,25.5,19.7,1962.0,798.6,0.46,0.32,0.49,Heavy Rain,Flood,High
177.1,1.9,0.86,30.0,22.3,5881.0,1831.3,0.6,0.4,13.45,Landslide Trigger,Landslide,Critical
7.5,2.04,0.31,8.6,39.4,1392.0,703.0,0.42,0.59,11.93,Extreme Heat,Fire,High
80.0,2.23,0.25,9.9,15.8,835.0,1251.5,0.68,0.72,11.35,Earthquake,Fire,Medium
102.2,3.06,0.96,31.8,24.7,4789.0,1305.5,0.65,0.82,12.11,Landslide Trigger,Landslide,High
265.4,4.48,0.61,32.9,24.6,268.0,1701.8,0.66,0.28,3.49,Landslide Trigger,Landslide,High
7.5,1.99,0.22,7.9,36.6,2767.0,213.0,0.5,0.23,7.93,Extreme Heat,Fire,High
1.0,0.84,0.35,21.4,46.1,4025.0,766.9,0.22,0.67,13.76,Extreme Heat,Fire,High
21.8,3.41,0.19,28.2,17.0,3500.0,1944.6,0.49,0.38,6.78,Earthquake,Fire,Medium
51.6,3.82,0.17,32.6,27.2,2143.0,1785.7,0.83,0.42,8.29,Earthquake,Fire,High
42.8,0.57,0.23,24.3,29.3,1986.0,1302.6,0.37,0.5,3.72,Earthquake,Fire,Medium
13.1,2.05,0.08,36.2,40.6,3655.0,674.6,0.26,0.44,5.22,Extreme Heat,Fire,High
55.6,3.86,0.45,20.8,19.2,3177.0,556.6,0.18,0.9,0.33,Heavy Rain,Flood,Medium
263.9,2.35,0.78,16.3,27.0,1442.0,1446.0,0.12,0.4,1.61,Landslide Trigger,Landslide,High
200.8,3.82,0.68,20.4,17.4,565.0,600.3,0.59,0.36,12.3,Landslide Trigger,Landslide,High
124.6,8.26,0.67,28.0,25.1,2720.0,398.1,0.65,0.07,2.5,Heavy Rain,Flood,High
7.0,0.62,0.11,24.6,46.1,1838.0,796.9,0.57,0.18,3.61,Extreme Heat,Fire,High
302.6,9.2,0.92,10.4,20.6,7294.0,663.5,0.1,0.59,5.4,Heavy Rain,Flood,High
183.6,1.79,0.61,117.9,24.1,2121.0,113.0,0.82,0.36,7.72,Cyclone,Infrastructure Failure,High
4.0,2.47,0.32,6.0,44.8,1123.0,117.1,0.29,0.79,2.63,Extreme Heat,Fire,Medium
284.5,11.33,0.81,28.8,26.4,4689.0,799.6,0.89,0.15,5.71,Heavy Rain,Flood,Critical
10.6,2.2,0.34,12.4,41.1,3036.0,618.9,0.28,0.35,7.69,Extreme Heat,Fire,High
6.6,1.56,0.18,22.3,38.2,798.0,159.9,0.57,0.76,3.09,Extreme Heat,Fire,High
75.7,2.37,0.75,89.0,32.5,1194.0,287.2,0.52,0.12,3.99,Cyclone,Infrastructure Failure,High
88.8,4.08,0.85,33.1,18.1,2388.0,542.1,0.24,0.55,3.45,Heavy Rain,Flood,Medium
373.1,3.16,0.56,20.9,21.0,7909.0,309.2,0.23,0.54,6.56,Heavy Rain,Flood,High
51.0,2.33,0.37,10.8,24.8,4715.0,912.6,0.17,0.13,16.12,Earthquake,Fire,Medium
258.0,4.21,0.89,17.6,21.4,429.0,1478.9,0.27,0.42,13.05,Landslide Trigger,Landslide,High
69.3,3.79,0.65,33.8,15.1,1473.0,152.6,0.8,0.85,3.8,Earthquake,Infrastructure Failure,Medium
111.7,8.08,0.93,30.9,19.2,2858.0,371.7,0.44,0.07,3.07,Heavy Rain,Flood,High
79.5,2.4,0.39,33.6,18.1,1067.0,456.9,0.77,0.29,16.35,Earthquake,Infrastructure Failure,Medium
39.0,5.64,0.42,132.0,29.1,738.0,369.8,0.77,0.63,9.42,Cyclone,Infrastructure Failure,High
10.0,2.16,0.22,21.3,42.9,3168.0,282.2,0.26,0.12,6.2,Extreme Heat,Fire,High
50.2,7.97,0.61,43.9,22.5,3465.0,393.9,0.37,0.92,3.32,Heavy Rain,Flood,Medium
14.0,2.2,0.33,20.7,41.5,7183.0,673.0,0.69,0.95,18.01,Extreme Heat,Fire,High
124.1,8.16,0.72,125.7,25.6,889.0,315.3,0.61,0.4,10.81,Cyclone,Infrastructure Failure,High
277.5,3.87,0.61,32.2,23.2,8666.0,552.2,0.82,0.11,9.45,Landslide Trigger,Landslide,Critical
298.2,7.09,0.4,61.2,23.9,949.0,336.1,0.73,0.58,0.36,Cyclone,Flood,High
62.6,3.11,0.18,31.8,19.5,691.0,1239.8,0.93,0.49,13.24,Earthquake,Fire,Medium
53.8,6.62,0.77,46.5,21.4,1100.0,2069.5,0.47,0.12,1.46,Landslide Trigger,Landslide,High
282.9,6.04,0.56,10.2,26.6,2758.0,668.7,0.25,0.61,3.22,Heavy Rain,Flood,High
42.9,3.93,0.8,56.3,19.3,8476.0,1930.4,0.41,0.34,9.37,Landslide Trigger,Landslide,High
71.0,0.67,0.22,7.5,31.9,2020.0,72.8,0.05,0.41,17.37,Earthquake,Fire,Medium
111.6,8.12,0.79,31.9,18.5,4177.0,528.3,0.8,0.23,6.75,Heavy Rain,Flood,High
270.0,4.08,0.31,140.1,32.4,1028.0,263.9,0.47,0.86,2.85,Cyclone,Infrastructure Failure,Medium
2.2,2.15,0.14,33.3,46.9,5286.0,396.2,0.53,0.67,10.4,Extreme Heat,Fire,High
255.5,3.88,0.89,18.8,29.2,1172.0,208.0,0.34,0.33,5.9,Heavy Rain,Flood,High
59.8,2.45,0.59,14.2,28.8,1738.0,1668.8,0.48,0.37,3.88,Earthquake,Landslide,Medium
117.0,6.99,0.43,127.4,32.3,329.0,228.3,0.83,0.31,7.38,Cyclone,Infrastructure Failure,High
49.2,3.93,0.45,26.7,23.9,214.0,179.8,0.68,0.07,16.15,Earthquake,Infrastructure Failure,Medium
334.6,3.92,0.7,36.9,23.5,1294.0,279.2,0.44,0.37,3.8,Heavy Rain,Flood,High
175.9,2.43,0.95,37.5,16.7,171.0,1354.1,0.66,0.54,13.13,Landslide Trigger,Landslide,High
80.7,5.9,0.67,28.2,25.6,3281.0,1677.1,0.72,0.8,13.58,Landslide Trigger,Landslide,Medium
53.1,5.66,0.78,18.1,21.1,2630.0,564.9,0.91,0.21,11.3,Landslide Trigger,Landslide,High
9.1,0.92,0.23,30.3,44.1,357.0,737.3,0.36,0.67,21.63,Extreme Heat,Fire,High
214.5,4.22,0.72,28.3,22.7,186.0,649.7,0.1,0.82,3.32,Heavy Rain,Flood,Medium
14.4,1.88,0.16,37.9,43.3,1625.0,763.0,0.48,0.22,19.61,Extreme Heat,Fire,High
146.4,9.5,0.92,42.6,23.6,1601.0,78.3,0.47,0.6,0.55,Heavy Rain,Flood,High
52.1,11.41,0.61,48.2,24.4,4059.0,113.0,0.52,0.51,6.4,Heavy Rain,Flood,High
53.6,6.75,0.85,68.9,24.9,3496.0,361.4,0.53,0.59,3.48,Cyclone,Infrastructure Failure,Medium
142.3,3.9,0.33,130.7,30.2,994.0,269.9,0.07,0.78,7.76,Cyclone,Infrastructure Failure,Low
7.4,1.11,0.08,7.2,38.9,7366.0,728.2,0.88,0.87,23.13,Extreme Heat,Fire,Critical
42.2,1.27,0.55,11.4,20.3,1343.0,551.5,0.19,0.46,10.78,Earthquake,Landslide,Low
266.0,6.06,0.83,78.6,23.8,3554.0,232.4,0.77,0.73,5.61,Cyclone,Infrastructure Failure,High
360.9,6.08,0.52,34.8,19.3,1716.0,238.2,0.15,0.08,1.74,Heavy Rain,Flood,High
197.6,4.66,0.83,44.7,15.6,6024.0,982.2,0.72,0.23,2.81,Landslide Trigger,Landslide,High
122.2,9.23,0.66,136.1,24.9,3805.0,88.0,0.66,0.55,9.43,Cyclone,Infrastructure Failure,High
182.2,7.39,0.46,93.5,31.6,3981.0,127.0,0.95,0.44,6.6,Cyclone,Infrastructure Failure,High
191.3,10.08,0.87,42.9,23.6,6786.0,265.9,0.85,0.15,4.91,Heavy Rain,Flood,Critical
6.4,1.43,0.34,28.7,39.7,423.0,42.9,0.8,0.73,15.0,Extreme Heat,Fire,High
36.8,2.0,0.6,13.7,20.0,5598.0,2069.3,0.23,0.18,16.38,Earthquake,Landslide,Medium
58.6,4.63,0.85,20.8,26.7,13169.0,209.0,0.27,0.39,3.22,Heavy Rain,Disease Outbreak,High
149.4,3.49,0.68,27.0,26.3,205.0,655.9,0.61,0.1,4.4,Heavy Rain,Disease Outbreak,High
49.3,2.9,0.25,29.6,33.2,2927.0,1798.1,0.87,0.34,6.8,Earthquake,Fire,High
65.6,0.53,0.15,27.8,30.2,501.0,1746.3,0.26,0.86,18.67,Earthquake,Fire,Medium
108.5,8.64,0.71,13.7,21.4,4034.0,421.1,0.61,0.5,6.83,Heavy Rain,Flood,High
111.7,1.72,0.69,16.3,17.0,245.0,1265.0,0.58,0.54,6.86,Landslide Trigger,Landslide,High
75.8,10.99,0.46,48.5,18.0,4638.0,707.0,0.38,0.71,0.26,Heavy Rain,Flood,High
138.5,2.07,0.76,66.8,32.1,4208.0,25.1,0.4,0.25,5.8,Cyclone,Infrastructure Failure,High
222.2,5.71,0.92,31.9,21.1,4549.0,1126.3,0.36,0.44,4.6,Landslide Trigger,Landslide,High
139.0,7.2,0.85,123.3,27.2,300.0,312.8,0.14,0.08,7.73,Cyclone,Infrastructure Failure,Medium
36.5,3.39,0.31,16.5,33.2,1093.0,1849.3,0.16,0.06,13.64,Earthquake,Fire,Medium
58.9,3.84,0.63,66.1,23.5,3161.0,76.5,0.55,0.28,7.62,Cyclone,Infrastructure Failure,High
172.5,3.37,0.53,50.4,29.8,3394.0,521.7,0.08,0.95,7.34,Heavy Rain,Flood,Medium
63.7,5.1,0.62,32.6,23.0,1403.0,1273.0,0.36,0.91,4.51,Landslide Trigger,Landslide,Medium
245.6,5.17,0.42,137.0,23.7,6894.0,88.1,0.17,0.16,4.46,Cyclone,Infrastructure Failure,High
158.6,2.66,0.76,35.3,20.1,5607.0,623.9,0.85,0.26,2.97,Landslide Trigger,Landslide,High
87.4,2.98,0.75,42.2,22.5,8864.0,546.9,0.11,0.22,5.73,Heavy Rain,Disease Outbreak,High
72.6,10.31,0.86,35.9,19.0,2733.0,225.9,0.28,0.12,2.45,Heavy Rain,Flood,High
291.2,5.19,0.66,15.7,27.6,2289.0,456.8,0.9,0.85,7.22,Heavy Rain,Flood,High
46.1,3.77,0.31,16.0,15.9,4852.0,1316.8,0.18,0.45,14.72,Earthquake,Landslide,Medium
77.8,6.8,0.39,145.9,24.5,2063.0,120.1,0.07,0.5,10.23,Cyclone,Infrastructure Failure,Medium
60.3,6.91,0.77,26.5,21.9,8403.0,553.7,0.84,0.36,12.2,Landslide Trigger,Landslide,High
118.0,1.78,0.69,110.8,27.1,131.0,363.5,0.12,0.25,2.1,Cyclone,Infrastructure Failure,Medium
48.0,4.02,0.64,23.1,24.5,1475.0,808.9,0.51,0.89,10.63,Landslide Trigger,Landslide,Medium
62.3,7.0,0.9,36.5,21.3,7187.0,324.2,0.09,0.11,5.47,Heavy Rain,Disease Outbreak,High
118.0,2.4,0.62,25.0,16.7,598.0,661.2,0.23,0.27,14.08,Landslide Trigger,Landslide,Medium
14.0,2.01,0.29,8.7,45.7,2844.0,379.2,0.79,0.75,8.04,Extreme Heat,Fire,High
13.3,2.36,0.12,19.8,34.2,6425.0,793.8,0.35,0.38,5.56,Extreme Heat,Fire,High
0.6,1.15,0.32,5.9,39.7,706.0,47.6,0.28,0.84,10.53,Extreme Heat,Fire,Medium
6.5,1.05,0.23,10.0,37.6,3737.0,500.7,0.49,0.74,7.46,Extreme Heat,Fire,High
75.9,0.91,0.32,14.6,18.0,2220.0,1792.2,0.53,0.1,15.44,Earthquake,Landslide,Medium
233.3,9.62,0.73,21.9,26.0,2239.0,295.6,0.39,0.7,4.4,Heavy Rain,Flood,High
341.7,2.55,0.94,33.0,26.4,5865.0,685.9,0.21,0.19,3.79,Heavy Rain,Flood,High
197.8,6.22,0.91,44.0,21.4,1333.0,1062.8,0.72,0.53,14.72,Landslide Trigger,Landslide,High
48.7,1.88,0.63,22.2,33.8,4142.0,66.3,0.72,0.86,11.88,Earthquake,Fire,Medium
0.1,0.5,0.19,6.0,47.6,302.0,215.4,0.52,0.39,12.87,Extreme Heat,Fire,High
42.1,4.18,0.53,154.0,24.3,5125.0,220.2,0.94,0.92,11.85,Cyclone,Infrastructure Failure,High
211.5,8.77,0.46,29.9,27.7,4482.0,409.2,0.28,0.84,5.65,Heavy Rain,Flood,High
201.7,4.39,0.9,28.8,27.0,5412.0,442.9,0.58,0.4,3.12,Heavy Rain,Flood,High
8.8,3.63,0.17,30.9,22.2,626.0,1424.6,0.56,0.74,18.52,Earthquake,Fire,Medium
234.5,5.71,0.67,132.0,31.3,18000.0,305.9,0.44,0.07,4.31,Cyclone,Infrastructure Failure,Critical
169.7,3.65,0.47,22.7,18.6,827.0,553.9,0.13,0.11,0.68,Heavy Rain,Flood,Medium
102.3,6.08,0.88,143.2,31.6,354.0,74.5,0.75,0.11,3.25,Cyclone,Infrastructure Failure,Critical
233.7,4.73,0.54,54.6,27.1,6654.0,671.2,0.63,0.9,4.62,Heavy Rain,Flood,High
22.5,2.58,0.5,16.8,32.6,1685.0,2156.6,0.47,0.82,10.38,Earthquake,Landslide,Medium
263.0,2.9,0.71,10.8,27.3,5229.0,269.4,0.09,0.19,3.83,Heavy Rain,Flood,High
6.0,0.96,0.15,39.9,45.6,1434.0,797.8,0.32,0.26,23.55,Extreme Heat,Fire,High
254.1,6.94,0.44,95.8,27.6,1633.0,213.6,0.87,0.45,10.68,Cyclone,Infrastructure Failure,High
231.5,8.94,0.84,65.4,24.3,3377.0,193.4,0.9,0.15,5.24,Cyclone,Infrastructure Failure,Critical
199.1,4.23,0.92,53.4,23.7,3922.0,92.2,0.37,0.85,6.3,Heavy Rain,Flood,High
372.0,7.52,0.73,23.4,25.0,323.0,357.3,0.28,0.23,2.49,Heavy Rain,Flood,High
176.4,6.31,0.67,96.9,26.6,14193.0,334.5,0.45,0.63,5.77,Cyclone,Infrastructure Failure,High
43.6,6.73,0.81,149.5,33.0,2017.0,116.5,0.56,0.19,6.95,Cyclone,Infrastructure Failure,High
68.5,3.68,0.37,13.4,17.8,7789.0,1520.1,0.65,0.63,6.93,Earthquake,Fire,Medium
234.6,2.91,0.94,38.3,29.9,285.0,434.5,0.62,0.74,5.71,Heavy Rain,Flood,High
62.3,3.2,0.26,34.3,34.9,1193.0,212.5,0.67,0.35,18.79,Earthquake,Fire,Medium
272.3,1.61,0.73,34.3,18.6,4136.0,1691.1,0.93,0.77,2.83,Landslide Trigger,Landslide,High
12.9,1.22,0.15,23.1,34.6,7566.0,851.9,0.13,0.79,5.31,Extreme Heat,Fire,High
100.1,2.84,0.82,22.6,26.6,8709.0,448.5,0.46,0.71,0.96,Heavy Rain,Disease Outbreak,High
165.3,6.33,0.48,79.0,28.0,3673.0,178.9,0.67,0.09,4.74,Cyclone,Infrastructure Failure,High
161.8,6.21,0.46,20.6,18.6,393.0,797.0,0.07,0.7,5.92,Heavy Rain,Flood,Medium
194.9,9.58,0.94,37.0,20.2,2878.0,627.9,0.66,0.35,7.65,Heavy Rain,Flood,High
131.6,5.41,0.93,43.3,25.1,2530.0,743.3,0.21,0.62,3.97,Landslide Trigger,Landslide,High
146.2,9.62,0.87,30.9,20.2,3218.0,521.0,0.08,0.07,7.94,Heavy Rain,Flood,High
116.5,3.07,0.79,140.3,24.8,7748.0,133.6,0.5,0.64,2.91,Cyclone,Infrastructure Failure,High
33.2,2.71,0.34,15.2,27.7,618.0,1320.8,0.38,0.42,6.58,Earthquake,Fire,Medium
9.4,2.33,0.06,13.5,36.7,4278.0,462.0,0.27,0.59,11.88,Extreme Heat,Fire,High
70.7,3.69,0.63,28.2,33.1,121.0,554.2,0.69,0.89,4.75,Earthquake,Fire,Medium
111.7,8.23,0.83,51.7,25.8,1478.0,776.5,0.54,0.4,2.82,Heavy Rain,Flood,High
30.4,7.35,0.75,131.0,25.8,152.0,211.3,0.56,0.16,4.38,Cyclone,Infrastructure Failure,High
51.6,7.54,0.31,151.1,27.7,2903.0,393.3,0.36,0.81,0.79,Cyclone,Infrastructure Failure,High
169.2,4.84,0.9,26.9,18.2,1039.0,318.3,0.44,0.1,5.27,Heavy Rain,Flood,High
188.8,7.55,0.55,99.9,23.0,2203.0,84.8,0.53,0.9,1.94,Cyclone,Infrastructure Failure,Medium
74.2,7.9,0.71,33.2,28.5,3670.0,172.4,0.36,0.07,0.42,Heavy Rain,Flood,High
133.0,5.28,0.76,17.8,23.0,11772.0,391.2,0.09,0.91,3.73,Heavy Rain,Disease Outbreak,Medium
187.1,7.87,0.56,103.1,31.7,811.0,358.9,0.5,0.86,2.94,Cyclone,Flood,Medium
156.4,8.37,0.81,45.0,24.8,3124.0,327.9,0.71,0.36,7.74,Heavy Rain,Flood,High
53.6,1.4,0.27,26.4,25.4,3022.0,1519.0,0.45,0.59,6.12,Earthquake,Fire,Medium
23.3,3.0,0.55,12.8,21.0,3997.0,1471.5,0.66,0.4,14.22,Earthquake,Landslide,Medium
5.9,1.01,0.1,29.2,35.3,6335.0,845.3,0.87,0.42,21.01,Extreme Heat,Fire,Critical
329.4,3.92,0.41,45.3,18.9,4581.0,790.9,0.27,0.66,5.43,Heavy Rain,Flood,High
64.3,10.04,0.5,41.4,20.7,694.0,64.1,0.71,0.26,3.9,Heavy Rain,Flood,High
163.0,7.61,0.57,27.0,27.8,1374.0,151.6,0.43,0.54,0.75,Heavy Rain,Flood,High
29.8,3.26,0.17,18.0,22.6,2385.0,1442.3,0.94,0.32,19.36,Earthquake,Fire,High
0.5,0.83,0.17,16.1,35.4,519.0,400.7,0.32,0.85,9.78,Extreme Heat,Fire,Medium
149.7,8.93,0.75,29.2,20.9,1482.0,301.5,0.24,0.15,4.78,Heavy Rain,Flood,High
251.1,3.64,0.79,37.1,26.2,8372.0,1493.9,0.7,0.15,7.73,Landslide Trigger,Landslide,Critical
108.6,9.58,0.88,34.5,24.7,3748.0,509.2,0.15,0.92,3.57,Heavy Rain,Flood,High
232.5,6.55,0.49,75.3,26.5,1643.0,266.3,0.6,0.78,7.64,Cyclone,Infrastructure Failure,Medium
0.4,1.4,0.28,24.1,43.1,280.0,474.7,0.49,0.13,24.81,Extreme Heat,Fire,High
78.3,3.3,0.57,58.4,27.3,2542.0,1072.2,0.78,0.61,9.96,Landslide Trigger,Landslide,Medium
0.0,2.03,0.27,22.8,46.6,3097.0,819.4,0.95,0.32,14.05,Extreme Heat,Fire,Critical
4.9,0.87,0.32,31.1,35.5,6182.0,884.0,0.09,0.5,18.81,Extreme Heat,Fire,High
218.6,5.84,0.7,137.7,26.1,1111.0,340.2,0.09,0.38,2.04,Cyclone,Flood,Medium
5.7,2.11,0.25,20.3,43.1,3255.0,66.4,0.63,0.75,6.15,Extreme Heat,Fire,High
183.0,9.0,0.8,53.4,20.6,18000.0,445.8,0.23,0.52,4.85,Heavy Rain,Flood,Critical
123.1,4.16,0.61,17.1,22.0,1353.0,1071.7,0.09,0.91,3.55,Landslide Trigger,Landslide,Medium
186.9,8.02,0.55,145.8,27.3,4329.0,231.7,0.56,0.29,5.95,Cyclone,Infrastructure Failure,High
2.2,1.71,0.2,8.4,39.5,353.0,473.0,0.36,0.79,21.02,Extreme Heat,Fire,High
205.1,3.82,0.81,106.9,27.5,1521.0,390.8,0.18,0.34,11.37,Cyclone,Infrastructure Failure,Medium
2.4,0.57,0.35,33.2,32.4,119.0,1149.6,0.24,0.07,11.74,Earthquake,Fire,Medium
233.7,2.67,0.82,121.1,24.5,7495.0,67.3,0.7,0.36,7.57,Cyclone,Infrastructure Failure,High
8.8,1.12,0.35,31.2,42.6,1437.0,392.5,0.08,0.41,16.22,Extreme Heat,Fire,High
357.1,8.14,0.45,49.8,21.2,2855.0,202.6,0.54,0.49,2.45,Heavy Rain,Flood,High
286.8,5.35,0.85,17.9,27.4,2202.0,534.4,0.65,0.12,5.5,Heavy Rain,Flood,High
331.0,3.0,0.49,36.0,26.9,11731.0,70.2,0.6,0.48,7.37,Heavy Rain,Flood,High
294.7,5.46,0.69,51.2,29.5,947.0,742.4,0.32,0.45,2.17,Heavy Rain,Flood,High
115.4,3.25,0.79,49.3,24.3,257.0,2028.8,0.76,0.53,1.45,Landslide Trigger,Landslide,High
240.8,2.97,0.55,38.7,28.3,2623.0,734.4,0.8,0.53,4.05,Heavy Rain,Flood,High
164.0,6.43,0.86,55.9,17.1,477.0,1448.8,0.77,0.21,12.79,Landslide Trigger,Landslide,High
248.2,6.4,0.42,105.0,29.5,7448.0,255.4,0.52,0.51,5.18,Cyclone,Infrastructure Failure,High
70.5,10.8,0.5,33.8,27.6,981.0,180.2,0.73,0.56,4.27,Heavy Rain,Flood,High
12.8,2.29,0.24,30.4,41.7,7745.0,358.3,0.43,0.33,16.91,Extreme Heat,Fire,Critical
31.1,2.02,0.19,20.0,24.9,3139.0,1315.2,0.84,0.91,7.89,Earthquake,Fire,Medium
187.6,1.84,0.88,127.1,25.7,688.0,63.1,0.09,0.86,1.81,Cyclone,Flood,Medium
43.3,2.95,0.56,28.7,32.7,9708.0,2129.6,0.7,0.11,9.34,Earthquake,Fire,High
10.2,1.87,0.32,18.1,42.2,306.0,30.7,0.52,0.79,9.64,Extreme Heat,Fire,High
118.1,7.25,0.52,15.4,24.1,202.0,72.5,0.15,0.54,4.74,Heavy Rain,Flood,Medium
181.9,1.17,0.76,52.7,24.1,3670.0,662.4,0.08,0.82,9.29,Landslide Trigger,Landslide,Medium
257.5,6.1,0.88,48.5,22.9,3576.0,1757.3,0.34,0.39,12.29,Landslide Trigger,Landslide,High
71.8,0.56,0.5,33.6,29.1,212.0,2186.9,0.79,0.31,14.06,Earthquake,Landslide,Medium
197.2,5.31,0.56,29.4,22.5,1228.0,510.3,0.24,0.65,6.52,Heavy Rain,Flood,Medium
53.6,3.65,0.16,30.6,25.4,1913.0,1385.8,0.25,0.28,2.74,Earthquake,Fire,Medium
216.4,9.81,0.83,36.6,24.5,2729.0,347.6,0.28,0.26,7.78,Heavy Rain,Flood,High
251.7,7.21,0.4,47.4,26.4,1538.0,532.8,0.89,0.83,0.64,Heavy Rain,Flood,High
144.2,3.91,0.66,26.0,26.2,306.0,773.5,0.86,0.08,2.97,Heavy Rain,Flood,High
287.2,6.82,0.87,79.0,22.4,1389.0,197.8,0.91,0.79,5.46,Cyclone,Infrastructure Failure,High
198.8,1.98,0.84,47.7,20.0,1095.0,2249.6,0.11,0.77,3.34,Landslide Trigger,Landslide,High
9.3,1.13,0.1,6.4,36.3,1059.0,418.9,0.84,0.51,7.69,Extreme Heat,Fire,High
10.9,0.57,0.16,21.8,36.6,9073.0,125.8,0.12,0.36,22.02,Extreme Heat,Fire,High
288.7,2.17,0.69,152.4,32.8,822.0,191.1,0.85,0.87,2.04,Cyclone,Infrastructure Failure,High
194.1,7.63,0.74,122.9,31.1,965.0,275.7,0.72,0.48,6.45,Cyclone,Infrastructure Failure,High
109.6,7.92,0.72,149.0,23.8,7585.0,261.4,0.14,0.64,3.01,Cyclone,Infrastructure Failure,Medium
229.9,3.13,0.94,53.3,18.1,1157.0,415.1,0.85,0.92,5.15,Landslide Trigger,Landslide,Medium
73.2,6.74,0.72,14.2,22.5,3563.0,260.5,0.68,0.17,4.33,Heavy Rain,Flood,High
235.1,5.07,0.91,35.2,26.5,1636.0,2131.5,0.89,0.69,7.14,Landslide Trigger,Landslide,Critical
74.3,3.29,0.45,8.5,20.8,413.0,2133.0,0.69,0.71,7.07,Earthquake,Landslide,Medium
107.1,3.88,0.58,62.1,30.7,5293.0,130.3,0.65,0.34,10.26,Cyclone,Infrastructure Failure,High
7.7,1.39,0.15,34.7,40.8,586.0,752.8,0.93,0.58,4.42,Extreme Heat,Fire,High
167.6,5.69,0.43,128.3,22.9,7958.0,231.5,0.52,0.17,6.89,Cyclone,Infrastructure Failure,Critical
177.5,1.55,0.59,16.4,21.2,8747.0,569.1,0.7,0.12,7.57,Landslide Trigger,Landslide,High
93.8,5.04,0.91,16.5,25.4,10230.0,1523.6,0.72,0.82,8.65,Landslide Trigger,Landslide,High
125.6,5.93,0.67,90.6,28.3,1599.0,98.5,0.72,0.87,1.81,Cyclone,Infrastructure Failure,High
201.0,8.29,0.46,50.7,24.8,1048.0,626.5,0.53,0.91,6.38,Heavy Rain,Flood,High
7.2,2.89,0.63,14.0,32.2,942.0,2057.4,0.35,0.08,15.19,Earthquake,Landslide,Medium
239.5,6.1,0.79,30.9,15.1,7899.0,1906.1,0.71,0.8,11.17,Landslide Trigger,Landslide,High
296.2,8.18,0.65,50.6,25.8,1199.0,324.7,0.54,0.3,0.76,Heavy Rain,Flood,High
17.7,2.35,0.23,29.0,24.7,1356.0,1283.8,0.42,0.78,3.8,Earthquake,Fire,Medium
61.6,1.28,0.46,12.3,34.8,3941.0,2097.1,0.77,0.7,11.7,Earthquake,Fire,Medium
10.5,2.42,0.23,27.3,45.9,954.0,609.5,0.38,0.18,18.86,Extreme Heat,Fire,High
216.9,6.6,0.98,37.5,27.4,3155.0,273.9,0.68,0.31,6.67,Heavy Rain,Flood,High
8.2,1.77,0.23,37.0,46.6,11532.0,874.5,0.8,0.29,17.35,Extreme Heat,Fire,Critical
142.6,2.43,0.5,23.5,14.1,1299.0,1839.7,0.74,0.8,6.96,Landslide Trigger,Landslide,High
371.8,8.28,0.67,23.7,20.7,15466.0,178.2,0.05,0.23,3.33,Heavy Rain,Flood,Critical
112.2,8.95,0.6,30.6,19.8,2537.0,329.9,0.14,0.76,0.92,Heavy Rain,Flood,Medium
176.0,5.34,0.69,32.2,15.4,2120.0,1447.7,0.72,0.8,8.2,Landslide Trigger,Landslide,High
297.8,3.79,0.76,13.6,26.3,6439.0,311.7,0.6,0.37,1.15,Heavy Rain,Flood,High
47.4,4.22,0.92,41.8,27.6,5220.0,672.9,0.52,0.13,8.96,Landslide Trigger,Landslide,High
187.4,6.39,0.74,132.3,30.5,1757.0,267.1,0.75,0.91,2.67,Cyclone,Infrastructure Failure,High
76.1,7.32,0.58,20.1,24.1,4948.0,488.8,0.79,0.92,0.18,Heavy Rain,Flood,High
83.4,4.57,0.7,30.1,21.9,11258.0,1964.8,0.78,0.73,1.32,Landslide Trigger,Landslide,High
235.3,4.61,0.75,96.7,31.9,2665.0,75.0,0.34,0.43,3.58,Cyclone,Flood,Medium
163.0,8.35,0.61,94.4,24.7,4487.0,166.4,0.16,0.25,6.24,Cyclone,Infrastructure Failure,Medium
132.5,4.38,0.54,135.4,25.6,945.0,203.2,0.7,0.54,7.52,Cyclone,Infrastructure Failure,High
35.7,3.33,0.27,31.5,26.2,5545.0,1359.7,0.59,0.73,17.63,Earthquake,Fire,Medium
193.0,7.43,0.44,14.0,28.0,5184.0,57.1,0.05,0.3,1.44,Heavy Rain,Flood,High
187.7,6.26,0.77,108.1,27.6,3101.0,291.5,0.86,0.41,6.03,Cyclone,Infrastructure Failure,High
132.4,1.02,0.78,16.3,21.1,1105.0,2008.5,0.76,0.29,8.7,Landslide Trigger,Landslide,High
291.9,7.99,0.5,50.7,20.4,1079.0,791.8,0.23,0.06,0.16,Heavy Rain,Flood,High
58.6,2.93,0.55,12.7,23.9,3924.0,1467.1,0.62,0.15,9.36,Earthquake,Landslide,Medium
240.9,7.27,0.69,74.7,24.9,927.0,160.3,0.77,0.62,3.43,Cyclone,Infrastructure Failure,High
8.5,0.95,0.33,11.7,45.1,15914.0,870.7,0.64,0.25,18.72,Extreme Heat,Fire,Critical
117.3,5.42,0.4,40.7,21.2,2192.0,654.0,0.92,0.27,2.94,Heavy Rain,Flood,High
213.1,5.53,0.6,37.5,18.9,2168.0,1943.8,0.75,0.26,9.71,Landslide Trigger,Landslide,High
233.5,8.42,0.83,134.4,26.5,3357.0,392.8,0.19,0.93,4.62,Cyclone,Flood,Medium
282.3,9.28,0.44,44.4,27.3,2253.0,540.7,0.15,0.47,2.41,Heavy Rain,Flood,High
130.5,5.64,0.49,20.4,18.9,1717.0,736.7,0.53,0.62,4.29,Heavy Rain,Flood,Medium
354.2,4.11,0.57,53.9,22.5,185.0,27.8,0.94,0.3,1.27,Heavy Rain,Flood,High
279.4,9.47,0.66,63.2,22.9,3082.0,195.2,0.44,0.89,4.93,Cyclone,Flood,Medium
174.4,7.05,0.84,74.0,24.5,2400.0,47.4,0.34,0.43,1.76,Cyclone,Flood,Medium
14.7,0.81,0.21,8.5,38.5,1688.0,484.2,0.11,0.4,23.77,Extreme Heat,Fire,High
69.4,3.34,0.67,66.4,27.1,162.0,245.7,0.94,0.38,5.12,Cyclone,Infrastructure Failure,High
306.9,5.43,0.68,27.5,22.1,7148.0,27.3,0.67,0.18,2.94,Heavy Rain,Flood,High
47.3,3.62,0.5,9.5,32.4,2490.0,698.3,0.82,0.89,9.63,Earthquake,Fire,Medium
13.9,0.52,0.33,6.9,37.7,3070.0,473.2,0.48,0.89,13.04,Extreme Heat,Fire,High
129.4,4.97,0.93,13.5,25.3,3892.0,548.6,0.21,0.82,4.09,Heavy Rain,Flood,Medium
96.2,6.11,0.44,34.5,26.0,2593.0,753.6,0.89,0.48,5.94,Heavy Rain,Flood,High
235.2,7.86,0.64,47.7,20.2,7598.0,448.3,0.85,0.51,5.81,Heavy Rain,Flood,Critical
9.6,1.29,0.19,36.7,47.0,6173.0,808.0,0.9,0.38,5.18,Extreme Heat,Fire,Critical
41.5,3.23,0.43,34.8,24.1,2281.0,1585.0,0.82,0.54,16.06,Earthquake,Fire,Medium
141.1,2.36,0.54,129.7,32.1,635.0,104.4,0.67,0.91,4.33,Cyclone,Infrastructure Failure,High
9.6,1.73,0.22,8.1,44.2,7430.0,549.8,0.76,0.75,17.21,Extreme Heat,Fire,Critical
13.9,2.48,0.22,8.8,40.4,287.0,713.1,0.11,0.71,2.64,Extreme Heat,Fire,Medium
40.1,1.79,0.2,27.0,21.4,2720.0,620.4,0.38,0.63,13.39,Earthquake,Fire,Medium
105.1,5.77,0.61,22.1,25.0,495.0,1815.8,0.8,0.75,3.56,Landslide Trigger,Landslide,High
158.0,8.42,0.47,32.8,18.2,2163.0,319.4,0.43,0.45,0.69,Heavy Rain,Flood,High
65.0,5.75,0.84,26.6,26.6,2756.0,301.9,0.91,0.15,3.44,Heavy Rain,Disease Outbreak,High
60.9,7.97,0.95,54.5,23.8,2696.0,379.8,0.62,0.84,5.2,Heavy Rain,Flood,High
296.3,6.97,0.67,38.8,23.5,712.0,371.6,0.49,0.79,0.23,Heavy Rain,Flood,High
105.3,5.68,0.51,70.0,32.5,4171.0,342.6,0.36,0.95,1.03,Cyclone,Infrastructure Failure,Medium
112.6,2.43,0.76,52.6,16.7,8140.0,1818.8,0.12,0.87,1.86,Landslide Trigger,Landslide,Medium
212.0,6.53,0.96,54.6,25.8,2510.0,110.4,0.51,0.56,4.1,Heavy Rain,Flood,High
56.2,8.9,0.81,15.2,24.8,386.0,459.0,0.61,0.3,5.49,Heavy Rain,Flood,High
166.9,7.69,0.72,71.3,28.5,6233.0,387.8,0.68,0.75,1.97,Cyclone,Infrastructure Failure,High
107.7,2.73,0.92,31.2,14.9,5196.0,1601.2,0.63,0.84,2.75,Landslide Trigger,Landslide,High
241.9,2.4,0.53,133.6,26.6,150.0,389.1,0.84,0.14,8.86,Cyclone,Infrastructure Failure,Critical
67.9,7.38,0.82,111.0,25.2,1366.0,143.8,0.27,0.6,4.18,Cyclone,Infrastructure Failure,Medium
347.1,5.26,0.51,47.7,26.9,598.0,745.4,0.54,0.6,1.41,Heavy Rain,Flood,High
208.5,7.89,0.5,31.6,25.9,2020.0,351.8,0.35,0.32,5.47,Heavy Rain,Flood,High
138.6,1.14,0.81,53.0,19.0,1080.0,492.1,0.16,0.38,14.81,Landslide Trigger,Landslide,Medium
217.3,2.76,0.76,33.7,15.6,3130.0,1060.6,0.16,0.2,11.15,Landslide Trigger,Landslide,High
261.4,9.82,0.6,36.8,20.0,4779.0,256.0,0.41,0.78,0.26,Heavy Rain,Flood,High
210.0,5.97,0.63,23.3,27.6,142.0,1834.7,0.37,0.72,12.68,Landslide Trigger,Landslide,High
6.2,2.49,0.36,5.5,19.7,3295.0,662.3,0.27,0.3,3.13,Earthquake,Fire,Medium
255.6,3.8,0.68,47.6,26.7,3120.0,450.1,0.34,0.75,7.28,Landslide Trigger,Landslide,Medium
292.3,9.05,0.46,81.5,32.5,4028.0,186.2,0.31,0.29,2.58,Cyclone,Flood,High
267.4,2.8,0.34,85.6,28.7,3259.0,53.6,0.81,0.26,5.71,Cyclone,Infrastructure Failure,High
250.7,3.38,0.71,100.9,23.3,722.0,287.1,0.37,0.64,2.69,Cyclone,Infrastructure Failure,Medium
18.7,1.14,0.15,19.1,23.6,1895.0,552.8,0.76,0.69,2.02,Earthquake,Fire,Medium
334.1,2.59,0.96,25.4,29.9,1498.0,209.6,0.37,0.81,3.83,Heavy Rain,Flood,High
296.3,11.43,0.76,30.8,19.1,3958.0,797.3,0.42,0.54,4.46,Heavy Rain,Flood,Critical
284.5,2.83,0.48,74.4,30.7,1234.0,29.5,0.51,0.42,1.07,Cyclone,Infrastructure Failure,Medium
0.7,2.41,0.34,14.8,44.2,1073.0,529.1,0.49,0.43,7.46,Extreme Heat,Fire,High
146.1,9.77,0.68,39.5,20.3,2492.0,431.5,0.75,0.74,2.61,Heavy Rain,Flood,High
28.3,2.93,0.62,23.8,18.0,6681.0,1511.4,0.51,0.4,2.99,Earthquake,Disease Outbreak,Medium
53.7,3.28,0.92,15.9,20.6,1889.0,2262.3,0.57,0.47,6.53,Landslide Trigger,Landslide,High
105.6,2.67,0.75,51.4,19.3,5393.0,176.7,0.29,0.84,3.02,Heavy Rain,Flood,Medium
4.4,3.79,0.43,24.8,22.4,260.0,1731.3,0.41,0.82,4.16,Earthquake,Fire,Low
233.8,5.64,0.64,72.3,31.2,2109.0,315.8,0.92,0.84,7.91,Cyclone,Infrastructure Failure,High
194.7,3.23,0.78,40.9,19.5,2830.0,1013.3,0.44,0.29,6.7,Landslide Trigger,Landslide,High
301.1,7.28,0.44,26.6,28.6,9007.0,606.6,0.12,0.92,2.65,Heavy Rain,Flood,High
19.7,0.53,0.37,15.8,25.8,1741.0,1763.1,0.44,0.18,17.01,Earthquake,Fire,Medium
0.7,1.78,0.07,30.7,41.5,747.0,194.8,0.44,0.77,14.41,Extreme Heat,Fire,High
150.9,1.89,0.83,23.4,24.3,6202.0,1358.7,0.69,0.08,7.35,Landslide Trigger,Landslide,Critical
23.7,3.55,0.16,21.4,29.6,4239.0,1387.0,0.67,0.79,15.45,Earthquake,Fire,Medium
204.3,4.72,0.58,128.1,31.6,8644.0,112.5,0.57,0.21,4.17,Cyclone,Infrastructure Failure,Critical
53.1,3.97,0.56,27.4,19.2,7143.0,1933.7,0.35,0.11,10.99,Earthquake,Landslide,High
154.2,2.62,0.83,58.1,23.7,4826.0,2173.9,0.81,0.69,7.34,Landslide Trigger,Landslide,Critical
40.6,2.69,0.5,12.6,31.2,3964.0,2093.2,0.71,0.65,9.84,Earthquake,Fire,Medium
230.5,10.43,0.66,12.7,28.1,577.0,542.4,0.08,0.89,6.81,Heavy Rain,Flood,High
75.5,5.86,0.88,46.9,15.8,1874.0,1734.8,0.42,0.45,13.45,Landslide Trigger,Landslide,High
6.6,3.62,0.58,34.9,26.7,3624.0,1665.1,0.63,0.86,4.85,Earthquake,Fire,Medium
66.5,3.78,0.58,31.1,16.3,1632.0,1868.8,0.1,0.66,12.54,Earthquake,Landslide,Medium
158.3,6.71,0.8,51.0,27.9,977.0,366.0,0.39,0.15,3.16,Heavy Rain,Flood,High
77.7,2.51,0.21,15.6,25.9,9741.0,1195.7,0.3,0.06,1.67,Earthquake,Fire,High
50.6,6.14,0.38,64.0,26.2,1303.0,251.0,0.43,0.19,1.43,Cyclone,Infrastructure Failure,Medium
40.5,0.8,0.17,20.6,20.0,7994.0,255.1,0.7,0.78,9.05,Earthquake,Fire,High
337.7,11.25,0.84,37.4,22.4,17023.0,153.5,0.47,0.7,5.52,Heavy Rain,Flood,Critical
39.6,2.01,0.36,20.1,22.3,6963.0,1659.9,0.25,0.86,17.61,Earthquake,Fire,Medium
122.0,2.86,0.83,28.7,14.7,1367.0,1147.2,0.62,0.64,11.1,Landslide Trigger,Landslide,High
292.1,10.57,0.65,17.5,21.8,142.0,351.4,0.33,0.75,5.74,Heavy Rain,Flood,High
201.0,5.39,0.87,50.2,23.6,2794.0,1279.3,0.23,0.31,14.77,Landslide Trigger,Landslide,High
217.3,8.9,0.41,67.8,31.7,1616.0,366.5,0.64,0.35,3.39,Cyclone,Infrastructure Failure,High
250.5,1.65,0.52,24.4,18.0,4609.0,625.9,0.2,0.87,1.92,Landslide Trigger,Landslide,Medium
5.5,1.84,0.12,13.4,42.0,4638.0,513.4,0.65,0.45,19.68,Extreme Heat,Fire,Critical
71.3,2.68,0.65,29.6,15.9,4190.0,739.3,0.55,0.76,11.87,Earthquake,Landslide,Medium
4.2,0.87,0.07,25.1,43.6,271.0,307.0,0.14,0.68,16.11,Extreme Heat,Fire,High
128.3,5.03,0.88,53.4,16.4,4859.0,1372.6,0.76,0.26,11.27,Landslide Trigger,Landslide,Critical
82.0,6.22,0.74,90.3,23.2,682.0,288.1,0.18,0.33,3.67,Cyclone,Infrastructure Failure,Medium
190.0,4.37,0.31,69.2,25.2,2732.0,265.6,0.16,0.24,1.27,Cyclone,Infrastructure Failure,Medium
13.8,0.74,0.49,18.9,31.6,1271.0,262.6,0.74,0.33,3.75,Earthquake,Fire,Medium
6.1,1.1,0.07,37.9,41.7,2411.0,713.3,0.13,0.63,17.14,Extreme Heat,Fire,High
2.3,1.33,0.24,32.4,43.6,1460.0,610.9,0.09,0.7,5.43,Extreme Heat,Fire,Medium
14.3,1.03,0.08,21.6,46.0,11813.0,505.7,0.8,0.17,3.08,Extreme Heat,Fire,Critical
278.9,5.11,0.52,103.8,31.2,10214.0,265.5,0.18,0.72,0.81,Cyclone,Infrastructure Failure,Medium
9.5,0.88,0.1,35.5,39.9,4259.0,596.0,0.48,0.31,13.59,Extreme Heat,Fire,High
169.9,10.23,0.67,19.6,29.2,18000.0,639.3,0.68,0.19,0.54,Heavy Rain,Disease Outbreak,Critical
94.0,7.04,0.77,82.7,24.8,703.0,126.3,0.14,0.66,7.22,Cyclone,Flood,Medium
307.1,7.01,0.61,29.4,22.7,847.0,768.4,0.4,0.54,6.17,Heavy Rain,Flood,High
195.5,5.25,0.79,132.9,27.6,4925.0,342.5,0.91,0.29,9.04,Cyclone,Infrastructure Failure,Critical
102.3,8.61,0.76,148.0,22.7,2343.0,253.0,0.19,0.17,1.82,Cyclone,Infrastructure Failure,Medium
33.3,6.54,0.52,70.0,25.6,1334.0,71.7,0.35,0.81,11.31,Cyclone,Infrastructure Failure,Medium
51.8,2.99,0.47,33.4,19.1,2945.0,2176.4,0.65,0.63,16.79,Earthquake,Landslide,Medium
45.8,3.24,0.88,110.8,26.2,142.0,306.0,0.71,0.71,6.34,Cyclone,Infrastructure Failure,High
74.6,9.15,0.43,103.5,23.3,1494.0,243.3,0.79,0.06,4.57,Cyclone,Infrastructure Failure,High
313.3,7.64,0.97,36.5,18.7,5989.0,50.0,0.36,0.61,7.08,Heavy Rain,Flood,High
162.2,9.24,0.87,153.5,31.5,5789.0,364.3,0.69,0.92,2.69,Cyclone,Infrastructure Failure,High
238.5,3.27,0.75,40.9,20.6,1599.0,321.3,0.39,0.17,4.83,Heavy Rain,Flood,High
360.4,9.25,0.4,44.5,26.9,3087.0,17.7,0.46,0.75,3.02,Heavy Rain,Flood,High
34.0,1.04,0.64,12.3,29.4,1967.0,357.8,0.22,0.45,7.25,Earthquake,Disease Outbreak,Low
12.6,2.46,0.48,6.9,32.4,3565.0,448.1,0.47,0.5,5.28,Earthquake,Fire,Medium
10.3,3.32,0.46,9.1,22.5,468.0,1792.4,0.39,0.27,11.8,Earthquake,Landslide,Medium
169.7,8.25,0.56,101.2,32.0,1072.0,232.6,0.6,0.57,6.84,Cyclone,Infrastructure Failure,High
137.1,9.43,0.83,131.2,27.9,1268.0,187.5,0.75,0.46,2.3,Cyclone,Infrastructure Failure,High
251.7,1.89,0.73,44.1,21.2,494.0,2178.5,0.17,0.17,14.85,Landslide Trigger,Landslide,High
213.9,4.48,0.74,98.5,28.9,2581.0,309.1,0.13,0.42,6.62,Cyclone,Infrastructure Failure,Medium
177.4,5.2,0.84,146.1,31.0,1710.0,153.2,0.26,0.36,8.64,Cyclone,Infrastructure Failure,Medium
73.4,5.49,0.67,53.0,21.8,778.0,722.9,0.52,0.66,1.91,Heavy Rain,Flood,Medium
42.0,3.27,0.57,91.4,29.8,7296.0,206.9,0.31,0.71,2.01,Cyclone,Infrastructure Failure,Medium
240.6,9.21,0.6,118.5,25.7,1942.0,272.9,0.82,0.1,5.61,Cyclone,Infrastructure Failure,Critical
268.1,8.32,0.6,106.6,26.0,2955.0,397.7,0.66,0.89,1.42,Cyclone,Infrastructure Failure,High
62.4,2.75,0.21,16.2,17.8,4634.0,1944.6,0.64,0.51,15.24,Earthquake,Fire,Medium
70.5,4.14,0.38,128.9,23.8,2068.0,282.3,0.17,0.33,8.34,Cyclone,Infrastructure Failure,Medium
25.6,2.95,0.21,29.9,30.2,3633.0,450.6,0.72,0.22,14.66,Earthquake,Fire,Medium
2.4,0.97,0.16,32.8,44.3,137.0,834.4,0.68,0.3,3.35,Extreme Heat,Fire,High
5.0,1.59,0.08,27.5,38.6,701.0,576.8,0.89,0.53,21.18,Extreme Heat,Fire,Critical
13.8,0.92,0.23,19.1,44.8,7913.0,553.2,0.39,0.25,13.37,Extreme Heat,Fire,Critical
185.9,4.74,0.7,36.9,27.4,863.0,1865.4,0.93,0.7,2.55,Landslide Trigger,Landslide,High
352.0,5.23,0.83,42.1,21.5,2200.0,445.1,0.79,0.8,5.06,Heavy Rain,Flood,High
330.7,9.73,0.68,27.2,28.0,2365.0,397.3,0.18,0.67,2.05,Heavy Rain,Flood,High
160.9,4.85,0.95,45.0,27.4,4656.0,502.7,0.59,0.92,6.73,Heavy Rain,Flood,High
15.3,3.8,0.35,20.9,17.5,18000.0,1211.2,0.93,0.92,12.61,Earthquake,Fire,High
123.6,6.95,0.71,53.3,17.0,9502.0,1411.7,0.67,0.77,14.52,Landslide Trigger,Landslide,High
108.2,8.99,0.76,14.1,19.4,589.0,95.7,0.47,0.37,5.82,Heavy Rain,Flood,High
172.1,5.24,0.81,38.2,20.5,1386.0,1195.6,0.28,0.72,13.07,Landslide Trigger,Landslide,High
168.7,10.12,0.59,41.6,18.5,5529.0,314.6,0.92,0.46,2.81,Heavy Rain,Flood,Critical
238.0,5.2,0.94,51.5,15.1,153.0,1826.6,0.28,0.88,8.5,Landslide Trigger,Landslide,High
280.0,7.89,0.89,136.6,22.1,416.0,118.7,0.25,0.5,0.46,Cyclone,Flood,High
329.7,10.26,0.76,51.8,24.0,1139.0,712.3,0.87,0.4,3.69,Heavy Rain,Flood,Critical
165.9,4.13,0.7,154.5,22.3,1549.0,360.4,0.2,0.73,0.15,Cyclone,Infrastructure Failure,Medium
66.7,7.48,0.57,16.0,27.3,1129.0,181.8,0.58,0.64,1.87,Heavy Rain,Flood,High
55.8,4.68,0.65,24.9,28.6,1420.0,632.3,0.68,0.81,5.04,Heavy Rain,Flood,Medium
190.6,7.78,0.75,114.3,25.4,4938.0,299.6,0.77,0.79,2.56,Cyclone,Infrastructure Failure,High
7.1,0.88,0.08,31.0,46.4,8842.0,592.7,0.94,0.44,5.32,Extreme Heat,Fire,Critical
190.6,7.72,0.74,151.9,23.3,7166.0,234.4,0.84,0.93,8.33,Cyclone,Infrastructure Failure,Critical
168.3,8.15,0.56,100.1,24.8,1048.0,328.2,0.1,0.78,11.83,Cyclone,Flood,Medium
49.6,3.86,0.28,7.1,24.8,531.0,233.8,0.25,0.15,5.97,Earthquake,Fire,Medium
14.3,1.06,0.18,36.5,43.5,5748.0,563.9,0.84,0.63,18.23,Extreme Heat,Fire,Critical
343.7,7.32,0.56,49.6,24.5,1721.0,725.8,0.9,0.27,0.42,Heavy Rain,Flood,High
284.2,9.13,0.83,113.5,29.1,3282.0,348.5,0.93,0.67,9.33,Cyclone,Infrastructure Failure,High
371.9,3.02,0.48,30.3,22.6,12048.0,628.4,0.33,0.44,1.37,Heavy Rain,Flood,High
140.7,7.71,0.43,16.7,26.9,5140.0,157.3,0.13,0.44,1.96,Heavy Rain,Flood,High
1.8,1.71,0.5,7.7,32.8,15080.0,2005.4,0.32,0.13,2.99,Earthquake,Disease Outbreak,High
51.7,6.18,0.77,24.9,28.0,4341.0,576.1,0.9,0.13,2.87,Heavy Rain,Flood,High
112.6,5.21,0.6,111.5,25.3,2859.0,268.6,0.15,0.48,7.78,Cyclone,Infrastructure Failure,Medium
5.3,1.48,0.33,21.8,34.2,4946.0,406.2,0.51,0.27,20.87,Extreme Heat,Fire,High
203.5,7.57,0.98,39.0,26.3,5464.0,398.2,0.5,0.95,2.9,Heavy Rain,Flood,High
36.6,0.74,0.49,6.4,20.0,2281.0,810.5,0.08,0.61,15.05,Earthquake,Fire,Low
185.8,10.8,0.69,41.9,20.6,7602.0,611.2,0.08,0.45,5.8,Heavy Rain,Flood,High
203.0,1.57,0.69,57.4,20.1,4149.0,2370.8,0.57,0.5,1.8,Landslide Trigger,Landslide,High
292.1,2.54,0.84,125.7,24.8,5486.0,361.2,0.4,0.82,5.21,Cyclone,Infrastructure Failure,Medium
9.5,0.78,0.24,11.7,39.8,862.0,169.9,0.53,0.48,2.51,Extreme Heat,Fire,High
40.1,1.37,0.49,26.1,22.2,4095.0,1944.5,0.3,0.05,13.24,Earthquake,Landslide,Medium
335.6,9.9,0.47,26.8,25.9,584.0,525.2,0.44,0.14,6.9,Heavy Rain,Flood,High
31.2,0.55,0.6,20.8,32.0,1061.0,178.8,0.4,0.77,5.32,Earthquake,Fire,Low
132.8,2.23,0.53,18.6,24.6,3769.0,1289.6,0.17,0.18,11.17,Landslide Trigger,Landslide,High
60.4,3.02,0.34,7.3,15.2,937.0,669.5,0.43,0.16,1.18,Earthquake,Landslide,Medium
1.6,2.29,0.23,37.7,38.8,3182.0,615.9,0.17,0.05,6.71,Extreme Heat,Fire,High
263.6,4.33,0.93,30.0,18.6,2770.0,1201.3,0.88,0.07,10.88,Landslide Trigger,Landslide,Critical
283.7,5.47,0.5,33.0,24.1,1778.0,118.2,0.42,0.34,1.69,Heavy Rain,Flood,High
99.0,2.54,0.96,52.5,23.8,328.0,796.1,0.16,0.87,5.42,Heavy Rain,Flood,Medium
50.4,3.45,0.6,18.4,16.0,769.0,454.8,0.42,0.16,2.26,Earthquake,Landslide,Medium
75.0,5.07,0.5,104.4,26.7,465.0,259.6,0.14,0.82,11.25,Cyclone,Infrastructure Failure,Low
7.6,2.03,0.11,34.0,46.9,7321.0,579.2,0.76,0.73,4.44,Extreme Heat,Fire,Critical
48.8,5.79,0.56,25.0,22.1,3097.0,930.0,0.15,0.64,10.26,Landslide Trigger,Landslide,Medium
279.5,2.79,0.66,92.5,27.1,194.0,118.4,0.93,0.61,4.31,Cyclone,Infrastructure Failure,High
215.2,5.95,0.71,27.1,22.3,735.0,376.5,0.55,0.81,2.28,Heavy Rain,Flood,High
2.3,0.57,0.12,39.3,45.6,1986.0,544.4,0.93,0.32,23.37,Extreme Heat,Fire,Critical
129.3,8.24,0.62,38.2,21.7,267.0,498.2,0.87,0.84,2.28,Heavy Rain,Flood,High
14.6,1.93,0.25,24.6,35.8,7168.0,186.5,0.21,0.88,8.66,Extreme Heat,Fire,High
171.2,7.22,0.37,85.6,32.5,804.0,110.1,0.17,0.26,3.63,Cyclone,Infrastructure Failure,Medium
51.4,2.09,0.43,8.7,31.0,1648.0,1735.8,0.11,0.76,1.41,Earthquake,Fire,Low
293.3,10.62,0.54,30.5,20.2,275.0,303.3,0.69,0.54,4.23,Heavy Rain,Flood,High
66.3,1.45,0.6,35.0,33.4,2829.0,1722.5,0.22,0.66,16.44,Earthquake,Landslide,Medium
222.4,9.38,0.62,85.8,29.5,1362.0,391.9,0.54,0.2,2.21,Cyclone,Infrastructure Failure,High
1.8,1.68,0.58,6.3,23.6,13642.0,1688.7,0.43,0.91,19.11,Earthquake,Fire,Medium
61.7,9.21,0.77,21.2,24.1,1518.0,112.3,0.61,0.19,6.99,Heavy Rain,Flood,High
3.1,2.48,0.28,38.7,38.1,2284.0,164.8,0.21,0.71,13.57,Extreme Heat,Fire,High
126.8,2.12,0.65,40.4,24.2,579.0,1363.8,0.87,0.89,8.36,Landslide Trigger,Landslide,Medium
275.5,2.66,0.71,38.3,29.9,311.0,796.9,0.91,0.6,6.88,Heavy Rain,Flood,High
314.3,6.16,0.59,30.8,19.8,224.0,292.1,0.19,0.16,6.88,Heavy Rain,Flood,High
183.0,11.47,0.5,16.5,29.0,4558.0,706.8,0.64,0.74,0.35,Heavy Rain,Flood,High
39.6,3.97,0.17,12.0,22.9,2727.0,1017.0,0.09,0.42,18.51,Earthquake,Fire,Medium
33.3,3.88,0.45,24.1,29.3,966.0,1705.6,0.84,0.71,13.07,Earthquake,Fire,Medium
230.3,9.47,0.78,138.8,32.5,2880.0,64.7,0.35,0.81,6.02,Cyclone,Flood,Medium
301.6,8.99,0.98,21.7,26.8,660.0,445.6,0.86,0.59,2.57,Heavy Rain,Flood,Critical
252.7,5.86,0.43,92.1,26.2,13684.0,389.3,0.93,0.95,0.17,Cyclone,Infrastructure Failure,Critical
38.1,3.87,0.35,5.8,19.5,2627.0,2082.4,0.12,0.31,1.26,Earthquake,Landslide,Medium
53.8,8.38,0.65,145.7,29.6,3358.0,388.6,0.57,0.49,6.17,Cyclone,Infrastructure Failure,High
243.0,4.87,0.87,50.4,16.7,2901.0,1700.3,0.66,0.95,3.8,Landslide Trigger,Landslide,High
60.1,3.32,0.44,27.9,27.9,7370.0,676.8,0.34,0.13,5.92,Heavy Rain,Disease Outbreak,High
4.7,3.48,0.52,26.0,21.8,311.0,866.8,0.75,0.33,19.2,Earthquake,Fire,Medium
40.5,7.44,0.5,128.6,29.8,2884.0,216.2,0.31,0.71,9.35,Cyclone,Infrastructure Failure,Medium
189.1,1.6,0.84,111.8,31.6,2367.0,353.7,0.42,0.45,5.4,Cyclone,Infrastructure Failure,Medium
13.4,2.08,0.09,26.4,47.9,4790.0,544.1,0.37,0.38,20.08,Extreme Heat,Fire,High
57.9,2.25,0.44,26.4,30.6,1204.0,633.8,0.51,0.36,3.79,Earthquake,Fire,Medium
176.4,1.32,0.73,31.6,21.5,7603.0,1245.1,0.22,0.66,4.98,Landslide Trigger,Landslide,High
355.1,7.35,0.91,15.6,23.9,1974.0,371.0,0.38,0.65,0.16,Heavy Rain,Flood,High
359.6,3.27,0.59,30.0,23.5,188.0,622.1,0.69,0.85,3.6,Heavy Rain,Flood,High
7.7,1.66,0.1,12.7,37.3,2461.0,399.1,0.22,0.29,23.35,Extreme Heat,Fire,High
30.7,2.68,0.37,16.8,26.3,179.0,569.9,0.28,0.13,2.5,Earthquake,Fire,Medium
161.0,9.46,0.82,37.5,28.2,1731.0,232.8,0.41,0.41,7.09,Heavy Rain,Flood,High
82.4,11.28,0.48,25.3,21.8,247.0,69.0,0.31,0.83,1.3,Heavy Rain,Flood,Medium
162.0,3.61,0.77,54.8,20.8,730.0,230.9,0.51,0.27,7.78,Heavy Rain,Flood,High
263.8,6.89,0.87,29.2,19.6,7972.0,884.6,0.43,0.64,13.47,Landslide Trigger,Landslide,High
104.6,6.41,0.77,27.3,22.3,7144.0,10.8,0.92,0.7,6.45,Heavy Rain,Flood,High
178.2,3.65,0.9,116.0,29.5,131.0,274.6,0.25,0.65,10.16,Cyclone,Infrastructure Failure,Medium
345.4,8.67,0.64,26.3,26.9,1203.0,595.6,0.88,0.55,4.9,Heavy Rain,Flood,Critical
243.4,3.21,0.51,143.1,22.6,4552.0,207.4,0.3,0.25,5.83,Cyclone,Infrastructure Failure,High
355.6,7.65,0.46,18.7,30.0,1844.0,164.5,0.85,0.73,4.92,Heavy Rain,Flood,Critical
191.2,1.59,0.83,102.2,32.2,330.0,200.7,0.72,0.35,8.36,Cyclone,Infrastructure Failure,High
165.9,3.57,0.49,18.4,21.9,4224.0,714.7,0.12,0.58,3.01,Heavy Rain,Flood,Medium
7.2,2.46,0.3,20.9,44.9,348.0,189.9,0.36,0.25,14.93,Extreme Heat,Fire,High
287.2,6.91,0.84,33.2,19.0,7583.0,590.9,0.56,0.73,6.68,Heavy Rain,Flood,High
233.1,2.75,0.4,66.7,25.5,1904.0,192.0,0.7,0.67,11.97,Cyclone,Infrastructure Failure,High
89.1,1.35,0.75,46.5,28.0,1640.0,1117.2,0.67,0.59,13.55,Landslide Trigger,Landslide,High
4.2,0.77,0.16,16.1,29.9,1191.0,421.4,0.77,0.77,12.51,Earthquake,Fire,Medium
239.4,5.7,0.47,136.9,24.0,3689.0,119.5,0.67,0.64,2.29,Cyclone,Infrastructure Failure,High
142.2,2.3,0.85,108.2,26.5,555.0,237.6,0.41,0.25,2.39,Cyclone,Infrastructure Failure,Medium
96.0,8.64,0.62,105.9,29.6,5837.0,380.9,0.58,0.18,1.44,Cyclone,Infrastructure Failure,High
23.8,2.19,0.5,12.3,25.7,6461.0,1522.0,0.83,0.47,9.53,Earthquake,Fire,Medium
273.5,1.45,0.5,32.1,22.4,527.0,1658.4,0.2,0.82,7.67,Landslide Trigger,Landslide,Medium
69.4,2.86,0.48,22.9,19.1,2566.0,970.7,0.07,0.91,14.22,Earthquake,Fire,Low
67.6,1.41,0.46,32.7,16.9,1790.0,1131.5,0.8,0.39,9.67,Earthquake,Infrastructure Failure,Medium
1.0,0.63,0.06,19.3,44.1,3818.0,199.3,0.28,0.59,16.87,Extreme Heat,Fire,High
214.9,5.23,0.5,118.8,32.8,2097.0,173.6,0.12,0.55,4.76,Cyclone,Infrastructure Failure,Medium
158.5,3.59,0.67,10.2,22.8,5668.0,93.5,0.87,0.24,0.29,Heavy Rain,Flood,High
43.1,1.47,0.4,18.1,20.4,275.0,1555.8,0.74,0.65,3.4,Earthquake,Fire,Medium
159.6,3.81,0.73,34.7,19.5,3867.0,1399.4,0.69,0.39,8.4,Landslide Trigger,Landslide,High
186.5,5.86,0.71,30.4,28.7,4052.0,560.1,0.92,0.62,7.2,Heavy Rain,Flood,High
77.1,1.05,0.18,22.4,34.7,2459.0,947.9,0.63,0.33,5.03,Earthquake,Fire,High
285.9,11.28,0.92,23.1,21.9,438.0,303.5,0.74,0.38,3.22,Heavy Rain,Flood,Critical
267.6,8.92,0.31,153.9,29.8,2439.0,210.6,0.34,0.61,4.74,Cyclone,Infrastructure Failure,Medium
80.7,8.09,0.56,10.8,24.6,340.0,467.0,0.85,0.6,3.47,Heavy Rain,Flood,High
61.2,5.59,0.6,65.7,28.7,826.0,324.3,0.83,0.36,9.01,Cyclone,Infrastructure Failure,High
14.2,0.64,0.2,25.9,37.5,158.0,698.8,0.6,0.49,16.42,Extreme Heat,Fire,High
82.9,9.47,0.84,87.8,28.0,8625.0,130.0,0.37,0.78,9.33,Cyclone,Infrastructure Failure,Medium
39.9,1.89,0.62,20.3,24.3,1357.0,1495.7,0.89,0.66,5.96,Earthquake,Landslide,Medium
12.4,1.04,0.21,39.0,38.5,1670.0,161.2,0.19,0.85,13.75,Extreme Heat,Fire,High
277.8,4.41,0.86,53.7,23.8,336.0,488.3,0.06,0.33,3.21,Landslide Trigger,Landslide,High
179.5,4.67,0.44,33.8,21.3,6015.0,638.9,0.91,0.69,0.16,Heavy Rain,Flood,High
228.1,8.97,0.43,154.5,30.5,2625.0,292.0,0.64,0.61,4.4,Cyclone,Infrastructure Failure,High
282.6,3.24,0.61,29.5,21.1,1560.0,146.4,0.49,0.11,1.2,Heavy Rain,Flood,High
267.1,5.59,0.84,22.8,22.5,4506.0,1459.4,0.57,0.82,14.75,Landslide Trigger,Landslide,High
77.2,1.09,0.82,19.4,15.6,3270.0,1889.4,0.88,0.33,4.79,Landslide Trigger,Landslide,Critical
88.6,2.35,0.38,65.9,23.0,4023.0,175.6,0.83,0.76,3.92,Cyclone,Infrastructure Failure,High
8.0,0.7,0.26,17.7,35.2,888.0,761.4,0.83,0.86,9.78,Extreme Heat,Fire,High
121.5,4.34,0.65,129.7,22.7,1073.0,239.4,0.87,0.91,11.44,Cyclone,Infrastructure Failure,High
21.5,3.14,0.27,27.1,30.9,5450.0,581.5,0.37,0.2,14.6,Earthquake,Fire,High
80.3,7.68,0.97,47.0,23.2,670.0,433.9,0.48,0.47,2.31,Heavy Rain,Flood,High
7.8,2.41,0.23,26.2,35.8,6811.0,896.9,0.42,0.5,19.78,Extreme Heat,Fire,High
222.3,4.25,0.8,50.6,20.0,1121.0,78.2,0.61,0.68,5.93,Heavy Rain,Flood,High
4.8,2.13,0.21,35.4,44.7,993.0,784.3,0.13,0.45,2.46,Extreme Heat,Fire,Medium
13.3,1.44,0.3,16.5,38.8,5091.0,808.1,0.26,0.9,11.79,Extreme Heat,Fire,High
8.6,2.02,0.08,22.2,46.6,1258.0,791.8,0.45,0.21,3.08,Extreme Heat,Fire,High
290.9,4.16,0.6,39.8,23.8,497.0,593.5,0.69,0.26,7.69,Heavy Rain,Flood,High
141.9,1.76,0.38,90.4,25.8,11563.0,360.3,0.59,0.27,8.93,Cyclone,Infrastructure Failure,High
158.1,5.38,0.59,40.3,24.4,172.0,314.5,0.25,0.15,1.28,Heavy Rain,Flood,High
242.1,2.4,0.73,96.6,22.8,960.0,326.0,0.86,0.09,7.0,Cyclone,Infrastructure Failure,High
116.6,9.27,0.81,23.0,18.7,797.0,687.9,0.51,0.87,2.58,Heavy Rain,Flood,High
50.5,5.59,0.76,34.1,24.4,596.0,2331.6,0.87,0.65,4.21,Landslide Trigger,Landslide,High
35.0,2.51,0.52,28.2,33.4,3366.0,967.7,0.42,0.59,6.57,Earthquake,Fire,Medium
143.4,2.72,0.58,125.6,30.8,1814.0,199.9,0.76,0.42,2.07,Cyclone,Infrastructure Failure,High
218.1,5.56,0.44,135.6,22.9,322.0,212.3,0.5,0.5,2.59,Cyclone,Infrastructure Failure,High
220.9,7.46,0.74,98.9,28.9,3010.0,232.9,0.9,0.22,5.12,Cyclone,Infrastructure Failure,Critical
72.5,0.69,0.3,13.6,27.5,5743.0,332.1,0.64,0.46,17.76,Earthquake,Fire,Medium
281.9,8.15,0.6,126.7,28.2,2084.0,237.2,0.12,0.37,4.04,Cyclone,Flood,Medium
207.0,6.72,0.94,40.0,22.5,334.0,771.4,0.31,0.65,10.73,Landslide Trigger,Landslide,Medium
113.8,1.9,0.8,89.5,22.7,727.0,34.5,0.75,0.34,3.1,Cyclone,Infrastructure Failure,High
233.1,2.04,0.73,46.0,23.1,930.0,1602.3,0.49,0.85,13.95,Landslide Trigger,Landslide,High
58.7,1.34,0.61,43.5,17.6,3143.0,780.5,0.27,0.32,7.42,Landslide Trigger,Landslide,Medium
252.5,11.01,0.79,45.2,22.4,5366.0,225.1,0.46,0.81,3.69,Heavy Rain,Flood,Critical
277.3,1.43,0.52,21.7,19.4,175.0,662.1,0.33,0.22,13.19,Landslide Trigger,Landslide,Medium
357.4,8.53,0.93,53.8,24.0,907.0,195.1,0.69,0.09,1.63,Heavy Rain,Flood,Critical
0.8,1.72,0.24,28.3,39.2,457.0,729.2,0.77,0.91,14.27,Extreme Heat,Fire,High
46.2,4.63,0.59,73.9,31.5,3657.0,117.2,0.59,0.22,9.42,Cyclone,Infrastructure Failure,High
93.0,1.28,0.61,30.5,25.7,1952.0,1132.8,0.76,0.93,11.56,Landslide Trigger,Landslide,Medium
97.6,6.17,0.79,51.8,23.1,332.0,1247.9,0.53,0.94,4.19,Landslide Trigger,Landslide,Medium
11.1,1.15,0.3,31.9,37.9,6814.0,32.6,0.8,0.32,4.72,Extreme Heat,Fire,Critical
4.3,2.09,0.33,32.3,42.5,951.0,233.6,0.78,0.4,14.09,Extreme Heat,Fire,High
255.1,4.55,0.79,91.7,26.8,9574.0,248.1,0.57,0.51,0.94,Cyclone,Infrastructure Failure,High
327.0,10.29,0.7,51.7,18.8,1499.0,99.4,0.47,0.35,4.81,Heavy Rain,Flood,High
139.3,8.08,0.66,154.7,30.7,1410.0,113.1,0.81,0.07,3.25,Cyclone,Infrastructure Failure,Critical
126.0,10.64,0.77,20.2,20.6,1047.0,691.5,0.43,0.8,7.16,Heavy Rain,Flood,High
61.7,3.35,0.41,32.3,21.5,2580.0,386.8,0.82,0.12,14.47,Earthquake,Fire,Medium
257.8,3.85,0.69,63.8,28.7,876.0,288.3,0.53,0.8,4.49,Cyclone,Flood,Medium
117.7,2.51,0.63,57.7,19.0,3945.0,407.2,0.17,0.94,11.94,Landslide Trigger,Landslide,Medium
48.6,2.25,0.34,32.0,19.9,4655.0,664.4,0.59,0.6,3.33,Earthquake,Fire,Medium
3.3,1.8,0.28,17.5,45.2,210.0,326.9,0.55,0.92,19.44,Extreme Heat,Fire,High
373.8,5.04,0.66,12.8,28.5,483.0,459.2,0.9,0.53,3.14,Heavy Rain,Flood,High
107.9,3.1,0.62,42.1,27.0,5705.0,2113.4,0.43,0.28,7.45,Landslide Trigger,Landslide,High
276.0,2.82,0.65,59.5,15.9,2394.0,1921.1,0.05,0.39,14.1,Landslide Trigger,Landslide,High
60.1,4.83,0.77,101.7,26.8,6308.0,224.9,0.33,0.79,7.02,Cyclone,Infrastructure Failure,Medium
45.3,1.55,0.3,15.8,27.5,2837.0,546.2,0.88,0.09,18.49,Earthquake,Fire,High
5.1,0.55,0.13,35.2,34.5,1826.0,403.8,0.8,0.61,4.7,Extreme Heat,Fire,High
293.1,5.64,0.95,41.9,23.1,2849.0,346.9,0.69,0.43,7.36,Heavy Rain,Flood,High
90.4,7.29,0.66,107.6,28.9,9571.0,87.3,0.85,0.34,9.55,Cyclone,Infrastructure Failure,Critical
139.6,7.97,0.66,112.1,32.2,237.0,216.7,0.11,0.06,6.23,Cyclone,Infrastructure Failure,Medium
351.4,6.18,0.67,48.0,25.3,5845.0,491.5,0.2,0.1,2.44,Heavy Rain,Flood,High
81.7,3.64,0.47,123.7,24.4,610.0,272.3,0.51,0.88,1.18,Cyclone,Infrastructure Failure,Medium
333.7,11.22,0.78,40.4,25.5,2611.0,502.0,0.4,0.45,1.26,Heavy Rain,Flood,Critical
222.8,3.66,0.61,12.9,29.8,7201.0,103.6,0.48,0.17,2.14,Heavy Rain,Flood,High
176.8,3.54,0.52,12.3,23.3,3083.0,647.2,0.23,0.36,4.73,Heavy Rain,Flood,Medium
242.9,1.53,0.89,36.8,25.7,4557.0,1036.0,0.76,0.26,5.74,Landslide Trigger,Landslide,Critical
292.7,2.18,0.34,116.6,30.0,182.0,384.6,0.59,0.31,4.92,Cyclone,Infrastructure Failure,High
143.9,3.93,0.53,36.9,20.0,755.0,1825.1,0.24,0.28,10.04,Landslide Trigger,Landslide,High
78.3,6.76,0.9,122.0,28.7,7844.0,166.9,0.92,0.5,3.82,Cyclone,Infrastructure Failure,Critical
108.4,7.66,0.38,132.7,31.0,13650.0,54.3,0.89,0.5,11.72,Cyclone,Infrastructure Failure,Critical
96.4,6.16,0.55,79.6,26.7,1398.0,267.2,0.07,0.72,0.94,Cyclone,Flood,Medium
203.0,2.0,0.88,62.1,28.5,212.0,311.7,0.87,0.88,9.48,Cyclone,Infrastructure Failure,High
235.3,6.84,0.43,35.3,22.9,3782.0,620.5,0.14,0.17,3.29,Heavy Rain,Flood,High
11.2,0.66,0.42,28.8,27.2,1428.0,1286.2,0.38,0.33,13.93,Earthquake,Fire,Medium
285.0,3.95,0.41,36.8,29.3,3675.0,491.4,0.5,0.7,6.29,Heavy Rain,Flood,High
65.9,1.29,0.32,11.7,24.0,1601.0,1952.9,0.82,0.51,7.56,Earthquake,Fire,Medium
42.8,3.51,0.4,25.4,16.7,2285.0,434.1,0.92,0.92,8.68,Earthquake,Infrastructure Failure,Medium
330.9,5.34,0.96,41.0,22.7,606.0,564.3,0.8,0.63,0.23,Heavy Rain,Flood,High
170.2,7.01,0.92,38.4,22.8,12363.0,105.1,0.44,0.47,2.42,Heavy Rain,Disease Outbreak,High
7.5,2.27,0.23,29.3,39.5,9631.0,45.6,0.9,0.9,23.41,Extreme Heat,Fire,Critical
250.1,6.98,0.81,117.1,23.5,1484.0,159.5,0.83,0.13,11.66,Cyclone,Infrastructure Failure,High
160.3,5.66,0.43,15.4,20.3,1235.0,671.9,0.06,0.68,0.6,Heavy Rain,Flood,Medium
188.9,4.87,0.67,24.4,24.1,2235.0,2022.2,0.27,0.2,2.94,Landslide Trigger,Landslide,High
292.3,7.34,0.53,24.0,29.6,2072.0,680.5,0.61,0.39,7.05,Heavy Rain,Flood,High
6.2,1.9,0.45,13.6,32.0,527.0,374.9,0.41,0.09,7.98,Earthquake,Fire,Medium
105.4,3.4,0.72,39.5,17.8,1316.0,1446.1,0.8,0.54,8.13,Landslide Trigger,Landslide,High
159.6,11.03,0.89,54.2,26.3,3584.0,308.8,0.93,0.61,2.32,Heavy Rain,Flood,High
340.9,5.46,0.64,50.8,27.1,2004.0,785.3,0.53,0.86,6.22,Heavy Rain,Flood,High
232.0,4.8,0.65,33.2,19.2,1761.0,597.6,0.77,0.47,0.96,Heavy Rain,Flood,High
257.3,4.24,0.87,79.9,22.4,945.0,349.6,0.94,0.5,9.05,Cyclone,Infrastructure Failure,High
363.9,7.05,0.67,30.2,22.0,220.0,431.6,0.28,0.24,3.68,Heavy Rain,Flood,High
69.4,2.6,0.53,33.7,27.9,760.0,2162.6,0.41,0.47,6.92,Earthquake,Landslide,Medium
345.5,7.54,0.57,43.4,24.1,7855.0,138.1,0.81,0.58,4.66,Heavy Rain,Flood,Critical
131.8,2.2,0.58,131.4,26.0,5615.0,98.0,0.62,0.17,11.18,Cyclone,Infrastructure Failure,High
74.8,1.62,0.78,20.2,25.8,2035.0,2385.9,0.69,0.89,6.13,Landslide Trigger,Landslide,High
13.4,0.62,0.1,31.4,43.6,4957.0,137.2,0.25,0.83,13.55,Extreme Heat,Fire,High
4.2,3.24,0.46,14.5,29.4,1567.0,1732.1,0.67,0.59,18.74,Earthquake,Fire,Medium
171.8,8.62,0.3,86.8,27.9,3438.0,75.4,0.48,0.78,10.9,Cyclone,Infrastructure Failure,Medium
36.1,2.46,0.15,16.0,17.8,1249.0,1532.8,0.47,0.24,10.1,Earthquake,Fire,Medium
279.8,1.93,0.82,108.6,28.8,1159.0,124.5,0.58,0.94,11.6,Cyclone,Infrastructure Failure,Medium
267.9,5.79,0.89,126.6,24.3,1449.0,165.2,0.73,0.58,4.08,Cyclone,Infrastructure Failure,High
62.6,10.4,0.57,54.9,29.5,898.0,753.0,0.53,0.25,6.51,Heavy Rain,Flood,High
102.3,4.67,0.52,58.6,26.9,2108.0,1161.5,0.84,0.67,8.22,Landslide Trigger,Landslide,High
105.1,5.07,0.56,151.1,23.9,7364.0,40.4,0.83,0.51,10.58,Cyclone,Infrastructure Failure,Critical
267.7,7.57,0.44,36.8,18.2,1260.0,266.7,0.9,0.28,7.47,Heavy Rain,Flood,High
114.9,6.53,0.76,107.6,31.7,799.0,20.9,0.85,0.41,11.07,Cyclone,Infrastructure Failure,High
254.8,6.87,0.41,147.2,24.7,458.0,101.4,0.25,0.5,9.79,Cyclone,Infrastructure Failure,Medium
12.5,0.79,0.21,29.9,46.0,3485.0,843.3,0.44,0.15,20.05,Extreme Heat,Fire,High
10.6,2.49,0.27,5.6,40.9,4170.0,560.9,0.55,0.25,17.86,Extreme Heat,Fire,High
14.1,1.89,0.12,16.3,46.9,225.0,801.0,0.09,0.31,11.32,Extreme Heat,Fire,High
257.6,7.76,0.77,42.3,18.2,638.0,93.0,0.12,0.63,2.94,Heavy Rain,Flood,High
250.1,7.52,0.79,123.3,30.1,747.0,112.4,0.24,0.31,11.92,Cyclone,Flood,Medium
293.3,9.41,0.78,119.8,27.7,9366.0,388.4,0.33,0.35,8.38,Cyclone,Infrastructure Failure,High
332.1,3.85,0.95,32.8,29.1,2210.0,276.1,0.61,0.5,5.76,Heavy Rain,Flood,High
369.1,8.73,0.55,50.9,21.5,7467.0,303.6,0.31,0.28,0.91,Heavy Rain,Flood,Critical
13.8,2.11,0.09,31.9,46.8,2637.0,89.1,0.65,0.49,20.98,Extreme Heat,Fire,Critical
280.3,2.81,0.84,11.5,23.5,1304.0,129.3,0.46,0.44,6.61,Heavy Rain,Flood,High
238.6,5.35,0.77,67.0,24.1,349.0,222.9,0.09,0.19,11.37,Cyclone,Flood,Medium
261.6,6.09,0.88,13.2,20.4,3798.0,247.0,0.16,0.9,5.05,Heavy Rain,Flood,High
162.5,8.92,0.7,20.0,28.2,2942.0,656.4,0.28,0.67,3.23,Heavy Rain,Flood,High
152.0,10.1,0.53,10.7,21.2,829.0,160.9,0.74,0.27,4.12,Heavy Rain,Flood,High
209.7,4.47,0.95,60.0,26.2,4578.0,1920.0,0.91,0.07,6.41,Landslide Trigger,Landslide,Critical
8.1,0.94,0.22,21.3,42.1,2671.0,504.8,0.81,0.34,24.08,Extreme Heat,Fire,High
145.1,3.82,0.63,32.1,22.4,1487.0,1560.4,0.33,0.6,9.91,Landslide Trigger,Landslide,High
65.9,3.52,0.33,66.9,24.7,3505.0,12.7,0.1,0.44,3.02,Cyclone,Infrastructure Failure,Medium
351.3,9.62,0.58,51.6,22.0,6629.0,67.3,0.47,0.65,7.95,Heavy Rain,Flood,Critical
211.2,3.06,0.42,104.6,32.0,290.0,8.9,0.48,0.62,9.41,Cyclone,Infrastructure Failure,Medium
215.4,1.97,0.55,115.5,22.7,2460.0,58.4,0.2,0.53,8.0,Cyclone,Infrastructure Failure,Medium
13.7,0.53,0.24,7.6,34.1,5288.0,152.6,0.3,0.61,11.73,Extreme Heat,Fire,High
185.7,4.61,0.7,45.9,28.0,5147.0,678.8,0.24,0.71,2.77,Heavy Rain,Flood,High
286.1,1.61,0.56,121.5,29.7,3157.0,74.6,0.2,0.07,11.67,Cyclone,Infrastructure Failure,Medium
308.5,3.22,0.48,35.9,25.2,4858.0,552.6,0.93,0.29,3.21,Heavy Rain,Flood,High
219.8,8.93,0.71,124.7,24.5,3954.0,216.4,0.95,0.08,6.79,Cyclone,Infrastructure Failure,Critical
1.0,0.66,0.27,9.8,42.7,877.0,305.7,0.83,0.58,12.52,Extreme Heat,Fire,High
285.0,6.1,0.37,76.2,32.9,3993.0,291.6,0.42,0.33,0.69,Cyclone,Infrastructure Failure,High
71.6,8.22,0.34,87.5,25.4,138.0,68.6,0.32,0.89,6.15,Cyclone,Infrastructure Failure,Medium
113.8,4.38,0.58,113.4,30.9,4634.0,80.2,0.7,0.13,10.47,Cyclone,Infrastructure Failure,Critical
35.8,6.25,0.82,115.5,24.3,4194.0,40.8,0.21,0.08,8.43,Cyclone,Infrastructure Failure,Medium
6.1,1.67,0.26,33.3,42.5,13368.0,117.6,0.87,0.83,17.7,Extreme Heat,Fire,Critical
112.5,5.5,0.89,45.5,17.5,545.0,2307.7,0.15,0.63,7.31,Landslide Trigger,Landslide,High
145.1,1.57,0.84,51.0,24.2,134.0,804.5,0.32,0.41,10.66,Landslide Trigger,Landslide,High
12.5,1.28,0.05,17.3,41.0,738.0,855.1,0.22,0.2,23.64,Extreme Heat,Fire,High
243.0,1.55,0.38,111.1,24.7,1126.0,41.5,0.51,0.93,4.38,Cyclone,Infrastructure Failure,Medium
9.9,1.8,0.62,31.3,22.9,4089.0,1552.7,0.93,0.53,2.67,Earthquake,Infrastructure Failure,Medium
164.6,3.0,0.68,116.1,29.2,2992.0,15.3,0.24,0.24,6.63,Cyclone,Infrastructure Failure,High
141.2,8.91,0.75,48.1,21.5,1708.0,730.5,0.14,0.28,5.98,Heavy Rain,Flood,Medium
14.4,1.12,0.15,11.6,45.3,1812.0,262.6,0.44,0.42,9.6,Extreme Heat,Fire,High
216.2,9.83,0.88,45.9,19.2,526.0,641.7,0.9,0.79,1.05,Heavy Rain,Flood,High
172.6,6.25,0.96,42.5,22.6,685.0,1908.9,0.73,0.36,4.25,Landslide Trigger,Landslide,Critical
66.5,4.02,0.52,151.7,29.7,7570.0,214.7,0.51,0.87,11.63,Cyclone,Infrastructure Failure,High
32.3,1.31,0.27,24.9,25.0,172.0,1466.7,0.1,0.53,14.04,Earthquake,Fire,Low
15.3,2.71,0.43,22.6,21.0,18000.0,1425.7,0.8,0.55,16.76,Earthquake,Fire,High
86.4,5.09,0.93,24.5,17.6,1770.0,698.0,0.11,0.84,11.31,Landslide Trigger,Landslide,Medium
44.6,1.66,0.32,13.7,24.1,4852.0,774.6,0.66,0.32,11.41,Earthquake,Fire,High
42.3,3.44,0.18,7.3,26.1,4476.0,1424.1,0.63,0.88,5.02,Earthquake,Fire,Medium
105.8,9.26,0.45,35.4,24.6,114.0,316.8,0.52,0.25,6.77,Heavy Rain,Flood,High
230.7,1.84,0.8,139.6,31.2,146.0,65.3,0.81,0.7,7.6,Cyclone,Infrastructure Failure,High
225.3,9.08,0.45,33.8,21.5,4329.0,778.4,0.89,0.36,6.87,Heavy Rain,Flood,High
13.5,1.15,0.27,30.8,34.3,18000.0,337.7,0.16,0.54,2.45,Extreme Heat,Fire,High
243.5,3.11,0.59,117.7,23.8,858.0,312.5,0.55,0.42,3.66,Cyclone,Infrastructure Failure,High
73.6,3.58,0.39,15.8,21.5,5331.0,625.3,0.33,0.22,11.35,Earthquake,Fire,Medium
206.9,3.12,0.81,33.3,24.0,404.0,247.4,0.83,0.39,7.25,Heavy Rain,Flood,High
340.6,9.06,0.46,47.4,26.2,3331.0,35.5,0.65,0.72,1.16,Heavy Rain,Flood,High
10.8,1.82,0.28,25.1,37.7,1561.0,822.9,0.71,0.43,2.42,Extreme Heat,Fire,High
58.2,3.09,0.78,53.4,24.6,1049.0,410.3,0.07,0.3,2.61,Heavy Rain,Disease Outbreak,Medium
198.2,4.28,0.45,42.3,28.7,273.0,750.0,0.72,0.15,4.98,Heavy Rain,Flood,High
271.0,9.51,0.82,52.8,26.9,8379.0,557.6,0.21,0.86,2.17,Heavy Rain,Flood,High
115.0,1.78,0.88,15.1,25.6,3863.0,924.6,0.65,0.38,13.39,Landslide Trigger,Landslide,High
0.9,2.16,0.1,18.0,42.4,585.0,444.4,0.16,0.83,6.57,Extreme Heat,Fire,Medium
38.5,9.32,0.42,70.5,28.3,6184.0,36.6,0.09,0.77,7.27,Cyclone,Fire,Medium
180.2,3.94,0.5,51.3,19.3,227.0,694.8,0.47,0.79,4.4,Heavy Rain,Flood,Medium
226.1,5.41,0.82,71.4,32.0,5550.0,339.3,0.54,0.66,8.53,Cyclone,Infrastructure Failure,Medium
8.4,1.21,0.22,14.0,40.2,1343.0,267.1,0.82,0.39,4.83,Extreme Heat,Fire,High
59.8,1.11,0.36,8.4,17.8,868.0,1377.5,0.48,0.83,12.54,Earthquake,Fire,Low
107.5,2.67,0.78,12.4,29.8,1899.0,491.6,0.57,0.13,3.82,Heavy Rain,Disease Outbreak,High
356.9,8.13,0.51,35.3,19.6,3446.0,23.9,0.58,0.22,5.08,Heavy Rain,Flood,High
249.1,3.01,0.75,34.9,25.9,12725.0,717.4,0.93,0.75,6.82,Heavy Rain,Disease Outbreak,High
76.5,3.54,0.51,7.3,16.0,5493.0,1850.8,0.33,0.41,10.3,Earthquake,Landslide,Medium
10.5,2.33,0.08,35.2,45.1,252.0,297.7,0.06,0.48,10.17,Extreme Heat,Fire,High
81.5,4.25,0.89,35.7,25.6,6579.0,158.1,0.52,0.87,6.65,Heavy Rain,Disease Outbreak,Medium
328.8,9.08,0.83,14.7,21.3,651.0,62.8,0.84,0.27,0.17,Heavy Rain,Flood,Critical
370.2,7.88,0.54,32.4,20.6,185.0,787.3,0.9,0.7,6.79,Heavy Rain,Flood,High
59.8,5.02,0.8,24.8,24.6,132.0,574.1,0.92,0.73,7.85,Landslide Trigger,Landslide,Medium
102.4,5.58,0.49,44.5,18.7,3713.0,673.9,0.24,0.37,7.54,Heavy Rain,Flood,Medium
7.2,1.71,0.25,24.4,38.9,2109.0,804.0,0.75,0.1,3.87,Extreme Heat,Fire,High
56.4,3.37,0.48,5.4,18.6,10620.0,785.5,0.64,0.32,5.44,Earthquake,Disease Outbreak,High
281.0,7.42,0.47,96.0,24.2,7345.0,388.6,0.36,0.82,6.26,Cyclone,Flood,Medium
67.8,11.34,0.93,26.3,27.3,1275.0,604.3,0.47,0.83,7.22,Heavy Rain,Flood,High
306.9,6.04,0.89,12.1,27.4,2275.0,173.3,0.45,0.52,2.36,Heavy Rain,Flood,High
43.6,1.66,0.24,28.1,23.0,7793.0,1137.6,0.69,0.09,13.25,Earthquake,Fire,High
12.6,2.48,0.19,38.9,41.7,3529.0,424.5,0.26,0.14,9.62,Extreme Heat,Fire,High
2.2,1.52,0.35,21.6,20.9,1961.0,2165.7,0.14,0.28,6.54,Earthquake,Landslide,Medium
43.0,5.98,0.75,78.6,26.0,4945.0,11.6,0.11,0.38,10.09,Cyclone,Disease Outbreak,Medium
365.2,6.03,0.71,26.0,25.2,4869.0,782.7,0.41,0.49,7.98,Heavy Rain,Flood,High
125.6,6.91,0.83,35.2,14.2,2469.0,1441.0,0.21,0.07,14.77,Landslide Trigger,Landslide,High
5.3,2.34,0.35,38.1,44.2,2578.0,511.2,0.69,0.43,15.59,Extreme Heat,Fire,High
270.8,3.59,0.55,47.6,28.8,8474.0,435.8,0.68,0.42,0.35,Heavy Rain,Flood,Critical
183.6,3.58,0.71,54.9,16.3,1306.0,607.3,0.18,0.25,1.04,Landslide Trigger,Landslide,Medium
0.9,1.3,0.32,5.9,27.2,2992.0,1272.9,0.95,0.9,2.84,Earthquake,Fire,Medium
0.2,3.28,0.33,6.9,20.9,3562.0,741.7,0.72,0.27,10.94,Earthquake,Fire,Medium
4.8,1.12,0.16,40.0,44.9,1768.0,878.0,0.4,0.49,17.94,Extreme Heat,Fire,High
6.3,2.16,0.19,15.3,44.8,3627.0,771.9,0.1,0.53,11.67,Extreme Heat,Fire,High
3.6,0.6,0.46,14.1,29.9,4226.0,1976.6,0.51,0.15,3.65,Earthquake,Fire,Medium
265.0,7.99,0.7,51.7,24.3,494.0,792.5,0.47,0.21,4.12,Heavy Rain,Flood,High
191.2,7.05,0.58,69.3,27.2,5100.0,37.2,0.92,0.18,8.22,Cyclone,Infrastructure Failure,Critical
167.8,4.41,0.92,43.2,16.0,3956.0,1272.7,0.83,0.21,10.17,Landslide Trigger,Landslide,Critical
364.0,3.03,0.97,48.6,25.9,236.0,590.6,0.14,0.13,0.67,Heavy Rain,Flood,High
177.8,3.22,0.82,102.3,29.7,992.0,262.9,0.36,0.77,3.91,Cyclone,Infrastructure Failure,Medium
188.3,3.53,0.79,65.2,29.7,8496.0,178.4,0.73,0.45,8.8,Cyclone,Infrastructure Failure,High
70.8,7.95,0.58,67.2,29.9,7558.0,120.3,0.48,0.3,0.68,Cyclone,Infrastructure Failure,High
57.3,3.6,0.15,25.6,30.3,399.0,501.3,0.72,0.81,10.3,Earthquake,Fire,Medium
66.0,5.9,0.85,30.6,23.7,2658.0,400.1,0.61,0.65,14.05,Landslide Trigger,Landslide,Medium
235.3,10.21,0.75,50.8,25.0,3763.0,145.2,0.68,0.94,7.32,Heavy Rain,Flood,High
74.8,6.36,0.54,38.4,27.7,5037.0,773.4,0.88,0.66,3.69,Heavy Rain,Flood,High
130.1,7.97,0.96,54.4,25.7,1004.0,710.7,0.91,0.17,1.68,Heavy Rain,Flood,High
85.9,3.52,0.77,42.2,18.1,1693.0,2241.2,0.44,0.68,13.81,Landslide Trigger,Landslide,High
53.0,1.84,0.36,15.4,19.7,4435.0,1035.0,0.75,0.39,14.04,Earthquake,Fire,Medium
302.3,2.56,0.68,45.7,25.6,7699.0,384.5,0.56,0.77,5.19,Heavy Rain,Flood,High
14.7,1.91,0.22,6.3,39.2,1945.0,517.6,0.91,0.29,20.34,Extreme Heat,Fire,Critical
218.7,3.51,0.72,51.1,18.1,2508.0,593.6,0.77,0.92,8.28,Landslide Trigger,Landslide,Medium
0.8,1.68,0.25,39.5,47.2,664.0,647.0,0.4,0.58,14.0,Extreme Heat,Fire,High
214.0,4.81,0.83,34.3,24.2,669.0,687.5,0.85,0.12,3.28,Landslide Trigger,Landslide,High
314.5,4.6,0.67,51.2,25.0,8200.0,176.0,0.43,0.58,2.34,Heavy Rain,Flood,High
6.9,1.26,0.12,29.0,44.1,6269.0,261.9,0.88,0.2,20.15,Extreme Heat,Fire,Critical
112.1,8.38,0.42,60.3,31.6,1992.0,133.9,0.81,0.35,5.03,Cyclone,Infrastructure Failure,High
13.4,1.73,0.21,16.4,37.4,7824.0,569.2,0.49,0.51,12.28,Extreme Heat,Fire,High
6.3,2.08,0.18,14.4,46.1,3120.0,545.2,0.7,0.33,15.6,Extreme Heat,Fire,High
0.5,2.12,0.09,30.3,35.2,2463.0,350.3,0.64,0.2,3.45,Extreme Heat,Fire,High
29.7,3.76,0.37,29.1,33.5,1322.0,2144.8,0.92,0.78,18.07,Earthquake,Fire,Medium
326.3,2.64,0.95,45.0,27.2,10587.0,74.4,0.5,0.41,1.94,Heavy Rain,Flood,Critical
256.8,2.2,0.55,95.7,25.8,707.0,126.5,0.63,0.88,2.6,Cyclone,Infrastructure Failure,Medium
162.1,2.79,0.57,52.4,27.6,3044.0,1098.3,0.75,0.46,5.07,Landslide Trigger,Landslide,High
191.2,5.3,0.94,22.4,28.0,2819.0,1184.3,0.49,0.68,11.12,Landslide Trigger,Landslide,High
180.6,3.63,0.68,33.5,20.4,1784.0,749.1,0.19,0.53,1.9,Heavy Rain,Flood,Medium
151.5,6.9,0.53,12.4,27.4,256.0,516.5,0.83,0.2,2.79,Heavy Rain,Flood,High
357.1,6.81,0.6,43.4,28.5,1917.0,302.9,0.88,0.67,3.32,Heavy Rain,Flood,Critical
3.7,0.87,0.12,14.2,37.2,1668.0,599.5,0.61,0.31,4.67,Extreme Heat,Fire,High
1.0,0.66,0.09,34.3,43.2,1145.0,76.8,0.57,0.52,10.99,Extreme Heat,Fire,High
208.8,5.33,0.48,43.4,28.6,4410.0,755.9,0.7,0.9,0.56,Heavy Rain,Flood,High
98.3,7.44,0.33,120.0,25.9,1552.0,308.7,0.52,0.16,10.37,Cyclone,Infrastructure Failure,High
6.3,1.22,0.1,36.3,36.1,7876.0,579.5,0.76,0.21,22.47,Extreme Heat,Fire,Critical
12.3,1.05,0.33,29.8,45.0,5608.0,94.8,0.83,0.08,15.4,Extreme Heat,Fire,Critical
283.6,1.85,0.67,125.9,23.2,1654.0,24.0,0.15,0.74,9.44,Cyclone,Infrastructure Failure,Medium
67.9,2.56,0.23,5.5,29.0,5468.0,1232.8,0.44,0.16,13.37,Earthquake,Fire,Medium
283.8,5.86,0.67,148.7,32.2,18000.0,231.0,0.66,0.42,3.64,Cyclone,Infrastructure Failure,Critical
234.7,6.24,0.92,31.7,27.9,4199.0,673.7,0.82,0.4,6.61,Heavy Rain,Flood,Critical
9.2,3.45,0.4,8.8,17.3,4071.0,392.4,0.23,0.81,15.27,Earthquake,Fire,Low
22.5,3.28,0.39,26.9,22.6,215.0,796.4,0.93,0.63,16.99,Earthquake,Fire,Medium
143.8,4.77,0.56,38.1,27.8,1927.0,870.5,0.64,0.23,11.11,Landslide Trigger,Landslide,High
37.6,3.93,0.25,24.1,26.5,2332.0,1264.9,0.07,0.86,12.69,Earthquake,Fire,Low
12.4,0.85,0.17,32.0,47.7,652.0,857.0,0.87,0.84,22.69,Extreme Heat,Fire,Critical
174.4,6.05,0.67,39.5,21.1,1956.0,28.1,0.3,0.74,1.22,Heavy Rain,Flood,Medium
58.8,8.84,0.84,146.3,30.1,551.0,47.3,0.94,0.35,5.31,Cyclone,Infrastructure Failure,Critical
243.2,9.51,0.93,44.0,26.1,416.0,378.1,0.85,0.54,4.88,Heavy Rain,Flood,Critical
63.2,10.78,0.68,49.1,28.3,1008.0,654.4,0.84,0.86,0.59,Heavy Rain,Flood,High
6.9,1.38,0.1,38.9,37.0,990.0,188.0,0.89,0.06,17.2,Extreme Heat,Fire,Critical
41.4,4.03,0.72,22.4,20.9,130.0,1223.3,0.93,0.61,13.46,Landslide Trigger,Landslide,High
100.1,2.92,0.71,20.6,21.6,2680.0,203.7,0.12,0.52,5.24,Heavy Rain,Flood,Medium
243.6,2.15,0.83,114.9,32.5,3407.0,63.5,0.56,0.51,11.92,Cyclone,Infrastructure Failure,High
0.4,2.38,0.24,8.2,34.3,3146.0,64.7,0.5,0.33,16.02,Extreme Heat,Fire,High
225.5,7.15,0.41,22.7,18.6,17862.0,721.1,0.32,0.84,5.83,Heavy Rain,Flood,High
48.2,2.09,0.26,27.2,33.1,3913.0,555.9,0.93,0.72,4.33,Earthquake,Fire,High
4.3,1.34,0.17,34.8,44.8,8997.0,538.3,0.64,0.92,8.32,Extreme Heat,Fire,High
46.4,3.37,0.56,15.1,34.3,10879.0,97.2,0.36,0.63,15.61,Earthquake,Fire,Medium
235.5,9.35,0.9,37.1,27.8,1903.0,256.7,0.66,0.22,1.91,Heavy Rain,Flood,High
213.7,4.65,0.78,63.5,29.3,4099.0,261.7,0.77,0.86,11.3,Cyclone,Infrastructure Failure,High
10.1,1.08,0.31,31.2,39.9,11989.0,645.3,0.91,0.34,21.96,Extreme Heat,Fire,Critical
33.7,0.88,0.27,31.5,22.2,4972.0,1384.2,0.21,0.32,13.65,Earthquake,Fire,Medium
198.0,5.78,0.97,47.6,23.8,5031.0,704.6,0.25,0.75,2.85,Heavy Rain,Flood,High
6.8,0.71,0.13,19.1,44.5,4128.0,84.2,0.64,0.73,17.17,Extreme Heat,Fire,High
108.8,7.78,0.95,37.5,25.3,3958.0,591.8,0.87,0.06,2.73,Heavy Rain,Flood,High
13.1,0.94,0.19,34.8,45.5,1997.0,804.9,0.64,0.4,23.63,Extreme Heat,Fire,High
165.7,6.38,0.83,32.6,27.8,3284.0,598.7,0.44,0.46,0.26,Heavy Rain,Flood,High
236.4,4.29,0.91,47.1,21.7,188.0,1909.1,0.13,0.44,1.54,Landslide Trigger,Landslide,High
93.6,9.37,0.63,122.9,25.1,3939.0,132.1,0.48,0.52,4.09,Cyclone,Infrastructure Failure,High
189.8,7.65,0.35,133.8,28.2,1785.0,269.3,0.26,0.93,4.0,Cyclone,Infrastructure Failure,Medium
214.0,11.46,0.68,19.9,24.1,5562.0,41.3,0.7,0.6,7.25,Heavy Rain,Flood,Critical
186.6,9.47,0.47,134.1,28.4,18000.0,390.5,0.58,0.23,9.95,Cyclone,Infrastructure Failure,Critical
160.9,5.27,0.86,15.0,21.1,631.0,870.5,0.65,0.29,13.25,Landslide Trigger,Landslide,High
125.6,6.64,0.61,19.3,15.0,1369.0,1409.2,0.67,0.1,9.98,Landslide Trigger,Landslide,High
261.5,8.03,0.89,149.0,25.9,561.0,162.7,0.33,0.16,8.98,Cyclone,Infrastructure Failure,High
152.8,5.92,0.43,62.5,29.9,902.0,12.9,0.65,0.44,11.68,Cyclone,Fire,Medium
0.9,1.44,0.21,34.9,44.3,1296.0,89.8,0.15,0.46,6.81,Extreme Heat,Fire,High
276.2,4.09,0.84,45.7,25.9,6921.0,831.4,0.2,0.36,11.55,Landslide Trigger,Landslide,High
77.6,3.23,0.29,21.9,23.1,1148.0,1103.4,0.66,0.75,7.75,Earthquake,Fire,Medium
266.0,2.74,0.79,84.2,26.7,802.0,361.1,0.19,0.48,5.51,Cyclone,Infrastructure Failure,Medium
235.9,9.48,0.77,143.3,30.2,8607.0,358.7,0.41,0.88,1.01,Cyclone,Infrastructure Failure,High
6.1,3.0,0.52,34.9,30.4,1561.0,872.5,0.23,0.27,11.59,Earthquake,Disease Outbreak,Medium
123.3,7.44,0.93,51.1,18.7,1042.0,73.1,0.14,0.4,2.04,Heavy Rain,Flood,Medium
47.0,2.52,0.42,15.2,29.1,386.0,1826.9,0.32,0.17,7.58,Earthquake,Fire,Medium
156.2,2.75,0.58,81.0,30.1,694.0,15.9,0.05,0.83,6.7,Cyclone,Infrastructure Failure,Low
10.1,0.7,0.25,26.4,40.6,1000.0,388.9,0.41,0.35,22.4,Extreme Heat,Fire,High
304.5,10.75,0.89,45.9,29.8,13102.0,560.7,0.06,0.62,6.03,Heavy Rain,Flood,Critical
59.1,3.71,0.59,30.3,33.9,136.0,1205.4,0.54,0.44,1.13,Earthquake,Fire,Medium
151.8,4.7,0.85,94.1,31.4,1995.0,361.6,0.73,0.69,6.04,Cyclone,Infrastructure Failure,High
26.3,0.86,0.28,8.9,20.9,9988.0,612.9,0.67,0.88,13.12,Earthquake,Fire,Medium
308.8,9.05,0.64,24.6,28.2,129.0,725.3,0.76,0.31,3.67,Heavy Rain,Flood,High
0.8,3.32,0.41,25.6,33.3,1199.0,1213.5,0.32,0.77,10.56,Earthquake,Fire,Medium
35.9,1.07,0.2,19.2,24.3,596.0,1454.9,0.51,0.87,9.95,Earthquake,Fire,Medium
12.8,2.91,0.45,27.5,18.0,6109.0,2074.5,0.27,0.72,12.8,Earthquake,Fire,Medium
62.5,1.89,0.34,24.7,16.9,777.0,1631.6,0.65,0.14,1.81,Earthquake,Landslide,Medium
77.7,3.54,0.46,29.6,32.8,793.0,607.9,0.42,0.55,17.14,Earthquake,Fire,Medium
10.7,0.56,0.14,26.3,39.0,955.0,702.0,0.18,0.62,16.99,Extreme Heat,Fire,High
198.7,4.02,0.59,23.6,19.3,2842.0,442.1,0.79,0.16,6.13,Heavy Rain,Flood,High
6.5,1.72,0.25,29.4,44.2,3903.0,593.3,0.7,0.94,4.17,Extreme Heat,Fire,Critical
217.2,6.99,0.61,142.5,33.0,363.0,312.7,0.7,0.69,7.39,Cyclone,Infrastructure Failure,High
305.9,3.62,0.78,23.3,27.1,1219.0,199.9,0.06,0.62,5.5,Heavy Rain,Flood,Medium
87.4,8.43,0.94,53.6,20.8,7483.0,649.3,0.76,0.12,2.89,Heavy Rain,Disease Outbreak,Critical
139.9,4.2,0.77,99.0,29.5,8987.0,243.0,0.43,0.7,11.71,Cyclone,Infrastructure Failure,High
12.4,2.3,0.07,15.6,38.5,2294.0,402.3,0.65,0.5,5.89,Extreme Heat,Fire,Critical
10.0,0.63,0.31,37.9,42.7,5210.0,795.6,0.16,0.42,5.02,Extreme Heat,Fire,High
4.9,1.67,0.14,27.3,39.1,876.0,777.5,0.35,0.81,16.58,Extreme Heat,Fire,High
134.3,5.79,0.69,93.0,25.2,1170.0,192.7,0.11,0.32,2.66,Cyclone,Infrastructure Failure,Medium
116.6,9.19,0.65,134.8,22.5,3226.0,47.1,0.22,0.41,9.79,Cyclone,Infrastructure Failure,Medium
227.8,10.09,0.44,36.9,26.6,1134.0,782.5,0.69,0.74,6.48,Heavy Rain,Flood,High
227.0,8.06,0.84,69.4,23.2,293.0,319.6,0.41,0.79,3.1,Cyclone,Flood,Medium
64.2,6.87,0.3,70.4,25.9,6486.0,38.0,0.73,0.27,10.17,Cyclone,Infrastructure Failure,High
222.7,4.16,0.56,33.2,26.8,8459.0,84.8,0.44,0.89,2.44,Heavy Rain,Flood,High
377.2,7.24,0.57,45.6,19.9,1919.0,209.1,0.23,0.64,6.3,Heavy Rain,Flood,High
58.6,0.94,0.29,11.6,22.6,3576.0,1691.4,0.06,0.18,14.56,Earthquake,Landslide,Medium
3.3,1.04,0.09,19.4,35.1,2833.0,680.0,0.13,0.85,20.12,Extreme Heat,Fire,High
271.8,2.21,0.82,52.9,21.6,2398.0,1046.6,0.41,0.89,7.7,Landslide Trigger,Landslide,High
218.5,2.45,0.77,46.0,16.0,2780.0,1116.9,0.25,0.16,13.68,Landslide Trigger,Landslide,High
41.5,2.42,0.32,23.9,16.4,304.0,362.1,0.84,0.18,11.38,Earthquake,Fire,Medium
212.0,4.63,0.54,132.7,27.5,2976.0,291.6,0.73,0.6,6.11,Cyclone,Infrastructure Failure,High
49.2,3.26,0.62,16.3,26.5,1800.0,235.5,0.8,0.51,7.82,Earthquake,Fire,Medium
11.0,0.54,0.19,36.5,37.1,4000.0,47.7,0.46,0.46,11.97,Extreme Heat,Fire,High
271.0,4.79,0.84,16.9,22.7,5117.0,528.2,0.7,0.37,6.64,Heavy Rain,Flood,High
63.0,3.23,0.82,141.4,32.5,3447.0,35.0,0.69,0.63,6.49,Cyclone,Infrastructure Failure,High
11.6,1.22,0.1,12.2,34.2,1341.0,328.3,0.62,0.86,4.11,Extreme Heat,Fire,High
256.7,3.52,0.38,78.3,32.7,5979.0,222.0,0.41,0.86,2.27,Cyclone,Infrastructure Failure,Medium
20.9,1.88,0.4,31.8,32.4,1753.0,1284.9,0.93,0.6,5.21,Earthquake,Fire,High
62.5,2.07,0.42,17.9,29.1,2198.0,1880.7,0.36,0.21,10.64,Earthquake,Landslide,Medium
360.0,5.34,0.86,42.2,27.5,7403.0,750.0,0.2,0.61,5.02,Heavy Rain,Flood,High
238.5,3.67,0.74,134.0,31.1,1261.0,128.6,0.72,0.47,8.21,Cyclone,Infrastructure Failure,High
191.3,4.83,0.4,76.9,22.9,167.0,249.1,0.11,0.46,10.2,Cyclone,Infrastructure Failure,Medium
293.4,3.92,0.56,20.4,22.8,4273.0,187.7,0.6,0.12,2.89,Heavy Rain,Flood,High
260.5,6.79,0.94,23.0,26.7,7573.0,587.4,0.49,0.66,1.85,Heavy Rain,Flood,Critical
2.2,1.02,0.23,16.2,41.0,2237.0,349.1,0.05,0.63,16.73,Extreme Heat,Fire,High
189.3,5.58,0.45,19.9,20.7,238.0,748.9,0.17,0.12,3.52,Heavy Rain,Flood,High
189.0,2.99,0.6,95.2,30.8,4188.0,131.6,0.44,0.76,5.55,Cyclone,Infrastructure Failure,Medium
268.4,6.19,0.69,53.5,25.9,2213.0,724.9,0.87,0.34,1.51,Heavy Rain,Flood,Critical
272.2,1.58,0.92,35.0,15.0,172.0,2159.0,0.17,0.64,4.53,Landslide Trigger,Landslide,High
372.7,3.5,0.67,18.1,26.9,800.0,103.3,0.55,0.84,1.99,Heavy Rain,Flood,High
168.0,1.97,0.64,135.8,23.5,4486.0,33.7,0.58,0.54,2.33,Cyclone,Infrastructure Failure,High
99.9,2.99,0.94,25.8,26.6,2115.0,1561.1,0.9,0.43,2.73,Landslide Trigger,Landslide,High
13.0,1.01,0.22,34.5,46.9,110.0,447.5,0.28,0.3,16.71,Extreme Heat,Fire,High
80.9,5.02,0.59,53.6,26.0,632.0,346.5,0.48,0.63,7.91,Heavy Rain,Flood,Medium
0.8,1.93,0.08,9.9,36.2,3509.0,837.4,0.55,0.31,17.71,Extreme Heat,Fire,High
197.6,4.78,0.39,125.5,23.4,3553.0,80.3,0.62,0.43,9.83,Cyclone,Infrastructure Failure,High
137.0,7.02,0.74,108.5,32.7,5598.0,382.5,0.54,0.51,5.01,Cyclone,Infrastructure Failure,High
68.1,7.67,0.92,45.1,27.4,950.0,136.3,0.33,0.57,2.93,Heavy Rain,Flood,Medium
170.4,7.55,0.65,22.9,19.1,105.0,714.6,0.79,0.95,0.19,Heavy Rain,Flood,High
10.9,0.53,0.12,39.0,45.3,146.0,518.8,0.07,0.6,7.45,Extreme Heat,Fire,Medium
35.9,9.45,0.41,127.5,23.7,4758.0,218.3,0.58,0.13,1.06,Cyclone,Infrastructure Failure,High
259.1,5.88,0.85,147.1,32.1,14176.0,35.7,0.49,0.26,1.54,Cyclone,Infrastructure Failure,Critical
11.5,1.03,0.27,34.3,45.0,1806.0,261.2,0.49,0.2,11.24,Extreme Heat,Fire,High
6.8,1.52,0.21,33.7,41.2,5208.0,223.1,0.34,0.63,17.25,Extreme Heat,Fire,High
98.5,5.58,0.93,51.0,24.9,10287.0,564.9,0.49,0.56,6.85,Heavy Rain,Disease Outbreak,High
33.3,0.75,0.36,28.7,31.1,2497.0,1968.6,0.15,0.23,1.98,Earthquake,Landslide,Medium
347.1,6.97,0.84,12.9,23.0,1362.0,542.6,0.11,0.64,1.15,Heavy Rain,Flood,High
14.6,2.15,0.34,34.6,46.0,1768.0,527.9,0.79,0.21,13.92,Extreme Heat,Fire,Critical
4.5,3.82,0.15,34.3,29.6,5550.0,756.3,0.27,0.74,14.26,Earthquake,Fire,Medium
233.0,2.5,0.52,24.2,16.8,1630.0,530.5,0.85,0.28,11.16,Landslide Trigger,Landslide,High
199.6,8.25,0.91,33.6,22.5,365.0,694.9,0.45,0.76,2.55,Heavy Rain,Flood,High
60.2,7.77,0.74,51.8,21.4,1513.0,230.3,0.71,0.63,3.58,Heavy Rain,Flood,High
300.4,9.88,0.94,29.4,29.8,2543.0,180.4,0.79,0.48,5.74,Heavy Rain,Flood,Critical
308.7,10.87,0.82,44.9,18.8,3881.0,171.9,0.56,0.38,7.8,Heavy Rain,Flood,Critical
64.6,5.82,0.69,19.5,20.1,978.0,411.6,0.58,0.86,4.73,Heavy Rain,Flood,Medium
153.6,6.14,0.93,19.2,15.3,1876.0,1352.1,0.34,0.63,9.23,Landslide Trigger,Landslide,High
50.7,11.21,0.53,51.3,19.3,17893.0,198.1,0.05,0.63,1.96,Heavy Rain,Disease Outbreak,High
337.0,8.55,0.61,53.1,28.7,11067.0,352.8,0.93,0.45,4.63,Heavy Rain,Flood,Critical
12.7,1.1,0.16,10.8,36.9,941.0,598.0,0.41,0.39,13.75,Extreme Heat,Fire,High
296.6,8.33,0.53,146.8,25.8,1683.0,268.8,0.66,0.32,11.6,Cyclone,Infrastructure Failure,High
4.0,1.65,0.34,20.9,47.1,1744.0,824.6,0.63,0.52,7.84,Extreme Heat,Fire,High
81.7,11.44,0.84,29.7,25.4,8648.0,79.2,0.86,0.35,4.01,Heavy Rain,Flood,Critical
173.5,7.08,0.5,66.2,27.6,421.0,242.6,0.24,0.36,0.17,Cyclone,Flood,Medium
228.5,5.14,0.56,49.1,19.7,3239.0,401.4,0.7,0.44,7.63,Heavy Rain,Flood,High
56.6,8.32,0.77,15.0,23.5,2078.0,733.1,0.46,0.78,1.72,Heavy Rain,Flood,Medium
237.9,5.56,0.67,18.2,18.9,10828.0,1759.6,0.46,0.62,10.84,Landslide Trigger,Landslide,High
227.9,3.86,0.67,34.5,29.4,2601.0,299.6,0.27,0.22,7.84,Heavy Rain,Flood,Medium
68.3,5.12,0.31,102.3,32.9,505.0,269.7,0.48,0.31,9.14,Cyclone,Infrastructure Failure,Medium
271.4,2.95,0.58,115.9,27.7,1616.0,332.9,0.76,0.53,2.85,Cyclone,Infrastructure Failure,High
138.6,1.74,0.75,152.4,28.8,943.0,343.3,0.06,0.64,6.25,Cyclone,Infrastructure Failure,Medium
158.3,5.69,0.82,59.5,21.1,2173.0,1254.3,0.84,0.09,5.01,Landslide Trigger,Landslide,Critical
372.7,11.44,0.75,24.9,20.7,2163.0,228.4,0.1,0.7,0.5,Heavy Rain,Flood,High
29.8,1.2,0.42,34.2,28.9,4380.0,1107.3,0.85,0.23,15.76,Earthquake,Infrastructure Failure,High
246.1,2.81,0.93,27.6,27.0,11841.0,2327.6,0.13,0.25,3.04,Landslide Trigger,Landslide,Critical
35.5,3.98,0.39,21.5,28.9,912.0,2131.8,0.32,0.14,15.88,Earthquake,Landslide,Medium
194.7,2.08,0.62,55.0,18.6,346.0,1533.3,0.38,0.42,6.57,Landslide Trigger,Landslide,High
345.6,5.42,0.62,45.2,27.1,5180.0,640.6,0.42,0.79,7.63,Heavy Rain,Flood,High
167.3,3.72,0.48,81.3,23.6,7119.0,77.9,0.89,0.58,0.85,Cyclone,Infrastructure Failure,High
327.4,4.15,0.92,32.8,18.8,243.0,121.6,0.33,0.1,2.54,Heavy Rain,Flood,High
3.5,1.03,0.35,13.2,37.3,1666.0,624.4,0.84,0.36,21.77,Extreme Heat,Fire,High
87.3,2.98,0.78,31.5,23.4,1466.0,873.9,0.46,0.55,10.81,Landslide Trigger,Landslide,Medium
276.5,4.65,0.88,42.5,20.8,2027.0,780.2,0.19,0.53,5.35,Heavy Rain,Flood,High
13.2,2.0,0.35,26.6,18.8,1978.0,1817.0,0.75,0.61,7.2,Earthquake,Fire,Medium
151.6,5.98,0.58,36.8,22.0,604.0,583.3,0.33,0.25,4.68,Heavy Rain,Flood,High
31.2,2.31,0.4,27.6,18.8,1242.0,2084.9,0.67,0.77,7.51,Earthquake,Fire,Medium
132.2,7.47,0.83,132.8,22.4,3641.0,331.8,0.73,0.93,9.32,Cyclone,Infrastructure Failure,High
143.5,1.4,0.71,17.1,18.1,3801.0,1573.8,0.79,0.43,5.33,Landslide Trigger,Landslide,High
72.0,0.78,0.57,29.9,21.4,5438.0,692.2,0.8,0.35,6.8,Earthquake,Disease Outbreak,High
190.0,2.61,0.58,154.9,23.7,11566.0,379.3,0.21,0.24,9.91,Cyclone,Infrastructure Failure,High
55.6,9.02,0.77,18.0,27.5,1857.0,246.4,0.13,0.29,1.17,Heavy Rain,Flood,High
172.5,10.17,0.86,29.9,26.7,4241.0,459.2,0.67,0.61,2.79,Heavy Rain,Flood,High
253.9,8.65,0.62,49.1,19.9,527.0,708.3,0.59,0.39,2.8,Heavy Rain,Flood,High
319.1,6.38,0.79,23.9,20.5,3524.0,316.6,0.57,0.94,4.89,Heavy Rain,Flood,High
205.9,6.59,0.55,17.8,18.4,2442.0,673.2,0.57,0.72,8.36,Landslide Trigger,Landslide,Medium
77.7,3.57,0.21,15.2,20.1,2679.0,430.2,0.25,0.69,11.35,Earthquake,Fire,Medium
227.9,1.67,0.54,144.6,27.7,992.0,142.3,0.14,0.79,3.12,Cyclone,Infrastructure Failure,Medium
78.6,5.13,0.43,45.2,18.5,1786.0,253.6,0.3,0.3,4.63,Heavy Rain,Flood,Medium
231.5,6.84,0.66,16.8,14.5,4998.0,1918.4,0.68,0.87,8.73,Landslide Trigger,Landslide,High
13.3,2.08,0.19,15.8,41.1,759.0,461.8,0.64,0.46,16.04,Extreme Heat,Fire,High
254.7,4.66,0.65,19.5,28.5,235.0,395.5,0.66,0.24,1.88,Heavy Rain,Flood,High
14.8,1.57,0.14,28.0,37.9,14320.0,741.8,0.59,0.81,9.09,Extreme Heat,Fire,Critical
49.7,4.29,0.74,122.2,24.1,3141.0,145.7,0.36,0.33,3.23,Cyclone,Infrastructure Failure,High
118.4,6.18,0.51,53.3,19.9,1619.0,731.5,0.26,0.62,3.48,Heavy Rain,Flood,Medium
215.1,5.24,0.33,147.3,32.8,2015.0,175.3,0.34,0.12,7.4,Cyclone,Infrastructure Failure,High
153.1,8.05,0.31,115.3,31.7,4835.0,90.9,0.28,0.22,2.28,Cyclone,Infrastructure Failure,High
174.7,6.03,0.91,37.8,22.9,484.0,432.2,0.24,0.92,7.64,Heavy Rain,Flood,Medium
269.8,2.06,0.57,33.9,14.7,291.0,1709.8,0.49,0.91,2.08,Landslide Trigger,Landslide,Medium
6.4,1.21,0.35,23.6,39.3,2397.0,359.6,0.44,0.29,6.48,Extreme Heat,Fire,High
12.8,1.59,0.4,6.7,18.1,310.0,2087.5,0.67,0.11,11.31,Earthquake,Landslide,Medium
229.5,7.5,0.69,129.6,23.0,1427.0,292.1,0.9,0.5,1.73,Cyclone,Infrastructure Failure,High
291.2,2.21,0.59,65.9,28.9,1058.0,36.1,0.72,0.2,2.19,Cyclone,Infrastructure Failure,High
67.7,0.96,0.17,16.9,34.6,4551.0,287.2,0.33,0.7,2.93,Earthquake,Fire,Medium
84.0,5.18,0.46,102.9,30.5,8536.0,306.0,0.29,0.27,6.24,Cyclone,Infrastructure Failure,High
252.6,8.09,0.43,37.3,22.5,2671.0,600.5,0.05,0.62,6.48,Heavy Rain,Flood,High
232.2,3.49,0.58,151.7,25.3,2718.0,93.1,0.9,0.6,2.61,Cyclone,Infrastructure Failure,Critical
4.5,1.78,0.24,25.9,36.2,160.0,578.4,0.54,0.94,11.89,Extreme Heat,Fire,High
124.4,9.22,0.36,129.6,23.3,2975.0,113.1,0.75,0.6,6.89,Cyclone,Infrastructure Failure,High
245.9,10.71,0.66,20.1,19.9,239.0,326.0,0.17,0.15,5.73,Heavy Rain,Flood,High
8.8,0.99,0.1,25.7,44.7,430.0,312.3,0.89,0.35,15.3,Extreme Heat,Fire,Critical
379.2,11.31,0.85,10.9,24.5,5089.0,78.6,0.93,0.6,7.17,Heavy Rain,Flood,Critical
222.3,7.17,0.62,31.1,25.6,6326.0,747.0,0.83,0.52,4.81,Heavy Rain,Flood,High
164.7,8.26,0.66,13.7,22.5,3917.0,795.3,0.81,0.63,0.48,Heavy Rain,Flood,High
183.8,7.16,0.56,68.7,32.6,2525.0,175.8,0.1,0.91,8.02,Cyclone,Flood,Medium
11.9,0.8,0.34,30.8,40.6,2730.0,558.0,0.12,0.54,4.45,Extreme Heat,Fire,High
179.2,8.5,0.74,83.7,31.8,692.0,231.4,0.82,0.89,7.32,Cyclone,Infrastructure Failure,High
305.7,10.97,0.58,48.8,23.9,3788.0,139.5,0.31,0.07,5.38,Heavy Rain,Flood,Critical
88.0,3.4,0.58,23.7,19.5,1333.0,2323.6,0.91,0.63,11.7,Landslide Trigger,Landslide,High
149.3,3.81,0.69,25.5,19.4,4690.0,1455.8,0.37,0.7,8.39,Landslide Trigger,Landslide,Medium
178.7,6.77,0.68,55.6,25.5,383.0,1675.3,0.91,0.15,10.16,Landslide Trigger,Landslide,High
235.9,5.47,0.65,37.5,28.9,2975.0,371.5,0.19,0.22,7.9,Heavy Rain,Flood,High
223.3,1.9,0.59,74.1,26.8,671.0,301.2,0.28,0.38,5.56,Cyclone,Infrastructure Failure,Medium
56.7,4.51,0.78,17.8,19.6,2711.0,1228.0,0.36,0.42,5.67,Landslide Trigger,Landslide,High
12.0,0.82,0.24,22.7,38.3,2176.0,660.2,0.65,0.77,14.68,Extreme Heat,Fire,High
371.0,8.16,0.91,10.0,24.4,2530.0,179.6,0.72,0.42,0.84,Heavy Rain,Flood,Critical
271.1,6.91,0.65,23.1,22.6,495.0,286.3,0.13,0.64,5.2,Heavy Rain,Flood,High
177.5,4.94,0.39,99.0,30.7,298.0,356.4,0.65,0.27,8.46,Cyclone,Infrastructure Failure,High
115.7,2.18,0.86,44.2,22.6,1982.0,1735.9,0.62,0.62,4.31,Landslide Trigger,Landslide,High
243.8,3.8,0.76,101.8,29.4,732.0,185.0,0.66,0.57,11.39,Cyclone,Infrastructure Failure,High
76.6,2.03,0.78,75.0,24.1,1023.0,391.5,0.58,0.53,8.64,Cyclone,Infrastructure Failure,High
328.7,9.06,0.88,19.5,25.7,4100.0,41.8,0.07,0.57,0.64,Heavy Rain,Flood,High
67.2,1.83,0.17,26.4,33.6,936.0,1591.9,0.06,0.68,11.99,Earthquake,Fire,Low
3.5,2.22,0.19,23.6,44.6,9020.0,705.9,0.93,0.9,16.78,Extreme Heat,Fire,Critical
252.5,7.15,0.7,69.9,25.0,1951.0,7.2,0.18,0.86,1.74,Cyclone,Flood,Medium
12.1,0.64,0.12,33.7,45.2,12071.0,852.0,0.42,0.28,24.94,Extreme Heat,Fire,Critical
222.0,2.8,0.87,39.0,25.1,2757.0,951.8,0.9,0.29,8.11,Landslide Trigger,Landslide,High
359.1,9.74,0.82,45.4,25.3,6540.0,202.8,0.7,0.24,1.6,Heavy Rain,Flood,Critical
196.1,5.08,0.4,110.5,25.1,2954.0,43.0,0.09,0.41,5.66,Cyclone,Infrastructure Failure,Medium
135.0,2.78,0.47,16.3,20.2,609.0,644.7,0.14,0.32,3.57,Heavy Rain,Flood,Medium
12.0,1.23,0.1,19.1,41.8,1709.0,46.0,0.06,0.66,16.44,Extreme Heat,Fire,High
57.0,2.7,0.32,20.9,22.7,373.0,1556.3,0.63,0.67,12.09,Earthquake,Fire,Medium
29.7,3.57,0.57,10.3,33.1,5484.0,997.9,0.5,0.41,14.75,Earthquake,Disease Outbreak,Medium
13.7,0.96,0.13,17.7,46.0,6481.0,846.1,0.28,0.92,7.06,Extreme Heat,Fire,High
191.3,1.56,0.32,74.0,24.1,11231.0,308.2,0.62,0.67,2.75,Cyclone,Infrastructure Failure,High
92.3,6.36,0.81,53.9,27.4,5305.0,651.3,0.83,0.58,2.35,Landslide Trigger,Landslide,High
128.8,6.72,0.48,82.6,27.4,10140.0,90.4,0.81,0.9,5.86,Cyclone,Infrastructure Failure,High
316.1,5.69,0.87,51.5,29.4,230.0,549.7,0.18,0.92,1.77,Heavy Rain,Flood,High
37.0,3.49,0.38,24.8,15.5,3287.0,587.2,0.2,0.74,9.29,Earthquake,Fire,Low
5.5,2.13,0.08,28.8,38.1,3603.0,719.9,0.89,0.07,11.25,Extreme Heat,Fire,Critical
33.0,7.66,0.69,87.8,27.4,1868.0,21.6,0.8,0.48,2.39,Cyclone,Infrastructure Failure,High
180.7,6.24,0.64,46.5,26.1,12588.0,805.2,0.93,0.25,5.99,Landslide Trigger,Landslide,Critical
55.9,2.63,0.68,34.8,22.7,6170.0,2199.0,0.13,0.09,5.62,Landslide Trigger,Landslide,High
216.3,3.04,0.63,50.4,20.9,247.0,567.7,0.55,0.8,2.49,Heavy Rain,Flood,High
138.3,4.7,0.91,50.5,16.7,4485.0,1866.8,0.5,0.17,8.03,Landslide Trigger,Landslide,Critical
238.1,6.93,0.7,49.6,28.7,2417.0,368.3,0.52,0.91,3.7,Heavy Rain,Flood,High
264.3,5.0,0.71,38.2,25.7,209.0,472.4,0.35,0.43,1.5,Heavy Rain,Flood,High
70.4,9.83,0.6,51.1,19.9,771.0,55.0,0.89,0.06,3.91,Heavy Rain,Flood,High
139.0,6.56,0.68,19.2,18.2,2111.0,1396.0,0.8,0.84,3.59,Landslide Trigger,Landslide,High
3.9,1.06,0.29,22.8,22.2,439.0,1864.7,0.61,0.15,14.62,Earthquake,Landslide,Medium
134.2,4.1,0.5,37.7,24.8,1853.0,149.1,0.14,0.16,7.92,Heavy Rain,Disease Outbreak,Medium
187.7,9.33,0.64,150.2,26.9,3925.0,177.2,0.38,0.83,6.05,Cyclone,Infrastructure Failure,Medium
2.3,2.04,0.41,23.2,20.5,3816.0,969.1,0.75,0.71,10.21,Earthquake,Fire,Medium
162.7,11.5,0.89,21.7,20.3,6188.0,258.1,0.75,0.82,3.67,Heavy Rain,Flood,High
105.3,4.56,0.63,19.9,23.6,3441.0,686.0,0.78,0.18,10.35,Landslide Trigger,Landslide,High
11.8,2.5,0.31,31.3,43.3,4222.0,391.2,0.62,0.77,18.8,Extreme Heat,Fire,High
151.2,2.47,0.64,85.2,26.2,5394.0,11.9,0.54,0.06,4.66,Cyclone,Infrastructure Failure,High
152.8,2.75,0.72,33.2,27.0,6193.0,482.4,0.91,0.21,10.57,Landslide Trigger,Landslide,High
173.5,1.85,0.6,71.9,31.2,2456.0,50.0,0.92,0.64,6.21,Cyclone,Infrastructure Failure,High
109.1,2.44,0.56,49.0,23.7,4705.0,1619.8,0.63,0.92,1.57,Landslide Trigger,Landslide,High
47.0,1.56,0.34,10.3,29.5,652.0,1571.6,0.12,0.87,4.81,Earthquake,Fire,Low
18.6,1.7,0.29,17.4,29.3,3811.0,1921.8,0.37,0.93,4.47,Earthquake,Fire,Medium
148.6,2.56,0.7,16.8,18.5,2076.0,561.6,0.66,0.53,5.88,Heavy Rain,Flood,High
191.2,4.58,0.81,24.0,17.8,4865.0,1279.9,0.38,0.2,7.25,Landslide Trigger,Landslide,High
97.9,3.22,0.74,104.7,29.8,13238.0,169.4,0.65,0.83,10.69,Cyclone,Infrastructure Failure,High
217.6,10.91,0.88,54.6,25.5,1060.0,625.6,0.37,0.85,4.39,Heavy Rain,Flood,High
68.5,7.82,0.62,27.4,28.6,1120.0,684.5,0.48,0.42,4.83,Heavy Rain,Flood,Medium
28.3,0.86,0.42,14.1,28.2,272.0,736.3,0.94,0.51,9.19,Earthquake,Fire,Medium
36.5,5.83,0.82,133.4,29.7,4752.0,60.1,0.57,0.85,7.93,Cyclone,Infrastructure Failure,High
4.2,0.98,0.31,26.9,34.0,189.0,330.8,0.05,0.3,21.73,Extreme Heat,Fire,Medium
259.4,6.41,0.74,39.9,18.6,460.0,887.5,0.49,0.62,12.41,Landslide Trigger,Landslide,High
84.2,7.18,0.73,43.4,20.8,13162.0,241.7,0.25,0.94,4.6,Heavy Rain,Flood,High
10.7,2.15,0.08,15.5,34.8,456.0,347.0,0.56,0.06,24.57,Extreme Heat,Fire,High
285.2,4.27,0.48,25.2,27.3,127.0,94.2,0.92,0.58,1.92,Heavy Rain,Flood,High
212.8,4.91,0.57,41.8,15.8,2719.0,1202.5,0.16,0.08,8.97,Landslide Trigger,Landslide,High
12.0,1.95,0.07,9.5,46.5,1038.0,696.8,0.49,0.26,24.91,Extreme Heat,Fire,High
198.2,2.42,0.38,66.8,29.6,6866.0,200.2,0.72,0.47,7.45,Cyclone,Infrastructure Failure,High
14.8,1.41,0.08,39.7,34.3,2341.0,503.9,0.55,0.27,9.11,Extreme Heat,Fire,High
180.4,7.55,0.46,96.4,25.0,6658.0,329.1,0.2,0.12,8.73,Cyclone,Infrastructure Failure,High
62.2,2.79,0.62,152.2,25.9,8470.0,383.6,0.21,0.87,0.55,Cyclone,Infrastructure Failure,Medium
0.8,2.4,0.11,15.6,40.9,11880.0,355.0,0.6,0.7,17.35,Extreme Heat,Fire,Critical
53.8,6.52,0.57,144.1,26.3,1061.0,273.4,0.39,0.32,2.82,Cyclone,Infrastructure Failure,High
98.5,1.9,0.8,66.1,31.8,2749.0,54.6,0.5,0.49,0.88,Cyclone,Infrastructure Failure,Medium
185.1,3.8,0.7,107.7,25.7,1701.0,331.5,0.81,0.88,8.76,Cyclone,Infrastructure Failure,High
8.1,0.93,0.32,11.6,34.7,8316.0,308.2,0.62,0.91,18.72,Extreme Heat,Fire,High
54.9,1.99,0.66,151.8,27.5,998.0,25.3,0.35,0.09,2.73,Cyclone,Infrastructure Failure,High
348.6,7.14,0.79,13.0,18.6,2506.0,473.3,0.84,0.78,7.11,Heavy Rain,Flood,Critical
1.1,0.9,0.25,20.5,38.1,7825.0,388.4,0.14,0.3,12.24,Extreme Heat,Fire,High
8.1,1.9,0.24,38.0,45.1,2018.0,510.2,0.67,0.8,6.94,Extreme Heat,Fire,High
366.7,7.95,0.71,10.8,18.9,1739.0,133.3,0.35,0.62,0.53,Heavy Rain,Flood,High
226.8,7.86,0.67,22.5,29.4,1293.0,78.3,0.51,0.15,7.52,Heavy Rain,Flood,High
73.4,6.37,0.83,22.1,24.7,7682.0,230.1,0.82,0.51,3.17,Heavy Rain,Disease Outbreak,High
94.3,3.05,0.87,79.3,30.9,1569.0,150.7,0.37,0.62,11.83,Cyclone,Infrastructure Failure,Medium
289.6,9.31,0.72,131.7,28.2,2230.0,303.5,0.61,0.53,10.33,Cyclone,Infrastructure Failure,High
8.4,2.28,0.16,12.3,40.4,7583.0,203.1,0.61,0.82,13.46,Extreme Heat,Fire,High
13.3,3.65,0.45,6.0,27.7,2895.0,2095.5,0.87,0.06,2.5,Earthquake,Fire,Medium
50.5,2.16,0.32,23.8,16.1,1273.0,1669.1,0.5,0.39,1.09,Earthquake,Fire,Medium
113.0,8.15,0.86,143.0,27.7,1784.0,354.2,0.31,0.14,11.06,Cyclone,Infrastructure Failure,High
7.2,2.39,0.22,28.4,35.6,9768.0,146.3,0.37,0.84,12.68,Extreme Heat,Fire,High
62.5,6.44,0.66,141.7,22.0,9684.0,80.0,0.19,0.08,2.71,Cyclone,Infrastructure Failure,High
168.3,4.17,0.89,57.7,21.5,1083.0,2260.0,0.89,0.65,11.15,Landslide Trigger,Landslide,High
33.1,2.88,0.35,8.4,29.4,933.0,1821.8,0.91,0.07,14.85,Earthquake,Fire,High
159.8,4.84,0.43,28.3,25.5,5382.0,707.2,0.47,0.7,7.92,Heavy Rain,Flood,High
67.5,2.13,0.54,19.5,22.7,4253.0,1181.1,0.37,0.56,13.84,Earthquake,Landslide,Medium
275.7,9.31,0.44,78.3,29.4,1463.0,168.8,0.78,0.77,0.39,Cyclone,Flood,High
39.6,2.15,0.44,11.6,25.5,1411.0,73.7,0.66,0.62,10.04,Earthquake,Fire,Medium
175.7,2.57,0.55,38.5,18.9,4611.0,95.0,0.34,0.49,5.21,Heavy Rain,Flood,Medium
362.1,11.01,0.58,46.4,25.1,4869.0,780.6,0.74,0.5,3.87,Heavy Rain,Flood,Critical
231.0,2.57,0.56,34.1,27.2,3232.0,1401.5,0.17,0.4,9.89,Landslide Trigger,Landslide,High
283.3,11.25,0.5,28.5,19.1,2589.0,201.5,0.26,0.25,3.08,Heavy Rain,Flood,High
11.7,2.43,0.15,29.1,37.6,5293.0,836.6,0.09,0.59,17.48,Extreme Heat,Fire,High
224.1,5.14,0.55,36.1,26.5,698.0,36.2,0.18,0.61,4.58,Heavy Rain,Flood,Medium
24.9,2.04,0.33,24.5,24.4,4414.0,2121.4,0.28,0.51,7.7,Earthquake,Fire,Medium
44.2,1.65,0.39,13.4,15.1,4816.0,513.6,0.3,0.42,14.3,Earthquake,Fire,Medium
40.1,3.4,0.77,117.6,24.3,851.0,106.7,0.35,0.65,9.82,Cyclone,Infrastructure Failure,Medium
181.5,5.19,0.84,80.9,30.2,6644.0,67.8,0.46,0.7,7.43,Cyclone,Infrastructure Failure,Medium
320.7,3.72,0.81,51.4,24.9,1062.0,157.0,0.14,0.51,1.1,Heavy Rain,Flood,High
73.0,4.51,0.66,31.3,24.8,369.0,567.4,0.1,0.43,0.47,Heavy Rain,Flood,Medium
41.3,7.47,0.43,149.2,27.4,4096.0,181.3,0.6,0.89,9.39,Cyclone,Infrastructure Failure,High
33.8,3.33,0.34,30.2,20.2,865.0,671.9,0.26,0.32,13.88,Earthquake,Fire,Medium
202.9,6.34,0.81,52.3,21.6,2687.0,537.8,0.35,0.25,2.41,Landslide Trigger,Landslide,High
151.9,5.0,0.68,51.1,24.3,1220.0,1869.8,0.63,0.82,14.79,Landslide Trigger,Landslide,Medium
8.7,2.08,0.17,25.7,34.8,6600.0,887.5,0.67,0.22,20.4,Extreme Heat,Fire,Critical
0.5,2.23,0.17,14.2,41.9,2216.0,390.4,0.68,0.82,16.99,Extreme Heat,Fire,High
15.6,1.65,0.37,33.9,22.3,1839.0,869.4,0.91,0.86,13.42,Earthquake,Fire,Medium
219.4,8.3,0.43,41.3,26.5,7991.0,293.8,0.43,0.64,1.84,Heavy Rain,Flood,High
48.0,3.48,0.88,32.4,22.4,8503.0,819.7,0.56,0.86,6.83,Landslide Trigger,Landslide,Medium
72.2,3.8,0.6,5.1,33.7,282.0,345.5,0.36,0.61,1.76,Earthquake,Fire,Low
32.2,0.59,0.39,18.3,30.1,1046.0,651.2,0.32,0.59,5.13,Earthquake,Fire,Medium
205.6,5.53,0.62,26.7,29.7,4042.0,194.1,0.06,0.94,6.56,Heavy Rain,Flood,Medium
234.2,6.96,0.54,112.7,24.8,7358.0,19.0,0.2,0.76,10.05,Cyclone,Infrastructure Failure,Medium
230.1,2.93,0.55,100.2,30.4,2749.0,335.9,0.74,0.76,1.23,Cyclone,Infrastructure Failure,High
75.5,4.15,0.89,29.3,20.0,6380.0,2008.7,0.33,0.05,2.25,Landslide Trigger,Landslide,High
93.2,2.22,0.36,125.8,24.4,2072.0,374.2,0.44,0.67,6.25,Cyclone,Infrastructure Failure,Medium
152.1,2.53,0.83,100.7,22.8,1132.0,214.1,0.77,0.65,7.8,Cyclone,Infrastructure Failure,High
196.1,3.52,0.94,27.3,22.1,257.0,1018.1,0.09,0.78,11.43,Landslide Trigger,Landslide,Medium
193.3,5.57,0.75,41.6,20.4,2950.0,156.5,0.4,0.77,7.67,Heavy Rain,Flood,Medium
171.8,3.43,0.42,97.7,31.5,7256.0,29.3,0.16,0.62,2.7,Cyclone,Infrastructure Failure,Medium
120.5,7.95,0.62,14.6,25.0,3343.0,549.6,0.5,0.52,5.47,Heavy Rain,Flood,High
9.5,1.88,0.25,25.5,36.2,8169.0,205.3,0.73,0.55,7.99,Extreme Heat,Fire,Critical
100.5,1.67,0.91,55.2,15.5,1353.0,1994.4,0.72,0.6,7.25,Landslide Trigger,Landslide,High
307.4,3.17,0.58,24.4,22.0,1981.0,407.0,0.38,0.71,2.34,Heavy Rain,Flood,High
184.8,4.92,0.6,29.6,14.3,317.0,616.7,0.59,0.95,4.71,Landslide Trigger,Landslide,Medium
83.3,9.89,0.47,40.1,25.7,1313.0,723.1,0.13,0.42,1.0,Heavy Rain,Flood,Medium
258.8,5.69,0.83,39.0,26.4,5916.0,1298.9,0.3,0.1,3.1,Landslide Trigger,Landslide,High
1.9,1.72,0.23,14.1,44.2,2914.0,700.8,0.75,0.73,23.17,Extreme Heat,Fire,High
3.9,1.12,0.19,5.7,38.2,532.0,437.0,0.47,0.71,4.49,Extreme Heat,Fire,High
325.1,7.42,0.68,27.3,20.3,2102.0,125.8,0.76,0.68,6.36,Heavy Rain,Flood,High
86.5,4.06,0.7,34.1,21.6,7589.0,2364.2,0.08,0.18,12.38,Landslide Trigger,Landslide,Critical
1.3,1.03,0.18,27.5,41.0,671.0,814.8,0.82,0.48,23.62,Extreme Heat,Fire,High
152.4,7.78,0.36,143.8,29.4,2435.0,350.7,0.13,0.2,11.93,Cyclone,Infrastructure Failure,Medium
4.9,0.71,0.29,15.4,47.7,2168.0,638.3,0.47,0.49,5.99,Extreme Heat,Fire,High
226.8,2.78,0.8,31.9,27.5,259.0,654.1,0.68,0.93,1.92,Heavy Rain,Flood,High
147.2,2.56,0.57,27.9,18.6,1121.0,1247.7,0.1,0.39,10.18,Landslide Trigger,Landslide,Medium
332.4,6.99,0.96,32.7,21.3,2560.0,162.7,0.59,0.73,5.59,Heavy Rain,Flood,Critical
10.9,0.59,0.29,23.6,39.5,618.0,493.0,0.43,0.35,16.09,Extreme Heat,Fire,High
124.6,2.23,0.4,75.4,26.1,1822.0,358.3,0.33,0.76,2.55,Cyclone,Infrastructure Failure,Medium
66.5,4.27,0.52,54.7,24.8,688.0,119.8,0.16,0.77,2.25,Heavy Rain,Flood,Medium
213.6,8.18,0.59,34.9,21.1,621.0,253.3,0.61,0.82,5.25,Heavy Rain,Flood,High
89.7,10.58,0.45,25.7,25.3,5233.0,451.9,0.93,0.21,0.86,Heavy Rain,Flood,High
271.7,5.95,0.86,76.7,30.7,3688.0,28.6,0.38,0.22,10.61,Cyclone,Infrastructure Failure,Medium
250.5,6.33,0.52,102.2,31.1,7851.0,138.9,0.4,0.36,1.17,Cyclone,Infrastructure Failure,High
16.4,3.64,0.26,24.1,32.6,1792.0,125.1,0.64,0.39,16.75,Earthquake,Fire,High
279.5,4.79,0.41,52.7,18.2,1693.0,661.0,0.79,0.24,1.44,Heavy Rain,Flood,High
335.7,6.98,0.61,39.8,22.1,1287.0,284.4,0.23,0.78,5.89,Heavy Rain,Flood,High
12.1,1.5,0.21,29.4,41.1,611.0,387.0,0.58,0.85,24.88,Extreme Heat,Fire,High
276.8,10.43,0.6,22.2,28.2,612.0,321.4,0.73,0.54,5.71,Heavy Rain,Flood,High
104.5,3.97,0.82,15.5,22.9,4575.0,1483.2,0.32,0.3,4.08,Landslide Trigger,Landslide,High
153.1,5.06,0.93,21.4,19.6,2000.0,534.0,0.69,0.34,11.62,Landslide Trigger,Landslide,High
67.5,2.37,0.62,7.4,25.3,175.0,1697.9,0.93,0.32,12.4,Earthquake,Landslide,High
19.9,2.2,0.42,28.0,22.9,1705.0,995.9,0.87,0.82,11.16,Earthquake,Fire,Medium
149.2,1.0,0.91,20.6,17.4,5297.0,704.7,0.57,0.91,3.52,Landslide Trigger,Landslide,High
126.4,6.87,0.97,47.2,26.7,1467.0,159.3,0.53,0.6,6.18,Heavy Rain,Flood,High
251.1,9.04,0.78,13.1,23.5,1302.0,534.6,0.16,0.43,2.44,Heavy Rain,Flood,High
375.7,5.07,0.71,43.4,18.2,6607.0,721.3,0.09,0.18,3.15,Heavy Rain,Flood,High
4.8,1.19,0.3,5.4,43.0,4925.0,135.6,0.5,0.24,20.93,Extreme Heat,Fire,Critical
259.4,3.91,0.51,38.2,29.9,2575.0,713.9,0.95,0.54,4.79,Heavy Rain,Flood,High
33.6,3.68,0.27,7.9,27.7,1863.0,256.1,0.54,0.94,8.09,Earthquake,Fire,Medium
93.0,3.25,0.56,42.3,24.2,3204.0,1364.2,0.54,0.2,4.44,Landslide Trigger,Landslide,High
137.4,3.61,0.95,53.2,24.3,7579.0,2177.6,0.1,0.46,11.3,Landslide Trigger,Landslide,High
231.7,6.17,0.41,92.3,25.5,2415.0,108.2,0.82,0.72,4.18,Cyclone,Infrastructure Failure,High
325.6,10.45,0.64,25.6,18.7,4425.0,745.1,0.39,0.9,0.62,Heavy Rain,Flood,High
6.3,2.13,0.13,15.5,42.3,8912.0,898.2,0.76,0.77,13.9,Extreme Heat,Fire,Critical
34.9,1.85,0.25,33.9,34.2,1000.0,1656.2,0.94,0.11,6.63,Earthquake,Fire,High
328.4,5.7,0.64,47.4,19.1,3943.0,289.8,0.73,0.73,7.62,Heavy Rain,Flood,High
70.0,4.33,0.68,26.6,22.9,3557.0,627.3,0.05,0.11,0.22,Heavy Rain,Flood,Medium
138.0,6.05,0.57,40.0,23.5,7856.0,859.1,0.51,0.19,8.17,Landslide Trigger,Landslide,High
50.2,2.57,0.16,7.7,18.1,2037.0,343.0,0.38,0.85,5.93,Earthquake,Fire,Medium
9.2,2.25,0.21,8.1,40.5,406.0,743.4,0.35,0.4,6.46,Extreme Heat,Fire,High
113.5,1.81,0.62,45.7,19.4,2648.0,1665.1,0.27,0.52,8.51,Landslide Trigger,Landslide,High
1.9,2.01,0.44,10.5,20.1,1468.0,522.0,0.93,0.37,2.34,Earthquake,Fire,Medium
154.3,6.72,0.69,150.2,31.4,940.0,318.6,0.61,0.85,11.42,Cyclone,Infrastructure Failure,High
198.5,9.32,0.36,101.7,32.8,199.0,154.9,0.68,0.89,8.9,Cyclone,Infrastructure Failure,Medium
133.3,1.67,0.32,144.7,29.9,5328.0,47.1,0.78,0.16,0.75,Cyclone,Infrastructure Failure,Critical
111.4,7.74,0.62,150.9,27.3,9265.0,272.4,0.41,0.26,6.17,Cyclone,Infrastructure Failure,High
4.9,2.21,0.2,17.4,41.6,1154.0,137.2,0.59,0.69,2.12,Extreme Heat,Fire,High
66.1,3.74,0.36,27.2,16.5,2005.0,173.7,0.24,0.31,3.37,Earthquake,Disease Outbreak,Medium
195.5,3.15,0.76,33.6,16.4,290.0,548.0,0.61,0.77,4.31,Landslide Trigger,Landslide,Medium
121.7,4.6,0.79,81.1,23.3,3029.0,202.9,0.69,0.1,7.79,Cyclone,Infrastructure Failure,High
34.3,1.33,0.53,31.2,20.6,451.0,254.7,0.34,0.53,5.82,Earthquake,Fire,Low
77.9,1.9,0.26,10.0,18.5,302.0,464.1,0.95,0.52,15.48,Earthquake,Fire,Medium
43.5,1.75,0.5,19.1,21.6,1200.0,620.0,0.44,0.37,18.59,Earthquake,Fire,Medium
1.3,0.87,0.11,29.3,39.7,782.0,708.1,0.56,0.72,18.31,Extreme Heat,Fire,High
258.9,7.9,0.83,12.6,26.8,988.0,225.4,0.8,0.48,4.62,Heavy Rain,Flood,Critical
203.6,7.85,0.84,129.5,23.6,3109.0,342.5,0.88,0.27,7.46,Cyclone,Infrastructure Failure,Critical
129.1,7.12,0.84,30.1,25.6,5628.0,367.5,0.21,0.68,4.92,Heavy Rain,Flood,High
242.6,5.08,0.49,61.3,30.8,1410.0,134.5,0.5,0.68,4.35,Cyclone,Infrastructure Failure,Medium
238.4,4.64,0.7,128.5,25.3,3717.0,43.2,0.63,0.1,10.75,Cyclone,Infrastructure Failure,High
65.4,2.48,0.57,34.2,34.1,7041.0,1890.6,0.12,0.82,1.21,Earthquake,Landslide,Medium
107.2,4.66,0.52,49.7,15.6,3903.0,1221.4,0.06,0.41,12.44,Landslide Trigger,Landslide,Medium
3.4,2.86,0.63,24.7,19.5,912.0,813.8,0.56,0.41,19.56,Earthquake,Disease Outbreak,Medium
11.5,2.23,0.15,28.1,41.7,2575.0,265.0,0.19,0.78,8.25,Extreme Heat,Fire,High
48.6,2.26,0.51,71.2,27.2,9885.0,162.9,0.73,0.21,8.69,Cyclone,Infrastructure Failure,Critical
74.8,1.87,0.39,17.6,20.6,2865.0,1974.3,0.27,0.77,7.31,Earthquake,Landslide,Medium
305.5,5.17,0.8,41.7,24.8,373.0,484.5,0.65,0.47,4.64,Heavy Rain,Flood,High
194.7,10.24,0.41,21.3,19.5,14383.0,37.9,0.29,0.65,2.28,Heavy Rain,Flood,High
61.9,6.31,0.89,87.7,31.3,1285.0,399.0,0.66,0.81,7.1,Cyclone,Infrastructure Failure,High
76.3,5.12,0.49,86.9,31.5,3060.0,171.6,0.25,0.26,4.14,Cyclone,Infrastructure Failure,Medium
221.7,6.18,0.57,12.4,24.2,959.0,655.1,0.59,0.82,6.83,Heavy Rain,Flood,High
184.9,10.89,0.92,19.4,21.1,7730.0,152.5,0.89,0.1,1.65,Heavy Rain,Flood,Critical
245.9,7.58,0.63,38.4,29.4,209.0,144.5,0.38,0.35,1.05,Heavy Rain,Flood,High
143.4,4.02,0.85,32.6,18.6,948.0,2053.8,0.33,0.79,12.9,Landslide Trigger,Landslide,High
51.4,4.11,0.57,77.8,24.0,5969.0,172.8,0.93,0.12,9.08,Cyclone,Infrastructure Failure,Critical
88.5,7.55,0.62,91.1,24.3,724.0,115.8,0.92,0.15,5.21,Cyclone,Infrastructure Failure,Critical
375.2,10.08,0.65,43.3,26.1,2403.0,178.5,0.62,0.54,2.78,Heavy Rain,Flood,Critical
37.8,2.05,0.4,18.0,25.8,4204.0,1959.2,0.59,0.63,13.02,Earthquake,Fire,Medium
240.9,2.74,0.98,11.5,22.7,5148.0,93.0,0.43,0.77,0.87,Heavy Rain,Flood,High
140.0,4.81,0.55,37.7,27.8,11728.0,367.3,0.16,0.49,3.1,Heavy Rain,Disease Outbreak,High
140.3,2.29,0.46,62.7,31.6,2459.0,245.1,0.59,0.68,9.8,Cyclone,Infrastructure Failure,High
349.6,3.33,0.59,41.9,29.5,789.0,784.8,0.16,0.9,5.14,Heavy Rain,Flood,High
193.2,4.25,0.94,14.7,26.8,1424.0,504.0,0.18,0.59,0.79,Heavy Rain,Flood,High
207.4,2.54,0.97,25.7,21.1,18000.0,185.7,0.32,0.41,1.35,Heavy Rain,Disease Outbreak,Critical
337.5,8.28,0.61,50.4,27.0,8280.0,190.0,0.5,0.71,5.19,Heavy Rain,Flood,High
370.5,8.71,0.46,21.0,25.1,1763.0,227.7,0.46,0.68,7.66,Heavy Rain,Flood,High
171.5,4.56,0.35,116.7,31.5,537.0,275.9,0.78,0.9,4.64,Cyclone,Infrastructure Failure,High
5.8,1.96,0.17,22.6,45.7,873.0,93.4,0.36,0.63,14.2,Extreme Heat,Fire,High
2.2,2.58,0.29,25.1,17.8,11456.0,1632.0,0.87,0.3,13.27,Earthquake,Infrastructure Failure,High
37.4,6.74,0.66,62.6,23.3,7683.0,236.0,0.19,0.4,10.95,Cyclone,Infrastructure Failure,Medium
64.3,6.72,0.84,45.5,24.0,8707.0,85.7,0.26,0.34,3.11,Heavy Rain,Disease Outbreak,High
219.2,5.4,0.92,32.5,21.2,4794.0,1334.8,0.8,0.17,13.99,Landslide Trigger,Landslide,Critical
243.8,4.96,0.31,65.7,29.5,4341.0,151.9,0.07,0.67,10.43,Cyclone,Fire,Medium
113.5,6.3,0.76,49.3,23.5,1813.0,648.7,0.5,0.68,6.29,Heavy Rain,Flood,High
2.5,3.62,0.53,12.5,34.6,1355.0,435.7,0.74,0.46,18.37,Earthquake,Fire,Medium
293.0,3.9,0.56,14.5,28.4,5591.0,244.1,0.86,0.15,5.59,Heavy Rain,Flood,High
271.1,3.08,0.74,129.2,22.1,1843.0,92.1,0.88,0.37,5.95,Cyclone,Infrastructure Failure,Critical
283.0,5.18,0.88,130.0,31.1,593.0,46.4,0.32,0.61,7.08,Cyclone,Infrastructure Failure,Medium
214.3,1.24,0.74,40.4,15.1,275.0,1401.4,0.73,0.57,10.99,Landslide Trigger,Landslide,High
255.0,3.24,0.8,69.0,26.4,4006.0,83.8,0.07,0.06,10.52,Cyclone,Disease Outbreak,Medium
4.4,0.79,0.24,28.2,47.2,118.0,857.8,0.37,0.51,17.15,Extreme Heat,Fire,High
159.8,4.62,0.94,54.8,15.5,5665.0,932.0,0.3,0.71,12.66,Landslide Trigger,Landslide,High
271.8,6.76,0.52,50.0,26.1,4428.0,143.5,0.85,0.25,5.67,Heavy Rain,Flood,High
376.3,3.88,0.75,39.6,23.0,3417.0,385.3,0.5,0.17,7.14,Heavy Rain,Flood,High
32.0,2.5,0.87,132.6,32.6,245.0,19.1,0.75,0.39,8.19,Cyclone,Infrastructure Failure,High
55.9,6.04,0.47,122.7,29.2,1664.0,283.5,0.47,0.77,11.91,Cyclone,Infrastructure Failure,Medium
186.2,1.8,0.81,64.9,23.9,183.0,45.3,0.1,0.45,1.03,Cyclone,Flood,Medium
100.7,1.76,0.8,25.2,14.3,1328.0,1236.8,0.45,0.65,5.35,Landslide Trigger,Landslide,High
9.2,2.37,0.21,21.5,37.0,2262.0,684.7,0.43,0.64,5.24,Extreme Heat,Fire,High
73.4,3.81,0.23,12.9,31.2,4068.0,1164.3,0.59,0.92,9.61,Earthquake,Fire,Medium
187.7,5.23,0.63,136.8,28.7,3183.0,260.6,0.39,0.67,11.66,Cyclone,Infrastructure Failure,High
9.9,0.53,0.19,31.0,41.0,13200.0,706.1,0.31,0.13,12.37,Extreme Heat,Fire,Critical
143.2,4.25,0.66,25.9,23.4,4932.0,1154.3,0.73,0.39,9.84,Landslide Trigger,Landslide,High
8.5,1.4,0.31,35.8,38.8,1563.0,100.7,0.56,0.64,5.85,Extreme Heat,Fire,High
159.4,8.51,0.94,39.3,19.9,6646.0,467.9,0.37,0.43,4.38,Heavy Rain,Flood,High
47.9,2.34,0.51,6.2,26.3,3568.0,311.6,0.19,0.33,6.99,Earthquake,Fire,Medium
282.0,8.36,0.45,36.0,19.8,471.0,209.3,0.94,0.2,3.73,Heavy Rain,Flood,High
307.8,9.97,0.98,29.3,28.5,2189.0,766.5,0.1,0.61,1.47,Heavy Rain,Flood,High
241.9,4.34,0.86,11.7,27.7,363.0,31.0,0.28,0.7,5.29,Heavy Rain,Flood,High
22.4,2.29,0.61,6.5,31.2,507.0,190.3,0.94,0.21,3.41,Earthquake,Fire,High
71.7,3.97,0.34,23.9,30.6,1920.0,894.2,0.74,0.75,4.07,Earthquake,Fire,Medium
126.1,4.07,0.93,12.0,26.8,7646.0,46.7,0.32,0.12,6.72,Heavy Rain,Disease Outbreak,High
159.8,3.89,0.55,123.2,24.3,3403.0,146.0,0.34,0.65,9.41,Cyclone,Infrastructure Failure,Medium
236.6,6.24,0.44,60.0,30.8,355.0,329.9,0.58,0.79,8.4,Cyclone,Infrastructure Failure,Medium
135.2,3.08,0.65,138.5,22.5,3051.0,240.8,0.64,0.62,7.75,Cyclone,Infrastructure Failure,High
93.0,4.61,0.76,10.8,25.6,3017.0,535.7,0.53,0.28,1.99,Heavy Rain,Flood,High
155.0,8.78,0.56,119.8,22.4,4920.0,35.7,0.37,0.25,1.07,Cyclone,Infrastructure Failure,High
11.2,0.84,0.12,20.1,38.6,1697.0,535.1,0.83,0.85,9.77,Extreme Heat,Fire,High
323.1,10.28,0.73,39.1,24.7,477.0,630.6,0.78,0.73,4.45,Heavy Rain,Flood,High
320.7,4.21,0.56,23.3,24.1,743.0,115.8,0.29,0.69,3.14,Heavy Rain,Flood,High
260.8,1.68,0.64,63.4,22.9,5482.0,283.5,0.48,0.82,8.85,Cyclone,Infrastructure Failure,Medium
80.0,2.5,0.56,50.9,17.2,357.0,711.0,0.09,0.15,9.72,Landslide Trigger,Landslide,Medium
0.0,2.94,0.43,11.3,19.7,3937.0,1793.6,0.46,0.26,10.53,Earthquake,Landslide,Medium
77.6,2.48,0.22,17.2,21.6,6909.0,510.3,0.23,0.37,18.74,Earthquake,Fire,Medium
235.8,3.17,0.65,126.5,29.2,10810.0,284.0,0.36,0.84,8.51,Cyclone,Infrastructure Failure,High
1.7,1.51,0.17,24.5,17.0,194.0,1868.3,0.69,0.83,13.29,Earthquake,Fire,Medium
268.2,2.77,0.9,43.0,22.5,6558.0,269.6,0.28,0.14,3.89,Heavy Rain,Flood,High
69.2,0.59,0.61,14.2,25.2,4534.0,334.4,0.88,0.66,18.14,Earthquake,Fire,Medium
84.3,2.85,0.72,42.3,27.0,10482.0,1167.9,0.19,0.83,10.84,Landslide Trigger,Landslide,Medium
33.7,3.06,0.3,15.0,15.5,416.0,2138.5,0.95,0.59,16.46,Earthquake,Infrastructure Failure,Medium
244.9,1.4,0.68,45.1,15.5,879.0,1377.8,0.32,0.92,7.2,Landslide Trigger,Landslide,Medium
4.3,0.93,0.21,28.5,44.2,1702.0,683.7,0.75,0.86,2.85,Extreme Heat,Fire,High
248.7,2.97,0.63,13.3,27.0,1826.0,60.2,0.47,0.42,1.57,Heavy Rain,Flood,High
151.2,5.28,0.67,39.6,18.2,2258.0,1107.3,0.7,0.55,9.59,Landslide Trigger,Landslide,High
315.2,6.49,0.68,40.1,20.7,194.0,314.9,0.44,0.59,5.04,Heavy Rain,Flood,High
291.2,8.52,0.47,108.2,22.6,521.0,100.1,0.28,0.9,9.32,Cyclone,Flood,Medium
321.9,9.54,0.9,43.7,19.4,1293.0,418.1,0.8,0.47,3.61,Heavy Rain,Flood,High
69.9,4.97,0.53,49.9,25.8,3460.0,452.7,0.73,0.55,4.1,Heavy Rain,Flood,Medium
283.3,9.31,0.9,123.6,32.3,7776.0,164.8,0.86,0.8,10.33,Cyclone,Infrastructure Failure,Critical
184.2,3.93,0.59,44.5,20.8,3063.0,387.8,0.89,0.65,4.57,Heavy Rain,Flood,High
242.3,6.16,0.8,85.0,24.3,3663.0,370.9,0.47,0.39,8.35,Cyclone,Flood,High
44.5,0.92,0.38,18.7,25.8,3479.0,1414.6,0.85,0.55,19.19,Earthquake,Fire,Medium
256.9,3.13,0.48,36.1,22.7,6947.0,641.1,0.93,0.18,4.39,Heavy Rain,Flood,High
180.3,8.48,0.58,22.0,27.8,2473.0,784.5,0.45,0.54,6.21,Heavy Rain,Flood,High
37.0,2.26,0.25,32.1,30.1,1171.0,1514.1,0.12,0.79,19.05,Earthquake,Fire,Medium
299.6,6.13,0.34,134.1,22.8,7989.0,218.3,0.46,0.86,3.4,Cyclone,Infrastructure Failure,High
4.5,1.27,0.33,12.0,42.1,543.0,361.9,0.44,0.68,19.81,Extreme Heat,Fire,High
32.6,0.7,0.5,20.1,15.2,477.0,1367.2,0.58,0.71,18.48,Earthquake,Landslide,Medium
1.1,0.55,0.19,32.7,36.3,1392.0,756.2,0.51,0.92,17.1,Extreme Heat,Fire,High
17.3,2.25,0.46,9.1,15.9,346.0,78.9,0.77,0.95,7.17,Earthquake,Infrastructure Failure,Medium
46.6,4.96,0.32,72.7,25.6,1713.0,160.5,0.5,0.27,11.28,Cyclone,Infrastructure Failure,High
0.0,3.65,0.19,33.9,17.6,577.0,1350.5,0.43,0.75,19.99,Earthquake,Fire,Medium
60.6,8.71,0.45,20.6,19.9,232.0,726.8,0.58,0.36,1.53,Heavy Rain,Flood,Medium
139.5,2.45,0.75,117.1,26.0,4925.0,72.8,0.33,0.07,7.16,Cyclone,Infrastructure Failure,High
3.2,1.86,0.35,5.5,38.3,1766.0,74.6,0.88,0.12,9.28,Extreme Heat,Fire,Critical
239.8,4.66,0.79,108.8,22.4,3014.0,378.8,0.84,0.12,1.08,Cyclone,Infrastructure Failure,Critical
8.3,2.15,0.35,30.4,37.9,3952.0,635.6,0.82,0.13,18.23,Extreme Heat,Fire,Critical
1.6,1.78,0.34,21.3,47.4,7800.0,845.5,0.86,0.79,22.77,Extreme Heat,Fire,Critical
206.8,1.15,0.56,21.0,14.3,3588.0,633.4,0.33,0.76,13.88,Landslide Trigger,Landslide,Medium
157.2,1.85,0.91,30.2,23.8,5521.0,981.2,0.19,0.93,8.0,Landslide Trigger,Landslide,Medium
49.0,5.77,0.85,149.8,24.6,237.0,61.9,0.49,0.77,8.72,Cyclone,Infrastructure Failure,High
181.3,3.0,0.59,147.5,28.8,768.0,290.0,0.28,0.53,4.1,Cyclone,Infrastructure Failure,Medium
22.4,2.4,0.5,27.0,18.3,139.0,1663.4,0.1,0.63,13.78,Earthquake,Landslide,Low
133.6,2.67,0.33,75.1,32.5,9186.0,292.4,0.61,0.7,6.38,Cyclone,Infrastructure Failure,High
22.6,2.56,0.22,17.1,15.7,1670.0,515.8,0.81,0.39,2.42,Earthquake,Fire,Medium
12.5,1.81,0.2,13.3,46.9,3207.0,67.7,0.45,0.27,17.84,Extreme Heat,Fire,High
34.5,3.55,0.57,33.2,21.2,9264.0,882.3,0.35,0.41,1.36,Earthquake,Disease Outbreak,Medium
275.1,5.71,0.64,76.7,27.5,1042.0,367.7,0.08,0.35,6.75,Cyclone,Flood,Medium
239.0,2.88,0.75,33.6,27.4,2455.0,32.8,0.38,0.92,6.27,Heavy Rain,Flood,Medium
73.2,5.83,0.49,110.1,28.1,3321.0,40.3,0.74,0.13,7.97,Cyclone,Infrastructure Failure,High
148.1,8.35,0.48,40.5,18.7,4863.0,274.6,0.63,0.83,6.79,Heavy Rain,Flood,High
210.2,4.12,0.95,46.3,22.4,1222.0,1217.7,0.06,0.23,13.63,Landslide Trigger,Landslide,High
59.6,4.05,0.8,121.9,23.9,2400.0,316.6,0.38,0.83,6.1,Cyclone,Infrastructure Failure,Medium
155.0,3.35,0.58,42.2,25.9,3560.0,158.5,0.66,0.38,0.98,Heavy Rain,Flood,High
328.1,11.3,0.52,36.0,18.1,787.0,573.3,0.73,0.78,3.37,Heavy Rain,Flood,Critical
8.9,0.64,0.32,23.8,30.9,5248.0,1224.0,0.53,0.6,12.03,Earthquake,Fire,Medium
41.3,3.58,0.27,12.9,17.6,1468.0,1811.9,0.93,0.88,8.82,Earthquake,Fire,Medium
292.4,2.64,0.83,91.2,22.1,467.0,159.6,0.53,0.79,6.16,Cyclone,Infrastructure Failure,Medium
174.6,5.67,0.6,51.5,18.6,7276.0,361.6,0.14,0.42,2.19,Heavy Rain,Flood,High
139.8,8.61,0.43,121.3,23.5,3249.0,381.8,0.44,0.36,7.16,Cyclone,Infrastructure Failure,High
87.4,6.33,0.87,94.2,31.7,1481.0,63.8,0.39,0.47,11.24,Cyclone,Infrastructure Failure,Medium
57.5,3.02,0.39,20.7,15.6,2718.0,704.2,0.55,0.69,7.57,Earthquake,Fire,Medium
57.4,1.32,0.54,5.6,29.3,2497.0,269.4,0.44,0.67,14.86,Earthquake,Fire,Medium
39.8,3.29,0.67,140.5,26.2,3216.0,107.2,0.43,0.84,6.27,Cyclone,Infrastructure Failure,Medium
222.7,2.82,0.53,30.3,26.4,1327.0,183.6,0.53,0.07,7.81,Heavy Rain,Flood,High
252.4,5.73,0.59,57.0,18.4,4422.0,1784.4,0.88,0.83,12.47,Landslide Trigger,Landslide,High
298.5,2.96,0.48,120.4,30.1,5996.0,216.2,0.91,0.41,0.98,Cyclone,Infrastructure Failure,Critical
18.0,0.57,0.27,26.0,33.2,3905.0,251.1,0.3,0.56,11.51,Earthquake,Fire,Medium
286.0,10.04,0.66,43.7,21.6,1522.0,178.3,0.08,0.3,1.58,Heavy Rain,Flood,High
206.1,6.68,0.34,87.3,28.3,4092.0,130.8,0.06,0.3,5.07,Cyclone,Flood,Medium
97.0,3.65,0.96,26.9,24.3,983.0,589.7,0.8,0.83,0.47,Heavy Rain,Flood,High
130.7,4.5,0.75,88.0,23.3,272.0,106.7,0.48,0.72,4.71,Cyclone,Infrastructure Failure,Medium
163.3,1.43,0.7,46.9,14.8,794.0,519.7,0.89,0.57,6.19,Landslide Trigger,Landslide,High
107.6,7.14,0.52,72.6,24.6,1119.0,258.9,0.24,0.23,0.72,Cyclone,Infrastructure Failure,Medium
275.3,9.93,0.82,39.1,29.0,1812.0,56.1,0.39,0.43,1.42,Heavy Rain,Flood,High
118.1,3.85,0.7,51.8,22.7,1201.0,44.2,0.27,0.34,5.68,Heavy Rain,Flood,Medium
225.4,8.05,0.65,90.6,25.4,3353.0,54.1,0.07,0.65,11.21,Cyclone,Flood,Medium
197.6,11.25,0.88,17.7,26.6,3939.0,393.6,0.54,0.08,1.58,Heavy Rain,Flood,High
263.4,8.21,0.48,25.7,25.0,189.0,119.6,0.14,0.15,6.84,Heavy Rain,Flood,High
7.9,1.74,0.17,15.1,45.3,228.0,80.1,0.06,0.37,8.45,Extreme Heat,Fire,High
82.6,3.65,0.79,75.5,30.6,2631.0,271.6,0.45,0.17,3.98,Cyclone,Infrastructure Failure,Medium
349.4,7.63,0.91,47.1,19.0,5785.0,173.7,0.83,0.53,1.25,Heavy Rain,Flood,Critical
65.0,1.81,0.87,56.8,16.8,199.0,422.3,0.8,0.49,5.63,Landslide Trigger,Landslide,Medium
261.8,6.2,0.6,20.0,27.2,1339.0,559.5,0.05,0.11,2.95,Heavy Rain,Flood,High
189.6,4.09,0.7,52.2,21.1,5600.0,1169.0,0.57,0.13,3.26,Landslide Trigger,Landslide,High
205.2,4.9,0.79,147.3,28.6,2729.0,294.0,0.73,0.5,0.77,Cyclone,Infrastructure Failure,High
182.5,6.39,0.59,19.4,23.7,3384.0,2045.7,0.8,0.68,12.91,Landslide Trigger,Landslide,High
7.0,3.17,0.24,12.1,22.9,693.0,726.3,0.31,0.07,7.11,Earthquake,Fire,Medium
7.1,2.04,0.31,33.7,39.8,283.0,662.8,0.66,0.63,8.62,Extreme Heat,Fire,High
232.4,4.7,0.57,53.4,22.8,1232.0,2015.2,0.12,0.21,11.84,Landslide Trigger,Landslide,High
80.6,4.69,0.67,50.8,28.5,1436.0,577.7,0.66,0.17,0.29,Heavy Rain,Flood,High
232.3,6.49,0.66,46.8,16.1,623.0,1781.6,0.69,0.69,1.3,Landslide Trigger,Landslide,High
203.1,5.32,0.7,133.5,32.6,3897.0,356.0,0.57,0.16,9.55,Cyclone,Infrastructure Failure,High
74.7,8.06,0.78,118.4,26.8,1847.0,15.3,0.49,0.89,3.99,Cyclone,Infrastructure Failure,Medium
59.4,5.65,0.52,154.1,31.5,2409.0,178.3,0.2,0.55,12.0,Cyclone,Infrastructure Failure,Medium
91.1,6.59,0.86,134.7,25.0,1177.0,122.3,0.13,0.5,0.92,Cyclone,Infrastructure Failure,Medium
283.8,9.26,0.43,25.3,21.5,1238.0,92.4,0.62,0.84,2.96,Heavy Rain,Flood,High
36.4,3.11,0.22,31.8,18.1,1286.0,463.0,0.55,0.94,3.02,Earthquake,Fire,Medium
244.2,4.54,0.65,119.2,31.0,3640.0,295.9,0.72,0.17,6.87,Cyclone,Infrastructure Failure,High
3.0,1.88,0.31,19.3,47.7,1622.0,210.1,0.89,0.31,11.58,Extreme Heat,Fire,Critical
7.1,0.87,0.21,35.0,38.3,342.0,733.5,0.73,0.28,22.96,Extreme Heat,Fire,High
77.3,6.31,0.72,97.5,22.4,1114.0,363.9,0.5,0.08,8.8,Cyclone,Infrastructure Failure,High
121.6,5.68,0.61,79.8,30.5,1114.0,123.1,0.43,0.24,7.01,Cyclone,Infrastructure Failure,Medium
258.9,6.33,0.41,11.3,23.7,1779.0,154.7,0.64,0.91,4.72,Heavy Rain,Flood,High
224.5,9.59,0.84,51.5,20.6,1696.0,663.6,0.33,0.91,7.25,Heavy Rain,Flood,High
257.1,5.93,0.86,23.7,20.1,5691.0,439.7,0.46,0.78,4.57,Heavy Rain,Flood,High
114.1,6.1,0.43,96.6,31.4,1164.0,90.3,0.08,0.15,9.74,Cyclone,Infrastructure Failure,Medium
296.1,4.86,0.78,41.5,22.1,9521.0,385.2,0.34,0.21,3.29,Heavy Rain,Flood,High
127.7,5.02,0.82,56.6,26.3,4501.0,976.6,0.87,0.35,7.37,Landslide Trigger,Landslide,High
35.6,3.65,0.33,19.4,33.1,1357.0,1774.8,0.37,0.87,5.63,Earthquake,Fire,Medium
299.7,7.69,0.59,61.0,29.7,3086.0,158.8,0.48,0.9,7.63,Cyclone,Flood,Medium
1.9,2.99,0.35,26.4,28.5,771.0,72.0,0.2,0.71,6.42,Earthquake,Fire,Medium
129.1,6.77,0.54,36.1,26.6,5675.0,271.5,0.13,0.69,4.86,Heavy Rain,Flood,Medium
117.2,2.48,0.63,81.5,31.0,2455.0,21.9,0.58,0.71,1.27,Cyclone,Infrastructure Failure,Medium
20.7,3.45,0.63,20.0,30.2,1363.0,1178.4,0.13,0.94,2.32,Earthquake,Landslide,Low
91.8,6.59,0.47,122.1,24.3,7317.0,315.2,0.81,0.66,1.42,Cyclone,Infrastructure Failure,Critical
48.2,3.17,0.82,71.6,23.7,904.0,219.9,0.57,0.39,3.36,Cyclone,Infrastructure Failure,High
73.7,4.21,0.68,48.1,15.4,1767.0,1641.2,0.26,0.08,7.11,Landslide Trigger,Landslide,High
243.4,2.96,0.81,57.6,21.9,8800.0,1194.3,0.66,0.65,4.76,Landslide Trigger,Landslide,High
34.1,3.46,0.51,13.5,27.0,5375.0,974.9,0.16,0.51,1.13,Earthquake,Fire,Medium
26.9,1.7,0.39,34.9,23.2,963.0,442.0,0.14,0.1,12.66,Earthquake,Fire,Medium
1.8,2.01,0.36,10.6,30.7,2934.0,327.9,0.07,0.92,18.39,Earthquake,Fire,Low
151.6,6.55,0.56,42.8,23.8,4236.0,114.6,0.26,0.17,0.92,Heavy Rain,Flood,High
164.8,7.92,0.47,86.3,31.2,10024.0,63.4,0.81,0.11,7.44,Cyclone,Infrastructure Failure,Critical
155.6,3.78,0.95,54.4,20.8,952.0,539.1,0.22,0.06,6.75,Heavy Rain,Flood,High
141.2,8.7,0.84,72.1,24.2,3128.0,166.2,0.51,0.58,9.39,Cyclone,Infrastructure Failure,Medium
56.0,5.32,0.9,68.4,27.7,2829.0,121.8,0.57,0.82,6.52,Cyclone,Infrastructure Failure,Medium
178.6,7.15,0.41,45.5,21.1,135.0,655.1,0.19,0.94,2.2,Heavy Rain,Flood,Medium
116.8,1.65,0.55,29.0,14.5,2444.0,1423.0,0.18,0.44,3.99,Landslide Trigger,Landslide,High
183.5,1.37,0.68,28.6,17.4,3288.0,1609.1,0.19,0.31,9.24,Landslide Trigger,Landslide,High
3.1,1.58,0.19,16.6,45.0,497.0,102.7,0.75,0.38,24.42,Extreme Heat,Fire,High
263.6,2.09,0.52,91.9,32.9,3281.0,394.3,0.53,0.19,2.36,Cyclone,Infrastructure Failure,High
80.3,6.94,0.71,20.7,17.0,1408.0,936.7,0.46,0.2,8.15,Landslide Trigger,Landslide,High
157.8,3.13,0.92,18.9,27.1,1202.0,286.1,0.68,0.81,3.85,Heavy Rain,Flood,High
4.3,0.98,0.25,11.8,43.0,2405.0,103.1,0.15,0.63,16.26,Extreme Heat,Fire,High
197.4,4.45,0.6,32.1,19.1,446.0,766.5,0.79,0.34,5.36,Heavy Rain,Flood,High
9.0,1.05,0.27,30.3,41.7,1645.0,232.0,0.18,0.35,7.84,Extreme Heat,Fire,High
275.8,9.98,0.59,20.5,28.0,187.0,713.7,0.68,0.76,3.34,Heavy Rain,Flood,High
44.3,4.57,0.77,32.0,24.5,2430.0,1256.4,0.27,0.6,10.47,Landslide Trigger,Landslide,Medium
216.9,6.84,0.67,17.9,27.8,451.0,1647.6,0.36,0.17,14.25,Landslide Trigger,Landslide,High
325.7,10.42,0.69,18.4,19.5,3898.0,474.6,0.32,0.41,4.1,Heavy Rain,Flood,High
35.8,6.38,0.55,147.4,29.1,7642.0,162.5,0.06,0.34,3.24,Cyclone,Infrastructure Failure,High
266.4,4.92,0.75,24.2,25.7,782.0,808.4,0.19,0.91,4.48,Landslide Trigger,Landslide,Medium
192.5,6.6,0.87,81.9,22.1,2178.0,241.6,0.11,0.46,6.14,Cyclone,Flood,Medium
109.0,2.65,0.6,30.0,18.9,8737.0,1017.6,0.57,0.93,14.7,Landslide Trigger,Landslide,Medium
79.3,1.75,0.37,33.8,27.2,837.0,507.8,0.36,0.25,14.1,Earthquake,Fire,Medium
96.1,1.54,0.83,88.1,23.0,15942.0,39.4,0.18,0.14,6.72,Cyclone,Disease Outbreak,High
194.6,7.57,0.57,23.6,23.1,237.0,258.2,0.26,0.78,7.33,Heavy Rain,Flood,Medium
325.2,3.5,0.96,41.2,21.3,620.0,370.3,0.31,0.57,2.45,Heavy Rain,Flood,High
12.4,1.23,0.15,21.4,43.0,2925.0,681.4,0.4,0.69,9.52,Extreme Heat,Fire,High
74.5,3.56,0.56,144.5,28.3,2073.0,386.3,0.43,0.59,1.33,Cyclone,Infrastructure Failure,High
249.2,8.23,0.7,120.9,32.4,8243.0,156.6,0.49,0.71,10.01,Cyclone,Infrastructure Failure,High
131.8,2.77,0.65,78.7,27.0,199.0,349.8,0.6,0.35,1.12,Cyclone,Infrastructure Failure,Medium
33.4,1.92,0.19,5.1,33.0,11533.0,518.3,0.79,0.15,9.1,Earthquake,Fire,High
162.0,5.38,0.82,49.2,20.4,3440.0,751.8,0.6,0.11,7.51,Landslide Trigger,Landslide,High
55.6,6.79,0.57,28.3,24.7,2115.0,1219.4,0.56,0.46,3.54,Landslide Trigger,Landslide,Medium
278.1,3.78,0.7,70.7,26.3,2951.0,297.7,0.19,0.14,2.78,Cyclone,Flood,Medium
7.8,1.85,0.08,37.1,37.2,695.0,125.6,0.13,0.77,6.66,Extreme Heat,Fire,Medium
7.4,1.28,0.34,18.0,36.3,2310.0,261.2,0.31,0.51,7.5,Extreme Heat,Fire,High
53.5,3.22,0.51,11.2,17.3,384.0,1216.3,0.52,0.34,4.78,Earthquake,Landslide,Medium
221.5,2.89,0.95,49.1,14.8,3903.0,1417.7,0.5,0.49,8.88,Landslide Trigger,Landslide,High
171.4,4.94,0.95,24.3,18.8,2927.0,142.2,0.75,0.78,6.87,Heavy Rain,Flood,High
321.7,7.46,0.5,16.7,24.9,2308.0,299.5,0.59,0.08,4.51,Heavy Rain,Flood,High
47.9,5.33,0.59,44.3,21.7,1805.0,2363.6,0.6,0.16,12.7,Landslide Trigger,Landslide,High
134.3,7.37,0.67,106.0,23.9,5596.0,322.2,0.6,0.39,3.35,Cyclone,Infrastructure Failure,High
0.6,0.96,0.32,33.6,42.0,2109.0,430.4,0.63,0.33,16.88,Extreme Heat,Fire,High
241.2,5.21,0.65,52.4,20.8,3949.0,749.3,0.83,0.78,2.09,Landslide Trigger,Landslide,High
266.4,3.77,0.45,25.5,28.3,4695.0,769.8,0.57,0.08,2.01,Heavy Rain,Flood,High
170.3,5.84,0.63,55.4,17.3,5905.0,552.9,0.43,0.77,3.24,Landslide Trigger,Landslide,Medium
173.4,5.34,0.78,100.2,30.8,3980.0,44.8,0.86,0.25,7.67,Cyclone,Infrastructure Failure,Critical
193.1,4.97,0.53,70.1,23.5,1642.0,335.6,0.8,0.12,9.02,Cyclone,Infrastructure Failure,High
50.0,3.54,0.57,16.2,29.9,2521.0,969.1,0.74,0.12,16.96,Earthquake,Fire,Medium
181.6,4.3,0.78,46.3,26.9,5694.0,1971.4,0.16,0.61,4.07,Landslide Trigger,Landslide,High
341.3,3.41,0.89,45.9,24.0,11181.0,254.0,0.23,0.57,3.3,Heavy Rain,Flood,High
52.5,3.24,0.76,88.7,32.8,218.0,202.8,0.91,0.21,6.25,Cyclone,Infrastructure Failure,High
43.1,1.88,0.36,24.3,28.2,5101.0,381.7,0.45,0.2,10.49,Earthquake,Fire,Medium
4.7,0.92,0.09,18.2,41.6,15989.0,84.0,0.92,0.8,15.89,Extreme Heat,Fire,Critical
21.3,0.58,0.57,6.7,19.1,5842.0,1220.6,0.75,0.73,4.39,Earthquake,Fire,Medium
319.3,4.48,0.82,26.0,26.0,11554.0,106.4,0.09,0.13,5.67,Heavy Rain,Disease Outbreak,High
90.8,6.38,0.57,46.3,23.7,1538.0,392.8,0.37,0.73,5.76,Heavy Rain,Flood,Medium
240.6,1.62,0.39,80.2,25.9,5735.0,120.1,0.22,0.56,8.06,Cyclone,Infrastructure Failure,Medium
5.5,1.51,0.24,36.3,36.7,1703.0,96.6,0.2,0.16,16.43,Extreme Heat,Fire,High
234.4,5.2,0.98,28.3,20.5,2280.0,506.8,0.48,0.46,2.03,Heavy Rain,Flood,High
312.7,4.45,0.92,45.6,22.0,1394.0,152.7,0.55,0.09,2.31,Heavy Rain,Flood,High
259.4,1.59,0.63,19.9,17.6,925.0,2075.3,0.83,0.77,9.61,Landslide Trigger,Landslide,High
298.7,10.13,0.76,32.6,22.5,7149.0,186.8,0.58,0.88,4.5,Heavy Rain,Flood,Critical
125.7,5.17,0.8,45.2,23.0,12406.0,843.3,0.09,0.47,3.01,Landslide Trigger,Landslide,High
34.0,1.76,0.54,27.4,33.1,7231.0,900.3,0.94,0.92,11.72,Earthquake,Fire,High
10.8,0.79,0.06,33.9,45.8,3368.0,676.8,0.33,0.46,8.44,Extreme Heat,Fire,High
176.2,10.72,0.54,36.0,22.3,8346.0,533.8,0.14,0.25,4.56,Heavy Rain,Flood,High
302.9,5.82,0.5,32.6,25.8,5405.0,45.4,0.52,0.08,2.4,Heavy Rain,Flood,High
4.2,1.78,0.11,34.0,43.5,1691.0,434.8,0.26,0.65,23.06,Extreme Heat,Fire,Medium
8.6,1.17,0.15,18.9,38.1,1960.0,645.0,0.41,0.38,16.98,Extreme Heat,Fire,High
4.3,0.67,0.13,16.2,41.7,9367.0,700.9,0.79,0.94,11.1,Extreme Heat,Fire,Critical
339.1,8.05,0.75,15.8,26.7,3882.0,484.2,0.45,0.52,4.1,Heavy Rain,Flood,High
6.0,1.93,0.31,34.4,45.0,1129.0,32.1,0.85,0.23,22.97,Extreme Heat,Fire,Critical
6.6,2.0,0.24,19.6,43.5,3426.0,503.1,0.23,0.67,8.34,Extreme Heat,Fire,High
0.2,2.42,0.35,14.1,25.3,5828.0,1437.4,0.7,0.48,19.34,Earthquake,Fire,High
5.9,0.57,0.16,34.7,39.4,1125.0,426.2,0.11,0.6,8.25,Extreme Heat,Fire,Medium
6.7,1.71,0.21,33.0,44.5,1498.0,698.9,0.89,0.1,13.48,Extreme Heat,Fire,Critical
12.2,1.97,0.46,5.2,29.4,1862.0,1251.3,0.52,0.2,10.21,Earthquake,Landslide,Medium
85.9,5.11,0.81,36.5,23.8,1274.0,461.5,0.14,0.86,4.52,Heavy Rain,Flood,Medium
192.0,7.08,0.58,131.9,28.4,1267.0,26.3,0.17,0.13,10.69,Cyclone,Infrastructure Failure,High
287.7,8.84,0.81,51.2,22.2,12537.0,453.3,0.33,0.91,4.99,Heavy Rain,Flood,High
70.2,7.61,0.68,137.6,22.3,2976.0,35.9,0.59,0.87,0.93,Cyclone,Infrastructure Failure,High
156.3,2.04,0.43,60.8,30.5,1800.0,327.2,0.07,0.26,11.98,Cyclone,Infrastructure Failure,Medium
244.0,11.16,0.46,15.5,26.4,5468.0,537.1,0.17,0.88,2.08,Heavy Rain,Flood,High
84.3,2.15,0.5,77.8,27.8,3558.0,276.3,0.38,0.08,5.94,Cyclone,Infrastructure Failure,Medium
371.4,9.87,0.44,30.2,25.6,2541.0,160.6,0.24,0.18,4.67,Heavy Rain,Flood,High
11.4,1.15,0.12,30.8,44.3,3830.0,263.2,0.36,0.43,22.07,Extreme Heat,Fire,High
214.4,2.27,0.72,44.4,21.6,811.0,1616.7,0.42,0.53,8.65,Landslide Trigger,Landslide,High
307.4,8.39,0.65,53.8,19.3,930.0,173.4,0.61,0.09,2.8,Heavy Rain,Flood,Critical
82.6,2.76,0.81,54.4,25.2,198.0,764.2,0.33,0.78,8.92,Landslide Trigger,Landslide,Medium
153.3,2.7,0.56,78.8,26.3,8945.0,197.7,0.56,0.81,4.26,Cyclone,Infrastructure Failure,High
301.0,8.45,0.69,10.1,25.4,1982.0,291.2,0.71,0.92,1.03,Heavy Rain,Flood,High
173.5,7.38,0.89,25.0,19.7,656.0,232.7,0.35,0.47,7.2,Heavy Rain,Flood,High
258.7,9.0,0.56,148.5,23.8,2381.0,67.0,0.22,0.49,11.4,Cyclone,Infrastructure Failure,Medium
11.7,2.15,0.31,24.9,46.1,4650.0,468.8,0.43,0.12,15.96,Extreme Heat,Fire,High
5.3,1.75,0.11,10.2,38.1,1058.0,48.3,0.16,0.68,19.1,Extreme Heat,Fire,High
328.2,2.68,0.54,52.5,22.6,887.0,751.5,0.24,0.13,2.27,Heavy Rain,Flood,High
345.8,11.32,0.95,48.3,28.2,848.0,532.3,0.4,0.63,6.63,Heavy Rain,Flood,Critical
266.2,6.78,0.8,105.0,29.9,8472.0,392.1,0.52,0.63,1.93,Cyclone,Infrastructure Failure,High
339.7,6.19,0.64,33.7,18.2,8517.0,402.4,0.13,0.46,2.4,Heavy Rain,Flood,High
362.7,10.61,0.81,36.5,21.4,5035.0,299.9,0.34,0.65,0.81,Heavy Rain,Flood,Critical
168.0,6.68,0.72,46.1,20.5,352.0,325.0,0.59,0.22,1.13,Heavy Rain,Flood,High
0.9,2.29,0.21,9.7,34.7,3633.0,125.5,0.63,0.18,12.84,Extreme Heat,Fire,High
192.0,3.43,0.71,51.1,18.7,863.0,694.0,0.31,0.69,13.23,Landslide Trigger,Landslide,Medium
214.6,7.9,0.41,93.5,23.4,3837.0,218.7,0.05,0.1,3.58,Cyclone,Flood,Medium
143.8,6.75,0.91,59.7,19.8,3704.0,493.1,0.17,0.32,5.28,Landslide Trigger,Landslide,High
45.2,5.3,0.43,68.7,26.5,4524.0,143.7,0.15,0.76,6.5,Cyclone,Infrastructure Failure,Medium
37.1,5.04,0.65,150.9,28.3,1712.0,67.7,0.48,0.23,6.26,Cyclone,Infrastructure Failure,High
215.3,3.85,0.83,36.7,18.9,1316.0,712.8,0.09,0.62,4.97,Heavy Rain,Flood,Medium
29.9,3.68,0.17,6.2,34.0,4128.0,2124.5,0.25,0.68,1.53,Earthquake,Fire,Medium
248.5,1.6,0.61,16.1,14.6,1234.0,459.2,0.49,0.76,12.21,Landslide Trigger,Landslide,Medium
39.6,2.0,0.16,22.0,17.5,3689.0,1694.0,0.63,0.61,5.9,Earthquake,Fire,Medium
102.1,3.64,0.82,61.2,24.0,1520.0,246.0,0.64,0.55,9.82,Cyclone,Infrastructure Failure,Medium
5.2,2.68,0.56,34.8,15.6,131.0,1469.1,0.6,0.16,8.88,Earthquake,Landslide,Medium
174.9,4.85,0.61,32.2,22.3,3328.0,446.7,0.82,0.25,1.99,Heavy Rain,Flood,High
161.9,4.89,0.76,31.5,23.0,2534.0,456.5,0.07,0.51,6.18,Landslide Trigger,Landslide,Medium
206.6,7.57,0.37,154.1,28.7,2822.0,148.5,0.84,0.52,3.06,Cyclone,Infrastructure Failure,Critical
208.6,4.36,0.53,87.2,29.8,1575.0,146.9,0.82,0.71,2.37,Cyclone,Infrastructure Failure,High
26.8,3.67,0.19,6.5,17.5,3565.0,300.4,0.59,0.63,2.67,Earthquake,Fire,Medium
55.1,3.15,0.25,23.7,26.6,294.0,2078.9,0.64,0.72,5.41,Earthquake,Fire,Medium
143.5,7.64,0.43,53.2,19.3,1884.0,63.4,0.14,0.72,0.45,Heavy Rain,Flood,Medium
71.9,1.41,0.46,6.3,22.7,3412.0,679.8,0.17,0.82,5.34,Earthquake,Fire,Low
269.4,8.9,0.94,52.4,24.6,4123.0,401.4,0.53,0.89,2.75,Heavy Rain,Flood,High
3.6,1.12,0.14,33.2,35.4,343.0,421.0,0.42,0.51,11.83,Extreme Heat,Fire,High
1.0,1.52,0.34,39.3,41.4,18000.0,473.3,0.3,0.46,8.57,Extreme Heat,Fire,Critical
0.0,1.2,0.07,31.0,41.9,5498.0,523.5,0.05,0.35,8.59,Extreme Heat,Fire,High
52.8,3.68,0.27,21.2,25.8,1868.0,1929.5,0.21,0.07,1.96,Earthquake,Landslide,Medium
69.7,9.31,0.43,148.8,24.3,485.0,372.9,0.57,0.34,7.89,Cyclone,Infrastructure Failure,High
176.4,6.46,0.65,39.9,27.2,9022.0,270.1,0.09,0.06,7.4,Heavy Rain,Disease Outbreak,High
6.4,1.68,0.13,14.1,43.5,7007.0,549.5,0.66,0.38,5.84,Extreme Heat,Fire,Critical
275.6,3.51,0.67,17.6,18.5,3312.0,277.3,0.66,0.18,1.29,Heavy Rain,Flood,High
36.6,7.84,0.3,92.7,27.4,4230.0,328.4,0.27,0.7,10.08,Cyclone,Infrastructure Failure,Medium
131.4,4.43,0.72,40.5,18.6,6380.0,57.4,0.59,0.44,6.29,Heavy Rain,Flood,High
329.0,9.06,0.74,24.4,20.4,1426.0,340.8,0.51,0.2,2.37,Heavy Rain,Flood,Critical
64.5,1.01,0.39,27.4,24.7,6143.0,826.2,0.94,0.62,10.02,Earthquake,Fire,High
311.8,2.63,0.91,52.9,24.9,1179.0,605.5,0.82,0.59,4.15,Heavy Rain,Flood,High
8.7,1.82,0.31,30.6,37.0,2688.0,430.8,0.89,0.78,24.55,Extreme Heat,Fire,High
209.8,4.29,0.48,121.1,26.8,1297.0,320.5,0.68,0.5,9.15,Cyclone,Infrastructure Failure,High
156.7,6.22,0.92,26.2,21.4,2617.0,287.9,0.18,0.79,1.8,Heavy Rain,Flood,High
90.9,6.28,0.38,153.0,27.0,4102.0,329.8,0.79,0.14,9.25,Cyclone,Infrastructure Failure,Critical
273.9,4.89,0.86,53.1,28.8,1550.0,100.8,0.16,0.14,3.02,Heavy Rain,Flood,High
177.0,11.43,0.73,38.0,23.7,2943.0,533.2,0.11,0.49,7.66,Heavy Rain,Flood,High
14.9,1.27,0.23,8.7,36.0,1266.0,789.7,0.4,0.92,8.91,Extreme Heat,Fire,High
77.8,9.87,0.6,48.2,29.9,599.0,285.4,0.73,0.18,1.12,Heavy Rain,Flood,High
3.9,0.91,0.16,7.6,46.0,3130.0,776.9,0.63,0.72,11.5,Extreme Heat,Fire,High
221.8,7.09,0.77,41.6,22.2,2647.0,271.0,0.37,0.54,2.23,Heavy Rain,Flood,High
184.0,10.03,0.44,35.7,24.9,5252.0,313.1,0.3,0.83,3.43,Heavy Rain,Flood,High
13.4,1.8,0.28,26.5,41.4,636.0,870.7,0.31,0.6,8.5,Extreme Heat,Fire,High
80.0,8.77,0.55,140.7,24.7,1054.0,128.7,0.49,0.9,0.8,Cyclone,Infrastructure Failure,High
178.3,8.26,0.65,12.1,24.0,4575.0,62.1,0.39,0.63,7.08,Heavy Rain,Flood,High
60.2,7.12,0.79,138.1,25.1,11092.0,109.2,0.88,0.37,6.3,Cyclone,Infrastructure Failure,Critical
307.3,10.79,0.55,47.4,21.2,2364.0,281.2,0.81,0.53,1.67,Heavy Rain,Flood,Critical
1.9,1.0,0.22,25.4,42.1,7785.0,87.8,0.51,0.7,19.34,Extreme Heat,Fire,High
276.8,6.64,0.7,128.5,24.9,1224.0,235.2,0.86,0.61,10.12,Cyclone,Infrastructure Failure,High
6.3,1.75,0.17,34.3,40.8,3556.0,813.1,0.95,0.18,13.73,Extreme Heat,Fire,Critical
216.8,1.83,0.89,41.8,27.1,573.0,2131.9,0.59,0.52,2.05,Landslide Trigger,Landslide,High
75.5,2.53,0.64,64.6,31.6,152.0,323.8,0.09,0.54,9.45,Cyclone,Infrastructure Failure,Low
278.7,3.05,0.66,21.0,23.4,2116.0,1693.4,0.65,0.49,2.42,Landslide Trigger,Landslide,High
212.1,8.03,0.71,118.5,31.4,709.0,360.7,0.79,0.24,4.73,Cyclone,Infrastructure Failure,High
262.9,1.14,0.92,41.5,24.8,926.0,1197.0,0.29,0.1,14.88,Landslide Trigger,Landslide,High
360.4,6.6,0.79,40.9,28.5,4065.0,535.3,0.73,0.22,4.54,Heavy Rain,Flood,Critical
8.8,0.76,0.34,19.9,27.3,4678.0,2109.8,0.53,0.25,7.28,Earthquake,Landslide,Medium
196.1,9.24,0.37,108.2,22.6,5985.0,131.9,0.71,0.47,7.49,Cyclone,Infrastructure Failure,High
275.5,3.92,0.75,105.0,31.9,872.0,320.0,0.65,0.71,10.83,Cyclone,Infrastructure Failure,High
59.4,2.26,0.16,12.8,21.5,454.0,1881.9,0.9,0.21,16.98,Earthquake,Fire,Medium
6.2,0.93,0.31,31.2,38.9,1642.0,620.1,0.39,0.26,6.24,Extreme Heat,Fire,High
339.2,8.61,0.56,20.9,18.2,1141.0,283.8,0.68,0.42,4.26,Heavy Rain,Flood,High
154.4,10.95,0.55,27.9,22.6,1252.0,200.5,0.83,0.74,1.82,Heavy Rain,Flood,High
10.2,1.41,0.2,14.3,35.0,289.0,311.3,0.13,0.29,13.4,Extreme Heat,Fire,Medium
29.4,1.88,0.21,11.8,20.2,340.0,195.4,0.68,0.4,7.2,Earthquake,Fire,Medium
118.4,1.76,0.6,25.5,27.8,3170.0,2070.7,0.28,0.14,1.21,Landslide Trigger,Landslide,High
10.6,0.76,0.18,27.1,41.8,4862.0,880.3,0.37,0.06,20.07,Extreme Heat,Fire,High
216.3,7.0,0.69,59.3,16.0,2163.0,993.0,0.77,0.36,3.39,Landslide Trigger,Landslide,High
13.6,1.59,0.19,32.5,35.4,1155.0,700.9,0.59,0.86,7.59,Extreme Heat,Fire,High
240.9,8.34,0.85,21.7,27.9,1479.0,340.2,0.27,0.26,1.49,Heavy Rain,Flood,High
143.2,4.13,0.79,36.1,25.8,544.0,281.5,0.56,0.3,6.18,Heavy Rain,Flood,Medium
7.9,1.15,0.29,36.2,44.4,8157.0,174.5,0.44,0.9,8.32,Extreme Heat,Fire,High
31.4,3.83,0.61,24.8,15.2,7024.0,910.7,0.22,0.41,18.31,Earthquake,Disease Outbreak,Medium
325.7,7.7,0.89,47.2,28.9,377.0,102.6,0.89,0.48,1.25,Heavy Rain,Flood,Critical
47.4,4.07,0.51,136.9,30.1,7830.0,277.3,0.24,0.62,0.36,Cyclone,Infrastructure Failure,Medium
54.8,1.49,0.5,40.5,22.8,6202.0,500.9,0.14,0.24,5.07,Landslide Trigger,Landslide,Medium
144.6,8.24,0.45,154.7,25.9,3748.0,157.6,0.27,0.62,1.55,Cyclone,Infrastructure Failure,Medium
90.3,4.6,0.81,130.2,23.7,404.0,245.0,0.47,0.28,7.58,Cyclone,Infrastructure Failure,High
156.1,7.72,0.39,71.7,25.0,163.0,381.1,0.41,0.28,9.0,Cyclone,Infrastructure Failure,Medium
260.6,6.63,0.96,19.9,25.1,1772.0,563.2,0.67,0.32,6.62,Heavy Rain,Flood,High
147.6,8.67,0.87,128.3,26.1,447.0,328.9,0.65,0.31,0.41,Cyclone,Infrastructure Failure,High
286.9,4.99,0.56,124.4,30.4,4849.0,192.8,0.34,0.21,2.65,Cyclone,Infrastructure Failure,High
258.4,3.31,0.96,38.5,29.8,603.0,277.7,0.09,0.08,7.77,Heavy Rain,Disease Outbreak,High
7.0,0.67,0.2,16.5,38.7,4755.0,579.3,0.57,0.87,5.75,Extreme Heat,Fire,High
128.5,9.36,0.65,152.5,22.3,275.0,292.6,0.57,0.77,9.82,Cyclone,Infrastructure Failure,Medium
8.4,0.63,0.26,7.1,45.4,1130.0,57.9,0.62,0.93,5.16,Extreme Heat,Fire,High
68.3,1.86,0.67,52.6,20.5,1066.0,1043.2,0.41,0.35,8.86,Landslide Trigger,Landslide,Medium
315.4,10.82,0.84,29.8,24.1,3004.0,108.8,0.86,0.23,6.0,Heavy Rain,Flood,Critical
60.8,2.9,0.28,25.0,33.5,258.0,2024.6,0.84,0.64,14.67,Earthquake,Fire,Medium
113.8,3.0,0.37,64.8,30.3,1720.0,98.2,0.48,0.2,0.39,Cyclone,Infrastructure Failure,Medium
50.6,2.13,0.81,18.7,21.8,1698.0,692.8,0.14,0.21,3.74,Landslide Trigger,Landslide,Medium
165.2,5.47,0.83,13.4,28.3,1284.0,654.8,0.79,0.21,6.15,Heavy Rain,Flood,High
10.0,0.66,0.62,14.2,33.4,7597.0,636.1,0.88,0.5,18.24,Earthquake,Fire,High
69.3,3.83,0.31,17.6,29.4,346.0,695.8,0.52,0.16,15.32,Earthquake,Fire,Medium
146.8,4.83,0.89,18.7,27.7,952.0,637.2,0.25,0.47,4.04,Heavy Rain,Flood,High
52.9,7.28,0.95,17.0,24.9,6179.0,769.8,0.79,0.33,6.9,Heavy Rain,Flood,High
71.2,3.79,0.4,15.6,23.3,3183.0,768.5,0.56,0.47,5.04,Earthquake,Fire,Medium
1.4,2.09,0.1,9.0,42.7,1506.0,370.8,0.74,0.6,3.38,Extreme Heat,Fire,High
128.0,3.03,0.68,144.3,29.1,4150.0,326.1,0.86,0.75,6.31,Cyclone,Infrastructure Failure,High
72.8,2.01,0.6,23.6,32.4,6128.0,134.7,0.21,0.65,13.5,Earthquake,Disease Outbreak,Medium
252.7,3.8,0.54,114.1,27.7,439.0,20.5,0.29,0.27,1.27,Cyclone,Infrastructure Failure,Medium
11.1,1.65,0.28,7.4,40.8,4037.0,304.9,0.83,0.09,21.55,Extreme Heat,Fire,Critical
287.9,7.36,0.88,32.8,24.5,1121.0,50.9,0.07,0.11,5.38,Heavy Rain,Flood,High
269.7,3.08,0.9,58.2,27.2,1192.0,2163.5,0.19,0.63,13.53,Landslide Trigger,Landslide,High
211.1,3.39,0.79,35.3,28.4,1960.0,491.3,0.47,0.91,4.63,Heavy Rain,Flood,High
67.4,5.07,0.69,101.1,25.1,1449.0,118.5,0.83,0.5,2.88,Cyclone,Infrastructure Failure,High
129.3,5.96,0.46,50.7,22.9,5892.0,784.5,0.28,0.12,2.85,Heavy Rain,Flood,High
60.5,7.96,0.58,30.0,27.8,6073.0,206.0,0.49,0.79,2.54,Heavy Rain,Flood,High
131.1,4.69,0.4,147.1,31.9,5563.0,393.8,0.42,0.46,4.89,Cyclone,Infrastructure Failure,High
323.9,4.1,0.53,24.2,27.5,18000.0,304.4,0.4,0.27,2.93,Heavy Rain,Disease Outbreak,Critical
9.3,2.1,0.07,26.7,34.5,1272.0,483.2,0.47,0.88,7.91,Extreme Heat,Fire,High
284.5,10.93,0.78,10.3,21.2,12894.0,725.6,0.19,0.32,5.18,Heavy Rain,Flood,Critical
127.8,4.11,0.45,102.1,29.1,4045.0,127.9,0.46,0.55,1.05,Cyclone,Infrastructure Failure,High
153.0,8.62,0.64,147.7,27.6,2463.0,120.6,0.53,0.67,4.33,Cyclone,Infrastructure Failure,High
124.1,8.43,0.85,40.4,23.8,461.0,793.4,0.79,0.24,3.3,Heavy Rain,Flood,High
285.4,4.11,0.41,17.2,22.5,4729.0,94.2,0.74,0.79,1.66,Heavy Rain,Flood,High
257.1,4.86,0.82,110.0,27.2,5086.0,288.8,0.44,0.16,2.64,Cyclone,Flood,High
62.2,2.82,0.83,154.1,25.9,5656.0,120.4,0.24,0.88,2.7,Cyclone,Infrastructure Failure,Medium
210.2,8.68,0.63,125.6,28.8,2951.0,333.3,0.62,0.88,10.05,Cyclone,Infrastructure Failure,High
281.1,6.81,0.3,69.9,31.4,939.0,38.5,0.59,0.57,2.64,Cyclone,Infrastructure Failure,Medium
23.2,1.23,0.53,33.1,16.1,5322.0,336.3,0.76,0.7,13.2,Earthquake,Infrastructure Failure,Medium
342.9,4.46,0.46,37.7,27.9,5180.0,469.8,0.68,0.1,7.71,Heavy Rain,Flood,High
59.1,7.78,0.42,62.7,32.0,4948.0,356.9,0.09,0.31,2.7,Cyclone,Fire,Medium
189.7,5.58,0.5,29.7,17.0,1765.0,2397.6,0.12,0.59,10.39,Landslide Trigger,Landslide,High
203.3,8.03,0.47,153.2,26.8,2446.0,121.9,0.89,0.71,4.25,Cyclone,Infrastructure Failure,High
46.2,1.07,0.22,20.1,29.6,438.0,1664.7,0.4,0.88,5.29,Earthquake,Fire,Medium
177.2,4.06,0.49,72.5,27.2,2328.0,317.6,0.2,0.66,11.63,Cyclone,Infrastructure Failure,Medium
11.4,0.64,0.31,34.0,40.6,3714.0,513.2,0.06,0.16,18.41,Extreme Heat,Fire,High
2.4,2.01,0.18,24.1,44.8,1969.0,320.1,0.39,0.35,19.22,Extreme Heat,Fire,High
290.5,7.68,0.31,151.0,30.5,1279.0,63.9,0.61,0.6,1.01,Cyclone,Infrastructure Failure,High
106.2,3.67,0.6,17.3,21.2,9470.0,1094.0,0.18,0.05,8.6,Landslide Trigger,Landslide,High
75.4,6.66,0.81,36.1,23.9,1611.0,289.6,0.6,0.2,2.55,Heavy Rain,Flood,High
304.5,7.68,0.56,32.6,29.6,2004.0,26.2,0.62,0.24,1.68,Heavy Rain,Flood,High
14.0,1.79,0.31,16.5,45.6,7865.0,352.8,0.13,0.9,7.81,Extreme Heat,Fire,High
6.9,2.49,0.21,31.5,34.1,4987.0,457.1,0.19,0.43,18.96,Extreme Heat,Fire,High
188.3,3.43,0.66,46.3,21.6,203.0,351.7,0.58,0.72,7.69,Heavy Rain,Flood,Medium
301.1,8.94,0.82,12.7,24.4,139.0,628.5,0.78,0.69,0.84,Heavy Rain,Flood,High
186.0,10.96,0.84,53.6,29.2,3640.0,390.2,0.78,0.76,6.06,Heavy Rain,Flood,High
100.6,4.6,0.55,46.8,27.7,5713.0,401.3,0.33,0.1,4.69,Heavy Rain,Disease Outbreak,High
7.2,2.33,0.29,17.8,34.9,3599.0,580.5,0.43,0.16,21.19,Extreme Heat,Fire,High
275.9,3.71,0.43,137.5,32.8,1331.0,265.8,0.07,0.22,7.54,Cyclone,Infrastructure Failure,Medium
187.8,2.71,0.83,77.9,27.7,1369.0,207.2,0.84,0.45,7.29,Cyclone,Infrastructure Failure,High
219.0,6.59,0.37,119.2,28.1,624.0,359.9,0.12,0.32,10.58,Cyclone,Infrastructure Failure,Medium
375.6,2.69,0.79,37.4,25.8,1902.0,182.4,0.14,0.12,1.89,Heavy Rain,Flood,High
79.2,7.66,0.63,23.2,21.8,826.0,173.8,0.68,0.16,3.35,Heavy Rain,Flood,High
75.9,0.81,0.62,30.0,28.6,721.0,2011.4,0.28,0.27,3.65,Earthquake,Landslide,Medium
114.6,4.45,0.51,32.2,17.4,2433.0,1613.3,0.43,0.38,14.79,Landslide Trigger,Landslide,High
11.8,0.64,0.34,19.6,38.4,3387.0,877.2,0.07,0.72,23.53,Extreme Heat,Fire,Medium
160.7,5.99,0.49,33.6,26.9,793.0,225.7,0.11,0.63,7.52,Heavy Rain,Flood,Medium
243.8,6.72,0.85,24.0,27.7,2718.0,2238.9,0.55,0.45,3.28,Landslide Trigger,Landslide,High
14.8,0.62,0.24,12.2,41.4,1699.0,706.2,0.91,0.74,7.67,Extreme Heat,Fire,High
8.6,0.94,0.18,32.1,45.5,419.0,235.3,0.07,0.54,17.23,Extreme Heat,Fire,High
90.6,2.13,0.74,107.3,30.8,1275.0,267.3,0.29,0.59,8.78,Cyclone,Infrastructure Failure,Medium
84.0,8.02,0.61,81.6,28.9,471.0,378.3,0.81,0.15,1.08,Cyclone,Infrastructure Failure,High
40.6,4.28,0.58,114.1,27.6,13295.0,365.7,0.48,0.13,9.25,Cyclone,Infrastructure Failure,Critical
365.3,2.54,0.85,11.4,27.1,982.0,751.0,0.25,0.49,3.18,Heavy Rain,Flood,High
106.4,8.56,0.61,24.5,23.5,4037.0,438.6,0.84,0.3,1.22,Heavy Rain,Flood,High
109.5,9.34,0.51,11.9,25.4,12886.0,199.4,0.31,0.86,1.46,Heavy Rain,Flood,High
78.1,8.05,0.6,67.5,30.1,4238.0,357.4,0.45,0.73,2.04,Cyclone,Infrastructure Failure,Medium
10.7,0.55,0.1,21.5,47.1,139.0,321.0,0.69,0.59,16.46,Extreme Heat,Fire,High
223.2,8.74,0.39,84.9,33.0,4232.0,66.7,0.66,0.25,8.68,Cyclone,Infrastructure Failure,High
121.0,8.5,0.51,39.8,23.9,9535.0,315.4,0.51,0.56,2.47,Heavy Rain,Flood,High
267.8,4.92,0.94,19.8,25.9,6293.0,1070.8,0.29,0.42,12.35,Landslide Trigger,Landslide,High
214.2,1.59,0.85,20.0,26.8,499.0,952.7,0.29,0.41,9.06,Landslide Trigger,Landslide,High
7.3,0.5,0.32,5.3,44.8,847.0,434.1,0.6,0.53,14.05,Extreme Heat,Fire,High
79.4,2.43,0.53,18.0,14.2,1316.0,840.9,0.36,0.17,10.52,Landslide Trigger,Landslide,Medium
185.4,4.24,0.71,130.4,28.4,1029.0,114.0,0.86,0.74,6.15,Cyclone,Infrastructure Failure,High
158.3,6.79,0.75,29.8,15.3,6549.0,1487.5,0.59,0.4,13.05,Landslide Trigger,Landslide,High
264.6,9.36,0.64,31.4,26.2,172.0,702.6,0.16,0.82,6.35,Heavy Rain,Flood,High
255.1,4.61,0.65,146.1,32.0,4293.0,314.3,0.14,0.85,2.59,Cyclone,Infrastructure Failure,Medium
99.2,8.46,0.75,45.0,24.6,1646.0,57.1,0.34,0.94,5.68,Heavy Rain,Flood,Medium
244.8,8.9,0.71,44.6,27.0,2071.0,529.1,0.69,0.77,7.98,Heavy Rain,Flood,High
174.1,6.61,0.96,11.5,22.0,7440.0,394.1,0.31,0.28,0.11,Heavy Rain,Flood,High
65.6,1.47,0.48,29.6,30.8,366.0,1731.2,0.33,0.08,2.68,Earthquake,Landslide,Medium
7.5,1.29,0.22,15.5,40.8,3454.0,314.6,0.66,0.8,6.49,Extreme Heat,Fire,High
70.0,2.97,0.49,6.7,17.2,1506.0,1797.0,0.18,0.23,5.43,Earthquake,Landslide,Medium
305.9,4.86,0.66,16.8,26.1,5015.0,585.3,0.27,0.67,2.96,Heavy Rain,Flood,High
10.9,2.44,0.12,8.3,37.7,1401.0,128.1,0.42,0.86,5.9,Extreme Heat,Fire,High
15.6,3.9,0.56,31.4,33.6,1943.0,1669.5,0.51,0.89,15.99,Earthquake,Fire,Medium
132.1,1.84,0.76,114.4,31.0,1011.0,34.8,0.86,0.15,7.49,Cyclone,Infrastructure Failure,Critical
67.4,0.81,0.16,12.1,21.7,1940.0,1397.0,0.23,0.82,3.5,Earthquake,Fire,Low
64.8,5.7,0.77,51.1,28.4,5983.0,717.2,0.75,0.86,0.6,Heavy Rain,Flood,High
114.1,8.79,0.54,120.2,26.7,1508.0,173.9,0.76,0.62,6.6,Cyclone,Infrastructure Failure,High
205.5,2.39,0.95,44.7,16.8,310.0,1901.0,0.52,0.55,3.43,Landslide Trigger,Landslide,High
112.4,5.64,0.95,22.8,19.9,3749.0,794.1,0.26,0.55,2.49,Heavy Rain,Flood,High
134.3,9.19,0.56,115.5,32.4,5853.0,395.7,0.39,0.59,1.31,Cyclone,Infrastructure Failure,High
130.0,3.41,0.57,40.8,21.7,11670.0,778.7,0.69,0.48,8.58,Landslide Trigger,Disease Outbreak,High
13.7,1.65,0.09,24.2,36.5,1532.0,695.4,0.44,0.43,24.25,Extreme Heat,Fire,High
144.1,9.65,0.76,12.9,28.1,1613.0,157.8,0.6,0.12,7.84,Heavy Rain,Flood,High
163.7,9.72,0.68,50.7,24.9,2036.0,743.6,0.56,0.8,7.86,Heavy Rain,Flood,High
123.1,10.25,0.74,42.6,19.0,5335.0,615.3,0.51,0.3,2.56,Heavy Rain,Flood,High
76.2,3.18,0.64,15.9,28.0,225.0,1364.9,0.31,0.87,14.06,Earthquake,Landslide,Low
144.4,9.19,0.43,154.8,29.7,7701.0,311.7,0.54,0.66,4.82,Cyclone,Infrastructure Failure,High
81.3,8.19,0.91,18.0,26.9,13123.0,30.1,0.37,0.15,7.42,Heavy Rain,Disease Outbreak,Critical
198.1,1.18,0.72,27.2,20.6,152.0,436.6,0.61,0.55,1.72,Landslide Trigger,Landslide,Medium
93.0,6.67,0.83,86.3,31.2,1605.0,266.7,0.51,0.71,0.5,Cyclone,Infrastructure Failure,Medium
144.8,11.34,0.8,26.8,19.2,2284.0,153.3,0.74,0.7,3.95,Heavy Rain,Flood,High
84.3,6.26,0.31,97.9,30.4,12056.0,162.8,0.6,0.18,10.04,Cyclone,Infrastructure Failure,High
30.4,0.53,0.45,29.6,27.6,6192.0,1740.1,0.29,0.83,16.2,Earthquake,Fire,Medium
265.9,5.11,0.97,52.8,24.9,1821.0,676.1,0.22,0.52,2.17,Heavy Rain,Flood,High
213.7,4.42,0.79,15.3,18.7,1333.0,314.1,0.28,0.35,3.34,Heavy Rain,Flood,High
2.5,1.31,0.32,12.9,43.6,1340.0,144.8,0.89,0.44,10.14,Extreme Heat,Fire,High
216.4,6.32,0.38,149.3,25.8,1409.0,22.7,0.13,0.61,3.68,Cyclone,Infrastructure Failure,Medium
123.6,6.53,0.3,153.3,23.9,702.0,265.4,0.15,0.19,8.62,Cyclone,Infrastructure Failure,Medium
96.6,2.85,0.7,100.0,27.9,698.0,23.7,0.37,0.11,10.35,Cyclone,Infrastructure Failure,High
95.1,8.49,0.8,40.5,24.6,2010.0,762.5,0.27,0.14,4.11,Heavy Rain,Flood,High
230.9,5.33,0.7,19.3,28.1,6011.0,799.8,0.84,0.95,2.65,Heavy Rain,Flood,High
122.5,7.55,0.44,119.4,29.8,6144.0,297.7,0.43,0.24,2.57,Cyclone,Infrastructure Failure,High
229.0,10.27,0.96,43.7,18.1,441.0,116.4,0.39,0.35,0.7,Heavy Rain,Flood,High
87.5,10.44,0.76,45.8,22.5,1946.0,334.1,0.6,0.49,2.61,Heavy Rain,Flood,High
12.6,2.3,0.19,13.4,47.2,4478.0,666.8,0.12,0.11,16.72,Extreme Heat,Fire,High
76.7,1.88,0.69,22.1,26.0,331.0,1556.2,0.58,0.15,6.16,Landslide Trigger,Landslide,High
11.1,2.11,0.21,10.2,45.0,2135.0,290.9,0.88,0.32,7.12,Extreme Heat,Fire,Critical
257.3,1.32,0.54,46.4,16.7,1392.0,1033.2,0.3,0.71,2.91,Landslide Trigger,Landslide,Medium
281.7,11.09,0.82,41.3,26.3,1242.0,707.5,0.72,0.26,2.44,Heavy Rain,Flood,Critical
258.9,4.21,0.64,49.9,18.4,3617.0,2326.6,0.15,0.29,14.76,Landslide Trigger,Landslide,High
220.1,10.16,0.51,14.7,18.9,239.0,410.5,0.24,0.67,7.09,Heavy Rain,Flood,High
238.2,5.84,0.86,20.8,19.6,3052.0,2369.5,0.69,0.91,14.84,Landslide Trigger,Landslide,High
148.0,1.82,0.81,58.2,23.8,425.0,2006.6,0.2,0.93,6.92,Landslide Trigger,Landslide,Medium
7.4,0.52,0.34,22.4,45.7,3159.0,502.6,0.95,0.08,4.34,Extreme Heat,Fire,Critical
242.0,2.41,0.68,31.8,26.6,5552.0,1409.0,0.09,0.13,7.26,Landslide Trigger,Landslide,High
1.7,2.91,0.41,31.3,25.0,1216.0,526.9,0.89,0.28,16.3,Earthquake,Fire,Medium
105.3,6.94,0.43,11.6,24.0,1223.0,179.9,0.48,0.4,0.17,Heavy Rain,Flood,Medium
66.6,6.14,0.73,124.2,26.3,7176.0,59.4,0.47,0.23,6.04,Cyclone,Infrastructure Failure,High
7.4,3.8,0.52,14.4,20.9,2551.0,1974.7,0.69,0.41,4.37,Earthquake,Landslide,Medium
63.2,4.55,0.92,33.5,27.8,7775.0,449.0,0.48,0.34,7.55,Heavy Rain,Disease Outbreak,High
48.1,2.86,0.4,29.7,18.7,1006.0,769.0,0.45,0.92,14.04,Earthquake,Fire,Low
190.2,6.69,0.83,47.6,22.3,1032.0,684.4,0.95,0.29,8.28,Landslide Trigger,Landslide,High
126.1,8.11,0.7,11.0,19.6,605.0,650.7,0.47,0.28,3.92,Heavy Rain,Flood,High
3.4,2.42,0.16,6.6,47.6,1782.0,719.5,0.83,0.37,7.85,Extreme Heat,Fire,Critical
176.2,4.21,0.68,43.8,20.6,484.0,442.5,0.47,0.57,12.4,Landslide Trigger,Landslide,Medium
209.3,3.46,0.84,20.9,23.1,2873.0,2052.7,0.33,0.2,13.45,Landslide Trigger,Landslide,Critical
122.9,4.24,0.59,57.9,26.6,5084.0,465.9,0.27,0.52,8.87,Landslide Trigger,Landslide,Medium
139.6,3.07,0.67,154.4,26.0,6804.0,223.2,0.83,0.21,4.0,Cyclone,Infrastructure Failure,Critical
256.0,1.91,0.54,44.4,19.4,274.0,1461.5,0.31,0.46,10.14,Landslide Trigger,Landslide,Medium
4.0,0.6,0.08,33.1,46.8,3480.0,154.0,0.91,0.32,7.73,Extreme Heat,Fire,Critical
332.2,7.05,0.95,16.1,29.7,2064.0,358.4,0.53,0.77,7.63,Heavy Rain,Flood,High
225.1,6.46,0.55,135.3,32.4,6531.0,8.9,0.64,0.77,7.1,Cyclone,Infrastructure Failure,High
13.4,2.0,0.27,38.8,46.1,974.0,737.5,0.55,0.69,3.99,Extreme Heat,Fire,High
150.1,3.34,0.58,44.7,28.5,1591.0,731.2,0.42,0.39,3.09,Heavy Rain,Flood,Medium
53.3,1.75,0.16,18.2,19.5,838.0,111.9,0.46,0.3,9.95,Earthquake,Fire,Medium
48.3,3.97,0.42,24.4,33.4,1164.0,854.1,0.41,0.63,4.16,Earthquake,Fire,Medium
51.5,10.18,0.44,50.5,29.4,590.0,792.2,0.69,0.23,6.5,Heavy Rain,Flood,High
71.8,1.61,0.31,32.5,15.3,3960.0,467.0,0.63,0.65,9.02,Earthquake,Fire,Medium
13.2,0.74,0.21,30.4,42.9,300.0,414.5,0.16,0.36,2.39,Extreme Heat,Fire,High
61.8,4.91,0.41,134.0,31.6,9918.0,158.9,0.53,0.95,6.18,Cyclone,Infrastructure Failure,High
96.9,10.26,0.69,11.0,29.7,9963.0,772.4,0.18,0.66,3.13,Heavy Rain,Flood,High
113.3,4.72,0.85,27.0,18.1,3780.0,337.2,0.23,0.81,1.9,Heavy Rain,Flood,Medium
102.1,4.64,0.48,121.2,23.1,6997.0,193.8,0.12,0.8,4.08,Cyclone,Infrastructure Failure,Medium
80.2,1.53,0.59,19.6,21.3,2078.0,2376.4,0.4,0.36,1.48,Landslide Trigger,Landslide,High
159.5,10.56,0.41,44.9,21.0,1263.0,312.8,0.13,0.15,3.42,Heavy Rain,Flood,High
23.9,3.38,0.22,27.3,20.8,703.0,1949.4,0.94,0.21,9.14,Earthquake,Fire,Medium
237.3,7.62,0.62,52.8,28.1,2055.0,665.6,0.14,0.74,7.8,Heavy Rain,Flood,Medium
132.8,3.02,0.59,147.9,23.9,571.0,340.2,0.81,0.92,5.08,Cyclone,Infrastructure Failure,High
4.4,1.11,0.17,33.5,34.1,1765.0,217.1,0.35,0.84,18.24,Extreme Heat,Fire,Medium
13.8,2.4,0.13,36.9,44.3,185.0,155.7,0.69,0.71,16.04,Extreme Heat,Fire,High
310.5,4.05,0.76,18.0,29.4,763.0,543.3,0.65,0.48,0.85,Heavy Rain,Flood,High
228.8,3.75,0.69,76.8,28.0,264.0,383.3,0.94,0.19,7.58,Cyclone,Infrastructure Failure,High
287.0,7.29,0.57,18.0,20.1,2102.0,688.1,0.14,0.85,7.0,Heavy Rain,Flood,High
161.5,5.01,0.54,94.7,27.8,7363.0,243.8,0.34,0.57,5.65,Cyclone,Infrastructure Failure,High
24.0,3.14,0.2,10.7,31.0,11347.0,443.9,0.52,0.22,12.89,Earthquake,Fire,High
155.8,9.91,0.6,42.6,27.3,1320.0,405.9,0.51,0.67,6.29,Heavy Rain,Flood,High
105.5,4.96,0.78,39.5,23.9,6920.0,638.5,0.71,0.33,3.91,Heavy Rain,Disease Outbreak,High
136.7,6.84,0.84,77.0,27.7,3807.0,51.9,0.12,0.65,3.43,Cyclone,Flood,Medium
256.2,6.82,0.6,48.7,27.0,8159.0,582.7,0.23,0.89,6.8,Landslide Trigger,Flood,Medium
166.5,1.6,0.71,29.7,18.0,2205.0,1483.0,0.13,0.77,7.77,Landslide Trigger,Landslide,Medium
208.9,9.89,0.88,24.3,18.1,463.0,729.9,0.68,0.07,6.11,Heavy Rain,Flood,High
0.4,1.55,0.08,38.8,46.5,1357.0,591.8,0.38,0.48,3.47,Extreme Heat,Fire,High
75.6,6.12,0.56,150.0,32.3,574.0,228.4,0.25,0.86,7.77,Cyclone,Infrastructure Failure,Medium
218.8,3.02,0.64,148.8,25.8,2079.0,78.4,0.43,0.29,11.31,Cyclone,Infrastructure Failure,High
13.4,2.19,0.17,6.1,40.3,1698.0,179.2,0.14,0.91,5.28,Extreme Heat,Fire,High
51.4,3.41,0.57,46.0,15.1,9690.0,1493.6,0.68,0.14,11.82,Landslide Trigger,Landslide,Critical
61.2,5.39,0.6,35.1,27.7,6409.0,2039.8,0.61,0.72,12.85,Landslide Trigger,Landslide,High
28.7,3.99,0.29,22.7,20.6,1495.0,291.0,0.57,0.55,11.78,Earthquake,Fire,Medium
176.4,2.49,0.56,137.1,25.5,6455.0,180.3,0.64,0.14,5.98,Cyclone,Infrastructure Failure,High
13.0,2.16,0.28,21.3,44.6,6888.0,441.3,0.85,0.46,18.94,Extreme Heat,Fire,Critical
333.6,3.41,0.46,34.7,25.8,417.0,130.9,0.59,0.82,3.83,Heavy Rain,Flood,High
59.0,1.82,0.65,24.9,31.3,5612.0,1489.8,0.52,0.38,19.8,Earthquake,Landslide,Medium
214.2,6.22,0.68,92.6,26.7,4706.0,225.4,0.16,0.27,10.09,Cyclone,Infrastructure Failure,Medium
2.1,0.53,0.26,29.0,33.1,4018.0,892.3,0.91,0.87,11.7,Earthquake,Fire,High
68.9,4.73,0.43,37.7,26.5,2029.0,253.5,0.95,0.05,6.85,Heavy Rain,Infrastructure Failure,High
86.1,5.22,0.41,45.2,18.6,1032.0,601.7,0.81,0.91,0.52,Heavy Rain,Flood,Medium
139.5,6.82,0.79,33.7,25.2,3520.0,990.7,0.4,0.17,4.72,Landslide Trigger,Landslide,High
72.1,9.59,0.79,28.5,28.8,7774.0,334.6,0.81,0.51,5.71,Heavy Rain,Flood,High
213.8,4.81,0.69,84.5,26.8,2942.0,87.8,0.83,0.07,0.55,Cyclone,Infrastructure Failure,Critical
114.7,6.64,0.79,17.7,18.7,215.0,420.0,0.36,0.65,6.57,Heavy Rain,Flood,High
93.1,4.62,0.71,52.9,21.4,7386.0,395.1,0.11,0.56,3.26,Heavy Rain,Disease Outbreak,Medium
329.2,11.39,0.81,27.1,22.9,4403.0,287.8,0.79,0.42,4.87,Heavy Rain,Flood,Critical
286.5,10.75,0.93,41.7,25.6,522.0,429.9,0.49,0.19,1.55,Heavy Rain,Flood,Critical
178.5,4.87,0.74,16.6,14.8,14799.0,626.7,0.36,0.31,3.15,Landslide Trigger,Landslide,High
67.2,8.22,0.78,17.9,29.0,2229.0,642.4,0.46,0.36,1.92,Heavy Rain,Flood,High
236.2,1.66,0.69,34.3,20.6,448.0,2122.7,0.61,0.21,4.05,Landslide Trigger,Landslide,High
6.0,1.99,0.26,15.8,20.2,188.0,249.2,0.92,0.36,11.65,Earthquake,Fire,Medium
217.7,7.98,0.47,131.1,31.2,167.0,100.3,0.25,0.75,11.91,Cyclone,Infrastructure Failure,Medium
15.5,2.94,0.58,33.8,24.5,887.0,2137.9,0.51,0.63,8.82,Earthquake,Landslide,Medium
153.7,6.04,0.55,109.9,32.5,4650.0,202.4,0.35,0.78,3.11,Cyclone,Infrastructure Failure,Medium
0.9,1.16,0.08,8.0,43.2,2425.0,359.1,0.32,0.7,22.04,Extreme Heat,Fire,High
255.9,9.7,0.77,17.5,26.0,8246.0,319.3,0.37,0.6,3.76,Heavy Rain,Flood,High
128.1,2.26,0.57,116.7,26.5,196.0,159.3,0.32,0.78,9.86,Cyclone,Infrastructure Failure,Medium
260.9,3.47,0.91,24.0,17.1,907.0,2092.4,0.1,0.13,13.65,Landslide Trigger,Landslide,Critical
102.7,5.57,0.73,35.5,22.2,3897.0,2180.4,0.88,0.24,2.27,Landslide Trigger,Landslide,Critical
241.1,5.19,0.51,25.4,22.5,944.0,1404.8,0.66,0.29,8.39,Landslide Trigger,Landslide,High
135.1,4.45,0.7,68.6,24.3,845.0,84.2,0.6,0.71,1.39,Cyclone,Infrastructure Failure,Medium
9.9,1.45,0.07,38.6,36.4,3929.0,608.2,0.25,0.33,23.0,Extreme Heat,Fire,High
38.2,6.4,0.67,128.9,22.1,586.0,328.0,0.36,0.62,8.89,Cyclone,Infrastructure Failure,Medium
163.9,2.42,0.35,134.2,23.7,3131.0,73.0,0.59,0.48,9.99,Cyclone,Infrastructure Failure,High
237.8,7.92,0.96,20.0,20.6,2648.0,55.2,0.15,0.38,5.3,Heavy Rain,Flood,High
14.3,1.66,0.63,25.5,15.2,4115.0,592.9,0.47,0.94,1.2,Earthquake,Fire,Low
292.1,7.16,0.87,41.7,20.9,2020.0,428.9,0.21,0.25,4.49,Heavy Rain,Flood,High
105.9,1.58,0.85,125.2,29.6,12931.0,231.1,0.4,0.69,8.3,Cyclone,Infrastructure Failure,High
126.3,6.13,0.89,55.6,14.1,2036.0,996.4,0.5,0.28,2.87,Landslide Trigger,Landslide,High
288.7,4.93,0.9,18.0,22.4,360.0,501.6,0.81,0.59,4.88,Heavy Rain,Flood,High
337.1,10.31,0.72,51.0,28.2,5609.0,766.9,0.47,0.24,6.82,Heavy Rain,Flood,Critical
350.5,9.0,0.56,25.3,26.2,588.0,387.5,0.72,0.35,0.74,Heavy Rain,Flood,Critical
161.8,5.6,0.85,22.5,15.4,616.0,1582.3,0.38,0.83,11.38,Landslide Trigger,Landslide,Medium
284.9,5.13,0.35,84.5,24.6,2901.0,99.4,0.16,0.85,5.98,Cyclone,Flood,Medium
197.4,6.28,0.89,119.7,32.2,2426.0,118.1,0.51,0.25,2.96,Cyclone,Infrastructure Failure,High
10.5,0.56,0.26,21.0,43.6,1404.0,439.8,0.93,0.11,24.48,Extreme Heat,Fire,Critical
10.3,1.41,0.3,32.6,45.2,871.0,103.4,0.07,0.25,20.91,Extreme Heat,Fire,High
159.4,7.44,0.43,70.7,29.1,3859.0,393.6,0.56,0.75,7.25,Cyclone,Infrastructure Failure,High
78.1,2.4,0.36,30.8,34.4,5132.0,327.7,0.53,0.42,11.99,Earthquake,Fire,Medium
9.8,1.04,0.15,39.7,42.9,3480.0,788.2,0.81,0.31,20.58,Extreme Heat,Fire,Critical
51.0,2.57,0.46,10.1,20.5,11605.0,666.3,0.91,0.25,12.44,Earthquake,Disease Outbreak,High
150.6,2.82,0.63,47.6,29.0,899.0,196.8,0.37,0.77,2.2,Heavy Rain,Flood,Medium
195.2,5.72,0.77,26.6,17.2,6110.0,418.0,0.74,0.12,11.93,Landslide Trigger,Landslide,High
235.8,1.87,0.36,101.8,27.2,633.0,327.4,0.25,0.31,8.19,Cyclone,Infrastructure Failure,Medium
90.8,5.09,0.82,20.9,28.0,1802.0,380.9,0.69,0.52,2.65,Heavy Rain,Flood,High
32.0,8.88,0.34,149.2,22.3,2355.0,309.5,0.12,0.26,6.46,Cyclone,Infrastructure Failure,Medium
306.6,10.52,0.71,25.9,18.7,281.0,548.9,0.65,0.49,2.3,Heavy Rain,Flood,Critical
53.9,3.5,0.81,12.9,28.4,4664.0,255.9,0.52,0.33,0.8,Heavy Rain,Disease Outbreak,High
6.1,0.54,0.25,17.8,44.0,5138.0,572.8,0.62,0.43,16.98,Extreme Heat,Fire,Critical
178.7,3.58,0.85,44.2,21.0,2184.0,691.5,0.07,0.39,4.75,Heavy Rain,Flood,High
203.0,2.22,0.58,154.4,29.9,243.0,221.0,0.91,0.89,6.44,Cyclone,Infrastructure Failure,High
214.2,2.29,0.42,77.5,27.7,2621.0,87.1,0.07,0.72,8.38,Cyclone,Flood,Medium
112.3,9.92,0.61,25.2,18.1,1858.0,790.3,0.14,0.68,4.93,Heavy Rain,Flood,High
107.9,6.93,0.94,48.1,27.6,1034.0,611.3,0.11,0.93,4.92,Landslide Trigger,Landslide,Medium
69.8,10.21,0.85,26.9,18.2,2279.0,14.8,0.46,0.58,1.71,Heavy Rain,Flood,High
238.4,4.52,0.4,136.0,25.7,8805.0,118.3,0.87,0.17,9.2,Cyclone,Infrastructure Failure,Critical
165.9,2.24,0.88,80.4,24.2,3928.0,356.1,0.16,0.49,11.62,Cyclone,Landslide,Medium
319.5,7.65,0.48,17.7,28.4,1594.0,426.4,0.53,0.93,5.68,Heavy Rain,Flood,High
158.8,8.57,0.5,15.5,27.4,651.0,676.8,0.27,0.87,5.38,Heavy Rain,Flood,High
4.3,2.14,0.14,37.9,46.8,694.0,58.1,0.24,0.46,19.72,Extreme Heat,Fire,High
178.3,2.95,0.76,22.7,14.3,3844.0,1542.4,0.63,0.86,8.24,Landslide Trigger,Landslide,High
201.6,2.58,0.77,40.4,24.3,616.0,554.6,0.65,0.27,2.66,Heavy Rain,Flood,High
36.5,2.22,0.39,23.0,15.6,1873.0,2177.8,0.22,0.12,14.61,Earthquake,Landslide,Medium
10.1,1.13,0.12,18.3,42.3,6467.0,611.1,0.25,0.62,16.84,Extreme Heat,Fire,High
1.5,1.6,0.23,12.6,39.5,1924.0,747.9,0.89,0.5,5.41,Extreme Heat,Fire,High
225.8,8.11,0.42,80.7,30.3,1346.0,302.6,0.41,0.8,0.82,Cyclone,Flood,Medium
143.9,8.91,0.9,134.2,29.3,2824.0,159.8,0.38,0.37,0.9,Cyclone,Infrastructure Failure,High
215.7,5.21,0.75,97.8,23.7,5275.0,187.2,0.24,0.4,11.42,Cyclone,Infrastructure Failure,Medium
13.9,0.75,0.13,14.2,42.0,3275.0,381.4,0.14,0.6,3.84,Extreme Heat,Fire,High
7.6,1.49,0.07,27.4,40.0,3083.0,381.8,0.06,0.16,15.72,Extreme Heat,Fire,High
128.1,8.6,0.73,44.1,26.9,1454.0,684.0,0.8,0.26,3.08,Heavy Rain,Flood,High
154.5,3.05,0.85,98.7,24.3,9295.0,278.3,0.38,0.65,3.01,Cyclone,Infrastructure Failure,High
122.9,5.84,0.91,50.5,25.9,3233.0,603.8,0.83,0.67,13.94,Landslide Trigger,Landslide,High
3.0,1.72,0.08,29.4,39.7,7503.0,153.5,0.85,0.76,24.52,Extreme Heat,Fire,Critical
206.1,4.93,0.55,55.5,26.3,2677.0,1895.7,0.45,0.92,13.98,Landslide Trigger,Landslide,High
7.0,1.78,0.16,27.3,44.1,1242.0,569.7,0.63,0.87,13.83,Extreme Heat,Fire,High
31.9,2.57,0.37,147.7,29.3,2082.0,381.0,0.76,0.19,7.04,Cyclone,Infrastructure Failure,Critical
30.5,2.13,0.3,16.1,16.6,5185.0,475.7,0.21,0.36,7.37,Earthquake,Fire,Medium
5.2,2.45,0.46,31.0,31.4,643.0,663.6,0.92,0.66,3.6,Earthquake,Fire,High
64.0,3.73,0.68,19.4,27.6,2089.0,462.8,0.28,0.58,4.94,Heavy Rain,Flood,Medium
223.6,4.47,0.6,139.8,23.6,3983.0,220.4,0.07,0.65,4.25,Cyclone,Infrastructure Failure,Medium
1.5,0.63,0.27,27.4,46.5,4028.0,477.3,0.34,0.08,14.19,Extreme Heat,Fire,High
125.9,4.64,0.59,52.5,27.7,1920.0,749.4,0.25,0.55,7.99,Heavy Rain,Flood,Medium
13.2,1.43,0.2,9.7,39.9,7086.0,360.6,0.1,0.92,10.09,Extreme Heat,Fire,Medium
0.7,3.81,0.42,26.1,18.7,581.0,1456.6,0.16,0.32,17.76,Earthquake,Landslide,Low
78.8,1.66,0.81,24.6,23.3,507.0,2123.9,0.57,0.4,10.13,Landslide Trigger,Landslide,High
163.3,5.37,0.94,43.4,19.6,12305.0,386.0,0.93,0.34,2.61,Heavy Rain,Disease Outbreak,Critical
166.2,7.89,0.68,19.6,25.9,1649.0,274.0,0.68,0.65,5.26,Heavy Rain,Flood,High
40.7,2.97,0.38,8.5,18.6,4076.0,578.9,0.38,0.13,2.2,Earthquake,Disease Outbreak,Medium
320.6,8.65,0.66,21.1,19.8,768.0,372.1,0.56,0.92,7.09,Heavy Rain,Flood,High
9.6,1.38,0.26,33.9,42.3,5771.0,787.2,0.91,0.5,13.84,Extreme Heat,Fire,Critical
9.1,1.72,0.28,33.8,34.4,3957.0,665.4,0.69,0.09,20.03,Extreme Heat,Fire,Critical
195.9,9.86,0.94,20.3,25.0,3187.0,645.4,0.07,0.7,6.04,Heavy Rain,Flood,High
238.8,7.28,0.76,100.9,32.9,8807.0,309.5,0.87,0.78,6.99,Cyclone,Infrastructure Failure,Critical
182.2,5.72,0.5,83.8,27.6,8288.0,233.2,0.55,0.52,3.01,Cyclone,Infrastructure Failure,High
147.6,1.96,0.83,90.1,29.1,2487.0,244.9,0.21,0.3,7.06,Cyclone,Infrastructure Failure,Medium
165.8,5.74,0.7,24.2,15.2,529.0,1726.0,0.66,0.24,6.93,Landslide Trigger,Landslide,High
7.6,1.11,0.33,13.0,39.9,3410.0,864.4,0.34,0.15,9.33,Extreme Heat,Fire,High
50.2,3.71,0.38,23.8,27.2,1061.0,942.4,0.39,0.45,12.68,Earthquake,Fire,Medium
13.0,1.2,0.24,12.5,37.5,2084.0,590.6,0.35,0.87,19.53,Extreme Heat,Fire,Medium
66.7,7.27,0.71,125.6,32.3,1495.0,292.6,0.4,0.08,3.69,Cyclone,Infrastructure Failure,High
259.2,1.44,0.82,47.9,25.8,1254.0,1506.7,0.72,0.36,11.15,Landslide Trigger,Landslide,High
72.2,1.07,0.31,20.0,30.5,598.0,1659.9,0.32,0.49,5.0,Earthquake,Fire,Medium
8.1,1.36,0.25,20.0,47.2,3124.0,249.7,0.3,0.42,16.43,Extreme Heat,Fire,High
127.7,2.03,0.72,32.4,16.5,551.0,1299.8,0.17,0.63,6.91,Landslide Trigger,Landslide,Medium
283.2,10.97,0.45,15.3,18.6,1753.0,430.5,0.77,0.67,5.02,Heavy Rain,Flood,High
14.8,0.78,0.07,14.6,34.3,2673.0,840.7,0.34,0.27,8.99,Extreme Heat,Fire,High
100.3,5.38,0.76,53.7,24.7,5966.0,430.8,0.09,0.87,0.38,Heavy Rain,Flood,Medium
175.4,2.85,0.57,154.5,25.4,3009.0,111.4,0.13,0.74,1.5,Cyclone,Infrastructure Failure,Medium
278.2,8.95,0.36,113.0,23.1,2570.0,230.9,0.83,0.77,9.8,Cyclone,Infrastructure Failure,High
106.4,4.78,0.5,32.8,17.3,3497.0,2274.2,0.71,0.75,6.68,Landslide Trigger,Landslide,High
216.6,2.73,0.82,39.7,22.4,8641.0,401.6,0.31,0.44,4.62,Landslide Trigger,Landslide,High
2.8,0.78,0.11,24.4,46.9,2757.0,307.1,0.37,0.87,9.44,Extreme Heat,Fire,High
5.7,1.48,0.21,32.4,41.9,8986.0,230.5,0.77,0.07,4.85,Extreme Heat,Fire,Critical
65.7,2.57,0.41,5.4,30.6,151.0,475.8,0.77,0.07,14.83,Earthquake,Fire,Medium
96.6,2.61,0.57,36.6,18.0,2775.0,2386.6,0.25,0.42,9.12,Landslide Trigger,Landslide,High
63.5,7.6,0.5,131.4,26.1,105.0,395.6,0.59,0.91,2.14,Cyclone,Infrastructure Failure,High
204.7,2.19,0.62,146.4,22.1,7279.0,70.9,0.69,0.94,9.79,Cyclone,Infrastructure Failure,High
79.8,7.41,0.8,41.6,27.5,241.0,734.9,0.38,0.65,2.96,Heavy Rain,Flood,Medium
3.2,2.12,0.12,5.4,41.1,4522.0,659.3,0.44,0.2,10.04,Extreme Heat,Fire,High
1.4,1.92,0.17,36.9,41.6,551.0,326.6,0.58,0.57,10.03,Extreme Heat,Fire,High
246.0,3.11,0.47,69.2,25.2,3488.0,174.1,0.75,0.34,11.57,Cyclone,Infrastructure Failure,High
97.7,4.81,0.55,36.2,22.1,1446.0,687.3,0.68,0.64,7.91,Heavy Rain,Flood,Medium
2.9,2.34,0.11,30.8,38.9,6496.0,343.0,0.18,0.1,12.48,Extreme Heat,Fire,High
182.7,3.0,0.8,44.2,28.3,4514.0,597.6,0.89,0.22,7.34,Heavy Rain,Disease Outbreak,High
7.5,2.49,0.25,35.8,34.4,699.0,787.1,0.07,0.28,18.05,Extreme Heat,Fire,Medium
259.8,5.01,0.92,35.1,27.1,625.0,1325.9,0.94,0.35,3.86,Landslide Trigger,Landslide,Critical
73.2,1.57,0.47,144.5,27.9,2401.0,254.8,0.8,0.34,11.08,Cyclone,Infrastructure Failure,High
372.4,3.21,0.82,39.7,20.3,418.0,317.2,0.58,0.94,2.57,Heavy Rain,Flood,High
8.4,1.59,0.06,9.9,41.2,1431.0,887.0,0.54,0.55,22.16,Extreme Heat,Fire,High
10.3,1.88,0.29,5.9,47.2,8166.0,81.7,0.49,0.11,12.95,Extreme Heat,Fire,Critical
91.9,6.13,0.35,100.2,25.6,3774.0,327.0,0.42,0.58,1.41,Cyclone,Infrastructure Failure,Medium
89.3,4.66,0.81,18.2,25.5,3058.0,2122.5,0.58,0.06,1.89,Landslide Trigger,Landslide,Critical
163.0,11.22,0.72,52.0,26.1,4198.0,32.4,0.55,0.16,0.71,Heavy Rain,Flood,High
195.8,7.98,0.75,83.4,24.8,1326.0,387.3,0.79,0.2,10.66,Cyclone,Infrastructure Failure,High
3.0,0.86,0.08,34.9,42.1,5293.0,247.9,0.14,0.63,21.52,Extreme Heat,Fire,High
213.2,5.29,0.83,22.6,18.4,1148.0,2088.4,0.07,0.82,13.58,Landslide Trigger,Landslide,High
174.4,5.47,0.6,28.7,22.5,11490.0,457.5,0.89,0.89,0.72,Heavy Rain,Flood,High
13.2,1.82,0.12,6.7,35.4,16096.0,305.1,0.44,0.52,13.59,Extreme Heat,Fire,Critical
55.6,1.13,0.62,20.9,20.5,2215.0,2060.5,0.57,0.72,12.88,Earthquake,Landslide,Medium
71.7,8.42,0.88,113.9,29.5,15902.0,344.6,0.66,0.43,4.56,Cyclone,Infrastructure Failure,Critical
273.5,7.2,0.46,45.8,24.8,2573.0,638.7,0.74,0.94,1.32,Heavy Rain,Flood,High
252.3,6.19,0.61,52.7,16.4,6337.0,796.2,0.15,0.17,2.54,Landslide Trigger,Landslide,High
131.1,7.65,0.91,28.8,24.6,560.0,141.5,0.42,0.58,2.2,Heavy Rain,Flood,High
106.7,8.27,0.89,71.4,22.2,1494.0,317.0,0.4,0.87,2.37,Cyclone,Flood,Medium
267.4,2.87,0.41,19.0,21.8,1310.0,392.8,0.39,0.35,6.72,Heavy Rain,Flood,High
42.2,6.73,0.56,27.9,15.8,440.0,1381.1,0.45,0.07,14.05,Landslide Trigger,Landslide,High
61.7,2.74,0.5,19.2,33.2,3903.0,930.5,0.52,0.22,10.77,Earthquake,Fire,Medium
4.8,0.68,0.18,26.3,35.7,1419.0,574.9,0.25,0.85,22.54,Extreme Heat,Fire,Medium
278.3,3.45,0.64,40.3,24.9,5219.0,498.7,0.34,0.69,4.58,Heavy Rain,Flood,High
79.3,1.86,0.55,12.4,20.6,885.0,2060.0,0.48,0.41,1.49,Earthquake,Landslide,Medium
50.3,1.17,0.19,16.1,25.5,2646.0,1258.3,0.27,0.74,12.43,Earthquake,Fire,Medium
1.3,0.9,0.27,14.8,40.9,1462.0,307.9,0.94,0.37,13.66,Extreme Heat,Fire,Critical
190.5,6.33,0.79,40.5,22.0,266.0,1392.9,0.85,0.58,12.31,Landslide Trigger,Landslide,High
330.1,2.59,0.9,15.4,26.7,3266.0,339.1,0.2,0.51,5.48,Heavy Rain,Flood,High
22.2,2.46,0.52,7.4,25.3,9885.0,1377.9,0.52,0.21,6.61,Earthquake,Disease Outbreak,High
85.6,7.37,0.62,18.7,18.4,589.0,457.6,0.59,0.91,4.83,Heavy Rain,Flood,Medium
294.1,8.61,0.78,79.9,23.7,6185.0,180.8,0.26,0.48,7.47,Cyclone,Flood,High
263.7,6.51,0.66,20.1,29.8,889.0,385.4,0.51,0.28,4.31,Heavy Rain,Flood,High
84.6,3.71,0.3,114.2,26.3,241.0,360.0,0.85,0.16,0.58,Cyclone,Infrastructure Failure,High
30.6,2.93,0.79,136.3,25.7,7623.0,268.9,0.1,0.78,6.14,Cyclone,Infrastructure Failure,Medium
13.6,1.87,0.25,26.1,28.6,3365.0,1228.0,0.75,0.27,14.27,Earthquake,Fire,High
145.8,2.71,0.56,126.7,29.6,3573.0,285.2,0.38,0.9,3.77,Cyclone,Infrastructure Failure,Medium
5.2,1.71,0.28,36.7,40.1,1352.0,337.2,0.64,0.89,11.89,Extreme Heat,Fire,High
64.0,5.99,0.84,69.5,27.4,2411.0,346.8,0.07,0.15,10.82,Cyclone,Disease Outbreak,Medium
243.6,3.61,0.49,44.7,27.0,807.0,675.8,0.8,0.7,0.94,Heavy Rain,Flood,High
12.1,2.48,0.31,23.2,38.4,1407.0,521.3,0.74,0.13,16.69,Extreme Heat,Fire,High
307.2,2.79,0.69,48.8,19.0,7307.0,419.0,0.8,0.89,1.36,Heavy Rain,Flood,High
266.2,7.39,0.41,88.7,27.5,924.0,237.6,0.17,0.48,9.41,Cyclone,Flood,Medium
12.6,2.93,0.44,27.2,16.3,1360.0,2124.1,0.66,0.09,1.0,Earthquake,Landslide,Medium
52.5,2.11,0.65,145.1,28.1,161.0,243.4,0.07,0.85,4.22,Cyclone,Infrastructure Failure,Low
83.8,11.5,0.5,40.4,29.4,1483.0,296.2,0.32,0.23,5.9,Heavy Rain,Flood,High
251.7,3.56,0.47,154.9,25.6,1575.0,172.0,0.38,0.79,11.88,Cyclone,Infrastructure Failure,Medium
114.9,2.4,0.69,46.5,14.6,999.0,1147.8,0.64,0.31,5.85,Landslide Trigger,Landslide,High
48.5,2.27,0.26,13.0,18.4,3675.0,171.8,0.2,0.6,12.76,Earthquake,Fire,Medium
78.6,0.76,0.4,27.0,15.9,396.0,1723.3,0.79,0.39,19.61,Earthquake,Landslide,Medium
11.5,2.23,0.19,20.7,15.4,2066.0,1616.5,0.23,0.38,10.27,Earthquake,Fire,Medium
110.0,9.12,0.52,37.8,21.4,1862.0,529.0,0.66,0.42,4.37,Heavy Rain,Flood,High
251.8,7.34,0.62,143.3,31.1,2771.0,215.1,0.37,0.54,0.91,Cyclone,Infrastructure Failure,High
9.7,1.79,0.25,28.8,35.5,1779.0,188.7,0.74,0.16,16.5,Extreme Heat,Fire,High
113.2,7.53,0.69,22.0,22.9,419.0,37.6,0.57,0.83,0.39,Heavy Rain,Flood,Medium
135.9,2.81,0.81,48.5,19.7,460.0,314.7,0.63,0.92,1.35,Heavy Rain,Flood,Medium
273.8,11.36,0.65,50.4,20.5,1586.0,103.1,0.34,0.65,5.65,Heavy Rain,Flood,High
120.0,6.08,0.48,134.5,25.4,5121.0,216.3,0.61,0.22,0.38,Cyclone,Infrastructure Failure,High
91.7,2.57,0.77,39.7,17.8,242.0,1788.1,0.43,0.58,13.45,Landslide Trigger,Landslide,High
243.5,2.68,0.52,12.8,24.8,1396.0,519.9,0.35,0.79,1.36,Heavy Rain,Flood,Medium
82.6,5.89,0.77,138.8,29.3,4437.0,123.3,0.68,0.11,9.89,Cyclone,Infrastructure Failure,Critical
64.3,8.76,0.95,44.8,28.0,3724.0,440.5,0.69,0.66,2.51,Heavy Rain,Flood,High
267.2,3.2,0.52,55.9,16.2,1288.0,1794.6,0.8,0.35,13.22,Landslide Trigger,Landslide,High
312.1,3.13,0.78,40.5,23.9,4336.0,552.8,0.92,0.45,7.39,Heavy Rain,Flood,High
172.6,3.61,0.89,65.2,25.9,8092.0,122.6,0.38,0.88,4.7,Cyclone,Infrastructure Failure,Medium
6.4,2.21,0.21,15.9,40.3,1194.0,393.5,0.22,0.35,7.98,Extreme Heat,Fire,High
9.4,1.27,0.26,39.5,39.3,1693.0,427.1,0.7,0.25,5.77,Extreme Heat,Fire,High
79.2,4.51,0.79,119.2,32.5,239.0,362.3,0.41,0.52,1.9,Cyclone,Infrastructure Failure,Medium
169.2,2.57,0.37,64.5,31.4,867.0,379.4,0.13,0.84,1.48,Cyclone,Fire,Low
288.9,3.59,0.48,94.5,27.5,9751.0,274.6,0.14,0.77,6.1,Cyclone,Infrastructure Failure,Medium
160.4,5.9,0.81,51.8,26.6,1339.0,622.9,0.73,0.76,6.03,Heavy Rain,Flood,High
226.0,7.33,0.84,46.8,22.0,954.0,643.2,0.7,0.22,6.53,Heavy Rain,Flood,High
55.1,6.1,0.85,63.4,31.1,6035.0,205.1,0.84,0.74,10.34,Cyclone,Infrastructure Failure,High
328.2,4.08,0.58,20.9,26.9,6857.0,131.4,0.69,0.84,1.54,Heavy Rain,Flood,High
96.0,6.09,0.56,10.4,21.4,2775.0,309.9,0.39,0.09,0.83,Heavy Rain,Flood,High
56.3,3.05,0.57,19.6,34.4,1984.0,2015.2,0.05,0.69,11.48,Earthquake,Landslide,Medium
175.6,6.63,0.77,59.7,26.0,618.0,2307.2,0.77,0.76,5.59,Landslide Trigger,Landslide,High
16.9,3.18,0.44,8.3,25.0,5074.0,2051.9,0.08,0.71,10.62,Earthquake,Landslide,Medium
362.5,7.0,0.6,39.1,29.0,644.0,149.6,0.5,0.54,3.29,Heavy Rain,Flood,High
361.6,6.21,0.73,49.8,21.9,1384.0,542.6,0.2,0.5,6.08,Heavy Rain,Flood,High
125.6,2.6,0.95,37.6,26.0,5162.0,790.6,0.78,0.4,14.15,Landslide Trigger,Landslide,High
210.3,7.84,0.86,48.2,18.9,2976.0,724.2,0.22,0.79,7.51,Heavy Rain,Flood,High
231.0,9.85,0.87,13.9,25.3,1226.0,391.7,0.24,0.86,7.57,Heavy Rain,Flood,High
11.9,2.9,0.3,22.0,27.3,552.0,947.3,0.4,0.44,19.52,Earthquake,Fire,Medium
50.5,1.93,0.2,33.4,23.3,881.0,786.7,0.14,0.18,9.49,Earthquake,Fire,Medium
13.3,1.19,0.36,23.7,27.6,5638.0,50.2,0.92,0.37,18.5,Earthquake,Fire,High
269.4,4.01,0.87,17.3,21.9,2724.0,397.8,0.14,0.43,4.8,Heavy Rain,Flood,High
354.6,10.35,0.74,35.8,19.3,2243.0,168.2,0.71,0.46,2.1,Heavy Rain,Flood,Critical
70.3,3.64,0.57,48.8,16.3,929.0,1365.1,0.12,0.56,10.71,Landslide Trigger,Landslide,Medium
67.9,7.79,0.84,24.8,23.9,18000.0,743.7,0.19,0.69,3.82,Heavy Rain,Disease Outbreak,Critical
52.2,3.55,0.2,13.4,17.6,7808.0,2056.2,0.31,0.16,9.11,Earthquake,Fire,Medium
4.4,1.69,0.3,18.5,46.8,4358.0,234.9,0.3,0.07,17.95,Extreme Heat,Fire,High
29.2,0.66,0.6,33.6,29.7,346.0,1612.4,0.77,0.55,5.58,Earthquake,Fire,Medium
214.0,7.74,0.55,73.7,30.7,1942.0,184.2,0.25,0.2,9.94,Cyclone,Flood,Medium
295.5,7.67,0.63,32.1,24.6,1207.0,199.1,0.4,0.5,3.09,Heavy Rain,Flood,High
13.9,1.88,0.34,13.6,35.0,713.0,208.3,0.81,0.87,13.22,Earthquake,Fire,Medium
136.4,5.94,0.61,21.3,18.4,1594.0,1083.3,0.42,0.69,6.56,Landslide Trigger,Landslide,Medium
98.9,1.11,0.73,35.2,14.8,956.0,667.6,0.84,0.21,8.14,Landslide Trigger,Landslide,High
56.6,6.53,0.97,38.5,22.2,840.0,23.3,0.63,0.57,3.93,Heavy Rain,Flood,Medium
137.5,3.12,0.84,36.3,28.1,504.0,215.2,0.31,0.64,5.26,Heavy Rain,Flood,Medium
238.1,2.93,0.87,45.5,18.9,3443.0,2152.8,0.5,0.46,8.13,Landslide Trigger,Landslide,Critical
12.7,1.09,0.06,35.8,45.6,3702.0,342.6,0.12,0.43,6.27,Extreme Heat,Fire,High
60.6,4.59,0.51,43.3,23.4,442.0,1374.3,0.33,0.47,3.45,Landslide Trigger,Landslide,Medium
261.9,2.51,0.81,42.1,23.3,5013.0,281.3,0.93,0.38,6.75,Heavy Rain,Flood,High
72.5,0.81,0.36,19.0,23.8,6543.0,1394.0,0.55,0.86,4.23,Earthquake,Fire,Medium
0.0,1.76,0.17,22.7,44.4,3985.0,219.9,0.52,0.26,6.71,Extreme Heat,Fire,Critical
38.7,2.11,0.5,5.1,26.7,7141.0,1352.2,0.45,0.36,15.16,Earthquake,Disease Outbreak,Medium
57.6,4.19,0.34,136.3,30.9,502.0,169.8,0.82,0.84,3.19,Cyclone,Infrastructure Failure,High
137.9,8.1,0.55,20.1,18.3,140.0,466.0,0.14,0.33,1.28,Heavy Rain,Flood,Medium
53.5,1.21,0.59,13.7,21.6,346.0,518.7,0.32,0.82,5.82,Earthquake,Flood,Low
277.2,10.38,0.46,30.5,20.8,5506.0,579.8,0.08,0.33,7.76,Heavy Rain,Flood,High
37.7,1.82,0.35,86.3,25.3,4823.0,163.2,0.18,0.19,4.92,Cyclone,Infrastructure Failure,Medium
190.4,4.43,0.57,53.4,18.6,1347.0,1133.9,0.55,0.4,6.89,Landslide Trigger,Landslide,High
100.0,8.74,0.49,126.4,25.8,4566.0,176.9,0.71,0.07,2.91,Cyclone,Infrastructure Failure,Critical
0.9,2.34,0.32,22.7,40.9,3493.0,734.9,0.48,0.72,5.18,Extreme Heat,Fire,High
59.9,7.83,0.72,47.8,26.1,1778.0,705.3,0.17,0.62,7.11,Heavy Rain,Flood,Medium
69.9,0.76,0.43,8.4,15.5,3037.0,1511.2,0.82,0.12,13.96,Earthquake,Landslide,High
65.3,6.19,0.73,27.3,24.3,5124.0,2188.8,0.3,0.31,10.65,Landslide Trigger,Landslide,High
335.2,8.03,0.54,33.6,26.2,238.0,182.7,0.32,0.66,5.27,Heavy Rain,Flood,High
99.3,4.5,0.91,40.3,24.0,2833.0,176.6,0.19,0.48,2.8,Heavy Rain,Flood,Medium
140.4,5.31,0.36,70.1,32.6,5079.0,391.9,0.64,0.16,5.17,Cyclone,Infrastructure Failure,High
147.9,5.32,0.75,36.1,29.1,7199.0,634.1,0.77,0.35,6.87,Heavy Rain,Flood,High
3.2,1.64,0.26,18.5,45.9,2052.0,865.3,0.81,0.07,15.1,Extreme Heat,Fire,Critical
71.0,6.07,0.84,33.7,26.4,3319.0,1102.9,0.22,0.31,9.87,Landslide Trigger,Landslide,High
277.3,2.97,0.4,105.6,23.0,3167.0,358.4,0.36,0.77,1.29,Cyclone,Infrastructure Failure,Medium
244.6,5.99,0.97,13.0,24.9,4408.0,791.8,0.08,0.07,5.56,Heavy Rain,Flood,High
39.7,9.43,0.89,91.8,25.2,1579.0,62.7,0.72,0.83,4.02,Cyclone,Infrastructure Failure,High
11.2,1.79,0.28,30.8,40.7,3740.0,315.5,0.91,0.57,8.5,Extreme Heat,Fire,Critical
351.1,2.63,0.86,48.4,25.6,980.0,747.9,0.24,0.55,4.76,Heavy Rain,Flood,High
72.5,0.75,0.45,28.1,17.3,1124.0,301.1,0.23,0.23,7.96,Earthquake,Landslide,Low
10.5,2.64,0.49,26.1,25.6,10216.0,2098.7,0.4,0.84,17.73,Earthquake,Fire,Medium
61.0,1.69,0.2,25.5,17.7,3745.0,681.6,0.88,0.58,10.51,Earthquake,Fire,Medium
271.6,5.29,0.8,29.7,28.3,1913.0,320.0,0.78,0.91,3.8,Heavy Rain,Flood,High
4.9,1.45,0.26,36.3,40.9,2658.0,115.8,0.43,0.22,10.48,Extreme Heat,Fire,High
62.2,8.69,0.98,51.4,26.2,3217.0,674.8,0.1,0.69,2.12,Heavy Rain,Flood,High
370.1,10.25,0.71,45.5,29.3,1106.0,180.7,0.84,0.14,6.37,Heavy Rain,Flood,Critical
82.8,5.32,0.58,22.1,21.8,5987.0,2070.0,0.78,0.57,4.76,Landslide Trigger,Landslide,High
9.7,0.58,0.16,14.2,36.1,4277.0,362.9,0.59,0.87,10.16,Extreme Heat,Fire,High
98.0,3.04,0.71,10.0,27.5,1541.0,409.7,0.39,0.44,3.96,Heavy Rain,Disease Outbreak,Medium
55.3,3.25,0.69,16.8,27.3,958.0,226.8,0.37,0.08,0.87,Heavy Rain,Disease Outbreak,High
96.8,5.41,0.58,46.0,28.1,3318.0,162.8,0.77,0.92,1.08,Heavy Rain,Flood,High
52.2,6.22,0.83,47.3,18.7,348.0,547.7,0.49,0.19,2.38,Heavy Rain,Flood,High
293.2,9.17,0.89,27.0,18.2,3889.0,215.2,0.39,0.53,3.8,Heavy Rain,Flood,High
223.0,3.98,0.76,29.8,27.7,2247.0,555.6,0.68,0.13,0.98,Heavy Rain,Flood,High
244.0,3.28,0.6,149.4,28.3,558.0,172.5,0.57,0.49,0.18,Cyclone,Infrastructure Failure,High
5.5,2.35,0.15,23.8,42.0,1415.0,484.2,0.87,0.46,12.98,Extreme Heat,Fire,Critical
42.3,2.8,0.18,28.4,25.3,6731.0,1462.9,0.4,0.78,15.67,Earthquake,Fire,Medium
20.7,2.81,0.2,5.6,16.9,3286.0,736.7,0.33,0.71,1.59,Earthquake,Fire,Medium
65.2,4.45,0.64,27.2,19.6,4185.0,795.4,0.25,0.84,2.35,Heavy Rain,Flood,Medium
133.1,6.41,0.66,15.4,21.2,957.0,1449.6,0.76,0.08,2.68,Landslide Trigger,Landslide,High
7.3,1.56,0.26,6.3,42.2,2316.0,22.7,0.87,0.16,8.1,Extreme Heat,Fire,Critical
2.5,1.84,0.16,26.8,48.0,2343.0,888.4,0.86,0.13,10.14,Extreme Heat,Fire,Critical
6.8,1.26,0.14,39.8,44.3,2253.0,362.1,0.84,0.29,21.07,Extreme Heat,Fire,Critical
93.7,2.48,0.75,28.1,16.1,3325.0,2389.3,0.85,0.89,13.61,Landslide Trigger,Landslide,High
212.5,5.65,0.83,113.9,23.4,8865.0,149.9,0.64,0.84,5.41,Cyclone,Infrastructure Failure,High
300.0,5.29,0.82,18.8,22.9,5685.0,646.8,0.28,0.72,4.93,Heavy Rain,Flood,High
16.2,2.41,0.37,21.7,17.7,2716.0,826.6,0.54,0.51,13.67,Earthquake,Fire,Medium
14.2,2.37,0.16,17.3,41.8,940.0,104.1,0.25,0.62,8.97,Extreme Heat,Fire,High
5.8,0.84,0.32,35.6,46.1,461.0,363.9,0.3,0.25,3.31,Extreme Heat,Fire,High
266.0,9.39,0.79,129.3,28.5,3043.0,309.1,0.19,0.2,11.37,Cyclone,Flood,High
242.7,5.5,0.93,37.5,26.1,1905.0,14.6,0.69,0.39,4.04,Heavy Rain,Flood,High
293.7,6.86,0.7,147.3,32.9,667.0,83.1,0.46,0.14,9.75,Cyclone,Infrastructure Failure,High
189.6,3.81,0.79,45.5,22.7,2667.0,988.1,0.49,0.94,12.72,Landslide Trigger,Landslide,Medium
22.7,2.35,0.49,8.8,22.1,2275.0,1773.6,0.62,0.65,5.5,Earthquake,Landslide,Medium
226.6,8.43,0.54,127.1,30.1,6513.0,123.6,0.31,0.66,11.62,Cyclone,Infrastructure Failure,Medium
286.9,6.38,0.9,41.1,25.9,1921.0,184.5,0.71,0.61,3.32,Heavy Rain,Flood,High
53.2,3.96,0.58,130.0,30.2,1209.0,198.8,0.28,0.75,1.49,Cyclone,Infrastructure Failure,Medium
83.2,3.79,0.81,58.4,28.0,4491.0,2305.8,0.73,0.83,11.06,Landslide Trigger,Landslide,High
76.1,2.06,0.36,18.8,28.2,2049.0,1717.2,0.38,0.94,17.54,Earthquake,Fire,Medium
3.5,0.94,0.26,11.3,39.6,2874.0,277.3,0.39,0.47,5.88,Extreme Heat,Fire,High
82.9,7.64,0.49,92.6,24.8,2514.0,176.6,0.92,0.86,5.62,Cyclone,Infrastructure Failure,High
48.8,0.64,0.46,7.7,29.2,9241.0,888.7,0.43,0.46,16.92,Earthquake,Disease Outbreak,Medium
244.7,4.27,0.94,29.5,20.0,596.0,612.6,0.56,0.65,1.83,Heavy Rain,Flood,High
8.5,1.81,0.08,21.7,39.0,1234.0,876.6,0.9,0.94,3.14,Extreme Heat,Fire,High
252.7,2.11,0.64,98.0,30.9,2250.0,26.7,0.19,0.67,2.45,Cyclone,Infrastructure Failure,Medium
251.6,7.14,0.56,143.4,23.5,303.0,107.8,0.14,0.41,5.93,Cyclone,Infrastructure Failure,Medium
75.5,3.68,0.38,9.3,18.6,377.0,861.7,0.66,0.57,4.99,Earthquake,Fire,Medium
109.9,5.67,0.86,37.1,15.4,1008.0,2236.9,0.6,0.41,10.36,Landslide Trigger,Landslide,High
259.7,6.76,0.68,43.1,25.4,1264.0,73.2,0.44,0.3,0.62,Heavy Rain,Flood,High
9.8,0.89,0.26,32.1,35.7,785.0,592.7,0.87,0.6,24.11,Extreme Heat,Fire,High
245.0,2.97,0.83,31.5,26.7,1079.0,649.3,0.18,0.19,4.24,Heavy Rain,Flood,High
264.1,2.49,0.53,91.8,31.5,4375.0,193.7,0.82,0.14,11.96,Cyclone,Infrastructure Failure,High
133.5,3.72,0.67,42.3,20.0,938.0,112.8,0.48,0.1,4.96,Heavy Rain,Flood,High
213.8,5.83,0.69,86.2,25.1,2874.0,321.5,0.62,0.13,8.65,Cyclone,Infrastructure Failure,High
261.2,7.66,0.65,147.3,23.9,1287.0,276.2,0.06,0.71,11.56,Cyclone,Flood,Medium
52.3,10.35,0.43,39.4,22.5,4488.0,170.6,0.36,0.31,7.2,Heavy Rain,Flood,High
228.7,8.19,0.73,120.8,24.5,2431.0,341.9,0.51,0.56,9.02,Cyclone,Infrastructure Failure,High
238.8,5.45,0.89,37.8,22.7,1978.0,2109.1,0.61,0.87,4.25,Landslide Trigger,Landslide,High
55.2,4.41,0.54,24.7,21.4,3343.0,476.2,0.27,0.83,7.1,Heavy Rain,Flood,Medium
9.5,0.94,0.16,32.6,44.3,5303.0,527.4,0.33,0.74,5.33,Extreme Heat,Fire,High
204.8,3.61,0.43,72.4,24.7,3022.0,67.3,0.58,0.63,7.44,Cyclone,Infrastructure Failure,Medium
65.2,3.7,0.27,22.6,16.6,2233.0,308.3,0.73,0.43,13.43,Earthquake,Fire,Medium
92.1,10.35,0.45,18.5,21.3,2329.0,796.3,0.74,0.62,3.39,Heavy Rain,Flood,High
327.7,6.88,0.96,45.9,22.8,3791.0,311.2,0.61,0.73,7.44,Heavy Rain,Flood,Critical
235.1,3.93,0.59,35.1,18.2,674.0,355.5,0.11,0.8,6.07,Heavy Rain,Flood,Medium
253.7,4.09,0.87,39.6,22.0,5871.0,307.2,0.51,0.55,1.33,Heavy Rain,Flood,High
341.6,2.64,0.44,17.3,18.4,858.0,529.9,0.18,0.18,5.11,Heavy Rain,Flood,High
76.3,2.93,0.44,14.7,23.7,4602.0,242.2,0.61,0.58,19.96,Earthquake,Fire,Medium
161.0,2.54,0.6,39.7,15.0,8175.0,548.9,0.87,0.06,8.85,Landslide Trigger,Landslide,High
1.6,1.67,0.3,38.4,46.0,341.0,616.3,0.09,0.6,6.61,Extreme Heat,Fire,Medium
2.9,3.09,0.51,7.4,33.1,7520.0,1172.1,0.23,0.39,18.18,Earthquake,Disease Outbreak,Medium
94.4,9.47,0.69,51.8,20.5,3603.0,553.8,0.11,0.58,7.91,Heavy Rain,Flood,Medium
109.3,2.77,0.59,22.0,27.5,152.0,305.2,0.06,0.08,5.89,Heavy Rain,Disease Outbreak,Medium
89.2,4.49,0.66,153.7,25.9,7400.0,27.0,0.68,0.76,2.42,Cyclone,Infrastructure Failure,High
91.0,3.71,0.47,48.6,20.5,2616.0,518.1,0.23,0.62,4.18,Heavy Rain,Flood,Medium
41.6,9.45,0.32,64.8,25.6,2143.0,333.5,0.07,0.12,3.16,Cyclone,Flood,Medium
194.2,3.05,0.72,134.6,31.4,9505.0,57.9,0.74,0.16,5.52,Cyclone,Infrastructure Failure,Critical
165.7,8.88,0.56,139.6,27.5,253.0,47.2,0.23,0.85,1.86,Cyclone,Infrastructure Failure,Medium
205.6,7.41,0.67,96.7,24.4,2199.0,370.6,0.95,0.4,6.23,Cyclone,Infrastructure Failure,High
12.8,2.22,0.12,8.3,47.7,2312.0,394.8,0.61,0.75,2.05,Extreme Heat,Fire,High
14.1,2.33,0.33,6.1,44.0,5255.0,218.8,0.43,0.87,6.31,Extreme Heat,Fire,High
41.5,7.92,0.38,76.8,27.3,9104.0,161.3,0.64,0.31,5.89,Cyclone,Infrastructure Failure,Critical
81.5,3.52,0.71,42.1,17.7,2730.0,1935.0,0.61,0.24,2.38,Landslide Trigger,Landslide,High
238.2,4.69,0.8,37.4,26.7,972.0,1787.9,0.11,0.2,6.35,Landslide Trigger,Landslide,High
298.0,4.75,0.84,76.2,26.7,2984.0,384.4,0.88,0.9,1.18,Cyclone,Infrastructure Failure,High
258.4,8.35,0.69,80.9,30.0,1067.0,391.5,0.57,0.67,6.36,Cyclone,Flood,Medium
86.2,7.25,0.65,118.2,25.4,2924.0,66.3,0.35,0.32,7.52,Cyclone,Infrastructure Failure,High
123.3,3.94,0.95,49.4,25.9,831.0,1411.3,0.7,0.43,8.37,Landslide Trigger,Landslide,High
218.2,3.45,0.55,22.8,25.4,8581.0,917.2,0.64,0.15,4.7,Landslide Trigger,Landslide,High
97.4,4.95,0.74,43.9,21.3,845.0,697.8,0.92,0.17,0.96,Heavy Rain,Flood,High
269.8,7.13,0.34,106.0,27.7,1994.0,373.2,0.15,0.63,5.11,Cyclone,Flood,Medium
16.9,0.77,0.65,13.1,17.8,312.0,1553.9,0.14,0.13,16.61,Earthquake,Landslide,Medium
42.7,6.78,0.65,123.0,27.6,8133.0,327.9,0.49,0.76,6.61,Cyclone,Infrastructure Failure,High
184.4,6.42,0.89,14.8,24.8,2965.0,583.8,0.45,0.28,6.03,Heavy Rain,Flood,High
258.3,3.22,0.87,16.4,17.3,1331.0,1091.2,0.09,0.21,10.4,Landslide Trigger,Landslide,High
20.7,1.12,0.25,28.1,23.2,1994.0,921.1,0.88,0.32,19.37,Earthquake,Fire,High
6.0,1.29,0.21,25.4,37.5,123.0,718.4,0.58,0.77,13.42,Extreme Heat,Fire,High
100.1,1.23,0.87,58.9,15.1,9181.0,2276.1,0.63,0.85,6.03,Landslide Trigger,Landslide,High
11.8,0.56,0.07,23.4,35.8,1217.0,425.7,0.49,0.4,23.96,Extreme Heat,Fire,High
200.1,3.05,0.46,141.6,30.9,2068.0,316.7,0.71,0.4,9.27,Cyclone,Infrastructure Failure,High
8.1,1.88,0.23,16.7,20.9,4013.0,1338.2,0.51,0.88,7.87,Earthquake,Fire,Medium
80.0,8.69,0.79,52.8,22.5,1086.0,251.3,0.5,0.8,1.46,Heavy Rain,Flood,High
22.7,1.05,0.29,8.0,33.5,1008.0,1926.1,0.86,0.05,6.86,Earthquake,Fire,High
248.2,10.74,0.69,10.1,20.6,1707.0,738.7,0.76,0.8,0.23,Heavy Rain,Flood,Critical
38.2,1.31,0.45,12.9,20.1,118.0,1786.3,0.35,0.49,3.93,Earthquake,Landslide,Medium
282.7,9.53,0.78,38.2,26.0,3166.0,224.5,0.11,0.32,3.12,Heavy Rain,Flood,High
184.1,7.3,0.68,42.3,23.7,2485.0,724.3,0.05,0.33,3.1,Heavy Rain,Flood,High
336.0,5.5,0.55,34.5,18.9,1646.0,430.0,0.76,0.65,2.5,Heavy Rain,Flood,High
197.2,7.7,0.84,43.6,20.2,765.0,247.7,0.06,0.21,2.85,Heavy Rain,Flood,High
12.1,1.59,0.15,26.3,44.4,312.0,331.9,0.59,0.37,12.72,Extreme Heat,Fire,High
6.5,1.35,0.24,25.0,39.9,6874.0,34.9,0.74,0.93,16.28,Extreme Heat,Fire,High
67.6,3.28,0.62,82.4,22.4,1080.0,163.9,0.91,0.26,3.52,Cyclone,Infrastructure Failure,High
92.7,3.63,0.87,42.2,19.6,1127.0,183.6,0.93,0.54,6.0,Heavy Rain,Flood,High
113.4,10.23,0.59,23.0,21.9,1639.0,616.9,0.08,0.79,1.47,Heavy Rain,Flood,Medium
162.4,4.73,0.74,41.7,27.8,2101.0,284.8,0.14,0.81,6.52,Heavy Rain,Flood,Medium
230.7,7.92,0.94,35.2,18.1,2329.0,697.8,0.23,0.32,2.35,Heavy Rain,Flood,High
204.8,3.58,0.79,52.1,18.8,4118.0,1536.7,0.54,0.4,11.89,Landslide Trigger,Landslide,High
184.5,6.4,0.6,41.5,19.5,1233.0,774.3,0.09,0.69,6.25,Heavy Rain,Flood,Medium
228.3,9.21,0.45,67.9,32.1,300.0,107.2,0.73,0.16,8.69,Cyclone,Infrastructure Failure,High
279.5,7.29,0.95,11.7,21.5,2984.0,64.9,0.53,0.17,7.05,Heavy Rain,Flood,High
211.4,6.09,0.58,44.7,18.7,7711.0,520.9,0.72,0.3,6.6,Heavy Rain,Flood,High
192.1,2.63,0.37,120.7,31.4,2768.0,31.6,0.25,0.6,1.36,Cyclone,Infrastructure Failure,Medium
17.2,0.91,0.42,30.9,28.7,7048.0,1810.3,0.39,0.82,6.06,Earthquake,Fire,Medium
205.5,4.91,0.55,35.5,18.9,1409.0,744.7,0.26,0.05,2.24,Heavy Rain,Flood,High
278.5,7.81,0.87,11.8,29.1,463.0,271.4,0.72,0.57,7.31,Heavy Rain,Flood,High
126.7,2.13,0.66,62.5,27.5,15295.0,243.7,0.28,0.34,8.82,Cyclone,Disease Outbreak,High
162.6,9.08,0.94,53.8,29.3,1609.0,704.7,0.9,0.73,7.93,Heavy Rain,Flood,High
105.6,2.91,0.52,45.0,25.6,588.0,187.2,0.79,0.76,5.96,Heavy Rain,Flood,Medium
273.4,1.9,0.92,30.3,19.8,16907.0,1336.9,0.59,0.88,9.78,Landslide Trigger,Landslide,High
20.4,1.89,0.4,14.7,34.5,4553.0,1610.2,0.47,0.07,10.1,Earthquake,Fire,Medium
43.5,2.69,0.64,6.2,25.2,3117.0,261.0,0.26,0.72,3.83,Earthquake,Fire,Low
168.8,3.25,0.6,60.1,31.5,3126.0,10.0,0.93,0.82,0.18,Cyclone,Infrastructure Failure,High
98.0,3.07,0.68,138.2,26.0,631.0,175.8,0.56,0.14,1.47,Cyclone,Infrastructure Failure,High
84.6,3.38,0.57,64.3,27.5,3290.0,371.8,0.8,0.33,0.39,Cyclone,Infrastructure Failure,High
10.5,0.65,0.47,21.6,19.6,1135.0,1838.0,0.73,0.27,14.97,Earthquake,Landslide,Medium
10.1,0.74,0.26,13.4,42.0,301.0,171.8,0.2,0.22,18.7,Extreme Heat,Fire,High
63.6,9.21,0.97,45.0,28.3,2720.0,14.7,0.93,0.64,1.03,Heavy Rain,Flood,High
131.0,2.67,0.39,94.5,29.9,9187.0,17.6,0.85,0.87,10.24,Cyclone,Infrastructure Failure,High
34.1,9.32,0.52,142.6,24.1,231.0,181.4,0.9,0.78,0.63,Cyclone,Infrastructure Failure,High
167.2,4.15,0.84,30.4,24.7,10812.0,1370.0,0.47,0.43,9.93,Landslide Trigger,Landslide,High
72.5,3.66,0.65,21.5,21.9,4251.0,566.8,0.26,0.6,1.65,Earthquake,Disease Outbreak,Medium
277.5,9.1,0.3,90.1,31.2,6242.0,216.9,0.45,0.37,9.71,Cyclone,Infrastructure Failure,High
200.3,8.38,0.61,44.9,28.8,3219.0,233.0,0.84,0.14,7.72,Heavy Rain,Flood,High
20.1,1.62,0.3,10.2,32.4,2903.0,950.0,0.17,0.54,19.3,Earthquake,Fire,Medium
377.9,7.59,0.4,52.0,20.8,1360.0,553.9,0.3,0.89,4.17,Heavy Rain,Flood,High
276.2,5.61,0.46,69.7,23.7,238.0,211.3,0.46,0.72,3.76,Cyclone,Infrastructure Failure,Medium
344.3,7.77,0.82,26.4,24.0,1868.0,586.4,0.54,0.88,5.85,Heavy Rain,Flood,High
50.6,2.75,0.54,8.5,25.5,1218.0,2112.8,0.59,0.25,7.87,Earthquake,Landslide,Medium
233.5,3.9,0.74,37.1,23.0,1386.0,312.4,0.5,0.27,2.04,Heavy Rain,Flood,High
241.4,7.17,0.46,69.3,22.0,141.0,240.7,0.37,0.92,2.62,Cyclone,Flood,Medium
205.6,6.15,0.57,18.3,14.2,2069.0,2311.3,0.41,0.71,5.2,Landslide Trigger,Landslide,High
152.3,7.32,0.98,30.0,24.6,1093.0,407.0,0.2,0.73,6.45,Heavy Rain,Flood,Medium
142.2,8.81,0.69,113.6,22.8,3370.0,293.5,0.29,0.9,8.26,Cyclone,Infrastructure Failure,Medium
116.8,2.72,0.89,130.9,26.6,394.0,374.7,0.66,0.21,1.18,Cyclone,Infrastructure Failure,High
352.7,10.06,0.58,50.0,18.5,6288.0,443.4,0.37,0.21,7.49,Heavy Rain,Flood,Critical
3.2,1.53,0.23,6.1,39.8,693.0,750.7,0.91,0.29,12.22,Extreme Heat,Fire,Critical
313.5,4.24,0.65,32.1,24.0,2422.0,418.0,0.48,0.24,1.88,Heavy Rain,Flood,High
296.8,8.42,0.83,125.1,23.8,226.0,229.4,0.5,0.41,9.88,Cyclone,Infrastructure Failure,High
17.0,1.82,0.64,26.7,21.0,3120.0,1351.5,0.86,0.55,5.69,Earthquake,Fire,Medium
58.7,2.09,0.41,25.9,31.2,5584.0,1467.8,0.75,0.81,19.57,Earthquake,Fire,High
22.5,2.01,0.43,18.9,31.9,6931.0,108.2,0.1,0.25,4.97,Earthquake,Disease Outbreak,Medium
165.9,9.26,0.72,53.0,20.7,1001.0,699.0,0.5,0.11,2.34,Heavy Rain,Flood,High
176.8,5.7,0.49,48.7,22.6,793.0,785.7,0.5,0.59,7.21,Heavy Rain,Flood,High
12.3,2.27,0.24,6.2,40.7,6632.0,798.6,0.66,0.09,18.42,Extreme Heat,Fire,Critical
291.4,8.84,0.38,70.7,27.9,569.0,304.0,0.51,0.35,4.65,Cyclone,Infrastructure Failure,Medium
5.3,1.79,0.32,24.6,43.6,1291.0,600.8,0.39,0.33,14.68,Extreme Heat,Fire,High
13.8,2.15,0.22,36.9,46.4,4145.0,836.4,0.6,0.71,7.1,Extreme Heat,Fire,High
4.0,1.89,0.17,34.2,45.1,4148.0,206.0,0.55,0.55,6.23,Extreme Heat,Fire,Critical
233.2,8.34,0.44,112.8,31.1,452.0,349.8,0.26,0.9,3.52,Cyclone,Flood,Medium
154.9,4.85,0.31,64.8,29.4,474.0,238.0,0.37,0.78,6.95,Cyclone,Fire,Medium
2.6,2.27,0.09,10.9,40.7,3535.0,851.9,0.58,0.18,9.58,Extreme Heat,Fire,Critical
97.0,8.94,0.41,126.0,32.6,911.0,52.2,0.25,0.16,4.85,Cyclone,Infrastructure Failure,High
264.4,9.22,0.79,51.6,19.7,945.0,262.7,0.18,0.49,2.82,Heavy Rain,Flood,High
240.3,6.73,0.56,52.0,25.5,14839.0,1178.0,0.64,0.93,2.54,Landslide Trigger,Landslide,High
156.1,3.37,0.61,59.3,17.5,1615.0,447.5,0.29,0.62,8.17,Landslide Trigger,Landslide,Medium
128.4,4.72,0.31,116.0,23.3,1302.0,89.5,0.2,0.57,8.63,Cyclone,Infrastructure Failure,Medium
120.9,4.94,0.76,43.3,26.9,5058.0,391.0,0.22,0.19,3.69,Heavy Rain,Flood,High
209.5,4.78,0.73,84.4,25.6,2961.0,359.2,0.15,0.21,5.12,Cyclone,Flood,Medium
0.5,1.35,0.35,35.6,42.9,1572.0,777.8,0.21,0.64,15.67,Extreme Heat,Fire,High
86.3,3.5,0.88,20.8,15.8,1028.0,848.8,0.5,0.32,8.73,Landslide Trigger,Landslide,High
217.1,5.0,0.97,32.2,26.9,973.0,563.4,0.51,0.66,3.98,Heavy Rain,Flood,High
201.8,3.24,0.41,24.8,19.8,1704.0,725.9,0.69,0.78,1.49,Heavy Rain,Flood,High
154.7,2.09,0.62,33.9,19.1,7925.0,1097.3,0.08,0.45,2.85,Landslide Trigger,Landslide,High
294.7,6.78,0.51,73.9,32.6,6889.0,10.5,0.07,0.7,8.21,Cyclone,Flood,Medium
299.7,6.62,0.55,143.1,28.1,225.0,301.0,0.24,0.12,7.09,Cyclone,Infrastructure Failure,High
65.6,1.09,0.69,23.0,26.0,2249.0,1900.1,0.28,0.48,9.02,Landslide Trigger,Landslide,High
261.6,9.54,0.45,41.9,26.9,2579.0,451.6,0.5,0.48,1.79,Heavy Rain,Flood,High
36.9,0.89,0.24,7.9,19.8,858.0,616.5,0.71,0.79,5.66,Earthquake,Fire,Medium
157.9,5.25,0.89,38.1,21.5,2926.0,573.8,0.94,0.32,2.82,Heavy Rain,Flood,High
281.2,4.07,0.62,103.7,30.6,4676.0,29.1,0.47,0.14,7.56,Cyclone,Infrastructure Failure,High
3.7,1.86,0.32,19.8,41.8,1414.0,221.0,0.64,0.94,11.48,Extreme Heat,Fire,High
249.6,3.04,0.65,66.3,24.7,3734.0,73.0,0.5,0.89,4.09,Cyclone,Infrastructure Failure,Medium
91.1,3.19,0.65,25.6,27.9,1684.0,1174.5,0.23,0.16,14.17,Landslide Trigger,Landslide,High
68.4,0.61,0.63,17.5,19.9,340.0,1377.5,0.8,0.43,3.53,Earthquake,Landslide,Medium
169.9,2.91,0.34,94.9,27.6,4982.0,307.3,0.15,0.11,6.06,Cyclone,Infrastructure Failure,Medium
102.4,9.45,0.84,16.4,18.4,4589.0,551.4,0.23,0.58,6.86,Heavy Rain,Flood,High
234.5,3.55,0.62,89.9,24.5,1988.0,388.0,0.17,0.71,10.96,Cyclone,Infrastructure Failure,Medium
99.0,2.85,0.53,110.3,23.1,7218.0,230.8,0.88,0.71,0.28,Cyclone,Infrastructure Failure,High
204.0,4.79,0.83,51.9,19.9,1512.0,378.0,0.42,0.91,2.59,Heavy Rain,Flood,High
99.8,5.44,0.87,105.2,31.5,765.0,28.2,0.93,0.21,11.44,Cyclone,Infrastructure Failure,Critical
150.0,3.97,0.56,83.8,32.6,573.0,125.8,0.79,0.54,7.87,Cyclone,Infrastructure Failure,High
14.7,1.35,0.11,17.1,44.3,344.0,600.0,0.57,0.89,19.9,Extreme Heat,Fire,High
8.6,0.83,0.51,14.5,28.2,7136.0,1222.6,0.66,0.29,19.74,Earthquake,Disease Outbreak,High
3.9,2.26,0.23,32.6,40.3,662.0,110.7,0.75,0.68,9.65,Extreme Heat,Fire,High
79.2,8.09,0.91,41.4,24.1,1859.0,256.4,0.82,0.75,7.11,Heavy Rain,Flood,High
319.4,11.41,0.83,11.5,20.5,303.0,37.8,0.5,0.08,1.6,Heavy Rain,Flood,Critical
37.8,3.65,0.52,33.3,19.5,2279.0,1191.8,0.55,0.08,7.05,Earthquake,Landslide,Medium
93.0,7.14,0.76,114.1,25.0,9897.0,165.0,0.83,0.11,1.24,Cyclone,Infrastructure Failure,Critical
104.9,7.73,0.53,52.0,27.1,5241.0,225.9,0.43,0.63,0.15,Heavy Rain,Flood,High
4.3,0.79,0.25,20.8,37.3,4238.0,141.1,0.31,0.71,15.35,Extreme Heat,Fire,High
2.7,1.18,0.27,28.1,37.8,5923.0,127.5,0.12,0.15,2.98,Extreme Heat,Fire,High
94.2,5.07,0.77,83.5,28.0,726.0,40.7,0.24,0.38,5.63,Cyclone,Infrastructure Failure,Medium
301.2,9.2,0.64,15.3,21.4,11140.0,409.2,0.62,0.37,6.97,Heavy Rain,Flood,Critical
10.4,1.17,0.24,13.5,37.7,3181.0,86.2,0.76,0.78,11.66,Extreme Heat,Fire,High
79.4,0.81,0.4,20.6,31.1,1305.0,622.7,0.94,0.86,2.32,Earthquake,Fire,High
5.9,2.25,0.06,16.0,44.2,6433.0,214.9,0.6,0.94,6.56,Extreme Heat,Fire,Critical
2.0,1.21,0.14,35.8,37.6,4879.0,331.0,0.26,0.11,5.29,Extreme Heat,Fire,High
6.5,1.28,0.1,9.7,46.6,1000.0,79.7,0.91,0.13,4.28,Extreme Heat,Fire,Critical
250.3,8.64,0.53,87.9,29.5,5781.0,282.5,0.29,0.67,9.38,Cyclone,Flood,Medium
94.5,7.1,0.76,17.3,18.9,7101.0,163.8,0.53,0.72,3.42,Heavy Rain,Flood,High
13.9,0.87,0.27,14.4,26.0,2441.0,1944.7,0.05,0.08,9.1,Earthquake,Landslide,Medium
6.7,2.95,0.39,10.8,26.9,3373.0,1220.9,0.74,0.31,2.69,Earthquake,Fire,Medium
10.3,0.9,0.28,36.9,40.2,1021.0,235.3,0.05,0.64,11.18,Extreme Heat,Fire,High
64.0,4.39,0.82,40.0,18.9,348.0,531.4,0.42,0.71,7.45,Heavy Rain,Flood,Medium
270.3,4.54,0.49,45.3,29.5,3072.0,616.4,0.89,0.67,7.71,Heavy Rain,Flood,High
258.1,1.97,0.88,23.9,14.4,242.0,1435.2,0.93,0.65,5.46,Landslide Trigger,Landslide,High
13.5,2.5,0.17,13.9,36.6,2146.0,473.4,0.4,0.2,15.94,Extreme Heat,Fire,High
146.0,1.51,0.9,17.1,19.3,1300.0,600.3,0.15,0.53,11.85,Landslide Trigger,Landslide,Medium
13.7,2.32,0.12,30.2,34.4,931.0,136.0,0.77,0.89,13.49,Extreme Heat,Fire,High
0.3,1.32,0.37,21.9,33.3,1052.0,1967.5,0.75,0.23,13.11,Earthquake,Fire,Medium
77.2,0.52,0.43,7.7,23.2,5027.0,1415.1,0.58,0.28,14.1,Earthquake,Fire,Medium
253.4,5.87,0.57,52.2,27.6,3085.0,1674.4,0.36,0.66,4.95,Landslide Trigger,Landslide,High
43.6,3.75,0.46,11.4,29.5,1691.0,696.9,0.06,0.92,6.18,Earthquake,Fire,Low
42.6,3.21,0.28,27.4,26.3,2279.0,961.9,0.64,0.06,19.44,Earthquake,Fire,Medium
149.5,10.5,0.84,34.2,28.8,1641.0,394.1,0.61,0.34,4.58,Heavy Rain,Flood,High
134.1,9.23,0.37,70.0,22.5,418.0,131.4,0.54,0.57,4.84,Cyclone,Infrastructure Failure,Medium
11.3,2.45,0.24,8.9,35.2,665.0,704.2,0.28,0.73,16.96,Extreme Heat,Fire,Medium
236.8,7.77,0.52,38.3,27.2,2849.0,709.3,0.66,0.49,5.92,Heavy Rain,Flood,High
124.9,10.44,0.71,36.7,29.9,211.0,788.2,0.41,0.89,4.73,Heavy Rain,Flood,High
107.8,9.49,0.35,114.0,27.7,3189.0,105.9,0.26,0.4,11.39,Cyclone,Infrastructure Failure,Medium
288.0,5.18,0.91,17.5,21.2,1243.0,124.5,0.95,0.13,0.92,Heavy Rain,Flood,High
120.3,4.94,0.76,43.5,27.0,3288.0,16.8,0.52,0.39,5.25,Heavy Rain,Flood,High
245.3,4.25,0.44,89.5,26.8,6999.0,89.6,0.59,0.45,7.33,Cyclone,Infrastructure Failure,High
231.2,5.49,0.67,42.2,24.2,458.0,890.9,0.94,0.13,6.13,Landslide Trigger,Landslide,High
75.5,5.34,0.82,93.8,30.5,6066.0,272.0,0.06,0.89,7.7,Cyclone,Flood,Medium
323.6,10.94,0.86,49.5,20.4,470.0,262.2,0.71,0.17,2.59,Heavy Rain,Flood,Critical
67.3,9.48,0.92,44.4,27.9,2297.0,480.5,0.94,0.14,7.11,Heavy Rain,Flood,High
64.7,2.74,0.44,26.8,31.8,802.0,1905.2,0.06,0.17,4.33,Earthquake,Landslide,Medium
101.2,7.27,0.59,132.0,27.4,4896.0,224.5,0.73,0.33,1.42,Cyclone,Infrastructure Failure,Critical
4.9,0.94,0.29,31.1,42.5,265.0,230.2,0.09,0.22,5.95,Extreme Heat,Fire,High
8.0,2.45,0.33,18.3,26.9,1067.0,1467.1,0.78,0.88,13.32,Earthquake,Fire,Medium
4.7,0.53,0.32,37.3,34.7,1248.0,24.4,0.87,0.25,20.78,Extreme Heat,Fire,High
334.2,3.12,0.55,53.8,20.8,501.0,115.1,0.14,0.34,6.87,Heavy Rain,Flood,High
50.8,2.99,0.59,21.2,22.9,4217.0,821.5,0.86,0.92,17.09,Earthquake,Fire,Medium
149.0,7.27,0.77,17.4,18.6,2806.0,695.5,0.55,0.73,4.33,Heavy Rain,Flood,High
74.9,4.68,0.72,55.4,21.3,11006.0,2285.9,0.84,0.58,5.95,Landslide Trigger,Landslide,Critical
28.3,1.82,0.54,22.4,23.0,174.0,1417.5,0.13,0.14,14.93,Earthquake,Landslide,Medium
92.6,4.92,0.78,93.4,22.2,1474.0,195.9,0.92,0.14,11.96,Cyclone,Infrastructure Failure,Critical
107.1,9.02,0.69,44.4,28.4,3094.0,208.4,0.83,0.44,5.49,Heavy Rain,Flood,High
67.1,7.67,0.96,10.7,20.9,1350.0,259.7,0.27,0.63,6.15,Heavy Rain,Flood,Medium
3.7,1.1,0.35,15.7,21.9,5218.0,283.4,0.42,0.58,7.86,Earthquake,Fire,Medium
104.0,3.13,0.91,24.9,22.2,4617.0,703.4,0.66,0.15,5.69,Heavy Rain,Disease Outbreak,High
76.6,3.68,0.27,29.1,23.2,2575.0,1520.1,0.16,0.53,4.15,Earthquake,Fire,Low
130.4,6.57,0.79,49.5,20.0,6041.0,715.7,0.51,0.83,3.18,Heavy Rain,Flood,High
53.0,2.28,0.31,34.1,31.0,4938.0,869.6,0.94,0.3,4.17,Earthquake,Fire,High
13.7,0.75,0.34,31.1,38.9,2981.0,288.1,0.88,0.74,16.8,Extreme Heat,Fire,High
8.1,2.36,0.23,34.7,45.8,2905.0,828.9,0.47,0.49,3.55,Extreme Heat,Fire,High
6.9,2.17,0.15,21.2,36.8,498.0,241.5,0.22,0.53,17.19,Extreme Heat,Fire,High
64.4,3.64,0.9,48.1,22.2,184.0,284.9,0.57,0.59,7.5,Heavy Rain,Flood,Medium
310.0,11.07,0.61,29.7,26.1,3619.0,774.1,0.82,0.13,7.14,Heavy Rain,Flood,Critical
30.2,0.55,0.24,23.9,32.7,451.0,1410.5,0.65,0.46,13.62,Earthquake,Fire,Medium
205.9,4.11,0.65,100.3,28.1,1600.0,63.1,0.71,0.69,4.81,Cyclone,Infrastructure Failure,High
275.4,6.56,0.49,134.4,27.5,555.0,81.4,0.21,0.73,8.99,Cyclone,Flood,Medium
304.1,9.62,0.57,49.0,26.7,2873.0,668.8,0.15,0.69,5.7,Heavy Rain,Flood,High
277.9,5.31,0.83,34.8,24.7,882.0,300.4,0.74,0.29,1.02,Heavy Rain,Flood,High
50.7,11.47,0.52,39.5,29.1,12085.0,483.8,0.82,0.55,6.41,Heavy Rain,Disease Outbreak,High
127.3,3.89,0.89,53.4,25.8,1294.0,1594.4,0.05,0.74,7.68,Landslide Trigger,Landslide,Medium
141.4,5.47,0.89,12.4,29.1,2041.0,11.1,0.14,0.66,7.52,Heavy Rain,Flood,Medium
71.7,2.03,0.5,34.4,19.8,1878.0,1814.0,0.3,0.45,6.61,Earthquake,Landslide,Medium
51.7,5.23,0.66,38.5,25.6,9524.0,471.2,0.4,0.25,2.41,Heavy Rain,Disease Outbreak,High
44.4,3.12,0.16,13.3,31.5,8651.0,1140.1,0.13,0.6,8.76,Earthquake,Fire,Medium
122.4,2.07,0.43,119.7,22.3,5173.0,238.9,0.36,0.17,11.49,Cyclone,Infrastructure Failure,High
151.6,3.36,0.95,59.5,19.7,5149.0,697.6,0.51,0.38,13.75,Landslide Trigger,Landslide,High
147.6,6.41,0.58,51.3,14.3,923.0,2241.1,0.05,0.55,8.0,Landslide Trigger,Landslide,Medium
96.0,6.55,0.47,68.4,27.6,2060.0,228.0,0.58,0.52,5.49,Cyclone,Infrastructure Failure,Medium
71.8,2.18,0.57,46.2,21.4,1362.0,1259.7,0.56,0.12,12.18,Landslide Trigger,Landslide,High
218.7,5.17,0.87,54.8,24.6,1446.0,2089.0,0.9,0.87,5.84,Landslide Trigger,Landslide,High
8.2,1.23,0.31,16.3,36.2,1625.0,582.8,0.78,0.32,2.98,Extreme Heat,Fire,High
14.0,2.41,0.29,39.6,41.4,2272.0,520.9,0.42,0.6,21.23,Extreme Heat,Fire,High
267.0,9.26,0.79,43.6,26.1,5025.0,389.6,0.08,0.94,1.17,Heavy Rain,Flood,High
66.3,2.85,0.63,23.4,16.1,1576.0,1252.7,0.46,0.75,6.27,Earthquake,Landslide,Medium
216.0,6.77,0.58,34.3,21.0,1442.0,216.2,0.1,0.36,6.08,Heavy Rain,Flood,High
260.7,9.83,0.96,43.6,23.1,3262.0,246.3,0.51,0.66,1.12,Heavy Rain,Flood,Critical
96.9,2.94,0.63,50.9,16.4,2652.0,1616.9,0.11,0.21,1.72,Landslide Trigger,Landslide,High
60.5,4.27,0.51,138.5,24.5,3822.0,39.1,0.32,0.59,7.28,Cyclone,Infrastructure Failure,High
11.6,1.2,0.21,10.1,34.3,1146.0,883.6,0.93,0.71,8.89,Extreme Heat,Fire,High
8.8,1.9,0.26,31.7,34.9,334.0,383.3,0.42,0.6,8.79,Extreme Heat,Fire,High
82.8,2.83,0.79,41.1,26.2,3010.0,1982.5,0.68,0.82,14.52,Landslide Trigger,Landslide,High
241.6,5.31,0.73,27.3,26.3,586.0,1953.3,0.33,0.43,12.73,Landslide Trigger,Landslide,High
326.7,10.54,0.57,40.9,18.9,4743.0,333.6,0.85,0.35,3.94,Heavy Rain,Flood,Critical
224.2,8.33,0.59,54.3,28.5,940.0,244.2,0.51,0.66,4.11,Heavy Rain,Flood,High
53.1,8.46,0.66,154.0,22.3,556.0,333.4,0.35,0.85,9.52,Cyclone,Infrastructure Failure,Medium
221.1,6.11,0.93,14.2,23.7,1082.0,525.4,0.56,0.69,4.91,Heavy Rain,Flood,High
243.0,8.66,0.55,47.5,23.4,1631.0,789.9,0.21,0.55,0.28,Heavy Rain,Flood,High
95.7,7.4,0.83,80.0,23.8,1925.0,350.8,0.25,0.43,4.4,Cyclone,Infrastructure Failure,Medium
3.5,1.83,0.2,32.6,38.4,8821.0,464.9,0.52,0.21,7.97,Extreme Heat,Fire,Critical
21.8,0.79,0.16,20.8,21.7,5154.0,2122.1,0.33,0.25,4.26,Earthquake,Fire,Medium
291.8,7.92,0.68,126.2,32.9,315.0,239.3,0.65,0.64,1.31,Cyclone,Infrastructure Failure,High
59.9,0.88,0.62,21.5,28.0,2746.0,124.9,0.56,0.9,19.26,Earthquake,Fire,Medium
356.7,4.48,0.94,43.1,18.2,2898.0,199.5,0.68,0.24,3.36,Heavy Rain,Flood,Critical
326.1,10.11,0.77,51.4,27.8,9898.0,185.1,0.17,0.93,6.41,Heavy Rain,Flood,High
0.4,1.54,0.28,32.7,44.3,3952.0,485.8,0.5,0.59,16.97,Extreme Heat,Fire,High
67.7,1.6,0.41,5.3,28.7,855.0,470.1,0.07,0.48,10.14,Earthquake,Fire,Medium
6.4,1.35,0.11,38.2,34.0,704.0,804.6,0.47,0.94,18.95,Extreme Heat,Fire,High
262.4,3.65,0.67,31.1,27.6,1306.0,733.8,0.32,0.95,0.75,Heavy Rain,Flood,High
8.4,2.26,0.18,30.3,38.0,5310.0,822.4,0.28,0.67,12.47,Extreme Heat,Fire,High
32.4,0.61,0.36,21.5,18.0,1443.0,445.4,0.45,0.46,9.83,Earthquake,Fire,Medium
11.2,1.13,0.57,9.9,28.3,319.0,949.8,0.8,0.49,19.4,Earthquake,Fire,Medium
0.4,1.42,0.35,14.4,22.2,1837.0,2020.8,0.74,0.76,7.86,Earthquake,Fire,Medium
60.2,5.22,0.72,21.0,17.7,1044.0,490.1,0.39,0.57,6.04,Landslide Trigger,Landslide,Medium
58.6,2.62,0.49,31.0,32.5,1025.0,1900.5,0.5,0.37,3.91,Earthquake,Landslide,Medium
10.5,1.51,0.64,15.4,23.4,1808.0,63.8,0.14,0.92,14.67,Earthquake,Fire,Low
226.6,5.36,0.94,33.3,24.1,145.0,812.4,0.16,0.43,10.76,Landslide Trigger,Landslide,High
0.2,1.42,0.21,26.8,35.4,3535.0,179.3,0.07,0.54,16.11,Extreme Heat,Fire,Medium
241.9,2.05,0.55,91.0,32.1,7419.0,78.4,0.35,0.53,3.89,Cyclone,Infrastructure Failure,Medium
0.5,2.47,0.3,27.2,34.9,1174.0,85.9,0.61,0.59,14.53,Extreme Heat,Fire,High
256.4,3.75,0.65,133.8,27.4,4336.0,333.1,0.9,0.35,1.66,Cyclone,Infrastructure Failure,Critical
170.9,3.25,0.77,34.9,18.5,7705.0,604.2,0.54,0.46,6.65,Heavy Rain,Flood,High
70.1,1.9,0.48,23.5,22.4,1889.0,236.8,0.48,0.79,1.41,Earthquake,Fire,Medium
139.5,2.69,0.71,25.7,15.3,141.0,626.1,0.25,0.76,5.47,Landslide Trigger,Landslide,Medium
96.3,1.66,0.94,43.0,14.8,2586.0,524.5,0.11,0.25,9.57,Landslide Trigger,Landslide,Medium
280.8,6.08,0.56,83.8,23.5,260.0,164.0,0.94,0.24,11.08,Cyclone,Infrastructure Failure,High
140.4,1.86,0.65,105.9,29.3,4383.0,219.4,0.07,0.54,4.84,Cyclone,Infrastructure Failure,Medium
87.6,6.42,0.86,16.4,29.2,119.0,711.9,0.76,0.84,3.38,Heavy Rain,Flood,High
81.9,6.5,0.92,36.2,25.2,1333.0,1289.9,0.19,0.72,8.9,Landslide Trigger,Landslide,Medium
40.3,4.48,0.9,25.0,18.7,6118.0,1575.0,0.38,0.57,4.46,Landslide Trigger,Landslide,High
18.1,0.64,0.24,6.4,24.4,403.0,1311.3,0.49,0.77,1.85,Earthquake,Fire,Medium
9.4,0.71,0.32,37.1,38.5,9213.0,562.1,0.51,0.91,13.32,Extreme Heat,Fire,High
3.0,1.19,0.28,32.4,44.3,3335.0,776.5,0.46,0.47,18.16,Extreme Heat,Fire,High
32.5,2.67,0.35,9.4,17.1,457.0,2037.6,0.45,0.29,1.47,Earthquake,Landslide,Medium
183.9,3.56,0.48,46.0,27.1,3108.0,92.4,0.69,0.48,5.38,Heavy Rain,Flood,High
102.9,6.81,0.52,80.8,26.5,1241.0,306.5,0.8,0.84,5.76,Cyclone,Infrastructure Failure,High
34.7,1.81,0.46,6.7,28.8,714.0,1731.9,0.08,0.62,8.55,Earthquake,Landslide,Medium
21.5,2.12,0.34,10.2,25.2,1029.0,1038.1,0.24,0.78,12.86,Earthquake,Fire,Low
219.6,7.68,0.37,81.3,28.3,5806.0,343.6,0.09,0.79,10.72,Cyclone,Flood,Medium
255.8,1.34,0.69,39.1,17.3,6554.0,1433.4,0.9,0.49,13.4,Landslide Trigger,Landslide,Critical
185.5,8.49,0.64,11.9,26.6,167.0,232.0,0.89,0.28,0.49,Heavy Rain,Flood,High
150.9,9.1,0.58,67.5,28.1,6202.0,39.8,0.31,0.66,1.23,Cyclone,Flood,Medium
40.7,1.28,0.41,7.1,21.9,3554.0,1174.1,0.1,0.49,5.34,Earthquake,Fire,Low
57.2,2.0,0.59,24.0,34.2,3087.0,660.9,0.72,0.86,18.84,Earthquake,Fire,Medium
44.1,3.52,0.42,23.0,23.9,12234.0,363.1,0.76,0.72,11.52,Earthquake,Fire,High
262.3,5.63,0.5,20.1,18.1,1102.0,542.0,0.13,0.35,6.51,Heavy Rain,Flood,High
146.4,6.56,0.55,25.3,28.9,3246.0,274.5,0.35,0.79,6.31,Heavy Rain,Flood,High
47.6,0.53,0.18,27.6,23.9,648.0,921.8,0.77,0.8,3.77,Earthquake,Fire,Medium
44.8,1.53,0.62,23.7,30.9,6652.0,57.1,0.35,0.7,9.56,Earthquake,Disease Outbreak,Medium
267.0,3.87,0.85,15.1,26.7,5254.0,792.9,0.53,0.66,7.67,Heavy Rain,Flood,High
10.9,0.52,0.08,25.9,34.1,1054.0,819.8,0.4,0.82,13.26,Extreme Heat,Fire,High
280.3,2.43,0.77,114.9,28.4,2523.0,312.9,0.34,0.14,2.75,Cyclone,Infrastructure Failure,High
8.4,0.98,0.46,8.2,26.4,3250.0,1314.8,0.94,0.08,18.17,Earthquake,Fire,High
10.6,0.55,0.27,18.5,42.6,4214.0,292.4,0.86,0.22,5.66,Extreme Heat,Fire,Critical
353.8,3.76,0.83,53.2,19.8,1674.0,353.7,0.73,0.65,2.77,Heavy Rain,Flood,High
369.7,4.17,0.72,30.2,29.0,2191.0,18.4,0.61,0.37,7.91,Heavy Rain,Flood,High
12.8,1.62,0.25,27.7,39.1,1195.0,86.9,0.81,0.6,20.58,Extreme Heat,Fire,High
28.3,2.58,0.47,26.2,31.4,1793.0,393.5,0.82,0.25,18.94,Earthquake,Fire,Medium
2.3,2.51,0.31,34.5,17.1,882.0,151.7,0.57,0.51,1.86,Earthquake,Fire,Medium
5.3,0.68,0.12,11.4,44.4,11220.0,706.4,0.85,0.5,19.87,Extreme Heat,Fire,Critical
6.2,2.33,0.23,15.3,41.9,1157.0,893.1,0.91,0.93,21.54,Extreme Heat,Fire,High
95.5,6.37,0.91,16.8,23.4,7935.0,1010.6,0.5,0.42,10.44,Landslide Trigger,Landslide,High
278.8,9.29,0.34,147.7,22.9,4902.0,138.2,0.7,0.09,9.17,Cyclone,Infrastructure Failure,Critical
65.9,8.99,0.35,67.5,31.2,680.0,258.3,0.85,0.94,4.28,Cyclone,Infrastructure Failure,High
43.5,5.93,0.46,139.1,25.8,2596.0,287.3,0.82,0.47,6.52,Cyclone,Infrastructure Failure,High
329.0,5.77,0.5,30.5,24.0,2761.0,387.9,0.85,0.51,6.49,Heavy Rain,Flood,High
18.0,0.95,0.58,6.7,17.4,2534.0,186.9,0.07,0.51,9.05,Earthquake,Disease Outbreak,Low
179.9,9.46,0.88,40.8,23.7,1438.0,180.8,0.37,0.87,6.79,Heavy Rain,Flood,High
274.1,6.39,0.96,54.1,23.9,6796.0,987.6,0.27,0.49,14.34,Landslide Trigger,Landslide,High
5.6,3.84,0.44,12.4,20.8,1847.0,2158.4,0.5,0.14,12.7,Earthquake,Landslide,Medium
6.0,2.57,0.41,15.8,26.3,1213.0,206.3,0.11,0.2,18.94,Earthquake,Fire,Medium
55.8,2.93,0.55,130.1,25.0,1222.0,177.2,0.77,0.19,11.15,Cyclone,Infrastructure Failure,High
108.8,6.61,0.54,50.6,18.6,319.0,481.8,0.71,0.47,4.87,Heavy Rain,Flood,High
288.6,9.94,0.59,31.8,21.1,10705.0,169.2,0.45,0.06,0.1,Heavy Rain,Flood,Critical
32.4,3.81,0.31,95.6,22.7,7695.0,20.5,0.42,0.8,8.07,Cyclone,Infrastructure Failure,Medium
59.7,9.5,0.44,47.7,28.6,2738.0,630.9,0.29,0.63,6.58,Heavy Rain,Flood,Medium
35.2,0.52,0.39,24.5,15.3,651.0,1385.9,0.44,0.92,13.4,Earthquake,Fire,Medium
252.2,3.46,0.66,20.6,14.5,10291.0,994.9,0.78,0.37,14.16,Landslide Trigger,Landslide,High
74.5,4.57,0.8,34.1,23.7,2333.0,1893.4,0.76,0.07,11.96,Landslide Trigger,Landslide,High
54.4,1.32,0.29,7.7,18.8,8509.0,2182.8,0.2,0.23,8.89,Earthquake,Landslide,Medium
234.1,5.65,0.77,29.0,27.7,1339.0,350.9,0.68,0.64,4.62,Heavy Rain,Flood,High
135.3,2.66,0.78,57.4,15.9,2486.0,1998.2,0.92,0.6,8.6,Landslide Trigger,Landslide,High
239.3,4.09,0.61,46.3,26.9,1320.0,2082.5,0.52,0.56,3.78,Landslide Trigger,Landslide,High
114.0,4.57,0.84,42.9,28.1,6382.0,747.0,0.65,0.91,2.54,Heavy Rain,Flood,High
4.1,1.04,0.26,37.5,45.5,4148.0,659.8,0.77,0.73,10.91,Extreme Heat,Fire,Critical
